Datetime,Open,High,Low,Close,Volume,Dividends,Stock Splits
2025-12-03 00:00:00-05:00,4253.5,4254.7998046875,4250.39990234375,4251.60009765625,248,0.0,0.0
2025-12-03 00:15:00-05:00,4251.7001953125,4252.7001953125,4249.5,4251.0,536,0.0,0.0
2025-12-03 00:30:00-05:00,4251.2001953125,4251.60009765625,4236.2001953125,4237.7998046875,3336,0.0,0.0
2025-12-03 00:45:00-05:00,4237.89990234375,4240.2998046875,4233.60009765625,4238.2998046875,3023,0.0,0.0
2025-12-03 01:00:00-05:00,4238.7998046875,4241.10009765625,4237.2998046875,4239.0,1073,0.0,0.0
2025-12-03 01:15:00-05:00,4239.10009765625,4243.2001953125,4237.5,4240.0,1029,0.0,0.0
2025-12-03 01:30:00-05:00,4239.7998046875,4241.2001953125,4235.5,4237.5,987,0.0,0.0
2025-12-03 01:45:00-05:00,4237.10009765625,4240.7001953125,4236.0,4238.89990234375,722,0.0,0.0
2025-12-03 02:00:00-05:00,4239.10009765625,4241.0,4236.39990234375,4236.60009765625,873,0.0,0.0
2025-12-03 02:15:00-05:00,4236.5,4238.7001953125,4232.5,4233.7001953125,2106,0.0,0.0
2025-12-03 02:30:00-05:00,4233.60009765625,4237.89990234375,4231.10009765625,4236.39990234375,2230,0.0,0.0
2025-12-03 02:45:00-05:00,4236.10009765625,4238.2998046875,4233.5,4236.10009765625,1306,0.0,0.0
2025-12-03 03:00:00-05:00,4236.5,4238.5,4202.89990234375,4236.7001953125,1241,0.0,0.0
2025-12-03 03:15:00-05:00,4236.89990234375,4237.7001953125,4233.7998046875,4236.7998046875,1503,0.0,0.0
2025-12-03 03:30:00-05:00,4236.7001953125,4241.2998046875,4234.2998046875,4239.2998046875,2058,0.0,0.0
2025-12-03 03:45:00-05:00,4239.2998046875,4240.2998046875,4206.39990234375,4236.60009765625,1292,0.0,0.0
2025-12-03 04:00:00-05:00,4236.89990234375,4237.7998046875,4227.5,4230.2001953125,3021,0.0,0.0
2025-12-03 04:15:00-05:00,4230.0,4232.89990234375,4229.0,4230.2001953125,1509,0.0,0.0
2025-12-03 04:30:00-05:00,4230.2001953125,4232.60009765625,4198.89990234375,4231.7998046875,476,0.0,0.0
2025-12-03 04:45:00-05:00,4231.7001953125,4233.5,4230.10009765625,4233.0,775,0.0,0.0
2025-12-03 05:00:00-05:00,4232.89990234375,4233.60009765625,4225.60009765625,4225.89990234375,2676,0.0,0.0
2025-12-03 05:15:00-05:00,4225.7001953125,4235.7998046875,4225.10009765625,4233.7998046875,1782,0.0,0.0
2025-12-03 05:30:00-05:00,4233.7998046875,4234.7998046875,4229.2001953125,4231.7001953125,2102,0.0,0.0
2025-12-03 05:45:00-05:00,4231.39990234375,4232.0,4228.0,4230.7001953125,834,0.0,0.0
2025-12-03 06:00:00-05:00,4231.0,4231.0,4195.7001953125,4229.7998046875,1121,0.0,0.0
2025-12-03 06:15:00-05:00,4230.0,4236.10009765625,4229.5,4235.7998046875,961,0.0,0.0
2025-12-03 06:30:00-05:00,4235.7998046875,4237.89990234375,4232.7998046875,4234.5,1660,0.0,0.0
2025-12-03 06:45:00-05:00,4234.60009765625,4239.60009765625,4233.5,4239.0,1089,0.0,0.0
2025-12-03 07:00:00-05:00,4239.10009765625,4241.0,4236.7001953125,4238.0,1096,0.0,0.0
2025-12-03 07:15:00-05:00,4237.89990234375,4240.10009765625,4235.2001953125,4238.39990234375,817,0.0,0.0
2025-12-03 07:30:00-05:00,4238.39990234375,4245.0,4238.10009765625,4244.7001953125,1332,0.0,0.0
2025-12-03 07:45:00-05:00,4244.7001953125,4244.89990234375,4241.39990234375,4244.5,1293,0.0,0.0
2025-12-03 08:00:00-05:00,4244.5,4247.7998046875,4242.2001953125,4242.39990234375,2295,0.0,0.0
2025-12-03 08:15:00-05:00,4242.60009765625,4254.60009765625,4242.60009765625,4251.5,4625,0.0,0.0
2025-12-03 08:30:00-05:00,4251.7998046875,4257.2998046875,4247.7998046875,4255.0,3070,0.0,0.0
2025-12-03 08:45:00-05:00,4255.0,4270.10009765625,4233.10009765625,4268.7001953125,7120,0.0,0.0
2025-12-03 09:00:00-05:00,4268.7001953125,4272.2001953125,4221.7001953125,4257.39990234375,7997,0.0,0.0
2025-12-03 09:15:00-05:00,4257.7998046875,4262.0,4252.60009765625,4256.10009765625,3450,0.0,0.0
2025-12-03 09:30:00-05:00,4256.39990234375,4273.2998046875,4255.0,4259.0,7308,0.0,0.0
2025-12-03 09:45:00-05:00,4258.60009765625,4258.89990234375,4236.7001953125,4244.5,6974,0.0,0.0
2025-12-03 10:00:00-05:00,4243.89990234375,4251.39990234375,4209.0,4249.2998046875,5376,0.0,0.0
2025-12-03 10:15:00-05:00,4249.60009765625,4256.39990234375,4248.0,4253.5,2609,0.0,0.0
2025-12-03 10:30:00-05:00,4253.2998046875,4261.5,4226.10009765625,4259.60009765625,2983,0.0,0.0
2025-12-03 10:45:00-05:00,4259.2998046875,4260.2001953125,4245.7001953125,4247.7998046875,3005,0.0,0.0
2025-12-03 11:00:00-05:00,4247.60009765625,4253.7998046875,4245.0,4251.10009765625,2368,0.0,0.0
2025-12-03 11:15:00-05:00,4250.7998046875,4251.5,4244.10009765625,4250.89990234375,1711,0.0,0.0
2025-12-03 11:30:00-05:00,4250.89990234375,4256.89990234375,4250.2998046875,4252.5,2296,0.0,0.0
2025-12-03 11:45:00-05:00,4252.5,4252.60009765625,4226.60009765625,4231.89990234375,7002,0.0,0.0
2025-12-03 12:00:00-05:00,4231.60009765625,4243.7001953125,4231.10009765625,4242.2998046875,3744,0.0,0.0
2025-12-03 12:15:00-05:00,4242.2001953125,4244.2001953125,4238.60009765625,4239.7998046875,1612,0.0,0.0
2025-12-03 12:30:00-05:00,4240.2001953125,4246.89990234375,4210.2998046875,4243.89990234375,1437,0.0,0.0
2025-12-03 12:45:00-05:00,4244.10009765625,4246.2001953125,4239.89990234375,4242.7998046875,1454,0.0,0.0
2025-12-03 13:00:00-05:00,4243.0,4243.2998046875,4233.60009765625,4236.2001953125,2177,0.0,0.0
2025-12-03 13:15:00-05:00,4236.2001953125,4238.0,4199.2001953125,4232.5,3814,0.0,0.0
2025-12-03 13:30:00-05:00,4232.39990234375,4237.89990234375,4200.5,4236.39990234375,2686,0.0,0.0
2025-12-03 13:45:00-05:00,4236.39990234375,4236.89990234375,4226.10009765625,4228.0,2113,0.0,0.0
2025-12-03 14:00:00-05:00,4228.39990234375,4235.60009765625,4228.0,4232.60009765625,1582,0.0,0.0
2025-12-03 14:15:00-05:00,4232.60009765625,4238.5,4232.5,4237.39990234375,1203,0.0,0.0
2025-12-03 14:30:00-05:00,4237.5,4241.7001953125,4236.39990234375,4240.7998046875,1103,0.0,0.0
2025-12-03 14:45:00-05:00,4240.39990234375,4241.7001953125,4239.2001953125,4239.39990234375,733,0.0,0.0
2025-12-03 15:00:00-05:00,4239.2998046875,4244.5,4238.89990234375,4242.5,1198,0.0,0.0
2025-12-03 15:15:00-05:00,4242.7001953125,4243.10009765625,4239.5,4241.89990234375,615,0.0,0.0
2025-12-03 15:30:00-05:00,4241.60009765625,4242.5,4239.10009765625,4240.2001953125,714,0.0,0.0
2025-12-03 15:45:00-05:00,4240.39990234375,4240.5,4234.7001953125,4237.2001953125,1190,0.0,0.0
2025-12-03 16:00:00-05:00,4237.39990234375,4241.2998046875,4237.2001953125,4241.0,878,0.0,0.0
2025-12-03 16:15:00-05:00,4241.2001953125,4241.39990234375,4237.89990234375,4238.39990234375,271,0.0,0.0
2025-12-03 16:30:00-05:00,4238.5,4241.0,4238.2998046875,4240.7998046875,165,0.0,0.0
2025-12-03 16:45:00-05:00,4240.7001953125,4240.7001953125,4232.5,4232.5,632,0.0,0.0
2025-12-03 18:00:00-05:00,4234.5,4237.7001953125,4234.0,4236.60009765625,175,0.0,0.0
2025-12-03 18:15:00-05:00,4236.2001953125,4239.0,4236.10009765625,4237.39990234375,274,0.0,0.0
2025-12-03 18:30:00-05:00,4237.2998046875,4237.39990234375,4234.0,4236.0,578,0.0,0.0
2025-12-03 18:45:00-05:00,4235.89990234375,4237.2998046875,4232.2998046875,4237.0,370,0.0,0.0
2025-12-03 19:00:00-05:00,4237.10009765625,4240.2001953125,4234.10009765625,4237.60009765625,716,0.0,0.0
2025-12-03 19:15:00-05:00,4237.7998046875,4242.5,4236.2998046875,4241.39990234375,849,0.0,0.0
2025-12-03 19:30:00-05:00,4241.5,4245.60009765625,4241.0,4243.2998046875,754,0.0,0.0
2025-12-03 19:45:00-05:00,4243.2998046875,4243.7001953125,4239.10009765625,4241.2998046875,718,0.0,0.0
2025-12-03 20:00:00-05:00,4241.2001953125,4244.0,4235.5,4243.7998046875,1947,0.0,0.0
2025-12-03 20:15:00-05:00,4243.89990234375,4244.89990234375,4240.2998046875,4243.39990234375,1264,0.0,0.0
2025-12-03 20:30:00-05:00,4243.2998046875,4245.2001953125,4211.0,4244.60009765625,1843,0.0,0.0
2025-12-03 20:45:00-05:00,4244.5,4246.89990234375,4237.0,4238.5,1634,0.0,0.0
2025-12-03 21:00:00-05:00,4238.0,4238.0,4227.89990234375,4233.89990234375,2352,0.0,0.0
2025-12-03 21:15:00-05:00,4234.10009765625,4236.0,4231.60009765625,4235.2001953125,609,0.0,0.0
2025-12-03 21:30:00-05:00,4235.39990234375,4236.89990234375,4230.2998046875,4230.89990234375,843,0.0,0.0
2025-12-03 21:45:00-05:00,4230.89990234375,4233.7998046875,4228.7001953125,4229.7998046875,756,0.0,0.0
2025-12-03 22:00:00-05:00,4229.2998046875,4230.7001953125,4216.10009765625,4221.89990234375,3752,0.0,0.0
2025-12-03 22:15:00-05:00,4221.89990234375,4225.10009765625,4220.5,4221.7998046875,1013,0.0,0.0
2025-12-03 22:30:00-05:00,4222.10009765625,4226.0,4218.7001953125,4225.7998046875,804,0.0,0.0
2025-12-03 22:45:00-05:00,4226.10009765625,4226.7001953125,4222.10009765625,4224.39990234375,795,0.0,0.0
2025-12-03 23:00:00-05:00,4224.39990234375,4226.2998046875,4221.5,4226.0,765,0.0,0.0
2025-12-03 23:15:00-05:00,4225.89990234375,4227.7998046875,4223.89990234375,4227.10009765625,835,0.0,0.0
2025-12-03 23:30:00-05:00,4227.2998046875,4227.2998046875,4225.60009765625,4226.10009765625,418,0.0,0.0
2025-12-03 23:45:00-05:00,4225.7998046875,4226.2998046875,4223.2998046875,4224.7001953125,563,0.0,0.0
2025-12-04 00:00:00-05:00,4225.60009765625,4226.5,4222.7001953125,4222.89990234375,530,0.0,0.0
2025-12-04 00:15:00-05:00,4222.7001953125,4226.10009765625,4218.0,4225.5,1227,0.0,0.0
2025-12-04 00:30:00-05:00,4225.5,4227.60009765625,4209.7998046875,4213.2001953125,3612,0.0,0.0
2025-12-04 00:45:00-05:00,4213.10009765625,4214.5,4175.0,4210.2998046875,2971,0.0,0.0
2025-12-04 01:00:00-05:00,4210.2998046875,4215.2998046875,4181.2998046875,4209.2998046875,2357,0.0,0.0
2025-12-04 01:15:00-05:00,4209.10009765625,4214.60009765625,4181.5,4211.7001953125,1492,0.0,0.0
2025-12-04 01:30:00-05:00,4212.0,4218.39990234375,4185.5,4218.2998046875,1165,0.0,0.0
2025-12-04 01:45:00-05:00,4217.89990234375,4219.39990234375,4216.10009765625,4219.10009765625,795,0.0,0.0
2025-12-04 02:00:00-05:00,4219.2001953125,4221.39990234375,4215.39990234375,4221.39990234375,1873,0.0,0.0
2025-12-04 02:15:00-05:00,4221.2998046875,4224.0,4193.5,4218.2998046875,1650,0.0,0.0
2025-12-04 02:30:00-05:00,4218.2001953125,4221.10009765625,4217.89990234375,4219.0,859,0.0,0.0
2025-12-04 02:45:00-05:00,4219.10009765625,4223.2998046875,4184.10009765625,4222.89990234375,1335,0.0,0.0
2025-12-04 03:00:00-05:00,4222.7001953125,4225.10009765625,4192.0,4220.2001953125,1777,0.0,0.0
2025-12-04 03:15:00-05:00,4220.5,4225.7001953125,4191.7998046875,4222.0,1880,0.0,0.0
2025-12-04 03:30:00-05:00,4221.7998046875,4223.60009765625,4220.0,4220.0,1138,0.0,0.0
2025-12-04 03:45:00-05:00,4219.7998046875,4221.39990234375,4188.89990234375,4213.89990234375,1215,0.0,0.0
2025-12-04 04:00:00-05:00,4213.7001953125,4220.5,4184.2998046875,4218.5,2091,0.0,0.0
2025-12-04 04:15:00-05:00,4218.39990234375,4220.89990234375,4216.39990234375,4220.2001953125,1959,0.0,0.0
2025-12-04 04:30:00-05:00,4220.2001953125,4227.7001953125,4219.7001953125,4225.89990234375,1030,0.0,0.0
2025-12-04 04:45:00-05:00,4225.89990234375,4231.7998046875,4225.39990234375,4229.5,2125,0.0,0.0
2025-12-04 05:00:00-05:00,4229.7998046875,4232.2998046875,4228.2998046875,4229.2001953125,1219,0.0,0.0
2025-12-04 05:15:00-05:00,4229.2998046875,4231.0,4227.5,4228.0,1777,0.0,0.0
2025-12-04 05:30:00-05:00,4228.10009765625,4231.2998046875,4227.10009765625,4230.89990234375,1506,0.0,0.0
2025-12-04 05:45:00-05:00,4231.2001953125,4231.7001953125,4226.39990234375,4227.10009765625,878,0.0,0.0
2025-12-04 06:00:00-05:00,4227.2998046875,4236.39990234375,4227.0,4232.0,2195,0.0,0.0
2025-12-04 06:15:00-05:00,4232.2001953125,4233.7998046875,4226.7998046875,4228.89990234375,909,0.0,0.0
2025-12-04 06:30:00-05:00,4229.10009765625,4232.0,4227.7001953125,4230.10009765625,654,0.0,0.0
2025-12-04 06:45:00-05:00,4229.89990234375,4230.5,4200.2001953125,4228.2001953125,883,0.0,0.0
2025-12-04 07:00:00-05:00,4228.39990234375,4231.60009765625,4222.89990234375,4230.60009765625,1471,0.0,0.0
2025-12-04 07:15:00-05:00,4230.5,4231.10009765625,4222.7001953125,4224.2001953125,913,0.0,0.0
2025-12-04 07:30:00-05:00,4224.0,4224.0,4218.10009765625,4222.10009765625,1711,0.0,0.0
2025-12-04 07:45:00-05:00,4222.39990234375,4223.0,4191.89990234375,4219.89990234375,1136,0.0,0.0
2025-12-04 08:00:00-05:00,4219.89990234375,4222.0,4214.7998046875,4216.7998046875,2799,0.0,0.0
2025-12-04 08:15:00-05:00,4216.7998046875,4226.7001953125,4215.2998046875,4225.39990234375,2455,0.0,0.0
2025-12-04 08:30:00-05:00,4224.10009765625,4226.10009765625,4217.0,4221.2998046875,3327,0.0,0.0
2025-12-04 08:45:00-05:00,4221.7998046875,4228.2998046875,4217.60009765625,4227.89990234375,2061,0.0,0.0
2025-12-04 09:00:00-05:00,4228.39990234375,4236.2001953125,4228.10009765625,4234.89990234375,3613,0.0,0.0
2025-12-04 09:15:00-05:00,4234.7001953125,4240.39990234375,4203.2001953125,4238.60009765625,2788,0.0,0.0
2025-12-04 09:30:00-05:00,4238.60009765625,4244.0,4223.0,4229.2998046875,6935,0.0,0.0
2025-12-04 09:45:00-05:00,4229.2998046875,4238.10009765625,4226.10009765625,4231.10009765625,4031,0.0,0.0
2025-12-04 10:00:00-05:00,4231.2001953125,4233.0,4220.7998046875,4232.5,5005,0.0,0.0
2025-12-04 10:15:00-05:00,4232.5,4236.60009765625,4203.5,4236.2998046875,2924,0.0,0.0
2025-12-04 10:30:00-05:00,4236.39990234375,4240.60009765625,4206.2998046875,4236.60009765625,2652,0.0,0.0
2025-12-04 10:45:00-05:00,4236.5,4238.7001953125,4232.2001953125,4237.60009765625,1989,0.0,0.0
2025-12-04 11:00:00-05:00,4237.7998046875,4246.0,4237.0,4240.7998046875,5494,0.0,0.0
2025-12-04 11:15:00-05:00,4240.7001953125,4251.10009765625,4210.89990234375,4246.60009765625,6114,0.0,0.0
2025-12-04 11:30:00-05:00,4246.7001953125,4247.10009765625,4237.5,4241.10009765625,2255,0.0,0.0
2025-12-04 11:45:00-05:00,4241.2998046875,4247.2998046875,4240.39990234375,4245.89990234375,1750,0.0,0.0
2025-12-04 12:00:00-05:00,4246.2001953125,4247.5,4239.5,4241.2001953125,1825,0.0,0.0
2025-12-04 12:15:00-05:00,4241.5,4243.89990234375,4239.0,4241.39990234375,1286,0.0,0.0
2025-12-04 12:30:00-05:00,4241.10009765625,4244.60009765625,4239.7001953125,4244.0,1314,0.0,0.0
2025-12-04 12:45:00-05:00,4244.0,4248.10009765625,4244.0,4246.60009765625,1997,0.0,0.0
2025-12-04 13:00:00-05:00,4246.7998046875,4247.7998046875,4240.2001953125,4244.2998046875,2784,0.0,0.0
2025-12-04 13:15:00-05:00,4244.2998046875,4245.7001953125,4242.2001953125,4243.5,3503,0.0,0.0
2025-12-04 13:30:00-05:00,4243.60009765625,4243.7998046875,4240.2998046875,4242.10009765625,1186,0.0,0.0
2025-12-04 13:45:00-05:00,4242.2001953125,4242.89990234375,4237.60009765625,4238.5,1950,0.0,0.0
2025-12-04 14:00:00-05:00,4238.5,4240.60009765625,4229.89990234375,4234.0,2466,0.0,0.0
2025-12-04 14:15:00-05:00,4234.2998046875,4237.2998046875,4202.0,4235.39990234375,1452,0.0,0.0
2025-12-04 14:30:00-05:00,4235.5,4240.89990234375,4234.7998046875,4238.7998046875,1169,0.0,0.0
2025-12-04 14:45:00-05:00,4238.7001953125,4239.89990234375,4236.39990234375,4239.7001953125,715,0.0,0.0
2025-12-04 15:00:00-05:00,4239.2998046875,4239.7001953125,4237.2998046875,4238.10009765625,476,0.0,0.0
2025-12-04 15:15:00-05:00,4237.7998046875,4240.5,4236.60009765625,4238.0,544,0.0,0.0
2025-12-04 15:30:00-05:00,4238.0,4238.5,4235.89990234375,4237.60009765625,980,0.0,0.0
2025-12-04 15:45:00-05:00,4237.7001953125,4240.7001953125,4237.60009765625,4240.2001953125,1062,0.0,0.0
2025-12-04 16:00:00-05:00,4240.2001953125,4240.39990234375,4207.0,4239.60009765625,279,0.0,0.0
2025-12-04 16:15:00-05:00,4239.60009765625,4239.7998046875,4238.2001953125,4238.7001953125,171,0.0,0.0
2025-12-04 16:30:00-05:00,4238.89990234375,4240.2998046875,4238.39990234375,4240.0,249,0.0,0.0
2025-12-04 16:45:00-05:00,4240.2001953125,4240.89990234375,4237.5,4237.89990234375,424,0.0,0.0
2025-12-04 18:00:00-05:00,4239.5,4240.2001953125,4237.39990234375,4238.2998046875,250,0.0,0.0
2025-12-04 18:15:00-05:00,4238.39990234375,4239.89990234375,4237.2001953125,4238.10009765625,795,0.0,0.0
2025-12-04 18:30:00-05:00,4238.0,4239.2001953125,4233.7001953125,4236.2998046875,1567,0.0,0.0
2025-12-04 18:45:00-05:00,4236.0,4236.5,4233.7998046875,4236.2001953125,1192,0.0,0.0
2025-12-04 19:00:00-05:00,4236.2001953125,4239.39990234375,4234.2001953125,4238.7001953125,837,0.0,0.0
2025-12-04 19:15:00-05:00,4238.60009765625,4240.60009765625,4234.7998046875,4235.89990234375,837,0.0,0.0
2025-12-04 19:30:00-05:00,4236.10009765625,4236.10009765625,4232.7001953125,4234.7998046875,736,0.0,0.0
2025-12-04 19:45:00-05:00,4234.7001953125,4235.10009765625,4231.0,4231.7001953125,716,0.0,0.0
2025-12-04 20:00:00-05:00,4231.7001953125,4234.7001953125,4224.7998046875,4227.39990234375,2185,0.0,0.0
2025-12-04 20:15:00-05:00,4227.0,4231.10009765625,4224.60009765625,4230.2001953125,1629,0.0,0.0
2025-12-04 20:30:00-05:00,4229.7998046875,4232.60009765625,4227.10009765625,4228.2998046875,1442,0.0,0.0
2025-12-04 20:45:00-05:00,4228.0,4234.0,4227.5,4232.89990234375,1290,0.0,0.0
2025-12-04 21:00:00-05:00,4232.89990234375,4234.60009765625,4229.39990234375,4230.89990234375,1214,0.0,0.0
2025-12-04 21:15:00-05:00,4231.2001953125,4231.5,4226.0,4227.2001953125,1040,0.0,0.0
2025-12-04 21:30:00-05:00,4227.2998046875,4234.39990234375,4226.2998046875,4234.2001953125,1115,0.0,0.0
2025-12-04 21:45:00-05:00,4234.2001953125,4237.89990234375,4233.89990234375,4237.0,1331,0.0,0.0
2025-12-04 22:00:00-05:00,4237.0,4238.60009765625,4231.2998046875,4232.39990234375,752,0.0,0.0
2025-12-04 22:15:00-05:00,4232.39990234375,4234.5,4204.10009765625,4232.7998046875,387,0.0,0.0
2025-12-04 22:30:00-05:00,4232.7001953125,4238.60009765625,4231.7998046875,4238.60009765625,461,0.0,0.0
2025-12-04 22:45:00-05:00,4238.7001953125,4240.39990234375,4236.2001953125,4238.89990234375,2482,0.0,0.0
2025-12-04 23:00:00-05:00,4238.5,4244.60009765625,4237.10009765625,4243.7998046875,1750,0.0,0.0
2025-12-04 23:15:00-05:00,4243.39990234375,4243.5,4241.2998046875,4242.2001953125,785,0.0,0.0
2025-12-04 23:30:00-05:00,4242.2001953125,4245.7001953125,4242.2001953125,4243.7998046875,765,0.0,0.0
2025-12-04 23:45:00-05:00,4243.7998046875,4247.0,4242.60009765625,4246.0,770,0.0,0.0
2025-12-05 00:00:00-05:00,4246.39990234375,4248.0,4244.7001953125,4245.60009765625,1058,0.0,0.0
2025-12-05 00:15:00-05:00,4245.60009765625,4249.60009765625,4243.60009765625,4249.2998046875,896,0.0,0.0
2025-12-05 00:30:00-05:00,4249.10009765625,4252.0,4247.7001953125,4250.39990234375,2546,0.0,0.0
2025-12-05 00:45:00-05:00,4250.39990234375,4251.39990234375,4249.10009765625,4250.7001953125,1699,0.0,0.0
2025-12-05 01:00:00-05:00,4250.60009765625,4259.0,4248.89990234375,4255.7998046875,3707,0.0,0.0
2025-12-05 01:15:00-05:00,4256.2001953125,4259.5,4254.2998046875,4257.5,1668,0.0,0.0
2025-12-05 01:30:00-05:00,4257.2998046875,4259.0,4253.2998046875,4255.10009765625,1426,0.0,0.0
2025-12-05 01:45:00-05:00,4255.0,4256.2998046875,4253.7998046875,4254.39990234375,689,0.0,0.0
2025-12-05 02:00:00-05:00,4254.7998046875,4260.89990234375,4254.7001953125,4257.5,1058,0.0,0.0
2025-12-05 02:15:00-05:00,4257.7001953125,4261.10009765625,4256.60009765625,4260.39990234375,838,0.0,0.0
2025-12-05 02:30:00-05:00,4260.2998046875,4260.39990234375,4254.39990234375,4254.89990234375,863,0.0,0.0
2025-12-05 02:45:00-05:00,4254.60009765625,4256.10009765625,4252.5,4254.2998046875,990,0.0,0.0
2025-12-05 03:00:00-05:00,4254.60009765625,4257.10009765625,4251.7998046875,4253.10009765625,1251,0.0,0.0
2025-12-05 03:15:00-05:00,4252.89990234375,4256.7001953125,4252.2998046875,4253.10009765625,865,0.0,0.0
2025-12-05 03:30:00-05:00,4253.10009765625,4255.7998046875,4250.89990234375,4253.39990234375,1055,0.0,0.0
2025-12-05 03:45:00-05:00,4253.5,4254.60009765625,4250.5,4250.7001953125,1082,0.0,0.0
2025-12-05 04:00:00-05:00,4250.5,4252.5,4246.2001953125,4248.5,1741,0.0,0.0
2025-12-05 04:15:00-05:00,4248.39990234375,4252.10009765625,4245.7998046875,4251.39990234375,1279,0.0,0.0
2025-12-05 04:30:00-05:00,4251.39990234375,4254.7998046875,4249.39990234375,4253.89990234375,887,0.0,0.0
2025-12-05 04:45:00-05:00,4254.10009765625,4255.2001953125,4253.2001953125,4253.5,473,0.0,0.0
2025-12-05 05:00:00-05:00,4253.2998046875,4256.10009765625,4253.2998046875,4254.2998046875,639,0.0,0.0
2025-12-05 05:15:00-05:00,4254.0,4257.7001953125,4253.2001953125,4254.10009765625,897,0.0,0.0
2025-12-05 05:30:00-05:00,4254.5,4255.7001953125,4253.39990234375,4254.7001953125,420,0.0,0.0
2025-12-05 05:45:00-05:00,4254.60009765625,4254.89990234375,4252.39990234375,4252.89990234375,433,0.0,0.0
2025-12-05 06:00:00-05:00,4252.7998046875,4254.0,4250.0,4253.89990234375,814,0.0,0.0
2025-12-05 06:15:00-05:00,4254.10009765625,4255.7001953125,4251.0,4251.2001953125,599,0.0,0.0
2025-12-05 06:30:00-05:00,4251.2998046875,4254.2998046875,4250.39990234375,4252.89990234375,870,0.0,0.0
2025-12-05 06:45:00-05:00,4253.0,4253.7998046875,4251.5,4253.5,349,0.0,0.0
2025-12-05 07:00:00-05:00,4253.60009765625,4260.0,4252.7998046875,4255.60009765625,1712,0.0,0.0
2025-12-05 07:15:00-05:00,4256.0,4259.60009765625,4254.10009765625,4254.89990234375,1003,0.0,0.0
2025-12-05 07:30:00-05:00,4254.7001953125,4256.0,4253.0,4255.60009765625,723,0.0,0.0
2025-12-05 07:45:00-05:00,4255.89990234375,4259.7998046875,4254.7001953125,4259.0,1850,0.0,0.0
2025-12-05 08:00:00-05:00,4259.0,4263.60009765625,4251.39990234375,4257.89990234375,3583,0.0,0.0
2025-12-05 08:15:00-05:00,4258.10009765625,4265.5,4255.7998046875,4263.2998046875,2782,0.0,0.0
2025-12-05 08:30:00-05:00,4263.2001953125,4269.60009765625,4261.2998046875,4263.7001953125,5330,0.0,0.0
2025-12-05 08:45:00-05:00,4264.0,4268.2001953125,4259.89990234375,4264.89990234375,2395,0.0,0.0
2025-12-05 09:00:00-05:00,4264.7001953125,4270.5,4262.60009765625,4268.10009765625,2395,0.0,0.0
2025-12-05 09:15:00-05:00,4268.10009765625,4268.2998046875,4260.39990234375,4262.2001953125,1825,0.0,0.0
2025-12-05 09:30:00-05:00,4262.2998046875,4267.2998046875,4258.5,4266.89990234375,4987,0.0,0.0
2025-12-05 09:45:00-05:00,4267.0,4277.0,4265.60009765625,4272.2998046875,7037,0.0,0.0
2025-12-05 10:00:00-05:00,4272.2998046875,4275.0,4264.2001953125,4270.2998046875,5761,0.0,0.0
2025-12-05 10:15:00-05:00,4270.2998046875,4279.7998046875,4268.39990234375,4279.2998046875,5458,0.0,0.0
2025-12-05 10:30:00-05:00,4279.60009765625,4290.5,4253.7001953125,4285.2998046875,7640,0.0,0.0
2025-12-05 10:45:00-05:00,4285.2001953125,4286.39990234375,4245.5,4274.89990234375,6712,0.0,0.0
2025-12-05 11:00:00-05:00,4275.0,4276.89990234375,4219.89990234375,4233.0,15193,0.0,0.0
2025-12-05 11:15:00-05:00,4233.2998046875,4248.39990234375,4207.39990234375,4246.39990234375,13464,0.0,0.0
2025-12-05 11:30:00-05:00,4246.39990234375,4246.89990234375,4237.2001953125,4240.7001953125,6044,0.0,0.0
2025-12-05 11:45:00-05:00,4240.7998046875,4247.7998046875,4215.0,4244.10009765625,4101,0.0,0.0
2025-12-05 12:00:00-05:00,4244.0,4248.2998046875,4240.2001953125,4245.0,2921,0.0,0.0
2025-12-05 12:15:00-05:00,4245.0,4248.39990234375,4243.39990234375,4247.39990234375,1782,0.0,0.0
2025-12-05 12:30:00-05:00,4247.39990234375,4251.0,4236.0,4244.7998046875,3611,0.0,0.0
2025-12-05 12:45:00-05:00,4244.7998046875,4249.5,4243.2998046875,4248.39990234375,1925,0.0,0.0
2025-12-05 13:00:00-05:00,4248.2001953125,4249.60009765625,4245.5,4249.0,1572,0.0,0.0
2025-12-05 13:15:00-05:00,4248.7998046875,4250.2998046875,4240.5,4243.39990234375,4536,0.0,0.0
2025-12-05 13:30:00-05:00,4243.39990234375,4246.60009765625,4239.60009765625,4242.2998046875,1986,0.0,0.0
2025-12-05 13:45:00-05:00,4242.0,4244.10009765625,4236.89990234375,4239.2998046875,1355,0.0,0.0
2025-12-05 14:00:00-05:00,4239.2998046875,4241.10009765625,4233.2001953125,4238.7001953125,1862,0.0,0.0
2025-12-05 14:15:00-05:00,4238.5,4239.89990234375,4235.39990234375,4239.39990234375,1116,0.0,0.0
2025-12-05 14:30:00-05:00,4239.2998046875,4240.39990234375,4234.2001953125,4235.7998046875,887,0.0,0.0
2025-12-05 14:45:00-05:00,4235.89990234375,4238.7998046875,4205.10009765625,4237.2998046875,922,0.0,0.0
2025-12-05 15:00:00-05:00,4237.60009765625,4237.60009765625,4232.5,4234.60009765625,874,0.0,0.0
2025-12-05 15:15:00-05:00,4234.5,4236.39990234375,4232.2001953125,4232.7001953125,652,0.0,0.0
2025-12-05 15:30:00-05:00,4232.10009765625,4235.0,4229.7998046875,4231.10009765625,1372,0.0,0.0
2025-12-05 15:45:00-05:00,4231.10009765625,4232.0,4229.0,4231.60009765625,2156,0.0,0.0
2025-12-05 16:00:00-05:00,4231.39990234375,4231.7001953125,4229.10009765625,4229.89990234375,907,0.0,0.0
2025-12-05 16:15:00-05:00,4229.7998046875,4229.7998046875,4194.5,4226.5,1432,0.0,0.0
2025-12-05 16:30:00-05:00,4226.2998046875,4226.2998046875,4222.89990234375,4223.7001953125,740,0.0,0.0
2025-12-05 16:45:00-05:00,4223.7998046875,4228.7001953125,4197.60009765625,4227.7001953125,744,0.0,0.0
2025-12-07 18:00:00-05:00,4228.10009765625,4236.5,4224.5,4234.39990234375,1221,0.0,0.0
2025-12-07 18:15:00-05:00,4234.39990234375,4234.89990234375,4230.2001953125,4231.2001953125,830,0.0,0.0
2025-12-07 18:30:00-05:00,4231.2998046875,4234.0,4229.2998046875,4229.60009765625,881,0.0,0.0
2025-12-07 18:45:00-05:00,4229.60009765625,4231.7001953125,4227.2001953125,4230.60009765625,835,0.0,0.0
2025-12-07 19:00:00-05:00,4231.2001953125,4237.60009765625,4228.5,4235.2001953125,888,0.0,0.0
2025-12-07 19:15:00-05:00,4235.39990234375,4236.7998046875,4232.0,4235.5,612,0.0,0.0
2025-12-07 19:30:00-05:00,4235.2998046875,4239.89990234375,4234.39990234375,4239.0,781,0.0,0.0
2025-12-07 19:45:00-05:00,4239.0,4241.2998046875,4237.39990234375,4240.2001953125,750,0.0,0.0
2025-12-07 20:00:00-05:00,4240.39990234375,4241.2998046875,4229.60009765625,4234.7998046875,2087,0.0,0.0
2025-12-07 20:15:00-05:00,4234.7998046875,4239.7001953125,4205.39990234375,4237.0,1228,0.0,0.0
2025-12-07 20:30:00-05:00,4236.60009765625,4239.0,4234.0,4235.39990234375,939,0.0,0.0
2025-12-07 20:45:00-05:00,4235.5,4236.89990234375,4225.7998046875,4230.2001953125,1881,0.0,0.0
2025-12-07 21:00:00-05:00,4229.60009765625,4231.10009765625,4227.2001953125,4229.2001953125,883,0.0,0.0
2025-12-07 21:15:00-05:00,4229.10009765625,4232.0,4228.0,4231.60009765625,594,0.0,0.0
2025-12-07 21:30:00-05:00,4231.7001953125,4237.39990234375,4204.7998046875,4235.39990234375,1986,0.0,0.0
2025-12-07 21:45:00-05:00,4235.60009765625,4241.2001953125,4235.60009765625,4236.89990234375,1149,0.0,0.0
2025-12-07 22:00:00-05:00,4237.2998046875,4238.60009765625,4235.39990234375,4238.5,836,0.0,0.0
2025-12-07 22:15:00-05:00,4238.39990234375,4241.7998046875,4236.39990234375,4238.7001953125,908,0.0,0.0
2025-12-07 22:30:00-05:00,4238.7001953125,4240.2998046875,4235.7001953125,4236.39990234375,738,0.0,0.0
2025-12-07 22:45:00-05:00,4236.10009765625,4239.10009765625,4235.10009765625,4238.7001953125,383,0.0,0.0
2025-12-07 23:00:00-05:00,4238.7998046875,4239.0,4237.10009765625,4238.2001953125,351,0.0,0.0
2025-12-07 23:15:00-05:00,4238.2001953125,4240.7998046875,4237.2998046875,4238.10009765625,396,0.0,0.0
2025-12-07 23:30:00-05:00,4238.2998046875,4241.89990234375,4238.10009765625,4239.2998046875,421,0.0,0.0
2025-12-07 23:45:00-05:00,4239.0,4239.5,4235.2998046875,4236.2998046875,496,0.0,0.0
2025-12-08 00:00:00-05:00,4237.0,4238.0,4236.2998046875,4237.5,564,0.0,0.0
2025-12-08 00:15:00-05:00,4237.7001953125,4238.5,4233.2001953125,4235.2998046875,993,0.0,0.0
2025-12-08 00:30:00-05:00,4235.7001953125,4244.89990234375,4235.2998046875,4243.89990234375,1967,0.0,0.0
2025-12-08 00:45:00-05:00,4244.2001953125,4246.7998046875,4241.60009765625,4246.2998046875,789,0.0,0.0
2025-12-08 01:00:00-05:00,4246.60009765625,4247.89990234375,4215.39990234375,4244.2001953125,1109,0.0,0.0
2025-12-08 01:15:00-05:00,4244.10009765625,4247.10009765625,4242.7998046875,4245.2001953125,649,0.0,0.0
2025-12-08 01:30:00-05:00,4245.0,4247.5,4243.39990234375,4245.2998046875,900,0.0,0.0
2025-12-08 01:45:00-05:00,4245.0,4246.39990234375,4243.39990234375,4245.39990234375,471,0.0,0.0
2025-12-08 02:00:00-05:00,4245.39990234375,4245.7998046875,4240.60009765625,4243.0,897,0.0,0.0
2025-12-08 02:15:00-05:00,4243.0,4244.2998046875,4241.0,4242.2998046875,771,0.0,0.0
2025-12-08 02:30:00-05:00,4242.2001953125,4244.7001953125,4208.5,4238.2998046875,831,0.0,0.0
2025-12-08 02:45:00-05:00,4238.2998046875,4239.39990234375,4234.7001953125,4235.7001953125,1323,0.0,0.0
2025-12-08 03:00:00-05:00,4235.7998046875,4242.0,4231.7998046875,4240.60009765625,1984,0.0,0.0
2025-12-08 03:15:00-05:00,4240.5,4246.0,4208.89990234375,4238.2998046875,1410,0.0,0.0
2025-12-08 03:30:00-05:00,4238.39990234375,4239.2998046875,4234.2001953125,4237.89990234375,1289,0.0,0.0
2025-12-08 03:45:00-05:00,4238.2001953125,4241.39990234375,4236.5,4239.2001953125,597,0.0,0.0
2025-12-08 04:00:00-05:00,4238.89990234375,4239.7998046875,4232.5,4237.7998046875,1627,0.0,0.0
2025-12-08 04:15:00-05:00,4237.60009765625,4239.60009765625,4234.5,4239.2998046875,734,0.0,0.0
2025-12-08 04:30:00-05:00,4239.5,4240.2001953125,4234.7001953125,4237.10009765625,1031,0.0,0.0
2025-12-08 04:45:00-05:00,4237.10009765625,4242.0,4235.2998046875,4237.39990234375,1033,0.0,0.0
2025-12-08 05:00:00-05:00,4237.2001953125,4239.89990234375,4237.2001953125,4239.0,534,0.0,0.0
2025-12-08 05:15:00-05:00,4239.0,4239.60009765625,4203.7998046875,4235.39990234375,806,0.0,0.0
2025-12-08 05:30:00-05:00,4235.2001953125,4237.7998046875,4230.10009765625,4235.7001953125,1540,0.0,0.0
2025-12-08 05:45:00-05:00,4235.7001953125,4236.2998046875,4232.2998046875,4232.89990234375,840,0.0,0.0
2025-12-08 06:00:00-05:00,4233.0,4234.10009765625,4229.0,4232.7001953125,1259,0.0,0.0
2025-12-08 06:15:00-05:00,4232.39990234375,4238.7998046875,4203.39990234375,4238.7001953125,1208,0.0,0.0
2025-12-08 06:30:00-05:00,4238.60009765625,4243.60009765625,4237.7998046875,4242.7998046875,1484,0.0,0.0
2025-12-08 06:45:00-05:00,4243.0,4243.0,4237.39990234375,4237.7001953125,1007,0.0,0.0
2025-12-08 07:00:00-05:00,4237.60009765625,4242.0,4237.2001953125,4241.2998046875,692,0.0,0.0
2025-12-08 07:15:00-05:00,4241.2001953125,4241.89990234375,4238.5,4240.7998046875,550,0.0,0.0
2025-12-08 07:30:00-05:00,4240.7998046875,4243.0,4210.2998046875,4241.7998046875,1042,0.0,0.0
2025-12-08 07:45:00-05:00,4242.0,4245.10009765625,4240.5,4243.2998046875,1322,0.0,0.0
2025-12-08 08:00:00-05:00,4243.2998046875,4244.39990234375,4234.89990234375,4240.2998046875,2296,0.0,0.0
2025-12-08 08:15:00-05:00,4240.2998046875,4240.7001953125,4231.89990234375,4232.60009765625,2448,0.0,0.0
2025-12-08 08:30:00-05:00,4232.2998046875,4234.39990234375,4202.5,4232.10009765625,2293,0.0,0.0
2025-12-08 08:45:00-05:00,4232.60009765625,4236.0,4226.7998046875,4230.89990234375,2867,0.0,0.0
2025-12-08 09:00:00-05:00,4230.89990234375,4239.60009765625,4205.39990234375,4239.10009765625,2876,0.0,0.0
2025-12-08 09:15:00-05:00,4239.0,4240.7998046875,4236.60009765625,4238.2001953125,2097,0.0,0.0
2025-12-08 09:30:00-05:00,4238.10009765625,4240.2998046875,4227.39990234375,4227.39990234375,4068,0.0,0.0
2025-12-08 09:45:00-05:00,4227.60009765625,4233.2001953125,4195.2998046875,4225.7998046875,7918,0.0,0.0
2025-12-08 10:00:00-05:00,4225.2998046875,4225.7998046875,4205.5,4206.7998046875,11704,0.0,0.0
2025-12-08 10:15:00-05:00,4206.5,4223.0,4204.0,4220.89990234375,6419,0.0,0.0
2025-12-08 10:30:00-05:00,4221.10009765625,4222.60009765625,4214.2998046875,4215.89990234375,2625,0.0,0.0
2025-12-08 10:45:00-05:00,4215.7001953125,4219.5,4210.7001953125,4211.7998046875,2444,0.0,0.0
2025-12-08 11:00:00-05:00,4211.5,4212.7001953125,4205.39990234375,4212.60009765625,3733,0.0,0.0
2025-12-08 11:15:00-05:00,4212.5,4225.2998046875,4211.7001953125,4223.7001953125,3500,0.0,0.0
2025-12-08 11:30:00-05:00,4223.7998046875,4227.0,4221.60009765625,4222.7001953125,3377,0.0,0.0
2025-12-08 11:45:00-05:00,4222.89990234375,4224.39990234375,4216.7001953125,4220.7001953125,1832,0.0,0.0
2025-12-08 12:00:00-05:00,4220.7998046875,4221.0,4214.2998046875,4216.0,1861,0.0,0.0
2025-12-08 12:15:00-05:00,4216.10009765625,4221.39990234375,4215.5,4221.2998046875,1354,0.0,0.0
2025-12-08 12:30:00-05:00,4221.10009765625,4223.39990234375,4218.0,4218.10009765625,1463,0.0,0.0
2025-12-08 12:45:00-05:00,4217.7998046875,4224.7998046875,4216.89990234375,4224.2001953125,1447,0.0,0.0
2025-12-08 13:00:00-05:00,4224.2998046875,4225.0,4217.7001953125,4218.7998046875,2065,0.0,0.0
2025-12-08 13:15:00-05:00,4218.60009765625,4219.89990234375,4215.7998046875,4217.89990234375,4265,0.0,0.0
2025-12-08 13:30:00-05:00,4218.0,4221.2001953125,4216.2001953125,4218.7001953125,1342,0.0,0.0
2025-12-08 13:45:00-05:00,4218.7998046875,4221.60009765625,4213.2998046875,4216.10009765625,1264,0.0,0.0
2025-12-08 14:00:00-05:00,4216.0,4217.7001953125,4213.10009765625,4214.10009765625,1118,0.0,0.0
2025-12-08 14:15:00-05:00,4214.0,4217.7001953125,4213.0,4217.10009765625,981,0.0,0.0
2025-12-08 14:30:00-05:00,4216.89990234375,4218.2001953125,4215.10009765625,4216.10009765625,1438,0.0,0.0
2025-12-08 14:45:00-05:00,4216.0,4216.7001953125,4214.0,4216.10009765625,944,0.0,0.0
2025-12-08 15:00:00-05:00,4216.2001953125,4220.2998046875,4214.0,4217.7001953125,968,0.0,0.0
2025-12-08 15:15:00-05:00,4217.60009765625,4220.7001953125,4216.2001953125,4218.2998046875,972,0.0,0.0
2025-12-08 15:30:00-05:00,4218.2998046875,4224.7998046875,4218.10009765625,4223.7998046875,1230,0.0,0.0
2025-12-08 15:45:00-05:00,4223.7998046875,4223.89990234375,4220.10009765625,4221.10009765625,1291,0.0,0.0
2025-12-08 16:00:00-05:00,4221.2001953125,4222.7001953125,4220.7998046875,4221.2001953125,381,0.0,0.0
2025-12-08 16:15:00-05:00,4221.10009765625,4222.10009765625,4219.2998046875,4220.2001953125,293,0.0,0.0
2025-12-08 16:30:00-05:00,4220.10009765625,4220.2998046875,4219.0,4219.7001953125,247,0.0,0.0
2025-12-08 16:45:00-05:00,4219.7998046875,4220.7001953125,4217.89990234375,4219.89990234375,307,0.0,0.0
2025-12-08 18:00:00-05:00,4219.60009765625,4222.39990234375,4217.89990234375,4220.2001953125,275,0.0,0.0
2025-12-08 18:15:00-05:00,4220.2998046875,4223.39990234375,4220.0,4222.0,442,0.0,0.0
2025-12-08 18:30:00-05:00,4222.0,4224.5,4220.2998046875,4223.89990234375,1090,0.0,0.0
2025-12-08 18:45:00-05:00,4223.60009765625,4224.39990234375,4221.2998046875,4223.7998046875,569,0.0,0.0
2025-12-08 19:00:00-05:00,4223.7998046875,4224.89990234375,4220.2998046875,4221.7998046875,1724,0.0,0.0
2025-12-08 19:15:00-05:00,4221.7001953125,4223.39990234375,4221.2001953125,4221.2998046875,240,0.0,0.0
2025-12-08 19:30:00-05:00,4221.60009765625,4222.10009765625,4220.7001953125,4221.10009765625,515,0.0,0.0
2025-12-08 19:45:00-05:00,4221.2998046875,4223.5,4219.2001953125,4219.60009765625,660,0.0,0.0
2025-12-08 20:00:00-05:00,4219.5,4226.5,4217.7001953125,4225.2001953125,1740,0.0,0.0
2025-12-08 20:15:00-05:00,4225.10009765625,4225.7998046875,4222.7001953125,4223.2001953125,968,0.0,0.0
2025-12-08 20:30:00-05:00,4223.39990234375,4226.2998046875,4223.39990234375,4224.5,722,0.0,0.0
2025-12-08 20:45:00-05:00,4224.89990234375,4226.0,4222.60009765625,4225.10009765625,392,0.0,0.0
2025-12-08 21:00:00-05:00,4225.0,4226.10009765625,4219.39990234375,4219.39990234375,1063,0.0,0.0
2025-12-08 21:15:00-05:00,4219.7998046875,4222.2001953125,4218.0,4219.2998046875,1146,0.0,0.0
2025-12-08 21:30:00-05:00,4219.2998046875,4219.60009765625,4214.39990234375,4217.7001953125,1292,0.0,0.0
2025-12-08 21:45:00-05:00,4217.60009765625,4218.7001953125,4216.0,4218.7001953125,1247,0.0,0.0
2025-12-08 22:00:00-05:00,4218.7001953125,4222.39990234375,4218.60009765625,4222.2998046875,1252,0.0,0.0
2025-12-08 22:15:00-05:00,4222.2998046875,4226.60009765625,4222.0,4226.39990234375,1662,0.0,0.0
2025-12-08 22:30:00-05:00,4226.2001953125,4227.60009765625,4222.60009765625,4223.10009765625,1734,0.0,0.0
2025-12-08 22:45:00-05:00,4223.10009765625,4225.39990234375,4222.7998046875,4223.7998046875,766,0.0,0.0
2025-12-08 23:00:00-05:00,4223.7001953125,4224.2998046875,4221.2001953125,4223.89990234375,1234,0.0,0.0
2025-12-08 23:15:00-05:00,4223.7998046875,4224.39990234375,4221.89990234375,4222.89990234375,772,0.0,0.0
2025-12-08 23:30:00-05:00,4222.7001953125,4224.7001953125,4217.5,4218.2998046875,1613,0.0,0.0
2025-12-08 23:45:00-05:00,4218.2001953125,4219.2001953125,4213.60009765625,4216.60009765625,1324,0.0,0.0
2025-12-09 00:00:00-05:00,4215.89990234375,4216.5,4212.39990234375,4215.10009765625,1006,0.0,0.0
2025-12-09 00:15:00-05:00,4214.60009765625,4215.7001953125,4212.10009765625,4213.7998046875,1248,0.0,0.0
2025-12-09 00:30:00-05:00,4213.89990234375,4214.39990234375,4208.5,4210.2001953125,1681,0.0,0.0
2025-12-09 00:45:00-05:00,4210.10009765625,4211.2998046875,4206.39990234375,4208.2001953125,2092,0.0,0.0
2025-12-09 01:00:00-05:00,4208.10009765625,4208.2001953125,4197.7998046875,4202.7998046875,5293,0.0,0.0
2025-12-09 01:15:00-05:00,4202.60009765625,4206.5,4201.7998046875,4206.5,1373,0.0,0.0
2025-12-09 01:30:00-05:00,4206.5,4212.0,4204.2998046875,4209.0,1866,0.0,0.0
2025-12-09 01:45:00-05:00,4208.7001953125,4211.10009765625,4208.10009765625,4209.7998046875,1172,0.0,0.0
2025-12-09 02:00:00-05:00,4209.7998046875,4213.60009765625,4207.7998046875,4210.2998046875,1727,0.0,0.0
2025-12-09 02:15:00-05:00,4210.5,4210.7001953125,4203.2001953125,4205.7998046875,2963,0.0,0.0
2025-12-09 02:30:00-05:00,4205.7001953125,4208.7998046875,4205.7001953125,4207.2001953125,1053,0.0,0.0
2025-12-09 02:45:00-05:00,4207.10009765625,4211.10009765625,4206.39990234375,4209.7001953125,913,0.0,0.0
2025-12-09 03:00:00-05:00,4209.89990234375,4216.2001953125,4209.89990234375,4215.89990234375,2825,0.0,0.0
2025-12-09 03:15:00-05:00,4216.0,4217.0,4213.2998046875,4214.0,1525,0.0,0.0
2025-12-09 03:30:00-05:00,4214.0,4219.39990234375,4213.5,4219.2001953125,2249,0.0,0.0
2025-12-09 03:45:00-05:00,4219.39990234375,4220.2998046875,4217.0,4220.2998046875,1118,0.0,0.0
2025-12-09 04:00:00-05:00,4220.10009765625,4234.39990234375,4219.39990234375,4232.2998046875,5503,0.0,0.0
2025-12-09 04:15:00-05:00,4232.5,4242.2998046875,4232.2001953125,4236.2001953125,4622,0.0,0.0
2025-12-09 04:30:00-05:00,4236.0,4238.10009765625,4230.7001953125,4233.10009765625,2203,0.0,0.0
2025-12-09 04:45:00-05:00,4233.0,4234.7001953125,4229.7001953125,4232.2001953125,2501,0.0,0.0
2025-12-09 05:00:00-05:00,4232.39990234375,4235.7001953125,4230.89990234375,4233.39990234375,1439,0.0,0.0
2025-12-09 05:15:00-05:00,4233.60009765625,4237.2998046875,4233.5,4233.60009765625,1114,0.0,0.0
2025-12-09 05:30:00-05:00,4233.7001953125,4235.10009765625,4230.39990234375,4232.7998046875,885,0.0,0.0
2025-12-09 05:45:00-05:00,4232.7998046875,4234.39990234375,4231.2001953125,4233.2001953125,545,0.0,0.0
2025-12-09 06:00:00-05:00,4233.2001953125,4234.0,4231.0,4231.60009765625,675,0.0,0.0
2025-12-09 06:15:00-05:00,4232.0,4234.7001953125,4230.2998046875,4232.89990234375,665,0.0,0.0
2025-12-09 06:30:00-05:00,4233.2001953125,4235.7998046875,4232.2001953125,4234.0,597,0.0,0.0
2025-12-09 06:45:00-05:00,4234.0,4235.7001953125,4231.7001953125,4232.10009765625,578,0.0,0.0
2025-12-09 07:00:00-05:00,4232.39990234375,4234.39990234375,4230.0,4230.7001953125,677,0.0,0.0
2025-12-09 07:15:00-05:00,4230.89990234375,4232.2001953125,4227.60009765625,4231.5,1159,0.0,0.0
2025-12-09 07:30:00-05:00,4231.2998046875,4232.7998046875,4230.2998046875,4231.10009765625,720,0.0,0.0
2025-12-09 07:45:00-05:00,4230.89990234375,4237.0,4230.60009765625,4233.39990234375,1200,0.0,0.0
2025-12-09 08:00:00-05:00,4233.60009765625,4238.0,4232.10009765625,4234.10009765625,2411,0.0,0.0
2025-12-09 08:15:00-05:00,4234.2001953125,4236.60009765625,4226.7998046875,4230.60009765625,3279,0.0,0.0
2025-12-09 08:30:00-05:00,4230.7998046875,4231.5,4223.7998046875,4229.7998046875,3270,0.0,0.0
2025-12-09 08:45:00-05:00,4229.89990234375,4232.39990234375,4227.89990234375,4230.39990234375,1728,0.0,0.0
2025-12-09 09:00:00-05:00,4230.60009765625,4231.10009765625,4218.0,4221.0,5280,0.0,0.0
2025-12-09 09:15:00-05:00,4220.89990234375,4223.5,4218.39990234375,4222.7001953125,2021,0.0,0.0
2025-12-09 09:30:00-05:00,4222.89990234375,4235.39990234375,4221.7998046875,4234.7998046875,6791,0.0,0.0
2025-12-09 09:45:00-05:00,4234.7998046875,4240.0,4231.2998046875,4233.89990234375,4484,0.0,0.0
2025-12-09 10:00:00-05:00,4233.7998046875,4235.60009765625,4218.39990234375,4224.0,6901,0.0,0.0
2025-12-09 10:15:00-05:00,4224.10009765625,4238.2998046875,4223.7001953125,4235.60009765625,5158,0.0,0.0
2025-12-09 10:30:00-05:00,4235.60009765625,4237.89990234375,4231.60009765625,4234.7001953125,3871,0.0,0.0
2025-12-09 10:45:00-05:00,4234.39990234375,4246.0,4227.7001953125,4242.0,5395,0.0,0.0
2025-12-09 11:00:00-05:00,4242.2998046875,4250.60009765625,4239.5,4248.10009765625,8171,0.0,0.0
2025-12-09 11:15:00-05:00,4248.2001953125,4249.5,4239.2998046875,4243.0,3519,0.0,0.0
2025-12-09 11:30:00-05:00,4243.0,4250.5,4242.89990234375,4249.0,2884,0.0,0.0
2025-12-09 11:45:00-05:00,4249.0,4251.7001953125,4241.2998046875,4242.10009765625,3138,0.0,0.0
2025-12-09 12:00:00-05:00,4242.39990234375,4246.0,4239.39990234375,4241.2001953125,1762,0.0,0.0
2025-12-09 12:15:00-05:00,4241.10009765625,4241.2998046875,4234.10009765625,4236.7001953125,2759,0.0,0.0
2025-12-09 12:30:00-05:00,4237.2001953125,4238.39990234375,4233.60009765625,4236.2001953125,1643,0.0,0.0
2025-12-09 12:45:00-05:00,4236.60009765625,4238.0,4230.7001953125,4232.10009765625,1866,0.0,0.0
2025-12-09 13:00:00-05:00,4232.10009765625,4235.60009765625,4230.10009765625,4235.5,1727,0.0,0.0
2025-12-09 13:15:00-05:00,4235.5,4237.39990234375,4234.10009765625,4236.2001953125,3677,0.0,0.0
2025-12-09 13:30:00-05:00,4236.2001953125,4237.89990234375,4233.0,4234.60009765625,1396,0.0,0.0
2025-12-09 13:45:00-05:00,4234.5,4238.7998046875,4233.60009765625,4238.2001953125,1039,0.0,0.0
2025-12-09 14:00:00-05:00,4237.89990234375,4241.7001953125,4237.60009765625,4240.2998046875,1367,0.0,0.0
2025-12-09 14:15:00-05:00,4240.39990234375,4240.5,4236.39990234375,4237.39990234375,1035,0.0,0.0
2025-12-09 14:30:00-05:00,4237.39990234375,4239.2998046875,4236.2001953125,4238.0,649,0.0,0.0
2025-12-09 14:45:00-05:00,4238.0,4243.2998046875,4235.7001953125,4241.39990234375,1510,0.0,0.0
2025-12-09 15:00:00-05:00,4241.10009765625,4245.10009765625,4240.7998046875,4243.7001953125,1185,0.0,0.0
2025-12-09 15:15:00-05:00,4243.7001953125,4243.7001953125,4238.2001953125,4239.89990234375,951,0.0,0.0
2025-12-09 15:30:00-05:00,4239.7998046875,4241.2001953125,4238.60009765625,4239.7001953125,867,0.0,0.0
2025-12-09 15:45:00-05:00,4239.60009765625,4243.0,4239.39990234375,4240.7998046875,1135,0.0,0.0
2025-12-09 16:00:00-05:00,4240.89990234375,4241.7998046875,4239.60009765625,4240.10009765625,491,0.0,0.0
2025-12-09 16:15:00-05:00,4239.89990234375,4240.7998046875,4237.60009765625,4238.89990234375,454,0.0,0.0
2025-12-09 16:30:00-05:00,4238.89990234375,4239.2998046875,4237.2001953125,4237.5,346,0.0,0.0
2025-12-09 16:45:00-05:00,4237.2998046875,4238.5,4235.89990234375,4236.60009765625,224,0.0,0.0
2025-12-09 18:00:00-05:00,4237.5,4239.0,4235.2998046875,4236.60009765625,447,0.0,0.0
2025-12-09 18:15:00-05:00,4236.2998046875,4239.0,4235.7998046875,4238.60009765625,370,0.0,0.0
2025-12-09 18:30:00-05:00,4238.60009765625,4240.0,4237.5,4239.89990234375,389,0.0,0.0
2025-12-09 18:45:00-05:00,4239.60009765625,4241.2998046875,4237.89990234375,4238.7001953125,699,0.0,0.0
2025-12-09 19:00:00-05:00,4239.0,4240.5,4235.60009765625,4237.5,760,0.0,0.0
2025-12-09 19:15:00-05:00,4237.2998046875,4238.2001953125,4235.2001953125,4237.60009765625,628,0.0,0.0
2025-12-09 19:30:00-05:00,4237.39990234375,4237.89990234375,4235.2001953125,4235.7998046875,495,0.0,0.0
2025-12-09 19:45:00-05:00,4236.0,4238.10009765625,4235.89990234375,4236.89990234375,373,0.0,0.0
2025-12-09 20:00:00-05:00,4237.2001953125,4244.0,4235.39990234375,4243.5,1634,0.0,0.0
2025-12-09 20:15:00-05:00,4243.7001953125,4247.0,4241.5,4245.7001953125,1673,0.0,0.0
2025-12-09 20:30:00-05:00,4245.7001953125,4247.0,4240.60009765625,4241.10009765625,1309,0.0,0.0
2025-12-09 20:45:00-05:00,4241.7001953125,4245.5,4241.0,4243.10009765625,884,0.0,0.0
2025-12-09 21:00:00-05:00,4242.7001953125,4246.7001953125,4242.0,4244.10009765625,767,0.0,0.0
2025-12-09 21:15:00-05:00,4243.7998046875,4243.89990234375,4240.39990234375,4242.39990234375,752,0.0,0.0
2025-12-09 21:30:00-05:00,4242.7001953125,4247.89990234375,4241.89990234375,4246.7001953125,852,0.0,0.0
2025-12-09 21:45:00-05:00,4246.89990234375,4247.0,4244.7998046875,4246.10009765625,426,0.0,0.0
2025-12-09 22:00:00-05:00,4246.0,4246.2998046875,4238.60009765625,4238.89990234375,924,0.0,0.0
2025-12-09 22:15:00-05:00,4238.7998046875,4240.0,4236.60009765625,4237.5,1026,0.0,0.0
2025-12-09 22:30:00-05:00,4237.39990234375,4239.39990234375,4235.5,4236.2998046875,954,0.0,0.0
2025-12-09 22:45:00-05:00,4236.0,4237.60009765625,4232.5,4235.0,927,0.0,0.0
2025-12-09 23:00:00-05:00,4234.89990234375,4236.7001953125,4234.10009765625,4236.7001953125,393,0.0,0.0
2025-12-09 23:15:00-05:00,4236.89990234375,4237.60009765625,4234.2001953125,4235.2001953125,380,0.0,0.0
2025-12-09 23:30:00-05:00,4235.39990234375,4238.10009765625,4233.7001953125,4236.39990234375,784,0.0,0.0
2025-12-09 23:45:00-05:00,4236.39990234375,4236.39990234375,4234.0,4235.89990234375,305,0.0,0.0
2025-12-10 00:00:00-05:00,4235.5,4235.7998046875,4231.39990234375,4232.10009765625,651,0.0,0.0
2025-12-10 00:15:00-05:00,4231.89990234375,4234.0,4229.7001953125,4234.0,1179,0.0,0.0
2025-12-10 00:30:00-05:00,4234.2998046875,4240.7001953125,4233.10009765625,4240.2998046875,1502,0.0,0.0
2025-12-10 00:45:00-05:00,4240.39990234375,4242.60009765625,4237.89990234375,4239.2998046875,1189,0.0,0.0
2025-12-10 01:00:00-05:00,4239.0,4239.7001953125,4236.7998046875,4237.5,909,0.0,0.0
2025-12-10 01:15:00-05:00,4237.7001953125,4238.39990234375,4232.2001953125,4235.2998046875,1371,0.0,0.0
2025-12-10 01:30:00-05:00,4235.2998046875,4235.5,4231.0,4234.0,704,0.0,0.0
2025-12-10 01:45:00-05:00,4234.10009765625,4235.5,4233.0,4235.10009765625,807,0.0,0.0
2025-12-10 02:00:00-05:00,4235.2001953125,4237.2001953125,4232.39990234375,4233.7001953125,1200,0.0,0.0
2025-12-10 02:15:00-05:00,4234.10009765625,4236.89990234375,4233.39990234375,4235.2001953125,750,0.0,0.0
2025-12-10 02:30:00-05:00,4235.2998046875,4236.2998046875,4234.39990234375,4234.89990234375,550,0.0,0.0
2025-12-10 02:45:00-05:00,4234.7998046875,4235.10009765625,4231.10009765625,4231.2001953125,1181,0.0,0.0
2025-12-10 03:00:00-05:00,4231.10009765625,4234.10009765625,4227.89990234375,4230.5,1827,0.0,0.0
2025-12-10 03:15:00-05:00,4230.2998046875,4234.7998046875,4230.0,4232.10009765625,1282,0.0,0.0
2025-12-10 03:30:00-05:00,4232.10009765625,4232.10009765625,4226.60009765625,4227.7001953125,1312,0.0,0.0
2025-12-10 03:45:00-05:00,4227.60009765625,4229.7998046875,4224.7998046875,4225.7998046875,1713,0.0,0.0
2025-12-10 04:00:00-05:00,4225.60009765625,4228.39990234375,4222.2998046875,4225.7001953125,2176,0.0,0.0
2025-12-10 04:15:00-05:00,4225.7998046875,4226.7998046875,4223.0,4225.7001953125,1174,0.0,0.0
2025-12-10 04:30:00-05:00,4225.7001953125,4226.2998046875,4221.5,4222.7998046875,1157,0.0,0.0
2025-12-10 04:45:00-05:00,4222.7998046875,4223.5,4220.2998046875,4221.7998046875,1199,0.0,0.0
2025-12-10 05:00:00-05:00,4222.0,4224.7998046875,4219.2998046875,4224.0,1543,0.0,0.0
2025-12-10 05:15:00-05:00,4223.7998046875,4224.10009765625,4219.5,4219.89990234375,1271,0.0,0.0
2025-12-10 05:30:00-05:00,4219.7998046875,4222.39990234375,4215.2998046875,4222.0,2139,0.0,0.0
2025-12-10 05:45:00-05:00,4221.7998046875,4222.0,4218.60009765625,4221.0,951,0.0,0.0
2025-12-10 06:00:00-05:00,4221.2001953125,4223.10009765625,4220.2998046875,4223.0,830,0.0,0.0
2025-12-10 06:15:00-05:00,4223.10009765625,4224.39990234375,4221.7001953125,4222.5,922,0.0,0.0
2025-12-10 06:30:00-05:00,4222.39990234375,4225.2001953125,4221.5,4223.10009765625,763,0.0,0.0
2025-12-10 06:45:00-05:00,4223.0,4226.0,4222.39990234375,4225.60009765625,685,0.0,0.0
2025-12-10 07:00:00-05:00,4225.5,4229.89990234375,4225.10009765625,4228.89990234375,1447,0.0,0.0
2025-12-10 07:15:00-05:00,4229.2001953125,4230.2998046875,4224.7998046875,4225.39990234375,1282,0.0,0.0
2025-12-10 07:30:00-05:00,4225.2998046875,4227.60009765625,4224.39990234375,4226.5,974,0.0,0.0
2025-12-10 07:45:00-05:00,4226.39990234375,4226.5,4223.39990234375,4224.5,1085,0.0,0.0
2025-12-10 08:00:00-05:00,4224.60009765625,4228.60009765625,4221.39990234375,4224.0,2391,0.0,0.0
2025-12-10 08:15:00-05:00,4223.89990234375,4228.2001953125,4220.89990234375,4226.39990234375,2376,0.0,0.0
2025-12-10 08:30:00-05:00,4226.5,4230.89990234375,4223.7001953125,4230.7998046875,2037,0.0,0.0
2025-12-10 08:45:00-05:00,4230.7001953125,4233.2998046875,4228.2001953125,4228.7998046875,2631,0.0,0.0
2025-12-10 09:00:00-05:00,4229.0,4235.2998046875,4226.89990234375,4233.39990234375,2158,0.0,0.0
2025-12-10 09:15:00-05:00,4233.60009765625,4234.5,4222.89990234375,4225.0,2475,0.0,0.0
2025-12-10 09:30:00-05:00,4224.7998046875,4228.2998046875,4219.5,4226.0,4921,0.0,0.0
2025-12-10 09:45:00-05:00,4226.0,4230.7001953125,4220.60009765625,4221.2001953125,2966,0.0,0.0
2025-12-10 10:00:00-05:00,4221.0,4230.0,4220.5,4222.7998046875,3835,0.0,0.0
2025-12-10 10:15:00-05:00,4222.7001953125,4225.5,4216.60009765625,4224.5,4026,0.0,0.0
2025-12-10 10:30:00-05:00,4224.39990234375,4227.5,4221.10009765625,4221.89990234375,3088,0.0,0.0
2025-12-10 10:45:00-05:00,4221.7998046875,4223.2001953125,4218.2001953125,4222.10009765625,1980,0.0,0.0
2025-12-10 11:00:00-05:00,4222.10009765625,4224.10009765625,4221.39990234375,4222.89990234375,1443,0.0,0.0
2025-12-10 11:15:00-05:00,4222.89990234375,4229.89990234375,4222.5,4229.39990234375,2357,0.0,0.0
2025-12-10 11:30:00-05:00,4229.5,4232.0,4227.7998046875,4231.10009765625,2323,0.0,0.0
2025-12-10 11:45:00-05:00,4231.2001953125,4233.7998046875,4230.2998046875,4233.2001953125,2018,0.0,0.0
2025-12-10 12:00:00-05:00,4233.0,4233.10009765625,4226.89990234375,4228.2998046875,1780,0.0,0.0
2025-12-10 12:15:00-05:00,4228.10009765625,4231.89990234375,4228.10009765625,4228.60009765625,1275,0.0,0.0
2025-12-10 12:30:00-05:00,4228.7001953125,4229.7998046875,4226.5,4227.2998046875,1230,0.0,0.0
2025-12-10 12:45:00-05:00,4227.39990234375,4230.0,4224.7998046875,4227.89990234375,1352,0.0,0.0
2025-12-10 13:00:00-05:00,4227.89990234375,4228.89990234375,4226.7998046875,4226.89990234375,1025,0.0,0.0
2025-12-10 13:15:00-05:00,4227.0,4227.60009765625,4221.2001953125,4224.7001953125,4249,0.0,0.0
2025-12-10 13:30:00-05:00,4224.60009765625,4225.10009765625,4219.89990234375,4222.10009765625,2136,0.0,0.0
2025-12-10 13:45:00-05:00,4221.89990234375,4224.7001953125,4221.10009765625,4221.89990234375,2129,0.0,0.0
2025-12-10 14:00:00-05:00,4221.7998046875,4249.0,4215.7001953125,4240.7998046875,14525,0.0,0.0
2025-12-10 14:15:00-05:00,4241.10009765625,4245.7998046875,4222.89990234375,4227.0,6898,0.0,0.0
2025-12-10 14:30:00-05:00,4226.89990234375,4243.39990234375,4207.7998046875,4215.2998046875,11571,0.0,0.0
2025-12-10 14:45:00-05:00,4215.2998046875,4247.0,4214.0,4245.7001953125,7080,0.0,0.0
2025-12-10 15:00:00-05:00,4245.60009765625,4266.0,4240.39990234375,4265.2001953125,10875,0.0,0.0
2025-12-10 15:15:00-05:00,4264.89990234375,4268.7998046875,4255.89990234375,4262.39990234375,6286,0.0,0.0
2025-12-10 15:30:00-05:00,4262.7998046875,4265.5,4259.7998046875,4262.39990234375,2639,0.0,0.0
2025-12-10 15:45:00-05:00,4262.39990234375,4267.5,4259.10009765625,4259.10009765625,2818,0.0,0.0
2025-12-10 16:00:00-05:00,4259.10009765625,4262.39990234375,4251.0,4257.7998046875,1866,0.0,0.0
2025-12-10 16:15:00-05:00,4258.0,4259.60009765625,4253.5,4256.2001953125,792,0.0,0.0
2025-12-10 16:30:00-05:00,4256.2998046875,4259.5,4255.89990234375,4258.10009765625,465,0.0,0.0
2025-12-10 16:45:00-05:00,4258.7001953125,4259.7998046875,4257.10009765625,4258.2998046875,649,0.0,0.0
2025-12-10 18:00:00-05:00,4258.2998046875,4261.10009765625,4254.5,4254.89990234375,433,0.0,0.0
2025-12-10 18:15:00-05:00,4254.7998046875,4256.5,4253.5,4255.0,516,0.0,0.0
2025-12-10 18:30:00-05:00,4255.0,4258.60009765625,4255.0,4257.39990234375,625,0.0,0.0
2025-12-10 18:45:00-05:00,4257.39990234375,4263.2998046875,4257.39990234375,4261.60009765625,980,0.0,0.0
2025-12-10 19:00:00-05:00,4261.7001953125,4273.2001953125,4260.60009765625,4272.2998046875,1903,0.0,0.0
2025-12-10 19:15:00-05:00,4272.5,4274.60009765625,4269.2998046875,4270.5,2009,0.0,0.0
2025-12-10 19:30:00-05:00,4270.39990234375,4272.7998046875,4269.60009765625,4271.39990234375,952,0.0,0.0
2025-12-10 19:45:00-05:00,4271.7998046875,4272.10009765625,4264.0,4266.5,1760,0.0,0.0
2025-12-10 20:00:00-05:00,4266.5,4277.7001953125,4265.10009765625,4269.39990234375,3535,0.0,0.0
2025-12-10 20:15:00-05:00,4269.5,4271.0,4264.60009765625,4265.7998046875,1854,0.0,0.0
2025-12-10 20:30:00-05:00,4266.0,4268.2001953125,4262.10009765625,4267.60009765625,1580,0.0,0.0
2025-12-10 20:45:00-05:00,4267.60009765625,4269.89990234375,4266.60009765625,4267.7001953125,1072,0.0,0.0
2025-12-10 21:00:00-05:00,4267.7998046875,4270.2998046875,4260.10009765625,4263.10009765625,1624,0.0,0.0
2025-12-10 21:15:00-05:00,4262.7998046875,4263.2998046875,4258.2998046875,4258.89990234375,1353,0.0,0.0
2025-12-10 21:30:00-05:00,4258.7998046875,4259.2998046875,4248.60009765625,4255.2998046875,3611,0.0,0.0
2025-12-10 21:45:00-05:00,4255.39990234375,4256.2998046875,4249.89990234375,4250.39990234375,1104,0.0,0.0
2025-12-10 22:00:00-05:00,4250.2001953125,4253.2001953125,4236.2001953125,4239.60009765625,4156,0.0,0.0
2025-12-10 22:15:00-05:00,4239.89990234375,4243.5,4237.10009765625,4241.2001953125,2436,0.0,0.0
2025-12-10 22:30:00-05:00,4241.2001953125,4244.60009765625,4240.2001953125,4244.60009765625,1314,0.0,0.0
2025-12-10 22:45:00-05:00,4244.5,4246.2001953125,4242.7998046875,4244.60009765625,949,0.0,0.0
2025-12-10 23:00:00-05:00,4244.10009765625,4246.2001953125,4241.7001953125,4245.2001953125,869,0.0,0.0
2025-12-10 23:15:00-05:00,4244.89990234375,4245.2998046875,4238.2001953125,4240.2998046875,1039,0.0,0.0
2025-12-10 23:30:00-05:00,4240.39990234375,4243.2998046875,4238.7998046875,4239.10009765625,1179,0.0,0.0
2025-12-10 23:45:00-05:00,4239.60009765625,4241.89990234375,4235.7001953125,4241.2001953125,1051,0.0,0.0
2025-12-11 00:00:00-05:00,4240.60009765625,4243.5,4238.89990234375,4239.39990234375,653,0.0,0.0
2025-12-11 00:15:00-05:00,4239.39990234375,4240.5,4237.0,4239.2998046875,832,0.0,0.0
2025-12-11 00:30:00-05:00,4239.5,4240.2998046875,4233.7998046875,4237.2998046875,1390,0.0,0.0
2025-12-11 00:45:00-05:00,4237.2001953125,4238.2998046875,4233.39990234375,4235.0,1058,0.0,0.0
2025-12-11 01:00:00-05:00,4235.2001953125,4239.39990234375,4231.2001953125,4238.0,1480,0.0,0.0
2025-12-11 01:15:00-05:00,4238.0,4241.39990234375,4234.5,4240.5,1235,0.0,0.0
2025-12-11 01:30:00-05:00,4240.39990234375,4242.2001953125,4239.10009765625,4241.10009765625,663,0.0,0.0
2025-12-11 01:45:00-05:00,4240.7001953125,4242.39990234375,4238.2001953125,4241.5,912,0.0,0.0
2025-12-11 02:00:00-05:00,4241.2998046875,4241.2998046875,4237.2001953125,4239.2998046875,1370,0.0,0.0
2025-12-11 02:15:00-05:00,4239.0,4241.5,4238.2998046875,4240.0,929,0.0,0.0
2025-12-11 02:30:00-05:00,4240.10009765625,4245.2001953125,4238.2001953125,4245.0,1082,0.0,0.0
2025-12-11 02:45:00-05:00,4245.0,4246.10009765625,4242.2998046875,4243.5,959,0.0,0.0
2025-12-11 03:00:00-05:00,4243.7001953125,4245.2998046875,4240.0,4242.7001953125,1123,0.0,0.0
2025-12-11 03:15:00-05:00,4243.0,4244.7001953125,4241.0,4241.7001953125,927,0.0,0.0
2025-12-11 03:30:00-05:00,4241.7001953125,4247.39990234375,4241.2001953125,4245.0,951,0.0,0.0
2025-12-11 03:45:00-05:00,4245.2001953125,4246.5,4242.7998046875,4244.0,875,0.0,0.0
2025-12-11 04:00:00-05:00,4244.0,4245.39990234375,4237.7001953125,4239.39990234375,1486,0.0,0.0
2025-12-11 04:15:00-05:00,4239.2998046875,4243.60009765625,4238.2998046875,4241.7001953125,896,0.0,0.0
2025-12-11 04:30:00-05:00,4241.2998046875,4245.2998046875,4241.0,4244.89990234375,768,0.0,0.0
2025-12-11 04:45:00-05:00,4245.0,4248.7998046875,4244.2998046875,4245.60009765625,1455,0.0,0.0
2025-12-11 05:00:00-05:00,4245.7001953125,4253.89990234375,4245.60009765625,4248.2998046875,2199,0.0,0.0
2025-12-11 05:15:00-05:00,4248.5,4249.2001953125,4243.7001953125,4245.0,1239,0.0,0.0
2025-12-11 05:30:00-05:00,4245.2998046875,4245.60009765625,4239.39990234375,4242.7998046875,1731,0.0,0.0
2025-12-11 05:45:00-05:00,4242.39990234375,4246.5,4242.0,4244.2001953125,670,0.0,0.0
2025-12-11 06:00:00-05:00,4244.2998046875,4246.7001953125,4241.7998046875,4242.60009765625,682,0.0,0.0
2025-12-11 06:15:00-05:00,4242.89990234375,4244.10009765625,4241.39990234375,4242.0,675,0.0,0.0
2025-12-11 06:30:00-05:00,4242.0,4242.39990234375,4238.2001953125,4241.7998046875,1119,0.0,0.0
2025-12-11 06:45:00-05:00,4242.0,4242.5,4236.60009765625,4238.10009765625,1098,0.0,0.0
2025-12-11 07:00:00-05:00,4238.10009765625,4241.7001953125,4235.60009765625,4239.2998046875,1480,0.0,0.0
2025-12-11 07:15:00-05:00,4239.10009765625,4245.7001953125,4239.10009765625,4245.60009765625,1206,0.0,0.0
2025-12-11 07:30:00-05:00,4245.60009765625,4247.89990234375,4245.10009765625,4246.7998046875,1723,0.0,0.0
2025-12-11 07:45:00-05:00,4246.89990234375,4248.0,4244.10009765625,4248.0,742,0.0,0.0
2025-12-11 08:00:00-05:00,4248.0,4249.89990234375,4237.10009765625,4239.10009765625,3074,0.0,0.0
2025-12-11 08:15:00-05:00,4238.7998046875,4241.60009765625,4231.89990234375,4241.10009765625,4021,0.0,0.0
2025-12-11 08:30:00-05:00,4241.0,4248.2998046875,4236.0,4247.10009765625,3637,0.0,0.0
2025-12-11 08:45:00-05:00,4246.89990234375,4250.7998046875,4245.39990234375,4248.60009765625,2772,0.0,0.0
2025-12-11 09:00:00-05:00,4248.5,4257.5,4245.39990234375,4255.0,4904,0.0,0.0
2025-12-11 09:15:00-05:00,4255.10009765625,4260.0,4251.2001953125,4259.2998046875,4057,0.0,0.0
2025-12-11 09:30:00-05:00,4259.39990234375,4272.7001953125,4258.2998046875,4272.60009765625,9774,0.0,0.0
2025-12-11 09:45:00-05:00,4272.5,4273.39990234375,4256.7001953125,4257.89990234375,8106,0.0,0.0
2025-12-11 10:00:00-05:00,4257.89990234375,4268.89990234375,4253.89990234375,4266.2001953125,6418,0.0,0.0
2025-12-11 10:15:00-05:00,4266.0,4273.2998046875,4265.60009765625,4267.39990234375,4572,0.0,0.0
2025-12-11 10:30:00-05:00,4267.5,4286.0,4266.7001953125,4284.10009765625,10071,0.0,0.0
2025-12-11 10:45:00-05:00,4283.89990234375,4291.2001953125,4279.2998046875,4285.2998046875,8940,0.0,0.0
2025-12-11 11:00:00-05:00,4285.39990234375,4287.2998046875,4278.89990234375,4285.39990234375,5102,0.0,0.0
2025-12-11 11:15:00-05:00,4285.7001953125,4291.7998046875,4284.2998046875,4287.2001953125,5262,0.0,0.0
2025-12-11 11:30:00-05:00,4287.39990234375,4293.60009765625,4285.5,4291.5,4232,0.0,0.0
2025-12-11 11:45:00-05:00,4291.60009765625,4309.39990234375,4291.10009765625,4304.39990234375,10347,0.0,0.0
2025-12-11 12:00:00-05:00,4304.10009765625,4311.5,4302.5,4307.39990234375,5214,0.0,0.0
2025-12-11 12:15:00-05:00,4307.7001953125,4312.2998046875,4304.89990234375,4306.39990234375,3481,0.0,0.0
2025-12-11 12:30:00-05:00,4306.60009765625,4308.39990234375,4302.10009765625,4308.2998046875,3078,0.0,0.0
2025-12-11 12:45:00-05:00,4308.2001953125,4310.2001953125,4304.39990234375,4309.0,2769,0.0,0.0
2025-12-11 13:00:00-05:00,4309.2001953125,4317.2998046875,4307.5,4314.5,3852,0.0,0.0
2025-12-11 13:15:00-05:00,4314.7001953125,4316.5,4311.0,4312.7998046875,5534,0.0,0.0
2025-12-11 13:30:00-05:00,4312.60009765625,4314.7998046875,4307.5,4313.10009765625,3843,0.0,0.0
2025-12-11 13:45:00-05:00,4313.2998046875,4313.2998046875,4297.0,4298.60009765625,3650,0.0,0.0
2025-12-11 14:00:00-05:00,4298.39990234375,4301.5,4292.60009765625,4301.2001953125,4363,0.0,0.0
2025-12-11 14:15:00-05:00,4301.5,4304.60009765625,4299.0,4302.89990234375,1564,0.0,0.0
2025-12-11 14:30:00-05:00,4302.89990234375,4307.0,4302.10009765625,4303.7001953125,1546,0.0,0.0
2025-12-11 14:45:00-05:00,4303.5,4305.10009765625,4300.5,4302.60009765625,1090,0.0,0.0
2025-12-11 15:00:00-05:00,4302.39990234375,4303.10009765625,4293.2001953125,4298.60009765625,2280,0.0,0.0
2025-12-11 15:15:00-05:00,4299.0,4300.2998046875,4294.2998046875,4297.89990234375,1397,0.0,0.0
2025-12-11 15:30:00-05:00,4297.89990234375,4303.89990234375,4297.5,4303.0,1506,0.0,0.0
2025-12-11 15:45:00-05:00,4303.0,4305.0,4300.7001953125,4304.7998046875,1837,0.0,0.0
2025-12-11 16:00:00-05:00,4304.89990234375,4304.89990234375,4301.5,4301.89990234375,605,0.0,0.0
2025-12-11 16:15:00-05:00,4301.89990234375,4308.7001953125,4301.7001953125,4308.5,733,0.0,0.0
2025-12-11 16:30:00-05:00,4308.7998046875,4311.7998046875,4306.10009765625,4311.7998046875,1634,0.0,0.0
2025-12-11 16:45:00-05:00,4311.60009765625,4313.5,4308.89990234375,4309.2998046875,1184,0.0,0.0
2025-12-11 18:00:00-05:00,4309.10009765625,4313.0,4307.2998046875,4311.2998046875,516,0.0,0.0
2025-12-11 18:15:00-05:00,4311.2998046875,4313.10009765625,4307.2998046875,4310.10009765625,914,0.0,0.0
2025-12-11 18:30:00-05:00,4309.5,4311.2998046875,4302.7998046875,4305.60009765625,1309,0.0,0.0
2025-12-11 18:45:00-05:00,4305.39990234375,4307.89990234375,4302.7001953125,4305.89990234375,784,0.0,0.0
2025-12-11 19:00:00-05:00,4305.7001953125,4307.7998046875,4303.5,4306.39990234375,845,0.0,0.0
2025-12-11 19:15:00-05:00,4306.10009765625,4310.0,4305.2998046875,4307.89990234375,968,0.0,0.0
2025-12-11 19:30:00-05:00,4307.5,4308.5,4303.5,4305.10009765625,408,0.0,0.0
2025-12-11 19:45:00-05:00,4305.0,4305.7998046875,4298.7001953125,4299.60009765625,1664,0.0,0.0
2025-12-11 20:00:00-05:00,4299.5,4306.5,4296.39990234375,4305.0,2944,0.0,0.0
2025-12-11 20:15:00-05:00,4305.7001953125,4307.0,4295.5,4297.10009765625,1972,0.0,0.0
2025-12-11 20:30:00-05:00,4297.2998046875,4300.89990234375,4295.89990234375,4300.0,1167,0.0,0.0
2025-12-11 20:45:00-05:00,4300.2001953125,4304.5,4298.7998046875,4302.10009765625,1107,0.0,0.0
2025-12-11 21:00:00-05:00,4301.89990234375,4307.60009765625,4301.10009765625,4306.0,1058,0.0,0.0
2025-12-11 21:15:00-05:00,4305.39990234375,4307.2998046875,4302.60009765625,4304.2001953125,530,0.0,0.0
2025-12-11 21:30:00-05:00,4304.2998046875,4307.60009765625,4303.89990234375,4305.5,720,0.0,0.0
2025-12-11 21:45:00-05:00,4305.2998046875,4305.2998046875,4300.0,4301.10009765625,802,0.0,0.0
2025-12-11 22:00:00-05:00,4301.0,4305.2998046875,4300.5,4304.60009765625,916,0.0,0.0
2025-12-11 22:15:00-05:00,4304.0,4304.2998046875,4299.0,4300.2001953125,712,0.0,0.0
2025-12-11 22:30:00-05:00,4300.2998046875,4303.0,4299.39990234375,4302.7001953125,487,0.0,0.0
2025-12-11 22:45:00-05:00,4302.39990234375,4303.7998046875,4301.0,4301.2998046875,461,0.0,0.0
2025-12-11 23:00:00-05:00,4301.2998046875,4301.60009765625,4298.60009765625,4299.39990234375,701,0.0,0.0
2025-12-11 23:15:00-05:00,4299.39990234375,4300.0,4297.39990234375,4299.10009765625,657,0.0,0.0
2025-12-11 23:30:00-05:00,4299.10009765625,4299.5,4297.10009765625,4298.10009765625,398,0.0,0.0
2025-12-11 23:45:00-05:00,4298.2998046875,4299.5,4297.60009765625,4297.60009765625,327,0.0,0.0
2025-12-12 00:00:00-05:00,4297.5,4300.89990234375,4297.0,4300.60009765625,688,0.0,0.0
2025-12-12 00:15:00-05:00,4300.39990234375,4306.60009765625,4300.10009765625,4305.0,816,0.0,0.0
2025-12-12 00:30:00-05:00,4305.0,4310.2001953125,4305.0,4308.2001953125,1171,0.0,0.0
2025-12-12 00:45:00-05:00,4308.10009765625,4311.2998046875,4306.39990234375,4309.7998046875,923,0.0,0.0
2025-12-12 01:00:00-05:00,4309.89990234375,4311.2001953125,4306.7998046875,4308.2998046875,966,0.0,0.0
2025-12-12 01:15:00-05:00,4308.2998046875,4312.10009765625,4307.5,4311.60009765625,603,0.0,0.0
2025-12-12 01:30:00-05:00,4311.60009765625,4313.39990234375,4309.7998046875,4311.2998046875,1292,0.0,0.0
2025-12-12 01:45:00-05:00,4311.7998046875,4313.89990234375,4311.5,4313.60009765625,801,0.0,0.0
2025-12-12 02:00:00-05:00,4313.2001953125,4319.7001953125,4311.60009765625,4317.0,2562,0.0,0.0
2025-12-12 02:15:00-05:00,4316.89990234375,4319.0,4314.7998046875,4316.39990234375,1812,0.0,0.0
2025-12-12 02:30:00-05:00,4316.5,4321.10009765625,4314.7998046875,4318.0,1639,0.0,0.0
2025-12-12 02:45:00-05:00,4318.0,4319.2998046875,4315.60009765625,4317.60009765625,1287,0.0,0.0
2025-12-12 03:00:00-05:00,4317.5,4326.39990234375,4317.5,4324.39990234375,3243,0.0,0.0
2025-12-12 03:15:00-05:00,4324.2001953125,4326.60009765625,4321.5,4325.0,1667,0.0,0.0
2025-12-12 03:30:00-05:00,4325.0,4335.10009765625,4324.7998046875,4334.7998046875,4069,0.0,0.0
2025-12-12 03:45:00-05:00,4334.7001953125,4340.7001953125,4332.39990234375,4339.10009765625,3584,0.0,0.0
2025-12-12 04:00:00-05:00,4339.39990234375,4348.7998046875,4338.0,4348.7001953125,3629,0.0,0.0
2025-12-12 04:15:00-05:00,4348.5,4350.0,4344.39990234375,4345.10009765625,2965,0.0,0.0
2025-12-12 04:30:00-05:00,4344.7998046875,4345.2001953125,4338.0,4343.60009765625,3264,0.0,0.0
2025-12-12 04:45:00-05:00,4343.7998046875,4352.2998046875,4343.10009765625,4350.2998046875,2864,0.0,0.0
2025-12-12 05:00:00-05:00,4350.60009765625,4353.10009765625,4347.10009765625,4352.60009765625,2366,0.0,0.0
2025-12-12 05:15:00-05:00,4352.7998046875,4356.2998046875,4350.89990234375,4351.10009765625,2369,0.0,0.0
2025-12-12 05:30:00-05:00,4351.0,4363.7998046875,4350.7998046875,4363.2001953125,3879,0.0,0.0
2025-12-12 05:45:00-05:00,4363.39990234375,4368.2998046875,4361.2001953125,4365.10009765625,6216,0.0,0.0
2025-12-12 06:00:00-05:00,4364.89990234375,4373.2001953125,4361.60009765625,4370.39990234375,4505,0.0,0.0
2025-12-12 06:15:00-05:00,4370.2001953125,4374.5,4367.89990234375,4370.7998046875,3020,0.0,0.0
2025-12-12 06:30:00-05:00,4370.7998046875,4373.2001953125,4366.5,4370.7001953125,2478,0.0,0.0
2025-12-12 06:45:00-05:00,4370.39990234375,4376.5,4370.2998046875,4374.2001953125,3396,0.0,0.0
2025-12-12 07:00:00-05:00,4374.39990234375,4376.7998046875,4368.0,4369.10009765625,2496,0.0,0.0
2025-12-12 07:15:00-05:00,4369.10009765625,4370.7001953125,4365.60009765625,4368.89990234375,2482,0.0,0.0
2025-12-12 07:30:00-05:00,4369.0,4370.7001953125,4363.7001953125,4364.39990234375,2926,0.0,0.0
2025-12-12 07:45:00-05:00,4364.39990234375,4366.10009765625,4360.7998046875,4361.10009765625,2801,0.0,0.0
2025-12-12 08:00:00-05:00,4361.39990234375,4372.7998046875,4356.5,4372.5,4987,0.0,0.0
2025-12-12 08:15:00-05:00,4372.2998046875,4374.5,4368.7001953125,4370.7001953125,3839,0.0,0.0
2025-12-12 08:30:00-05:00,4370.7998046875,4381.39990234375,4370.7998046875,4374.2001953125,6015,0.0,0.0
2025-12-12 08:45:00-05:00,4374.0,4376.0,4366.60009765625,4375.89990234375,4162,0.0,0.0
2025-12-12 09:00:00-05:00,4375.7998046875,4379.60009765625,4373.2001953125,4376.5,4126,0.0,0.0
2025-12-12 09:15:00-05:00,4376.7001953125,4379.89990234375,4372.2998046875,4374.60009765625,3268,0.0,0.0
2025-12-12 09:30:00-05:00,4374.7001953125,4377.7001953125,4363.39990234375,4372.2998046875,8499,0.0,0.0
2025-12-12 09:45:00-05:00,4371.89990234375,4387.7998046875,4369.0,4381.5,8878,0.0,0.0
2025-12-12 10:00:00-05:00,4381.2001953125,4384.5,4373.7001953125,4376.39990234375,6076,0.0,0.0
2025-12-12 10:15:00-05:00,4376.2001953125,4378.2998046875,4329.0,4332.0,21188,0.0,0.0
2025-12-12 10:30:00-05:00,4331.7001953125,4349.7001953125,4326.0,4348.7001953125,11379,0.0,0.0
2025-12-12 10:45:00-05:00,4348.5,4354.0,4312.7001953125,4320.10009765625,13679,0.0,0.0
2025-12-12 11:00:00-05:00,4320.2998046875,4326.5,4303.7001953125,4316.89990234375,15050,0.0,0.0
2025-12-12 11:15:00-05:00,4316.7998046875,4323.7998046875,4302.39990234375,4320.7998046875,8266,0.0,0.0
2025-12-12 11:30:00-05:00,4320.2998046875,4320.39990234375,4286.0,4304.2001953125,13468,0.0,0.0
2025-12-12 11:45:00-05:00,4303.7998046875,4312.7998046875,4301.2998046875,4312.7998046875,5360,0.0,0.0
2025-12-12 12:00:00-05:00,4312.7998046875,4316.7998046875,4301.7998046875,4304.2998046875,5111,0.0,0.0
2025-12-12 12:15:00-05:00,4304.2001953125,4321.7001953125,4303.5,4312.89990234375,4145,0.0,0.0
2025-12-12 12:30:00-05:00,4312.7998046875,4326.10009765625,4312.39990234375,4324.39990234375,3551,0.0,0.0
2025-12-12 12:45:00-05:00,4324.0,4330.10009765625,4322.39990234375,4325.7998046875,2891,0.0,0.0
2025-12-12 13:00:00-05:00,4326.10009765625,4335.2998046875,4323.10009765625,4333.0,3469,0.0,0.0
2025-12-12 13:15:00-05:00,4333.2998046875,4336.10009765625,4326.60009765625,4327.60009765625,4767,0.0,0.0
2025-12-12 13:30:00-05:00,4327.7998046875,4333.0,4324.10009765625,4324.60009765625,2742,0.0,0.0
2025-12-12 13:45:00-05:00,4324.2998046875,4329.7001953125,4322.7998046875,4327.5,1889,0.0,0.0
2025-12-12 14:00:00-05:00,4327.5,4328.39990234375,4322.10009765625,4327.5,1933,0.0,0.0
2025-12-12 14:15:00-05:00,4326.89990234375,4332.2998046875,4326.0,4327.7998046875,1448,0.0,0.0
2025-12-12 14:30:00-05:00,4328.2001953125,4330.89990234375,4325.2001953125,4329.5,1018,0.0,0.0
2025-12-12 14:45:00-05:00,4329.7998046875,4330.2998046875,4326.5,4328.39990234375,682,0.0,0.0
2025-12-12 15:00:00-05:00,4328.2998046875,4334.7001953125,4327.2998046875,4331.89990234375,1256,0.0,0.0
2025-12-12 15:15:00-05:00,4331.60009765625,4332.7001953125,4322.39990234375,4324.2998046875,1989,0.0,0.0
2025-12-12 15:30:00-05:00,4324.2998046875,4331.2001953125,4319.2001953125,4330.0,2147,0.0,0.0
2025-12-12 15:45:00-05:00,4330.2998046875,4333.89990234375,4324.7998046875,4329.7001953125,2615,0.0,0.0
2025-12-12 16:00:00-05:00,4329.7998046875,4332.60009765625,4328.60009765625,4330.0,716,0.0,0.0
2025-12-12 16:15:00-05:00,4330.10009765625,4334.7998046875,4329.39990234375,4334.0,697,0.0,0.0
2025-12-12 16:30:00-05:00,4334.0,4335.0,4331.7998046875,4332.10009765625,369,0.0,0.0
2025-12-12 16:45:00-05:00,4332.10009765625,4333.89990234375,4329.10009765625,4329.7998046875,585,0.0,0.0
2025-12-14 18:00:00-05:00,4337.2998046875,4337.2998046875,4332.60009765625,4333.0,573,0.0,0.0
2025-12-14 18:15:00-05:00,4333.39990234375,4337.2998046875,4333.39990234375,4335.5,732,0.0,0.0
2025-12-14 18:30:00-05:00,4336.0,4339.2998046875,4334.89990234375,4337.2998046875,991,0.0,0.0
2025-12-14 18:45:00-05:00,4337.10009765625,4338.2001953125,4332.7998046875,4333.89990234375,709,0.0,0.0
2025-12-14 19:00:00-05:00,4334.0,4338.0,4331.7998046875,4335.39990234375,968,0.0,0.0
2025-12-14 19:15:00-05:00,4335.2001953125,4335.7998046875,4332.5,4333.10009765625,385,0.0,0.0
2025-12-14 19:30:00-05:00,4333.10009765625,4339.2998046875,4332.7001953125,4337.10009765625,675,0.0,0.0
2025-12-14 19:45:00-05:00,4336.7001953125,4339.7001953125,4335.2998046875,4339.5,635,0.0,0.0
2025-12-14 20:00:00-05:00,4339.7001953125,4346.7998046875,4337.7001953125,4344.89990234375,2306,0.0,0.0
2025-12-14 20:15:00-05:00,4344.7998046875,4347.60009765625,4341.5,4346.89990234375,1311,0.0,0.0
2025-12-14 20:30:00-05:00,4346.7998046875,4357.0,4346.2001953125,4351.7001953125,2519,0.0,0.0
2025-12-14 20:45:00-05:00,4351.7001953125,4357.7998046875,4351.39990234375,4354.60009765625,1390,0.0,0.0
2025-12-14 21:00:00-05:00,4354.10009765625,4359.39990234375,4353.5,4354.7001953125,1318,0.0,0.0
2025-12-14 21:15:00-05:00,4354.60009765625,4357.5,4354.0,4356.39990234375,870,0.0,0.0
2025-12-14 21:30:00-05:00,4356.7001953125,4361.5,4356.39990234375,4360.89990234375,1454,0.0,0.0
2025-12-14 21:45:00-05:00,4361.10009765625,4361.2001953125,4357.2001953125,4358.2998046875,820,0.0,0.0
2025-12-14 22:00:00-05:00,4358.2001953125,4361.7998046875,4354.7998046875,4355.2998046875,1350,0.0,0.0
2025-12-14 22:15:00-05:00,4355.2001953125,4356.7998046875,4351.7998046875,4356.60009765625,1374,0.0,0.0
2025-12-14 22:30:00-05:00,4356.60009765625,4361.60009765625,4356.5,4360.5,772,0.0,0.0
2025-12-14 22:45:00-05:00,4360.5,4360.5,4357.7998046875,4359.89990234375,539,0.0,0.0
2025-12-14 23:00:00-05:00,4359.5,4362.7998046875,4358.2001953125,4360.7998046875,906,0.0,0.0
2025-12-14 23:15:00-05:00,4360.60009765625,4363.10009765625,4359.7998046875,4360.7001953125,697,0.0,0.0
2025-12-14 23:30:00-05:00,4360.89990234375,4360.89990234375,4356.2001953125,4359.7001953125,1143,0.0,0.0
2025-12-14 23:45:00-05:00,4359.89990234375,4360.89990234375,4357.89990234375,4358.89990234375,458,0.0,0.0
2025-12-15 00:00:00-05:00,4359.0,4360.60009765625,4357.7998046875,4359.60009765625,1077,0.0,0.0
2025-12-15 00:15:00-05:00,4359.7001953125,4364.5,4359.10009765625,4363.0,1277,0.0,0.0
2025-12-15 00:30:00-05:00,4362.89990234375,4373.2998046875,4362.7001953125,4371.7998046875,2480,0.0,0.0
2025-12-15 00:45:00-05:00,4372.2001953125,4378.0,4371.60009765625,4377.5,1610,0.0,0.0
2025-12-15 01:00:00-05:00,4377.2998046875,4378.2998046875,4372.2001953125,4376.10009765625,1656,0.0,0.0
2025-12-15 01:15:00-05:00,4376.0,4378.7001953125,4375.60009765625,4376.89990234375,995,0.0,0.0
2025-12-15 01:30:00-05:00,4377.0,4378.7998046875,4374.89990234375,4377.89990234375,845,0.0,0.0
2025-12-15 01:45:00-05:00,4378.2001953125,4380.5,4375.7998046875,4376.10009765625,1067,0.0,0.0
2025-12-15 02:00:00-05:00,4376.10009765625,4376.7998046875,4373.39990234375,4374.89990234375,1425,0.0,0.0
2025-12-15 02:15:00-05:00,4374.7998046875,4377.7998046875,4374.2001953125,4377.2001953125,1201,0.0,0.0
2025-12-15 02:30:00-05:00,4376.60009765625,4377.7001953125,4366.7001953125,4373.10009765625,2573,0.0,0.0
2025-12-15 02:45:00-05:00,4373.2998046875,4374.89990234375,4372.0,4372.39990234375,1273,0.0,0.0
2025-12-15 03:00:00-05:00,4372.2001953125,4377.89990234375,4372.0,4376.0,1086,0.0,0.0
2025-12-15 03:15:00-05:00,4376.10009765625,4380.39990234375,4374.39990234375,4379.2998046875,1566,0.0,0.0
2025-12-15 03:30:00-05:00,4379.5,4380.5,4377.39990234375,4378.5,1170,0.0,0.0
2025-12-15 03:45:00-05:00,4378.60009765625,4382.60009765625,4378.0,4380.39990234375,1305,0.0,0.0
2025-12-15 04:00:00-05:00,4380.2998046875,4383.39990234375,4376.7998046875,4382.89990234375,1369,0.0,0.0
2025-12-15 04:15:00-05:00,4382.7001953125,4384.10009765625,4378.5,4381.60009765625,1728,0.0,0.0
2025-12-15 04:30:00-05:00,4381.60009765625,4384.2998046875,4378.39990234375,4379.10009765625,991,0.0,0.0
2025-12-15 04:45:00-05:00,4379.2998046875,4379.89990234375,4375.7001953125,4376.10009765625,1341,0.0,0.0
2025-12-15 05:00:00-05:00,4376.2998046875,4378.39990234375,4374.2001953125,4377.5,1055,0.0,0.0
2025-12-15 05:15:00-05:00,4377.5,4382.5,4376.39990234375,4377.0,1349,0.0,0.0
2025-12-15 05:30:00-05:00,4376.89990234375,4377.89990234375,4372.0,4373.10009765625,2521,0.0,0.0
2025-12-15 05:45:00-05:00,4373.2998046875,4376.7998046875,4372.7001953125,4374.0,1045,0.0,0.0
2025-12-15 06:00:00-05:00,4373.7998046875,4373.7998046875,4369.39990234375,4372.7998046875,1324,0.0,0.0
2025-12-15 06:15:00-05:00,4372.7998046875,4376.2998046875,4370.39990234375,4375.2998046875,1273,0.0,0.0
2025-12-15 06:30:00-05:00,4375.2998046875,4376.10009765625,4373.39990234375,4374.7998046875,804,0.0,0.0
2025-12-15 06:45:00-05:00,4374.7998046875,4377.7001953125,4373.5,4376.60009765625,1193,0.0,0.0
2025-12-15 07:00:00-05:00,4376.89990234375,4380.0,4376.7998046875,4378.0,1225,0.0,0.0
2025-12-15 07:15:00-05:00,4377.89990234375,4380.7001953125,4377.2001953125,4380.60009765625,1051,0.0,0.0
2025-12-15 07:30:00-05:00,4380.7001953125,4382.60009765625,4378.89990234375,4379.5,1296,0.0,0.0
2025-12-15 07:45:00-05:00,4379.5,4381.2998046875,4377.5,4379.89990234375,1237,0.0,0.0
2025-12-15 08:00:00-05:00,4379.89990234375,4380.7001953125,4367.2001953125,4369.7001953125,3640,0.0,0.0
2025-12-15 08:15:00-05:00,4369.5,4375.60009765625,4368.5,4372.89990234375,3146,0.0,0.0
2025-12-15 08:30:00-05:00,4372.89990234375,4375.7998046875,4368.7001953125,4371.7998046875,2260,0.0,0.0
2025-12-15 08:45:00-05:00,4371.89990234375,4378.89990234375,4364.2998046875,4365.7001953125,4324,0.0,0.0
2025-12-15 09:00:00-05:00,4365.7001953125,4370.39990234375,4361.7998046875,4362.39990234375,3898,0.0,0.0
2025-12-15 09:15:00-05:00,4362.5,4366.10009765625,4354.39990234375,4358.5,5945,0.0,0.0
2025-12-15 09:30:00-05:00,4358.39990234375,4367.39990234375,4353.0,4359.7998046875,8870,0.0,0.0
2025-12-15 09:45:00-05:00,4359.7998046875,4363.2998046875,4348.7001953125,4355.39990234375,7783,0.0,0.0
2025-12-15 10:00:00-05:00,4355.2998046875,4359.7998046875,4343.5,4355.0,8813,0.0,0.0
2025-12-15 10:15:00-05:00,4354.89990234375,4359.2001953125,4342.7998046875,4346.0,7163,0.0,0.0
2025-12-15 10:30:00-05:00,4345.7001953125,4356.60009765625,4344.7998046875,4355.2998046875,4621,0.0,0.0
2025-12-15 10:45:00-05:00,4355.2001953125,4359.7001953125,4348.5,4349.89990234375,4341,0.0,0.0
2025-12-15 11:00:00-05:00,4350.0,4350.5,4332.10009765625,4335.0,9347,0.0,0.0
2025-12-15 11:15:00-05:00,4335.0,4337.39990234375,4322.0,4326.7998046875,9434,0.0,0.0
2025-12-15 11:30:00-05:00,4326.7001953125,4331.2001953125,4315.89990234375,4327.2998046875,8092,0.0,0.0
2025-12-15 11:45:00-05:00,4327.5,4330.60009765625,4322.7998046875,4328.2001953125,4240,0.0,0.0
2025-12-15 12:00:00-05:00,4328.10009765625,4330.7998046875,4321.2001953125,4327.5,3407,0.0,0.0
2025-12-15 12:15:00-05:00,4327.2998046875,4333.89990234375,4323.2998046875,4332.39990234375,3162,0.0,0.0
2025-12-15 12:30:00-05:00,4332.39990234375,4335.2001953125,4330.2001953125,4333.89990234375,2196,0.0,0.0
2025-12-15 12:45:00-05:00,4333.60009765625,4336.2998046875,4331.5,4334.2998046875,1900,0.0,0.0
2025-12-15 13:00:00-05:00,4334.10009765625,4335.2998046875,4331.0,4332.7001953125,1299,0.0,0.0
2025-12-15 13:15:00-05:00,4332.7001953125,4336.5,4329.60009765625,4335.5,3482,0.0,0.0
2025-12-15 13:30:00-05:00,4335.39990234375,4339.7001953125,4332.2001953125,4338.7998046875,2492,0.0,0.0
2025-12-15 13:45:00-05:00,4338.89990234375,4343.2998046875,4337.2001953125,4342.7001953125,1965,0.0,0.0
2025-12-15 14:00:00-05:00,4342.5,4347.0,4340.89990234375,4341.89990234375,2160,0.0,0.0
2025-12-15 14:15:00-05:00,4341.2998046875,4343.5,4337.89990234375,4338.10009765625,2133,0.0,0.0
2025-12-15 14:30:00-05:00,4338.0,4341.2998046875,4336.60009765625,4340.39990234375,1833,0.0,0.0
2025-12-15 14:45:00-05:00,4340.60009765625,4343.2001953125,4339.2001953125,4342.89990234375,1074,0.0,0.0
2025-12-15 15:00:00-05:00,4342.7998046875,4343.2998046875,4339.89990234375,4340.5,1030,0.0,0.0
2025-12-15 15:15:00-05:00,4340.60009765625,4340.60009765625,4327.89990234375,4333.7001953125,2940,0.0,0.0
2025-12-15 15:30:00-05:00,4333.39990234375,4336.5,4328.89990234375,4334.5,1577,0.0,0.0
2025-12-15 15:45:00-05:00,4334.7998046875,4336.7998046875,4332.7998046875,4333.7001953125,1114,0.0,0.0
2025-12-15 16:00:00-05:00,4333.89990234375,4334.89990234375,4329.7001953125,4333.7001953125,974,0.0,0.0
2025-12-15 16:15:00-05:00,4333.7998046875,4334.2998046875,4331.7001953125,4332.5,363,0.0,0.0
2025-12-15 16:30:00-05:00,4332.60009765625,4333.7001953125,4329.89990234375,4331.0,439,0.0,0.0
2025-12-15 16:45:00-05:00,4331.0,4335.10009765625,4331.0,4334.2998046875,436,0.0,0.0
2025-12-15 18:00:00-05:00,4334.2998046875,4338.60009765625,4334.2998046875,4335.2998046875,229,0.0,0.0
2025-12-15 18:15:00-05:00,4335.5,4339.10009765625,4335.2001953125,4336.7001953125,558,0.0,0.0
2025-12-15 18:30:00-05:00,4336.89990234375,4337.7998046875,4335.2998046875,4336.2998046875,342,0.0,0.0
2025-12-15 18:45:00-05:00,4336.2001953125,4337.60009765625,4332.2998046875,4333.10009765625,729,0.0,0.0
2025-12-15 19:00:00-05:00,4333.2001953125,4337.5,4332.0,4335.7998046875,752,0.0,0.0
2025-12-15 19:15:00-05:00,4335.60009765625,4338.5,4332.60009765625,4338.10009765625,788,0.0,0.0
2025-12-15 19:30:00-05:00,4338.2001953125,4341.89990234375,4336.10009765625,4339.89990234375,920,0.0,0.0
2025-12-15 19:45:00-05:00,4339.7998046875,4340.10009765625,4333.5,4335.7998046875,814,0.0,0.0
2025-12-15 20:00:00-05:00,4336.0,4336.5,4326.39990234375,4331.2998046875,2321,0.0,0.0
2025-12-15 20:15:00-05:00,4331.2001953125,4339.5,4331.2001953125,4338.89990234375,1289,0.0,0.0
2025-12-15 20:30:00-05:00,4339.2001953125,4345.2998046875,4339.0,4342.2001953125,1586,0.0,0.0
2025-12-15 20:45:00-05:00,4342.2998046875,4343.7998046875,4332.0,4336.2998046875,1434,0.0,0.0
2025-12-15 21:00:00-05:00,4336.2001953125,4339.5,4332.89990234375,4338.39990234375,771,0.0,0.0
2025-12-15 21:15:00-05:00,4338.39990234375,4340.0,4334.60009765625,4338.5,781,0.0,0.0
2025-12-15 21:30:00-05:00,4338.60009765625,4339.60009765625,4332.60009765625,4336.5,790,0.0,0.0
2025-12-15 21:45:00-05:00,4336.7998046875,4337.2001953125,4312.60009765625,4316.39990234375,4754,0.0,0.0
2025-12-15 22:00:00-05:00,4316.5,4321.5,4307.2001953125,4308.7001953125,3793,0.0,0.0
2025-12-15 22:15:00-05:00,4309.2001953125,4314.89990234375,4307.2998046875,4314.2001953125,3012,0.0,0.0
2025-12-15 22:30:00-05:00,4314.5,4315.7998046875,4309.5,4311.7001953125,1668,0.0,0.0
2025-12-15 22:45:00-05:00,4311.39990234375,4318.0,4309.0,4317.2001953125,1008,0.0,0.0
2025-12-15 23:00:00-05:00,4317.2998046875,4318.60009765625,4313.2001953125,4314.39990234375,716,0.0,0.0
2025-12-15 23:15:00-05:00,4314.39990234375,4317.2001953125,4313.0,4315.0,425,0.0,0.0
2025-12-15 23:30:00-05:00,4315.0,4318.2998046875,4314.7998046875,4315.89990234375,323,0.0,0.0
2025-12-15 23:45:00-05:00,4315.60009765625,4317.10009765625,4313.89990234375,4315.10009765625,324,0.0,0.0
2025-12-16 00:00:00-05:00,4315.39990234375,4318.89990234375,4312.2998046875,4312.5,560,0.0,0.0
2025-12-16 00:15:00-05:00,4312.7001953125,4312.89990234375,4305.7001953125,4307.0,1466,0.0,0.0
2025-12-16 00:30:00-05:00,4306.7998046875,4307.39990234375,4297.39990234375,4305.7001953125,3727,0.0,0.0
2025-12-16 00:45:00-05:00,4305.7998046875,4314.0,4305.60009765625,4309.89990234375,1645,0.0,0.0
2025-12-16 01:00:00-05:00,4310.2998046875,4314.5,4308.7001953125,4312.89990234375,808,0.0,0.0
2025-12-16 01:15:00-05:00,4312.39990234375,4316.0,4310.89990234375,4313.10009765625,666,0.0,0.0
2025-12-16 01:30:00-05:00,4312.7998046875,4318.39990234375,4311.89990234375,4317.2998046875,755,0.0,0.0
2025-12-16 01:45:00-05:00,4317.7001953125,4318.2998046875,4313.7001953125,4315.5,897,0.0,0.0
2025-12-16 02:00:00-05:00,4315.60009765625,4315.89990234375,4310.60009765625,4311.60009765625,1125,0.0,0.0
2025-12-16 02:15:00-05:00,4312.0,4312.2001953125,4304.89990234375,4306.7998046875,1328,0.0,0.0
2025-12-16 02:30:00-05:00,4306.2998046875,4314.2998046875,4305.5,4309.89990234375,1360,0.0,0.0
2025-12-16 02:45:00-05:00,4309.7998046875,4314.2001953125,4308.7998046875,4313.39990234375,984,0.0,0.0
2025-12-16 03:00:00-05:00,4313.2998046875,4315.10009765625,4306.10009765625,4307.39990234375,1453,0.0,0.0
2025-12-16 03:15:00-05:00,4307.39990234375,4307.7001953125,4301.2998046875,4304.60009765625,1661,0.0,0.0
2025-12-16 03:30:00-05:00,4304.2998046875,4309.2001953125,4301.0,4309.0,2014,0.0,0.0
2025-12-16 03:45:00-05:00,4308.89990234375,4313.2001953125,4308.60009765625,4311.7998046875,2317,0.0,0.0
2025-12-16 04:00:00-05:00,4311.5,4312.60009765625,4307.7001953125,4311.60009765625,926,0.0,0.0
2025-12-16 04:15:00-05:00,4311.39990234375,4311.7001953125,4308.0,4308.0,778,0.0,0.0
2025-12-16 04:30:00-05:00,4308.2001953125,4310.39990234375,4306.5,4309.39990234375,905,0.0,0.0
2025-12-16 04:45:00-05:00,4309.2001953125,4309.2001953125,4303.10009765625,4306.7998046875,1506,0.0,0.0
2025-12-16 05:00:00-05:00,4307.2001953125,4311.60009765625,4304.2001953125,4305.60009765625,2324,0.0,0.0
2025-12-16 05:15:00-05:00,4305.2998046875,4309.60009765625,4304.39990234375,4305.5,1358,0.0,0.0
2025-12-16 05:30:00-05:00,4305.2998046875,4306.60009765625,4301.60009765625,4306.39990234375,1563,0.0,0.0
2025-12-16 05:45:00-05:00,4306.7001953125,4309.2998046875,4303.2001953125,4305.10009765625,2126,0.0,0.0
2025-12-16 06:00:00-05:00,4304.89990234375,4306.5,4301.7001953125,4303.60009765625,998,0.0,0.0
2025-12-16 06:15:00-05:00,4303.60009765625,4305.39990234375,4301.2001953125,4305.0,1241,0.0,0.0
2025-12-16 06:30:00-05:00,4305.39990234375,4307.5,4303.2998046875,4304.2001953125,949,0.0,0.0
2025-12-16 06:45:00-05:00,4304.5,4307.2001953125,4304.2001953125,4306.7998046875,694,0.0,0.0
2025-12-16 07:00:00-05:00,4306.7001953125,4316.7998046875,4304.89990234375,4316.0,2287,0.0,0.0
2025-12-16 07:15:00-05:00,4316.0,4321.0,4315.7998046875,4319.7001953125,1960,0.0,0.0
2025-12-16 07:30:00-05:00,4319.89990234375,4322.0,4315.7001953125,4321.7001953125,1625,0.0,0.0
2025-12-16 07:45:00-05:00,4321.60009765625,4323.39990234375,4320.60009765625,4323.2001953125,1514,0.0,0.0
2025-12-16 08:00:00-05:00,4323.0,4326.5,4319.2001953125,4324.7001953125,2525,0.0,0.0
2025-12-16 08:15:00-05:00,4324.5,4331.0,4322.10009765625,4330.7001953125,4347,0.0,0.0
2025-12-16 08:30:00-05:00,4330.89990234375,4342.39990234375,4329.89990234375,4333.5,11102,0.0,0.0
2025-12-16 08:45:00-05:00,4333.2998046875,4343.10009765625,4328.5,4342.5,4921,0.0,0.0
2025-12-16 09:00:00-05:00,4342.7001953125,4351.2998046875,4341.0,4350.10009765625,7243,0.0,0.0
2025-12-16 09:15:00-05:00,4350.2001953125,4362.39990234375,4348.7001953125,4357.10009765625,8982,0.0,0.0
2025-12-16 09:30:00-05:00,4357.2001953125,4363.39990234375,4353.2001953125,4357.7001953125,7218,0.0,0.0
2025-12-16 09:45:00-05:00,4358.39990234375,4363.7998046875,4354.7001953125,4356.10009765625,5467,0.0,0.0
2025-12-16 10:00:00-05:00,4355.89990234375,4367.89990234375,4351.7001953125,4356.10009765625,8689,0.0,0.0
2025-12-16 10:15:00-05:00,4356.2001953125,4358.0,4344.2998046875,4352.5,7609,0.0,0.0
2025-12-16 10:30:00-05:00,4352.7998046875,4362.0,4351.2001953125,4353.60009765625,4576,0.0,0.0
2025-12-16 10:45:00-05:00,4353.7998046875,4361.39990234375,4351.2998046875,4351.7998046875,3945,0.0,0.0
2025-12-16 11:00:00-05:00,4352.10009765625,4355.7001953125,4344.7001953125,4347.7001953125,4047,0.0,0.0
2025-12-16 11:15:00-05:00,4347.7001953125,4347.7001953125,4335.60009765625,4339.7998046875,5622,0.0,0.0
2025-12-16 11:30:00-05:00,4339.7001953125,4339.7001953125,4322.89990234375,4326.89990234375,5948,0.0,0.0
2025-12-16 11:45:00-05:00,4326.39990234375,4334.7001953125,4325.39990234375,4332.0,3471,0.0,0.0
2025-12-16 12:00:00-05:00,4332.10009765625,4342.2001953125,4332.10009765625,4335.10009765625,3416,0.0,0.0
2025-12-16 12:15:00-05:00,4335.39990234375,4337.2001953125,4331.0,4334.0,2003,0.0,0.0
2025-12-16 12:30:00-05:00,4334.0,4340.10009765625,4333.2998046875,4337.0,2058,0.0,0.0
2025-12-16 12:45:00-05:00,4337.10009765625,4337.5,4330.39990234375,4333.7998046875,2047,0.0,0.0
2025-12-16 13:00:00-05:00,4334.0,4335.7001953125,4329.0,4332.7001953125,2229,0.0,0.0
2025-12-16 13:15:00-05:00,4332.60009765625,4334.0,4328.10009765625,4331.89990234375,3127,0.0,0.0
2025-12-16 13:30:00-05:00,4331.7998046875,4341.2998046875,4331.10009765625,4339.2001953125,2264,0.0,0.0
2025-12-16 13:45:00-05:00,4339.10009765625,4344.2001953125,4338.39990234375,4341.5,2653,0.0,0.0
2025-12-16 14:00:00-05:00,4341.7998046875,4342.10009765625,4333.7998046875,4335.7998046875,1677,0.0,0.0
2025-12-16 14:15:00-05:00,4335.60009765625,4339.7001953125,4326.2998046875,4335.10009765625,2396,0.0,0.0
2025-12-16 14:30:00-05:00,4334.89990234375,4340.0,4334.0,4339.39990234375,1685,0.0,0.0
2025-12-16 14:45:00-05:00,4339.5,4346.2001953125,4339.10009765625,4341.39990234375,2175,0.0,0.0
2025-12-16 15:00:00-05:00,4341.10009765625,4344.7998046875,4340.7001953125,4342.39990234375,1105,0.0,0.0
2025-12-16 15:15:00-05:00,4342.2001953125,4342.39990234375,4338.2001953125,4341.10009765625,1004,0.0,0.0
2025-12-16 15:30:00-05:00,4341.2998046875,4342.0,4338.10009765625,4339.2998046875,1470,0.0,0.0
2025-12-16 15:45:00-05:00,4339.2998046875,4342.0,4332.5,4334.10009765625,1813,0.0,0.0
2025-12-16 16:00:00-05:00,4334.10009765625,4334.89990234375,4330.0,4331.5,477,0.0,0.0
2025-12-16 16:15:00-05:00,4331.89990234375,4332.0,4329.7001953125,4331.2998046875,380,0.0,0.0
2025-12-16 16:30:00-05:00,4331.2001953125,4334.7998046875,4330.39990234375,4332.7998046875,513,0.0,0.0
2025-12-16 16:45:00-05:00,4332.2998046875,4333.7001953125,4331.60009765625,4332.2001953125,232,0.0,0.0
2025-12-16 18:00:00-05:00,4333.5,4334.2001953125,4330.7001953125,4333.7001953125,141,0.0,0.0
2025-12-16 18:15:00-05:00,4333.7998046875,4336.2998046875,4333.5,4335.7001953125,322,0.0,0.0
2025-12-16 18:30:00-05:00,4335.7001953125,4337.5,4334.2998046875,4336.39990234375,561,0.0,0.0
2025-12-16 18:45:00-05:00,4336.2001953125,4337.7001953125,4335.7001953125,4336.89990234375,444,0.0,0.0
2025-12-16 19:00:00-05:00,4336.7001953125,4341.7998046875,4336.2998046875,4340.89990234375,612,0.0,0.0
2025-12-16 19:15:00-05:00,4340.7001953125,4343.60009765625,4340.5,4342.10009765625,723,0.0,0.0
2025-12-16 19:30:00-05:00,4342.0,4343.2001953125,4339.7998046875,4341.0,435,0.0,0.0
2025-12-16 19:45:00-05:00,4341.0,4343.2001953125,4340.10009765625,4342.2001953125,375,0.0,0.0
2025-12-16 20:00:00-05:00,4342.0,4349.0,4339.89990234375,4346.39990234375,1659,0.0,0.0
2025-12-16 20:15:00-05:00,4346.5,4348.10009765625,4341.60009765625,4345.2998046875,1208,0.0,0.0
2025-12-16 20:30:00-05:00,4345.39990234375,4353.7001953125,4344.60009765625,4351.10009765625,2604,0.0,0.0
2025-12-16 20:45:00-05:00,4351.5,4355.2998046875,4350.2998046875,4355.0,1227,0.0,0.0
2025-12-16 21:00:00-05:00,4355.2998046875,4356.39990234375,4346.60009765625,4348.7001953125,1561,0.0,0.0
2025-12-16 21:15:00-05:00,4348.89990234375,4352.10009765625,4347.7001953125,4349.0,1066,0.0,0.0
2025-12-16 21:30:00-05:00,4349.39990234375,4351.5,4342.2998046875,4345.2998046875,1624,0.0,0.0
2025-12-16 21:45:00-05:00,4345.7001953125,4346.0,4340.0,4343.2998046875,1223,0.0,0.0
2025-12-16 22:00:00-05:00,4343.7001953125,4349.60009765625,4341.60009765625,4344.2998046875,1384,0.0,0.0
2025-12-16 22:15:00-05:00,4344.0,4348.89990234375,4343.5,4347.7001953125,976,0.0,0.0
2025-12-16 22:30:00-05:00,4348.0,4353.2001953125,4347.60009765625,4350.60009765625,1201,0.0,0.0
2025-12-16 22:45:00-05:00,4350.60009765625,4354.39990234375,4350.2998046875,4353.2001953125,1408,0.0,0.0
2025-12-16 23:00:00-05:00,4353.5,4355.7998046875,4350.7998046875,4354.10009765625,984,0.0,0.0
2025-12-16 23:15:00-05:00,4354.5,4354.7001953125,4351.60009765625,4352.2998046875,628,0.0,0.0
2025-12-16 23:30:00-05:00,4352.0,4360.0,4349.89990234375,4359.2998046875,1716,0.0,0.0
2025-12-16 23:45:00-05:00,4359.39990234375,4361.60009765625,4358.0,4359.7998046875,1029,0.0,0.0
2025-12-17 00:00:00-05:00,4359.5,4364.7998046875,4357.5,4363.0,1459,0.0,0.0
2025-12-17 00:15:00-05:00,4363.10009765625,4369.7998046875,4361.89990234375,4362.10009765625,2540,0.0,0.0
2025-12-17 00:30:00-05:00,4362.2998046875,4371.2001953125,4362.2998046875,4369.0,2399,0.0,0.0
2025-12-17 00:45:00-05:00,4369.5,4373.60009765625,4364.60009765625,4364.89990234375,2119,0.0,0.0
2025-12-17 01:00:00-05:00,4364.7998046875,4368.7001953125,4362.2998046875,4367.5,1343,0.0,0.0
2025-12-17 01:15:00-05:00,4367.39990234375,4367.7001953125,4360.7998046875,4362.89990234375,1300,0.0,0.0
2025-12-17 01:30:00-05:00,4362.60009765625,4363.7998046875,4357.39990234375,4359.5,1260,0.0,0.0
2025-12-17 01:45:00-05:00,4359.7998046875,4361.2998046875,4355.0,4359.39990234375,1258,0.0,0.0
2025-12-17 02:00:00-05:00,4359.2998046875,4359.2998046875,4353.10009765625,4355.2998046875,1258,0.0,0.0
2025-12-17 02:15:00-05:00,4355.7001953125,4356.39990234375,4349.89990234375,4353.5,1759,0.0,0.0
2025-12-17 02:30:00-05:00,4353.0,4355.0,4346.10009765625,4346.2998046875,1636,0.0,0.0
2025-12-17 02:45:00-05:00,4346.10009765625,4349.5,4345.5,4348.10009765625,954,0.0,0.0
2025-12-17 03:00:00-05:00,4347.7998046875,4351.0,4337.89990234375,4343.5,2545,0.0,0.0
2025-12-17 03:15:00-05:00,4343.7998046875,4347.7001953125,4342.0,4346.2001953125,1359,0.0,0.0
2025-12-17 03:30:00-05:00,4346.2998046875,4349.2998046875,4344.2001953125,4344.60009765625,1594,0.0,0.0
2025-12-17 03:45:00-05:00,4344.39990234375,4350.2001953125,4342.2001953125,4348.2998046875,1120,0.0,0.0
2025-12-17 04:00:00-05:00,4348.10009765625,4352.60009765625,4347.0,4349.7998046875,1419,0.0,0.0
2025-12-17 04:15:00-05:00,4349.7998046875,4351.7001953125,4345.89990234375,4351.39990234375,821,0.0,0.0
2025-12-17 04:30:00-05:00,4351.39990234375,4351.39990234375,4347.5,4347.5,696,0.0,0.0
2025-12-17 04:45:00-05:00,4347.60009765625,4350.7998046875,4344.7001953125,4345.7001953125,1000,0.0,0.0
2025-12-17 05:00:00-05:00,4345.39990234375,4348.60009765625,4344.89990234375,4348.60009765625,898,0.0,0.0
2025-12-17 05:15:00-05:00,4348.2998046875,4351.60009765625,4346.7998046875,4349.10009765625,938,0.0,0.0
2025-12-17 05:30:00-05:00,4349.10009765625,4349.5,4335.7001953125,4344.0,3193,0.0,0.0
2025-12-17 05:45:00-05:00,4343.89990234375,4346.7001953125,4342.10009765625,4346.10009765625,800,0.0,0.0
2025-12-17 06:00:00-05:00,4346.2998046875,4348.2998046875,4345.7001953125,4346.5,539,0.0,0.0
2025-12-17 06:15:00-05:00,4346.7001953125,4349.7001953125,4345.0,4347.10009765625,849,0.0,0.0
2025-12-17 06:30:00-05:00,4347.2998046875,4348.2001953125,4344.2998046875,4345.10009765625,955,0.0,0.0
2025-12-17 06:45:00-05:00,4345.2001953125,4348.5,4344.2001953125,4345.89990234375,562,0.0,0.0
2025-12-17 07:00:00-05:00,4346.10009765625,4348.10009765625,4344.7001953125,4346.5,791,0.0,0.0
2025-12-17 07:15:00-05:00,4346.5,4353.7001953125,4346.0,4351.5,2103,0.0,0.0
2025-12-17 07:30:00-05:00,4351.60009765625,4352.7998046875,4346.2998046875,4347.39990234375,1597,0.0,0.0
2025-12-17 07:45:00-05:00,4347.2998046875,4348.2998046875,4345.7001953125,4347.5,833,0.0,0.0
2025-12-17 08:00:00-05:00,4347.7998046875,4359.0,4345.2998046875,4354.2998046875,4417,0.0,0.0
2025-12-17 08:15:00-05:00,4353.89990234375,4362.7998046875,4353.7998046875,4359.2001953125,4519,0.0,0.0
2025-12-17 08:30:00-05:00,4359.60009765625,4371.60009765625,4359.5,4370.39990234375,5433,0.0,0.0
2025-12-17 08:45:00-05:00,4370.5,4375.89990234375,4364.5,4373.60009765625,5848,0.0,0.0
2025-12-17 09:00:00-05:00,4373.5,4378.2001953125,4357.89990234375,4358.7998046875,7232,0.0,0.0
2025-12-17 09:15:00-05:00,4358.39990234375,4362.89990234375,4354.10009765625,4361.0,6063,0.0,0.0
2025-12-17 09:30:00-05:00,4360.89990234375,4370.0,4357.10009765625,4369.10009765625,7095,0.0,0.0
2025-12-17 09:45:00-05:00,4369.2001953125,4373.5,4365.39990234375,4369.2998046875,5359,0.0,0.0
2025-12-17 10:00:00-05:00,4369.0,4377.10009765625,4366.10009765625,4374.39990234375,7656,0.0,0.0
2025-12-17 10:15:00-05:00,4374.2998046875,4376.7001953125,4364.2998046875,4375.2001953125,7043,0.0,0.0
2025-12-17 10:30:00-05:00,4375.2001953125,4383.60009765625,4359.5,4363.39990234375,12230,0.0,0.0
2025-12-17 10:45:00-05:00,4363.2001953125,4368.2998046875,4355.10009765625,4361.5,5422,0.0,0.0
2025-12-17 11:00:00-05:00,4361.7001953125,4365.7998046875,4355.2001953125,4358.2998046875,4846,0.0,0.0
2025-12-17 11:15:00-05:00,4358.10009765625,4363.2998046875,4351.0,4357.39990234375,5623,0.0,0.0
2025-12-17 11:30:00-05:00,4357.39990234375,4366.0,4354.2998046875,4365.2998046875,3943,0.0,0.0
2025-12-17 11:45:00-05:00,4365.10009765625,4370.0,4362.0,4365.2001953125,4681,0.0,0.0
2025-12-17 12:00:00-05:00,4365.10009765625,4366.89990234375,4360.2001953125,4363.89990234375,2477,0.0,0.0
2025-12-17 12:15:00-05:00,4363.89990234375,4371.39990234375,4361.39990234375,4368.60009765625,2936,0.0,0.0
2025-12-17 12:30:00-05:00,4368.7998046875,4372.89990234375,4367.7001953125,4369.60009765625,2615,0.0,0.0
2025-12-17 12:45:00-05:00,4369.7998046875,4373.60009765625,4366.89990234375,4373.39990234375,2194,0.0,0.0
2025-12-17 13:00:00-05:00,4373.60009765625,4378.5,4373.5,4374.89990234375,3704,0.0,0.0
2025-12-17 13:15:00-05:00,4374.89990234375,4375.10009765625,4370.10009765625,4373.60009765625,4905,0.0,0.0
2025-12-17 13:30:00-05:00,4373.5,4376.2998046875,4362.5,4364.60009765625,3307,0.0,0.0
2025-12-17 13:45:00-05:00,4364.39990234375,4368.2998046875,4360.7001953125,4367.7001953125,2468,0.0,0.0
2025-12-17 14:00:00-05:00,4367.60009765625,4370.60009765625,4365.2001953125,4369.60009765625,1411,0.0,0.0
2025-12-17 14:15:00-05:00,4369.7001953125,4373.10009765625,4368.2998046875,4372.10009765625,1253,0.0,0.0
2025-12-17 14:30:00-05:00,4372.0,4373.5,4366.39990234375,4367.2998046875,1475,0.0,0.0
2025-12-17 14:45:00-05:00,4367.10009765625,4369.2998046875,4362.39990234375,4369.2998046875,1641,0.0,0.0
2025-12-17 15:00:00-05:00,4369.2998046875,4372.2998046875,4367.2998046875,4371.7998046875,993,0.0,0.0
2025-12-17 15:15:00-05:00,4371.7998046875,4375.0,4371.60009765625,4373.89990234375,1178,0.0,0.0
2025-12-17 15:30:00-05:00,4373.89990234375,4375.39990234375,4370.7001953125,4374.5,1179,0.0,0.0
2025-12-17 15:45:00-05:00,4374.2998046875,4379.0,4371.5,4373.39990234375,2551,0.0,0.0
2025-12-17 16:00:00-05:00,4373.2998046875,4378.2001953125,4372.39990234375,4376.2998046875,976,0.0,0.0
2025-12-17 16:15:00-05:00,4375.89990234375,4379.39990234375,4375.7998046875,4377.10009765625,469,0.0,0.0
2025-12-17 16:30:00-05:00,4377.10009765625,4377.60009765625,4372.7001953125,4372.89990234375,823,0.0,0.0
2025-12-17 16:45:00-05:00,4373.2001953125,4375.10009765625,4370.60009765625,4371.39990234375,305,0.0,0.0
2025-12-17 18:00:00-05:00,4371.5,4372.7001953125,4367.2001953125,4367.60009765625,544,0.0,0.0
2025-12-17 18:15:00-05:00,4367.7001953125,4370.5,4366.89990234375,4369.5,423,0.0,0.0
2025-12-17 18:30:00-05:00,4369.7001953125,4372.2001953125,4368.7998046875,4370.7998046875,402,0.0,0.0
2025-12-17 18:45:00-05:00,4370.89990234375,4374.5,4370.2998046875,4371.0,772,0.0,0.0
2025-12-17 19:00:00-05:00,4371.0,4372.7998046875,4368.7998046875,4370.5,638,0.0,0.0
2025-12-17 19:15:00-05:00,4370.39990234375,4375.10009765625,4369.5,4369.7001953125,943,0.0,0.0
2025-12-17 19:30:00-05:00,4370.0,4372.7001953125,4369.0,4369.0,498,0.0,0.0
2025-12-17 19:45:00-05:00,4369.2001953125,4369.39990234375,4365.39990234375,4366.89990234375,712,0.0,0.0
2025-12-17 20:00:00-05:00,4366.89990234375,4369.2998046875,4360.10009765625,4362.10009765625,1869,0.0,0.0
2025-12-17 20:15:00-05:00,4361.89990234375,4363.7001953125,4356.10009765625,4356.2001953125,1570,0.0,0.0
2025-12-17 20:30:00-05:00,4356.0,4359.10009765625,4355.2001953125,4357.39990234375,908,0.0,0.0
2025-12-17 20:45:00-05:00,4359.2998046875,4363.60009765625,4358.7998046875,4363.2001953125,1398,0.0,0.0
2025-12-17 21:00:00-05:00,4363.5,4366.89990234375,4361.60009765625,4362.2998046875,1178,0.0,0.0
2025-12-17 21:15:00-05:00,4362.2001953125,4368.0,4361.10009765625,4365.89990234375,1207,0.0,0.0
2025-12-17 21:30:00-05:00,4366.2001953125,4369.5,4365.5,4365.5,1070,0.0,0.0
2025-12-17 21:45:00-05:00,4365.10009765625,4365.60009765625,4362.10009765625,4364.7001953125,944,0.0,0.0
2025-12-17 22:00:00-05:00,4364.2998046875,4367.0,4362.0,4366.89990234375,517,0.0,0.0
2025-12-17 22:15:00-05:00,4367.0,4368.0,4364.7001953125,4367.2998046875,420,0.0,0.0
2025-12-17 22:30:00-05:00,4364.60009765625,4365.7998046875,4362.5,4362.5,850,0.0,0.0
2025-12-17 22:45:00-05:00,4362.5,4364.0,4361.39990234375,4363.39990234375,343,0.0,0.0
2025-12-17 23:00:00-05:00,4363.60009765625,4364.0,4359.39990234375,4360.2998046875,727,0.0,0.0
2025-12-17 23:15:00-05:00,4360.60009765625,4362.0,4358.89990234375,4360.2998046875,478,0.0,0.0
2025-12-17 23:30:00-05:00,4360.2001953125,4361.39990234375,4358.5,4359.2998046875,482,0.0,0.0
2025-12-17 23:45:00-05:00,4359.2001953125,4362.39990234375,4359.2001953125,4362.0,301,0.0,0.0
2025-12-18 00:00:00-05:00,4361.60009765625,4367.2001953125,4360.7001953125,4367.0,924,0.0,0.0
2025-12-18 00:15:00-05:00,4367.2998046875,4367.5,4364.7998046875,4366.0,482,0.0,0.0
2025-12-18 00:30:00-05:00,4366.10009765625,4367.7001953125,4363.2001953125,4367.7001953125,586,0.0,0.0
2025-12-18 00:45:00-05:00,4367.39990234375,4367.5,4362.5,4363.2001953125,783,0.0,0.0
2025-12-18 01:00:00-05:00,4363.2998046875,4365.7998046875,4360.89990234375,4364.60009765625,1083,0.0,0.0
2025-12-18 01:15:00-05:00,4364.5,4365.7998046875,4362.2998046875,4363.7001953125,417,0.0,0.0
2025-12-18 01:30:00-05:00,4363.7998046875,4366.7001953125,4363.60009765625,4364.2001953125,418,0.0,0.0
2025-12-18 01:45:00-05:00,4364.39990234375,4365.5,4361.7998046875,4364.39990234375,373,0.0,0.0
2025-12-18 02:00:00-05:00,4364.0,4364.89990234375,4360.0,4360.89990234375,773,0.0,0.0
2025-12-18 02:15:00-05:00,4361.0,4365.7998046875,4360.60009765625,4365.60009765625,1073,0.0,0.0
2025-12-18 02:30:00-05:00,4365.5,4368.7001953125,4364.10009765625,4364.5,1271,0.0,0.0
2025-12-18 02:45:00-05:00,4364.7998046875,4365.2998046875,4362.60009765625,4362.60009765625,696,0.0,0.0
2025-12-18 03:00:00-05:00,4362.5,4363.7001953125,4355.7998046875,4359.2001953125,1593,0.0,0.0
2025-12-18 03:15:00-05:00,4359.2001953125,4361.0,4356.60009765625,4358.2001953125,1048,0.0,0.0
2025-12-18 03:30:00-05:00,4358.2001953125,4359.89990234375,4356.10009765625,4359.60009765625,1105,0.0,0.0
2025-12-18 03:45:00-05:00,4359.7001953125,4360.10009765625,4352.2998046875,4357.39990234375,1991,0.0,0.0
2025-12-18 04:00:00-05:00,4357.10009765625,4359.39990234375,4355.10009765625,4357.10009765625,1253,0.0,0.0
2025-12-18 04:15:00-05:00,4357.0,4359.10009765625,4354.2998046875,4355.5,1078,0.0,0.0
2025-12-18 04:30:00-05:00,4355.2001953125,4357.7998046875,4351.7998046875,4355.5,1604,0.0,0.0
2025-12-18 04:45:00-05:00,4355.0,4355.2998046875,4351.0,4353.89990234375,1546,0.0,0.0
2025-12-18 05:00:00-05:00,4353.89990234375,4356.5,4353.2001953125,4355.2998046875,1278,0.0,0.0
2025-12-18 05:15:00-05:00,4355.10009765625,4356.7001953125,4354.2001953125,4354.89990234375,953,0.0,0.0
2025-12-18 05:30:00-05:00,4354.7998046875,4359.2998046875,4353.0,4358.60009765625,1660,0.0,0.0
2025-12-18 05:45:00-05:00,4358.7998046875,4359.2001953125,4355.89990234375,4357.2998046875,999,0.0,0.0
2025-12-18 06:00:00-05:00,4357.39990234375,4360.89990234375,4356.60009765625,4358.89990234375,1487,0.0,0.0
2025-12-18 06:15:00-05:00,4359.10009765625,4360.2001953125,4357.5,4357.7998046875,1024,0.0,0.0
2025-12-18 06:30:00-05:00,4357.7998046875,4359.39990234375,4357.5,4358.89990234375,934,0.0,0.0
2025-12-18 06:45:00-05:00,4358.7001953125,4359.2998046875,4356.89990234375,4357.60009765625,629,0.0,0.0
2025-12-18 07:00:00-05:00,4357.60009765625,4358.7998046875,4353.7998046875,4356.5,1357,0.0,0.0
2025-12-18 07:15:00-05:00,4356.5,4356.7001953125,4348.60009765625,4350.89990234375,2085,0.0,0.0
2025-12-18 07:30:00-05:00,4350.7001953125,4355.39990234375,4350.0,4354.89990234375,1257,0.0,0.0
2025-12-18 07:45:00-05:00,4354.7001953125,4355.0,4352.39990234375,4352.89990234375,857,0.0,0.0
2025-12-18 08:00:00-05:00,4352.7001953125,4356.2001953125,4346.60009765625,4348.2001953125,3089,0.0,0.0
2025-12-18 08:15:00-05:00,4347.89990234375,4355.5,4347.7998046875,4352.7998046875,3184,0.0,0.0
2025-12-18 08:30:00-05:00,4352.10009765625,4371.10009765625,4352.0,4368.7998046875,8929,0.0,0.0
2025-12-18 08:45:00-05:00,4368.7998046875,4375.7001953125,4367.2001953125,4368.5,5247,0.0,0.0
2025-12-18 09:00:00-05:00,4368.39990234375,4373.7998046875,4365.0,4369.0,4606,0.0,0.0
2025-12-18 09:15:00-05:00,4369.2001953125,4371.60009765625,4364.7001953125,4365.2998046875,2832,0.0,0.0
2025-12-18 09:30:00-05:00,4365.0,4373.2001953125,4341.39990234375,4344.10009765625,12836,0.0,0.0
2025-12-18 09:45:00-05:00,4344.0,4361.7001953125,4338.0,4360.2001953125,11452,0.0,0.0
2025-12-18 10:00:00-05:00,4360.0,4368.89990234375,4358.2998046875,4362.60009765625,7174,0.0,0.0
2025-12-18 10:15:00-05:00,4362.7001953125,4366.2001953125,4356.7001953125,4364.7001953125,4126,0.0,0.0
2025-12-18 10:30:00-05:00,4364.7998046875,4373.7001953125,4363.0,4369.5,5390,0.0,0.0
2025-12-18 10:45:00-05:00,4369.60009765625,4373.89990234375,4366.10009765625,4370.2001953125,4765,0.0,0.0
2025-12-18 11:00:00-05:00,4370.0,4403.0,4369.60009765625,4396.89990234375,16681,0.0,0.0
2025-12-18 11:15:00-05:00,4396.89990234375,4409.5,4396.2001953125,4402.0,13739,0.0,0.0
2025-12-18 11:30:00-05:00,4402.0,4406.60009765625,4398.10009765625,4401.0,6433,0.0,0.0
2025-12-18 11:45:00-05:00,4401.10009765625,4403.2998046875,4390.5,4394.60009765625,6572,0.0,0.0
2025-12-18 12:00:00-05:00,4394.60009765625,4397.7001953125,4353.0,4359.39990234375,17241,0.0,0.0
2025-12-18 12:15:00-05:00,4359.2001953125,4364.5,4352.60009765625,4359.5,8962,0.0,0.0
2025-12-18 12:30:00-05:00,4359.89990234375,4373.5,4357.7001953125,4369.7998046875,5540,0.0,0.0
2025-12-18 12:45:00-05:00,4370.0,4370.89990234375,4357.2001953125,4365.10009765625,3975,0.0,0.0
2025-12-18 13:00:00-05:00,4365.39990234375,4373.2998046875,4363.5,4371.7001953125,3036,0.0,0.0
2025-12-18 13:15:00-05:00,4371.7998046875,4373.7998046875,4363.7001953125,4364.10009765625,3720,0.0,0.0
2025-12-18 13:30:00-05:00,4364.2001953125,4372.5,4363.7998046875,4365.7001953125,1570,0.0,0.0
2025-12-18 13:45:00-05:00,4365.60009765625,4366.39990234375,4357.60009765625,4363.5,2381,0.0,0.0
2025-12-18 14:00:00-05:00,4363.39990234375,4365.0,4358.10009765625,4361.39990234375,1118,0.0,0.0
2025-12-18 14:15:00-05:00,4361.5,4366.39990234375,4360.7998046875,4366.0,1114,0.0,0.0
2025-12-18 14:30:00-05:00,4366.10009765625,4367.2998046875,4359.7998046875,4361.7998046875,1089,0.0,0.0
2025-12-18 14:45:00-05:00,4361.89990234375,4363.0,4354.60009765625,4357.2001953125,1629,0.0,0.0
2025-12-18 15:00:00-05:00,4357.7998046875,4368.39990234375,4356.7998046875,4366.2001953125,1561,0.0,0.0
2025-12-18 15:15:00-05:00,4366.10009765625,4366.5,4360.39990234375,4364.10009765625,897,0.0,0.0
2025-12-18 15:30:00-05:00,4364.0,4370.39990234375,4362.7001953125,4367.7998046875,1069,0.0,0.0
2025-12-18 15:45:00-05:00,4367.89990234375,4368.10009765625,4363.60009765625,4365.89990234375,1107,0.0,0.0
2025-12-18 16:00:00-05:00,4365.7001953125,4365.7998046875,4362.2001953125,4363.60009765625,532,0.0,0.0
2025-12-18 16:15:00-05:00,4363.7001953125,4364.0,4361.5,4363.2001953125,362,0.0,0.0
2025-12-18 16:30:00-05:00,4362.89990234375,4363.89990234375,4359.89990234375,4362.0,412,0.0,0.0
2025-12-18 16:45:00-05:00,4362.2001953125,4365.0,4362.2001953125,4363.89990234375,424,0.0,0.0
2025-12-18 18:00:00-05:00,4363.60009765625,4367.39990234375,4363.0,4365.89990234375,255,0.0,0.0
2025-12-18 18:15:00-05:00,4366.0,4368.0,4365.2001953125,4365.2001953125,238,0.0,0.0
2025-12-18 18:30:00-05:00,4365.60009765625,4366.7001953125,4364.60009765625,4365.39990234375,270,0.0,0.0
2025-12-18 18:45:00-05:00,4365.5,4368.39990234375,4364.7998046875,4366.5,440,0.0,0.0
2025-12-18 19:00:00-05:00,4366.7001953125,4367.2001953125,4360.89990234375,4361.5,680,0.0,0.0
2025-12-18 19:15:00-05:00,4361.60009765625,4363.5,4359.2998046875,4362.5,522,0.0,0.0
2025-12-18 19:30:00-05:00,4362.7998046875,4363.60009765625,4358.5,4358.89990234375,516,0.0,0.0
2025-12-18 19:45:00-05:00,4358.60009765625,4361.60009765625,4355.5,4356.10009765625,981,0.0,0.0
2025-12-18 20:00:00-05:00,4356.2001953125,4357.39990234375,4348.39990234375,4354.7001953125,3510,0.0,0.0
2025-12-18 20:15:00-05:00,4354.7998046875,4357.2998046875,4336.2998046875,4340.39990234375,3390,0.0,0.0
2025-12-18 20:30:00-05:00,4340.2998046875,4346.60009765625,4336.5,4344.7001953125,1996,0.0,0.0
2025-12-18 20:45:00-05:00,4344.5,4351.7001953125,4344.10009765625,4350.5,1558,0.0,0.0
2025-12-18 21:00:00-05:00,4350.7998046875,4355.2998046875,4350.60009765625,4351.7998046875,1228,0.0,0.0
2025-12-18 21:15:00-05:00,4351.5,4352.39990234375,4348.89990234375,4352.2001953125,531,0.0,0.0
2025-12-18 21:30:00-05:00,4351.89990234375,4353.7998046875,4341.60009765625,4343.5,1531,0.0,0.0
2025-12-18 21:45:00-05:00,4343.5,4346.60009765625,4340.60009765625,4344.2001953125,986,0.0,0.0
2025-12-18 22:00:00-05:00,4344.0,4345.60009765625,4339.89990234375,4343.89990234375,1249,0.0,0.0
2025-12-18 22:15:00-05:00,4344.2001953125,4349.89990234375,4341.0,4347.7001953125,1478,0.0,0.0
2025-12-18 22:30:00-05:00,4347.60009765625,4350.60009765625,4345.39990234375,4347.5,810,0.0,0.0
2025-12-18 22:45:00-05:00,4347.7001953125,4348.89990234375,4345.5,4345.7998046875,634,0.0,0.0
2025-12-18 23:00:00-05:00,4346.0,4347.2998046875,4345.10009765625,4346.5,303,0.0,0.0
2025-12-18 23:15:00-05:00,4346.2998046875,4347.60009765625,4344.2998046875,4344.7998046875,402,0.0,0.0
2025-12-18 23:30:00-05:00,4345.10009765625,4349.2001953125,4345.10009765625,4347.89990234375,331,0.0,0.0
2025-12-18 23:45:00-05:00,4347.5,4351.0,4347.39990234375,4350.7998046875,591,0.0,0.0
2025-12-19 00:00:00-05:00,4350.89990234375,4352.0,4345.89990234375,4346.5,578,0.0,0.0
2025-12-19 00:15:00-05:00,4346.89990234375,4348.2001953125,4344.89990234375,4347.2998046875,301,0.0,0.0
2025-12-19 00:30:00-05:00,4347.60009765625,4355.0,4347.60009765625,4353.5,997,0.0,0.0
2025-12-19 00:45:00-05:00,4353.89990234375,4357.39990234375,4353.2998046875,4354.60009765625,951,0.0,0.0
2025-12-19 01:00:00-05:00,4354.39990234375,4355.89990234375,4352.7001953125,4355.7001953125,657,0.0,0.0
2025-12-19 01:15:00-05:00,4355.7001953125,4358.0,4354.60009765625,4355.2001953125,837,0.0,0.0
2025-12-19 01:30:00-05:00,4355.39990234375,4356.39990234375,4349.7001953125,4352.60009765625,727,0.0,0.0
2025-12-19 01:45:00-05:00,4351.7998046875,4355.89990234375,4351.0,4355.10009765625,364,0.0,0.0
2025-12-19 02:00:00-05:00,4355.0,4356.60009765625,4351.5,4355.2001953125,990,0.0,0.0
2025-12-19 02:15:00-05:00,4355.39990234375,4355.89990234375,4350.7001953125,4355.10009765625,850,0.0,0.0
2025-12-19 02:30:00-05:00,4355.0,4357.0,4353.10009765625,4353.10009765625,764,0.0,0.0
2025-12-19 02:45:00-05:00,4353.0,4353.2998046875,4349.2998046875,4350.39990234375,1115,0.0,0.0
2025-12-19 03:00:00-05:00,4350.5,4353.0,4349.2001953125,4350.60009765625,1189,0.0,0.0
2025-12-19 03:15:00-05:00,4350.7998046875,4354.2998046875,4350.39990234375,4353.0,865,0.0,0.0
2025-12-19 03:30:00-05:00,4352.7998046875,4359.7001953125,4352.7001953125,4356.60009765625,1226,0.0,0.0
2025-12-19 03:45:00-05:00,4356.7001953125,4358.0,4354.7998046875,4355.0,637,0.0,0.0
2025-12-19 04:00:00-05:00,4354.60009765625,4355.89990234375,4352.7998046875,4355.39990234375,523,0.0,0.0
2025-12-19 04:15:00-05:00,4355.2998046875,4356.7998046875,4354.2998046875,4355.2001953125,487,0.0,0.0
2025-12-19 04:30:00-05:00,4355.2001953125,4359.7001953125,4354.10009765625,4359.2998046875,893,0.0,0.0
2025-12-19 04:45:00-05:00,4359.5,4362.39990234375,4356.0,4358.60009765625,1535,0.0,0.0
2025-12-19 05:00:00-05:00,4358.39990234375,4360.89990234375,4357.2998046875,4359.2001953125,1032,0.0,0.0
2025-12-19 05:15:00-05:00,4359.2998046875,4360.5,4356.2001953125,4356.60009765625,1275,0.0,0.0
2025-12-19 05:30:00-05:00,4356.5,4357.2001953125,4351.2001953125,4356.39990234375,1652,0.0,0.0
2025-12-19 05:45:00-05:00,4356.5,4359.7001953125,4356.2998046875,4358.0,736,0.0,0.0
2025-12-19 06:00:00-05:00,4358.0,4359.2998046875,4355.0,4356.0,634,0.0,0.0
2025-12-19 06:15:00-05:00,4356.0,4358.39990234375,4355.2998046875,4357.10009765625,347,0.0,0.0
2025-12-19 06:30:00-05:00,4357.10009765625,4358.2001953125,4355.0,4357.10009765625,626,0.0,0.0
2025-12-19 06:45:00-05:00,4357.2998046875,4358.89990234375,4356.5,4357.10009765625,697,0.0,0.0
2025-12-19 07:00:00-05:00,4357.2998046875,4357.2998046875,4349.7998046875,4353.2998046875,1483,0.0,0.0
2025-12-19 07:15:00-05:00,4353.10009765625,4356.89990234375,4352.2998046875,4355.0,1490,0.0,0.0
2025-12-19 07:30:00-05:00,4355.39990234375,4358.0,4353.7998046875,4355.2998046875,990,0.0,0.0
2025-12-19 07:45:00-05:00,4355.60009765625,4356.39990234375,4352.0,4356.0,2529,0.0,0.0
2025-12-19 08:00:00-05:00,4356.2001953125,4365.60009765625,4355.5,4361.0,2865,0.0,0.0
2025-12-19 08:15:00-05:00,4361.39990234375,4366.89990234375,4359.0,4365.7998046875,4889,0.0,0.0
2025-12-19 08:30:00-05:00,4366.0,4367.60009765625,4360.2998046875,4360.89990234375,2826,0.0,0.0
2025-12-19 08:45:00-05:00,4360.7998046875,4364.0,4358.7998046875,4360.0,2386,0.0,0.0
2025-12-19 09:00:00-05:00,4359.89990234375,4365.7998046875,4356.0,4358.2998046875,5205,0.0,0.0
2025-12-19 09:15:00-05:00,4358.7001953125,4360.7001953125,4355.7001953125,4358.10009765625,1512,0.0,0.0
2025-12-19 09:30:00-05:00,4357.89990234375,4369.7998046875,4357.10009765625,4366.39990234375,5384,0.0,0.0
2025-12-19 09:45:00-05:00,4366.60009765625,4366.7998046875,4350.7001953125,4363.39990234375,5579,0.0,0.0
2025-12-19 10:00:00-05:00,4363.39990234375,4378.0,4363.39990234375,4373.89990234375,9264,0.0,0.0
2025-12-19 10:15:00-05:00,4374.0,4379.5,4367.7001953125,4370.10009765625,7277,0.0,0.0
2025-12-19 10:30:00-05:00,4370.0,4377.7001953125,4368.89990234375,4372.7001953125,4203,0.0,0.0
2025-12-19 10:45:00-05:00,4372.5,4382.5,4372.2001953125,4381.2998046875,4900,0.0,0.0
2025-12-19 11:00:00-05:00,4381.2998046875,4388.0,4375.2998046875,4375.5,6231,0.0,0.0
2025-12-19 11:15:00-05:00,4375.7001953125,4380.7001953125,4374.60009765625,4380.2998046875,2931,0.0,0.0
2025-12-19 11:30:00-05:00,4380.39990234375,4384.0,4376.2001953125,4378.89990234375,3900,0.0,0.0
2025-12-19 11:45:00-05:00,4378.7998046875,4384.5,4377.7001953125,4383.7998046875,2037,0.0,0.0
2025-12-19 12:00:00-05:00,4383.5,4387.60009765625,4380.89990234375,4381.2001953125,3238,0.0,0.0
2025-12-19 12:15:00-05:00,4381.2998046875,4386.7001953125,4381.0,4386.0,1931,0.0,0.0
2025-12-19 12:30:00-05:00,4385.89990234375,4388.10009765625,4384.0,4384.89990234375,2188,0.0,0.0
2025-12-19 12:45:00-05:00,4385.0,4389.0,4383.7998046875,4386.0,2590,0.0,0.0
2025-12-19 13:00:00-05:00,4385.89990234375,4388.0,4383.2998046875,4386.89990234375,1851,0.0,0.0
2025-12-19 13:15:00-05:00,4386.7998046875,4389.0,4385.2001953125,4387.10009765625,4323,0.0,0.0
2025-12-19 13:30:00-05:00,4387.2001953125,4387.60009765625,4376.89990234375,4377.10009765625,3248,0.0,0.0
2025-12-19 13:45:00-05:00,4377.0,4381.7001953125,4375.2998046875,4380.0,2155,0.0,0.0
2025-12-19 14:00:00-05:00,4380.2001953125,4382.10009765625,4377.7001953125,4378.39990234375,1062,0.0,0.0
2025-12-19 14:15:00-05:00,4378.39990234375,4380.7001953125,4377.7998046875,4379.0,698,0.0,0.0
2025-12-19 14:30:00-05:00,4378.7998046875,4381.2001953125,4377.60009765625,4377.89990234375,1143,0.0,0.0
2025-12-19 14:45:00-05:00,4377.89990234375,4379.89990234375,4376.0,4376.2001953125,1002,0.0,0.0
2025-12-19 15:00:00-05:00,4376.39990234375,4377.60009765625,4373.2998046875,4373.7998046875,2336,0.0,0.0
2025-12-19 15:15:00-05:00,4373.7001953125,4377.10009765625,4372.5,4376.10009765625,1797,0.0,0.0
2025-12-19 15:30:00-05:00,4375.7998046875,4375.7998046875,4370.0,4371.60009765625,1992,0.0,0.0
2025-12-19 15:45:00-05:00,4371.39990234375,4372.0,4368.0,4370.2998046875,2039,0.0,0.0
2025-12-19 16:00:00-05:00,4370.60009765625,4371.2001953125,4368.60009765625,4370.2998046875,468,0.0,0.0
2025-12-19 16:15:00-05:00,4370.5,4371.10009765625,4368.10009765625,4369.0,325,0.0,0.0
2025-12-19 16:30:00-05:00,4369.0,4369.7001953125,4367.7998046875,4369.10009765625,324,0.0,0.0
2025-12-19 16:45:00-05:00,4369.0,4387.2998046875,4368.2001953125,4387.2998046875,465,0.0,0.0
2025-12-21 18:00:00-05:00,4373.2998046875,4377.0,4372.7998046875,4376.39990234375,445,0.0,0.0
2025-12-21 18:15:00-05:00,4376.2998046875,4380.2998046875,4375.2001953125,4379.7001953125,1273,0.0,0.0
2025-12-21 18:30:00-05:00,4379.7001953125,4381.2998046875,4378.10009765625,4379.2998046875,627,0.0,0.0
2025-12-21 18:45:00-05:00,4379.2001953125,4386.2001953125,4379.2001953125,4385.2998046875,1806,0.0,0.0
2025-12-21 19:00:00-05:00,4385.2998046875,4394.60009765625,4385.2001953125,4390.60009765625,2986,0.0,0.0
2025-12-21 19:15:00-05:00,4390.5,4396.39990234375,4389.5,4394.2001953125,1231,0.0,0.0
2025-12-21 19:30:00-05:00,4394.39990234375,4397.10009765625,4392.7001953125,4393.2998046875,1569,0.0,0.0
2025-12-21 19:45:00-05:00,4393.2001953125,4397.0,4393.0,4396.5,913,0.0,0.0
2025-12-21 20:00:00-05:00,4396.60009765625,4404.39990234375,4392.7998046875,4394.7001953125,4032,0.0,0.0
2025-12-21 20:15:00-05:00,4394.2998046875,4401.7998046875,4391.7001953125,4399.39990234375,2119,0.0,0.0
2025-12-21 20:30:00-05:00,4399.39990234375,4416.2998046875,4399.2001953125,4414.2998046875,4547,0.0,0.0
2025-12-21 20:45:00-05:00,4414.2001953125,4417.5,4412.0,4415.60009765625,2876,0.0,0.0
2025-12-21 21:00:00-05:00,4415.39990234375,4417.0,4411.0,4412.89990234375,1823,0.0,0.0
2025-12-21 21:15:00-05:00,4413.10009765625,4415.10009765625,4411.2001953125,4411.39990234375,1180,0.0,0.0
2025-12-21 21:30:00-05:00,4411.2001953125,4418.2998046875,4410.89990234375,4416.60009765625,1862,0.0,0.0
2025-12-21 21:45:00-05:00,4416.39990234375,4421.0,4414.39990234375,4417.60009765625,1909,0.0,0.0
2025-12-21 22:00:00-05:00,4417.60009765625,4421.89990234375,4415.89990234375,4418.2001953125,1230,0.0,0.0
2025-12-21 22:15:00-05:00,4418.7001953125,4422.7001953125,4417.39990234375,4420.60009765625,1294,0.0,0.0
2025-12-21 22:30:00-05:00,4420.7001953125,4424.2001953125,4419.5,4423.2998046875,1292,0.0,0.0
2025-12-21 22:45:00-05:00,4423.39990234375,4427.2998046875,4423.39990234375,4425.10009765625,1409,0.0,0.0
2025-12-21 23:00:00-05:00,4425.10009765625,4428.7998046875,4423.7001953125,4428.7001953125,949,0.0,0.0
2025-12-21 23:15:00-05:00,4428.89990234375,4429.2998046875,4425.2998046875,4426.89990234375,1236,0.0,0.0
2025-12-21 23:30:00-05:00,4426.7998046875,4428.2998046875,4426.2998046875,4427.60009765625,470,0.0,0.0
2025-12-21 23:45:00-05:00,4427.5,4433.7001953125,4427.10009765625,4431.10009765625,2345,0.0,0.0
2025-12-22 00:00:00-05:00,4431.0,4437.2998046875,4429.60009765625,4434.2998046875,2691,0.0,0.0
2025-12-22 00:15:00-05:00,4434.2998046875,4438.60009765625,4431.7998046875,4438.2001953125,1429,0.0,0.0
2025-12-22 00:30:00-05:00,4438.0,4442.7998046875,4430.39990234375,4434.5,4876,0.0,0.0
2025-12-22 00:45:00-05:00,4434.7001953125,4440.10009765625,4433.0,4433.5,1803,0.0,0.0
2025-12-22 01:00:00-05:00,4433.2998046875,4438.0,4432.10009765625,4436.7001953125,1641,0.0,0.0
2025-12-22 01:15:00-05:00,4437.2001953125,4438.5,4433.0,4434.10009765625,1178,0.0,0.0
2025-12-22 01:30:00-05:00,4434.2001953125,4442.0,4433.0,4441.0,1549,0.0,0.0
2025-12-22 01:45:00-05:00,4441.0,4452.7001953125,4440.7998046875,4452.2001953125,4231,0.0,0.0
2025-12-22 02:00:00-05:00,4451.89990234375,4453.0,4442.5,4445.2998046875,2841,0.0,0.0
2025-12-22 02:15:00-05:00,4445.39990234375,4449.39990234375,4444.2001953125,4449.2001953125,1340,0.0,0.0
2025-12-22 02:30:00-05:00,4448.89990234375,4451.0,4445.60009765625,4449.10009765625,1646,0.0,0.0
2025-12-22 02:45:00-05:00,4449.2001953125,4449.2998046875,4445.10009765625,4447.10009765625,828,0.0,0.0
2025-12-22 03:00:00-05:00,4446.89990234375,4448.0,4442.7998046875,4445.2998046875,2081,0.0,0.0
2025-12-22 03:15:00-05:00,4445.10009765625,4445.89990234375,4441.7998046875,4445.7001953125,1387,0.0,0.0
2025-12-22 03:30:00-05:00,4445.7998046875,4447.60009765625,4439.5,4443.0,2002,0.0,0.0
2025-12-22 03:45:00-05:00,4443.0,4444.10009765625,4439.10009765625,4441.2998046875,1144,0.0,0.0
2025-12-22 04:00:00-05:00,4441.5,4446.60009765625,4441.0,4445.60009765625,1517,0.0,0.0
2025-12-22 04:15:00-05:00,4445.60009765625,4447.2998046875,4444.10009765625,4445.7998046875,963,0.0,0.0
2025-12-22 04:30:00-05:00,4445.7001953125,4447.0,4444.7998046875,4445.60009765625,825,0.0,0.0
2025-12-22 04:45:00-05:00,4445.7998046875,4448.5,4444.2998046875,4444.39990234375,1199,0.0,0.0
2025-12-22 05:00:00-05:00,4444.60009765625,4449.60009765625,4444.39990234375,4447.60009765625,1196,0.0,0.0
2025-12-22 05:15:00-05:00,4447.39990234375,4448.0,4444.39990234375,4444.7998046875,842,0.0,0.0
2025-12-22 05:30:00-05:00,4444.89990234375,4445.5,4439.60009765625,4442.7998046875,3294,0.0,0.0
2025-12-22 05:45:00-05:00,4443.0,4445.39990234375,4442.2001953125,4442.2001953125,758,0.0,0.0
2025-12-22 06:00:00-05:00,4442.39990234375,4443.39990234375,4439.7001953125,4443.0,1346,0.0,0.0
2025-12-22 06:15:00-05:00,4442.7998046875,4444.39990234375,4441.60009765625,4443.0,897,0.0,0.0
2025-12-22 06:30:00-05:00,4443.2001953125,4445.7001953125,4442.39990234375,4443.89990234375,985,0.0,0.0
2025-12-22 06:45:00-05:00,4444.2998046875,4445.60009765625,4442.5,4443.7998046875,899,0.0,0.0
2025-12-22 07:00:00-05:00,4443.7001953125,4447.5,4439.5,4440.5,1909,0.0,0.0
2025-12-22 07:15:00-05:00,4440.5,4446.2001953125,4440.2998046875,4442.89990234375,1813,0.0,0.0
2025-12-22 07:30:00-05:00,4443.0,4444.89990234375,4441.2001953125,4443.0,1119,0.0,0.0
2025-12-22 07:45:00-05:00,4443.2998046875,4449.89990234375,4443.0,4449.5,1836,0.0,0.0
2025-12-22 08:00:00-05:00,4449.5,4462.0,4448.60009765625,4460.2998046875,6256,0.0,0.0
2025-12-22 08:15:00-05:00,4460.60009765625,4462.2998046875,4445.89990234375,4452.5,5042,0.0,0.0
2025-12-22 08:30:00-05:00,4452.5,4461.2001953125,4452.10009765625,4458.60009765625,2999,0.0,0.0
2025-12-22 08:45:00-05:00,4458.60009765625,4461.7001953125,4454.0,4458.2001953125,2815,0.0,0.0
2025-12-22 09:00:00-05:00,4458.39990234375,4462.10009765625,4456.0,4461.10009765625,2736,0.0,0.0
2025-12-22 09:15:00-05:00,4461.0,4464.60009765625,4458.7001953125,4462.2001953125,3572,0.0,0.0
2025-12-22 09:30:00-05:00,4462.39990234375,4462.60009765625,4449.7998046875,4457.89990234375,6875,0.0,0.0
2025-12-22 09:45:00-05:00,4458.0,4465.10009765625,4453.0,4454.60009765625,5644,0.0,0.0
2025-12-22 10:00:00-05:00,4454.7998046875,4458.7998046875,4448.60009765625,4451.2998046875,4592,0.0,0.0
2025-12-22 10:15:00-05:00,4451.2001953125,4455.2998046875,4447.2998046875,4452.89990234375,4402,0.0,0.0
2025-12-22 10:30:00-05:00,4453.2998046875,4464.0,4451.7001953125,4463.39990234375,5431,0.0,0.0
2025-12-22 10:45:00-05:00,4463.39990234375,4471.10009765625,4463.39990234375,4467.2001953125,4593,0.0,0.0
2025-12-22 11:00:00-05:00,4467.2001953125,4473.2998046875,4463.5,4473.10009765625,5099,0.0,0.0
2025-12-22 11:15:00-05:00,4473.39990234375,4475.7998046875,4470.5,4472.89990234375,3928,0.0,0.0
2025-12-22 11:30:00-05:00,4473.10009765625,4477.7001953125,4468.2001953125,4470.89990234375,4161,0.0,0.0
2025-12-22 11:45:00-05:00,4471.10009765625,4474.39990234375,4469.60009765625,4474.0,1972,0.0,0.0
2025-12-22 12:00:00-05:00,4473.7998046875,4476.7998046875,4470.2998046875,4476.60009765625,1982,0.0,0.0
2025-12-22 12:15:00-05:00,4476.7998046875,4477.2998046875,4468.7001953125,4469.2001953125,2550,0.0,0.0
2025-12-22 12:30:00-05:00,4469.10009765625,4472.7998046875,4467.0,4470.89990234375,2244,0.0,0.0
2025-12-22 12:45:00-05:00,4470.89990234375,4474.0,4470.60009765625,4473.39990234375,1168,0.0,0.0
2025-12-22 13:00:00-05:00,4473.60009765625,4473.89990234375,4469.2998046875,4471.7998046875,1128,0.0,0.0
2025-12-22 13:15:00-05:00,4472.0,4473.60009765625,4468.60009765625,4469.2998046875,3401,0.0,0.0
2025-12-22 13:30:00-05:00,4469.2001953125,4472.5,4467.2998046875,4468.0,1714,0.0,0.0
2025-12-22 13:45:00-05:00,4468.10009765625,4472.10009765625,4464.60009765625,4470.60009765625,2275,0.0,0.0
2025-12-22 14:00:00-05:00,4470.7998046875,4471.39990234375,4465.10009765625,4465.5,1203,0.0,0.0
2025-12-22 14:15:00-05:00,4465.60009765625,4468.60009765625,4464.10009765625,4467.89990234375,1564,0.0,0.0
2025-12-22 14:30:00-05:00,4467.89990234375,4469.5,4466.5,4468.39990234375,915,0.0,0.0
2025-12-22 14:45:00-05:00,4468.10009765625,4469.2998046875,4467.10009765625,4469.0,1016,0.0,0.0
2025-12-22 15:00:00-05:00,4468.89990234375,4473.89990234375,4468.7998046875,4473.7001953125,1256,0.0,0.0
2025-12-22 15:15:00-05:00,4473.7001953125,4473.7001953125,4467.0,4467.7001953125,1652,0.0,0.0
2025-12-22 15:30:00-05:00,4467.60009765625,4470.89990234375,4467.10009765625,4470.2998046875,1099,0.0,0.0
2025-12-22 15:45:00-05:00,4470.39990234375,4473.39990234375,4469.60009765625,4472.5,1594,0.0,0.0
2025-12-22 16:00:00-05:00,4472.5,4479.0,4472.5,4478.7001953125,1677,0.0,0.0
2025-12-22 16:15:00-05:00,4478.7998046875,4484.39990234375,4478.0,4483.0,1126,0.0,0.0
2025-12-22 16:30:00-05:00,4483.0,4484.5,4480.5,4480.7001953125,1125,0.0,0.0
2025-12-22 16:45:00-05:00,4480.7998046875,4482.2001953125,4479.7001953125,4480.60009765625,829,0.0,0.0
2025-12-22 18:00:00-05:00,4481.7998046875,4489.39990234375,4479.7998046875,4489.10009765625,878,0.0,0.0
2025-12-22 18:15:00-05:00,4489.2001953125,4493.0,4488.39990234375,4492.0,1322,0.0,0.0
2025-12-22 18:30:00-05:00,4492.0,4492.0,4485.7001953125,4491.2001953125,1743,0.0,0.0
2025-12-22 18:45:00-05:00,4491.0,4494.2001953125,4488.7001953125,4492.2998046875,1634,0.0,0.0
2025-12-22 19:00:00-05:00,4492.10009765625,4500.2001953125,4490.60009765625,4499.5,2185,0.0,0.0
2025-12-22 19:15:00-05:00,4499.5,4502.2001953125,4496.89990234375,4502.10009765625,1810,0.0,0.0
2025-12-22 19:30:00-05:00,4501.7998046875,4504.10009765625,4499.7001953125,4502.7998046875,1115,0.0,0.0
2025-12-22 19:45:00-05:00,4502.7998046875,4504.7998046875,4501.10009765625,4504.5,1167,0.0,0.0
2025-12-22 20:00:00-05:00,4504.5,4522.0,4504.2998046875,4519.89990234375,7472,0.0,0.0
2025-12-22 20:15:00-05:00,4519.89990234375,4520.39990234375,4502.2001953125,4510.2001953125,4555,0.0,0.0
2025-12-22 20:30:00-05:00,4510.2998046875,4519.2998046875,4509.60009765625,4517.39990234375,1740,0.0,0.0
2025-12-22 20:45:00-05:00,4517.60009765625,4523.0,4514.60009765625,4519.2001953125,2503,0.0,0.0
2025-12-22 21:00:00-05:00,4519.5,4520.5,4513.2001953125,4517.89990234375,2048,0.0,0.0
2025-12-22 21:15:00-05:00,4518.0,4522.0,4517.10009765625,4518.7001953125,1134,0.0,0.0
2025-12-22 21:30:00-05:00,4519.0,4530.7998046875,4518.89990234375,4528.5,3060,0.0,0.0
2025-12-22 21:45:00-05:00,4528.5,4529.0,4521.2001953125,4525.5,2066,0.0,0.0
2025-12-22 22:00:00-05:00,4525.2001953125,4528.60009765625,4517.10009765625,4517.7001953125,2861,0.0,0.0
2025-12-22 22:15:00-05:00,4518.0,4520.5,4515.39990234375,4519.7998046875,1562,0.0,0.0
2025-12-22 22:30:00-05:00,4520.10009765625,4521.2998046875,4517.7001953125,4518.7998046875,835,0.0,0.0
2025-12-22 22:45:00-05:00,4518.7998046875,4520.0,4516.60009765625,4519.89990234375,827,0.0,0.0
2025-12-22 23:00:00-05:00,4519.7998046875,4521.89990234375,4517.7998046875,4520.2001953125,818,0.0,0.0
2025-12-22 23:15:00-05:00,4520.60009765625,4521.60009765625,4517.7998046875,4518.7998046875,602,0.0,0.0
2025-12-22 23:30:00-05:00,4518.7998046875,4519.10009765625,4516.2998046875,4516.89990234375,667,0.0,0.0
2025-12-22 23:45:00-05:00,4517.10009765625,4517.7998046875,4510.7001953125,4514.2001953125,1583,0.0,0.0
2025-12-23 00:00:00-05:00,4514.5,4516.5,4511.60009765625,4512.2001953125,834,0.0,0.0
2025-12-23 00:15:00-05:00,4511.89990234375,4513.2998046875,4508.2998046875,4512.7001953125,1590,0.0,0.0
2025-12-23 00:30:00-05:00,4512.7998046875,4518.2998046875,4508.60009765625,4513.7998046875,2263,0.0,0.0
2025-12-23 00:45:00-05:00,4513.89990234375,4515.2001953125,4507.2998046875,4507.39990234375,1407,0.0,0.0
2025-12-23 01:00:00-05:00,4507.2001953125,4510.39990234375,4502.60009765625,4504.7001953125,2583,0.0,0.0
2025-12-23 01:15:00-05:00,4504.7998046875,4509.5,4504.2998046875,4509.2998046875,1398,0.0,0.0
2025-12-23 01:30:00-05:00,4509.39990234375,4511.10009765625,4508.0,4509.2001953125,1197,0.0,0.0
2025-12-23 01:45:00-05:00,4509.2001953125,4513.89990234375,4508.2998046875,4513.89990234375,1181,0.0,0.0
2025-12-23 02:00:00-05:00,4513.60009765625,4515.5,4510.39990234375,4513.60009765625,1673,0.0,0.0
2025-12-23 02:15:00-05:00,4513.5,4517.89990234375,4512.7001953125,4516.39990234375,1132,0.0,0.0
2025-12-23 02:30:00-05:00,4516.2001953125,4519.2001953125,4516.0,4516.60009765625,819,0.0,0.0
2025-12-23 02:45:00-05:00,4516.5,4522.2001953125,4516.5,4519.10009765625,1300,0.0,0.0
2025-12-23 03:00:00-05:00,4519.10009765625,4521.0,4517.2001953125,4519.7001953125,1117,0.0,0.0
2025-12-23 03:15:00-05:00,4519.7998046875,4521.60009765625,4517.5,4517.89990234375,1374,0.0,0.0
2025-12-23 03:30:00-05:00,4517.89990234375,4523.60009765625,4515.2998046875,4522.89990234375,1399,0.0,0.0
2025-12-23 03:45:00-05:00,4523.2001953125,4524.5,4519.2998046875,4520.7998046875,801,0.0,0.0
2025-12-23 04:00:00-05:00,4520.7998046875,4522.0,4511.89990234375,4512.7998046875,2084,0.0,0.0
2025-12-23 04:15:00-05:00,4512.5,4515.89990234375,4510.5,4515.10009765625,1249,0.0,0.0
2025-12-23 04:30:00-05:00,4515.0,4516.7998046875,4512.0,4514.10009765625,1257,0.0,0.0
2025-12-23 04:45:00-05:00,4514.2001953125,4515.2001953125,4510.0,4512.0,1329,0.0,0.0
2025-12-23 05:00:00-05:00,4511.7998046875,4516.5,4511.0,4516.0,951,0.0,0.0
2025-12-23 05:15:00-05:00,4516.0,4518.60009765625,4514.60009765625,4516.60009765625,1254,0.0,0.0
2025-12-23 05:30:00-05:00,4516.7001953125,4516.7998046875,4513.2001953125,4514.7001953125,1415,0.0,0.0
2025-12-23 05:45:00-05:00,4514.7998046875,4518.2998046875,4514.2998046875,4516.7001953125,1268,0.0,0.0
2025-12-23 06:00:00-05:00,4516.7998046875,4518.2001953125,4515.2001953125,4516.2998046875,999,0.0,0.0
2025-12-23 06:15:00-05:00,4516.2998046875,4517.7001953125,4514.39990234375,4515.39990234375,566,0.0,0.0
2025-12-23 06:30:00-05:00,4515.2998046875,4519.89990234375,4514.39990234375,4519.39990234375,771,0.0,0.0
2025-12-23 06:45:00-05:00,4519.60009765625,4526.2998046875,4518.60009765625,4525.7998046875,2534,0.0,0.0
2025-12-23 07:00:00-05:00,4525.5,4525.7001953125,4518.0,4518.2001953125,1478,0.0,0.0
2025-12-23 07:15:00-05:00,4518.2001953125,4518.2001953125,4515.2998046875,4517.39990234375,1417,0.0,0.0
2025-12-23 07:30:00-05:00,4517.5,4519.89990234375,4516.7001953125,4518.60009765625,876,0.0,0.0
2025-12-23 07:45:00-05:00,4518.7001953125,4521.89990234375,4518.10009765625,4518.60009765625,1408,0.0,0.0
2025-12-23 08:00:00-05:00,4518.5,4527.2001953125,4518.39990234375,4526.89990234375,3176,0.0,0.0
2025-12-23 08:15:00-05:00,4526.89990234375,4529.2998046875,4517.7998046875,4520.5,3971,0.0,0.0
2025-12-23 08:30:00-05:00,4519.7001953125,4523.7998046875,4515.2001953125,4520.60009765625,5131,0.0,0.0
2025-12-23 08:45:00-05:00,4520.7001953125,4521.60009765625,4503.7001953125,4510.0,7301,0.0,0.0
2025-12-23 09:00:00-05:00,4510.2001953125,4510.7998046875,4482.10009765625,4499.5,12081,0.0,0.0
2025-12-23 09:15:00-05:00,4499.5,4502.5,4493.0,4494.89990234375,4868,0.0,0.0
2025-12-23 09:30:00-05:00,4495.10009765625,4495.10009765625,4477.0,4482.60009765625,14510,0.0,0.0
2025-12-23 09:45:00-05:00,4482.5,4489.39990234375,4470.7998046875,4476.7001953125,7898,0.0,0.0
2025-12-23 10:00:00-05:00,4475.10009765625,4480.7998046875,4457.7001953125,4476.5,14742,0.0,0.0
2025-12-23 10:15:00-05:00,4476.5,4480.0,4466.60009765625,4470.5,6455,0.0,0.0
2025-12-23 10:30:00-05:00,4470.2998046875,4485.2001953125,4469.2998046875,4481.10009765625,5249,0.0,0.0
2025-12-23 10:45:00-05:00,4481.0,4486.5,4479.0,4485.7998046875,4609,0.0,0.0
2025-12-23 11:00:00-05:00,4485.89990234375,4490.60009765625,4483.5,4487.89990234375,5760,0.0,0.0
2025-12-23 11:15:00-05:00,4487.7001953125,4492.2001953125,4486.2001953125,4488.5,3445,0.0,0.0
2025-12-23 11:30:00-05:00,4488.5,4494.2001953125,4482.5,4493.10009765625,3424,0.0,0.0
2025-12-23 11:45:00-05:00,4493.2998046875,4504.10009765625,4493.2998046875,4501.39990234375,5021,0.0,0.0
2025-12-23 12:00:00-05:00,4501.60009765625,4507.60009765625,4498.89990234375,4503.0,4957,0.0,0.0
2025-12-23 12:15:00-05:00,4502.7998046875,4505.89990234375,4497.7001953125,4505.2001953125,3132,0.0,0.0
2025-12-23 12:30:00-05:00,4505.39990234375,4506.60009765625,4501.0,4505.89990234375,2071,0.0,0.0
2025-12-23 12:45:00-05:00,4505.89990234375,4506.10009765625,4496.60009765625,4499.89990234375,3639,0.0,0.0
2025-12-23 13:00:00-05:00,4500.0,4508.5,4500.0,4504.89990234375,2793,0.0,0.0
2025-12-23 13:15:00-05:00,4504.7998046875,4506.89990234375,4501.2998046875,4505.39990234375,4106,0.0,0.0
2025-12-23 13:30:00-05:00,4505.39990234375,4506.2998046875,4500.10009765625,4504.2001953125,2132,0.0,0.0
2025-12-23 13:45:00-05:00,4504.39990234375,4513.10009765625,4504.2001953125,4512.10009765625,2903,0.0,0.0
2025-12-23 14:00:00-05:00,4512.0,4524.60009765625,4511.7001953125,4521.7001953125,5012,0.0,0.0
2025-12-23 14:15:00-05:00,4521.7998046875,4521.7998046875,4515.2001953125,4518.10009765625,2035,0.0,0.0
2025-12-23 14:30:00-05:00,4518.10009765625,4522.10009765625,4515.7998046875,4520.7001953125,1398,0.0,0.0
2025-12-23 14:45:00-05:00,4520.7998046875,4520.7998046875,4517.10009765625,4519.10009765625,1351,0.0,0.0
2025-12-23 15:00:00-05:00,4519.2001953125,4522.2001953125,4517.7998046875,4521.5,965,0.0,0.0
2025-12-23 15:15:00-05:00,4521.5,4522.7001953125,4519.39990234375,4520.10009765625,1089,0.0,0.0
2025-12-23 15:30:00-05:00,4520.2001953125,4521.10009765625,4516.2001953125,4519.5,1867,0.0,0.0
2025-12-23 15:45:00-05:00,4519.60009765625,4526.2001953125,4518.89990234375,4523.7998046875,1897,0.0,0.0
2025-12-23 16:00:00-05:00,4523.7998046875,4524.89990234375,4518.2998046875,4519.2998046875,1335,0.0,0.0
2025-12-23 16:15:00-05:00,4519.60009765625,4520.10009765625,4518.2001953125,4518.5,252,0.0,0.0
2025-12-23 16:30:00-05:00,4518.60009765625,4519.89990234375,4517.0,4517.60009765625,448,0.0,0.0
2025-12-23 16:45:00-05:00,4517.89990234375,4518.2001953125,4512.5,4515.0,642,0.0,0.0
2025-12-23 18:00:00-05:00,4516.7001953125,4525.0,4512.2001953125,4524.60009765625,708,0.0,0.0
2025-12-23 18:15:00-05:00,4524.2998046875,4527.5,4520.10009765625,4521.60009765625,1506,0.0,0.0
2025-12-23 18:30:00-05:00,4521.7001953125,4539.0,4521.60009765625,4534.7001953125,3445,0.0,0.0
2025-12-23 18:45:00-05:00,4534.7001953125,4540.60009765625,4530.2998046875,4533.89990234375,1674,0.0,0.0
2025-12-23 19:00:00-05:00,4534.10009765625,4542.39990234375,4531.2001953125,4537.39990234375,1898,0.0,0.0
2025-12-23 19:15:00-05:00,4537.7001953125,4543.60009765625,4537.39990234375,4542.5,1574,0.0,0.0
2025-12-23 19:30:00-05:00,4543.10009765625,4546.89990234375,4541.89990234375,4546.60009765625,1617,0.0,0.0
2025-12-23 19:45:00-05:00,4546.7998046875,4547.0,4536.0,4539.7001953125,2318,0.0,0.0
2025-12-23 20:00:00-05:00,4539.5,4548.2998046875,4534.7998046875,4541.0,4248,0.0,0.0
2025-12-23 20:15:00-05:00,4541.2001953125,4555.10009765625,4541.0,4550.60009765625,3571,0.0,0.0
2025-12-23 20:30:00-05:00,4550.7001953125,4552.89990234375,4547.7998046875,4549.2001953125,2089,0.0,0.0
2025-12-23 20:45:00-05:00,4549.5,4552.5,4546.7001953125,4547.10009765625,1125,0.0,0.0
2025-12-23 21:00:00-05:00,4547.2001953125,4547.7001953125,4532.5,4539.2001953125,3361,0.0,0.0
2025-12-23 21:15:00-05:00,4539.2998046875,4540.0,4533.5,4534.89990234375,1680,0.0,0.0
2025-12-23 21:30:00-05:00,4535.0,4539.7998046875,4533.0,4537.60009765625,1450,0.0,0.0
2025-12-23 21:45:00-05:00,4537.2001953125,4541.7998046875,4505.7001953125,4508.2001953125,5264,0.0,0.0
2025-12-23 22:00:00-05:00,4509.0,4516.60009765625,4496.5,4515.0,4477,0.0,0.0
2025-12-23 22:15:00-05:00,4515.0,4523.7998046875,4514.7001953125,4519.7998046875,2971,0.0,0.0
2025-12-23 22:30:00-05:00,4519.60009765625,4526.60009765625,4518.60009765625,4523.2001953125,1603,0.0,0.0
2025-12-23 22:45:00-05:00,4523.5,4523.60009765625,4520.10009765625,4521.10009765625,798,0.0,0.0
2025-12-23 23:00:00-05:00,4521.2998046875,4523.39990234375,4520.10009765625,4522.10009765625,650,0.0,0.0
2025-12-23 23:15:00-05:00,4521.5,4525.5,4518.7998046875,4524.5,974,0.0,0.0
2025-12-23 23:30:00-05:00,4524.60009765625,4528.7001953125,4523.7001953125,4527.39990234375,733,0.0,0.0
2025-12-23 23:45:00-05:00,4527.5,4528.60009765625,4523.60009765625,4524.89990234375,722,0.0,0.0
2025-12-24 09:30:00-05:00,4513.5,4518.2001953125,4497.7998046875,4509.39990234375,6787,0.0,0.0
2025-12-24 09:45:00-05:00,4509.89990234375,4511.0,4487.5,4491.89990234375,6612,0.0,0.0
2025-12-24 10:00:00-05:00,4491.7998046875,4502.5,4489.0,4502.0,4156,0.0,0.0
2025-12-24 10:15:00-05:00,4501.7998046875,4504.0,4488.0,4496.10009765625,3653,0.0,0.0
2025-12-24 10:30:00-05:00,4496.2998046875,4499.7001953125,4475.5,4480.2001953125,5681,0.0,0.0
2025-12-24 10:45:00-05:00,4479.60009765625,4487.2001953125,4474.2998046875,4484.7998046875,4094,0.0,0.0
2025-12-24 11:00:00-05:00,4484.60009765625,4497.7998046875,4482.2001953125,4493.0,3977,0.0,0.0
2025-12-24 11:15:00-05:00,4492.7998046875,4495.39990234375,4490.60009765625,4494.60009765625,1555,0.0,0.0
2025-12-24 11:30:00-05:00,4495.0,4503.0,4493.39990234375,4501.0,3022,0.0,0.0
2025-12-24 11:45:00-05:00,4501.39990234375,4504.7001953125,4497.89990234375,4502.7998046875,1698,0.0,0.0
2025-12-24 12:00:00-05:00,4502.7001953125,4513.39990234375,4501.39990234375,4509.2001953125,3346,0.0,0.0
2025-12-24 12:15:00-05:00,4509.2001953125,4510.5,4501.2998046875,4503.10009765625,2408,0.0,0.0
2025-12-24 12:30:00-05:00,4503.2998046875,4508.5,4502.10009765625,4504.60009765625,1830,0.0,0.0
2025-12-24 12:45:00-05:00,4504.7001953125,4508.89990234375,4504.39990234375,4505.60009765625,1477,0.0,0.0
2025-12-26 00:00:00-05:00,4538.7998046875,4541.60009765625,4537.2998046875,4539.0,787,0.0,0.0
2025-12-26 00:15:00-05:00,4539.0,4540.2001953125,4535.7001953125,4536.89990234375,919,0.0,0.0
2025-12-26 00:30:00-05:00,4537.0,4544.60009765625,4537.0,4542.2998046875,1321,0.0,0.0
2025-12-26 00:45:00-05:00,4542.60009765625,4543.7998046875,4540.0,4540.5,708,0.0,0.0
2025-12-26 01:00:00-05:00,4540.2998046875,4543.7998046875,4538.89990234375,4542.2998046875,1054,0.0,0.0
2025-12-26 01:15:00-05:00,4542.7001953125,4549.0,4542.2001953125,4548.60009765625,1330,0.0,0.0
2025-12-26 01:30:00-05:00,4548.7998046875,4549.7998046875,4545.5,4548.89990234375,1117,0.0,0.0
2025-12-26 01:45:00-05:00,4548.5,4548.7001953125,4537.7998046875,4541.5,1749,0.0,0.0
2025-12-26 02:00:00-05:00,4541.5,4545.0,4540.2998046875,4544.2998046875,550,0.0,0.0
2025-12-26 02:15:00-05:00,4544.39990234375,4545.60009765625,4537.7998046875,4539.10009765625,836,0.0,0.0
2025-12-26 02:30:00-05:00,4539.0,4542.39990234375,4537.0,4537.5,660,0.0,0.0
2025-12-26 02:45:00-05:00,4537.5,4540.7998046875,4536.2998046875,4540.60009765625,570,0.0,0.0
2025-12-26 03:00:00-05:00,4540.2998046875,4544.7998046875,4539.0,4544.7998046875,924,0.0,0.0
2025-12-26 03:15:00-05:00,4544.89990234375,4547.2998046875,4544.10009765625,4545.39990234375,686,0.0,0.0
2025-12-26 03:30:00-05:00,4545.5,4547.7001953125,4543.39990234375,4544.5,579,0.0,0.0
2025-12-26 03:45:00-05:00,4544.60009765625,4550.7001953125,4544.60009765625,4549.2998046875,781,0.0,0.0
2025-12-26 04:00:00-05:00,4549.2001953125,4551.39990234375,4546.10009765625,4546.7001953125,883,0.0,0.0
2025-12-26 04:15:00-05:00,4547.0,4550.0,4545.89990234375,4548.60009765625,756,0.0,0.0
2025-12-26 04:30:00-05:00,4549.0,4549.2001953125,4542.89990234375,4543.89990234375,655,0.0,0.0
2025-12-26 04:45:00-05:00,4544.10009765625,4545.60009765625,4541.7998046875,4542.5,754,0.0,0.0
2025-12-26 05:00:00-05:00,4542.39990234375,4549.2998046875,4541.89990234375,4548.89990234375,753,0.0,0.0
2025-12-26 05:15:00-05:00,4549.0,4554.0,4547.5,4551.2001953125,1536,0.0,0.0
2025-12-26 05:30:00-05:00,4551.10009765625,4552.2001953125,4544.2998046875,4545.5,1117,0.0,0.0
2025-12-26 05:45:00-05:00,4545.60009765625,4546.0,4541.0,4544.10009765625,953,0.0,0.0
2025-12-26 06:00:00-05:00,4544.2998046875,4545.39990234375,4532.39990234375,4538.7001953125,1745,0.0,0.0
2025-12-26 06:15:00-05:00,4538.7001953125,4541.39990234375,4532.10009765625,4533.89990234375,1343,0.0,0.0
2025-12-26 06:30:00-05:00,4533.7998046875,4538.0,4531.89990234375,4536.2998046875,1242,0.0,0.0
2025-12-26 06:45:00-05:00,4536.39990234375,4538.2998046875,4531.2001953125,4538.2001953125,870,0.0,0.0
2025-12-26 07:00:00-05:00,4538.0,4539.60009765625,4535.39990234375,4539.2001953125,721,0.0,0.0
2025-12-26 07:15:00-05:00,4539.2998046875,4541.7998046875,4537.0,4541.2001953125,759,0.0,0.0
2025-12-26 07:30:00-05:00,4541.2001953125,4544.7001953125,4541.0,4542.2998046875,906,0.0,0.0
2025-12-26 07:45:00-05:00,4542.60009765625,4543.60009765625,4536.60009765625,4539.0,780,0.0,0.0
2025-12-26 08:00:00-05:00,4538.7998046875,4545.7001953125,4533.10009765625,4545.10009765625,2127,0.0,0.0
2025-12-26 08:15:00-05:00,4545.10009765625,4550.2001953125,4542.7998046875,4548.2998046875,2122,0.0,0.0
2025-12-26 08:30:00-05:00,4548.7001953125,4562.7001953125,4548.7001953125,4554.89990234375,4685,0.0,0.0
2025-12-26 08:45:00-05:00,4555.0,4558.2998046875,4546.60009765625,4557.2998046875,2570,0.0,0.0
2025-12-26 09:00:00-05:00,4557.5,4561.5,4555.2998046875,4559.2998046875,3658,0.0,0.0
2025-12-26 09:15:00-05:00,4559.5,4564.60009765625,4557.39990234375,4563.89990234375,3285,0.0,0.0
2025-12-26 09:30:00-05:00,4563.89990234375,4568.5,4551.10009765625,4553.39990234375,7010,0.0,0.0
2025-12-26 09:45:00-05:00,4553.5,4558.2998046875,4544.0,4552.89990234375,4605,0.0,0.0
2025-12-26 10:00:00-05:00,4552.89990234375,4562.0,4551.5,4558.60009765625,3631,0.0,0.0
2025-12-26 10:15:00-05:00,4558.7001953125,4567.2001953125,4557.5,4566.39990234375,3423,0.0,0.0
2025-12-26 10:30:00-05:00,4566.39990234375,4579.60009765625,4564.89990234375,4570.7001953125,7762,0.0,0.0
2025-12-26 10:45:00-05:00,4570.5,4581.10009765625,4570.0,4580.10009765625,5219,0.0,0.0
2025-12-26 11:00:00-05:00,4580.2998046875,4584.0,4567.10009765625,4571.5,5120,0.0,0.0
2025-12-26 11:15:00-05:00,4571.7001953125,4581.5,4570.0,4580.2001953125,3472,0.0,0.0
2025-12-26 11:30:00-05:00,4580.39990234375,4580.60009765625,4572.89990234375,4573.60009765625,2781,0.0,0.0
2025-12-26 11:45:00-05:00,4573.60009765625,4577.60009765625,4564.89990234375,4570.2998046875,3671,0.0,0.0
2025-12-26 12:00:00-05:00,4570.39990234375,4571.60009765625,4559.60009765625,4560.39990234375,2844,0.0,0.0
2025-12-26 12:15:00-05:00,4560.5,4562.5,4550.7001953125,4552.10009765625,5098,0.0,0.0
2025-12-26 12:30:00-05:00,4551.89990234375,4554.2001953125,4543.39990234375,4551.0,5077,0.0,0.0
2025-12-26 12:45:00-05:00,4550.5,4559.39990234375,4545.5,4552.2001953125,3659,0.0,0.0
2025-12-26 13:00:00-05:00,4552.10009765625,4554.7998046875,4547.39990234375,4550.0,1776,0.0,0.0
2025-12-26 13:15:00-05:00,4550.10009765625,4557.60009765625,4548.5,4551.2998046875,4097,0.0,0.0
2025-12-26 13:30:00-05:00,4551.39990234375,4561.5,4547.89990234375,4560.60009765625,2815,0.0,0.0
2025-12-26 13:45:00-05:00,4560.60009765625,4563.89990234375,4558.7998046875,4562.5,1985,0.0,0.0
2025-12-26 14:00:00-05:00,4562.39990234375,4566.0,4555.89990234375,4565.39990234375,2008,0.0,0.0
2025-12-26 14:15:00-05:00,4565.5,4567.60009765625,4560.10009765625,4561.2998046875,1880,0.0,0.0
2025-12-26 14:30:00-05:00,4561.2001953125,4561.60009765625,4552.89990234375,4556.2998046875,1254,0.0,0.0
2025-12-26 14:45:00-05:00,4556.7001953125,4558.10009765625,4551.10009765625,4554.89990234375,1158,0.0,0.0
2025-12-26 15:00:00-05:00,4554.7998046875,4564.7001953125,4554.0,4563.60009765625,1496,0.0,0.0
2025-12-26 15:15:00-05:00,4563.39990234375,4566.39990234375,4552.5,4554.2001953125,2340,0.0,0.0
2025-12-26 15:30:00-05:00,4554.2998046875,4561.7998046875,4553.60009765625,4561.2001953125,1522,0.0,0.0
2025-12-26 15:45:00-05:00,4561.10009765625,4563.10009765625,4555.89990234375,4560.39990234375,1965,0.0,0.0
2025-12-26 16:00:00-05:00,4560.60009765625,4562.7998046875,4558.0,4559.5,873,0.0,0.0
2025-12-26 16:15:00-05:00,4559.60009765625,4564.2001953125,4559.2001953125,4562.7001953125,600,0.0,0.0
2025-12-26 16:30:00-05:00,4562.7001953125,4565.89990234375,4560.7001953125,4563.2998046875,685,0.0,0.0
2025-12-26 16:45:00-05:00,4563.2998046875,4565.5,4552.7001953125,4552.7001953125,1088,0.0,0.0
2025-12-28 18:00:00-05:00,4570.5,4571.7998046875,4549.5,4560.2998046875,2232,0.0,0.0
2025-12-28 18:15:00-05:00,4559.7001953125,4568.0,4558.2998046875,4561.2998046875,2990,0.0,0.0
2025-12-28 18:30:00-05:00,4561.0,4565.60009765625,4555.2998046875,4557.2998046875,1621,0.0,0.0
2025-12-28 18:45:00-05:00,4557.0,4559.5,4549.60009765625,4550.89990234375,2302,0.0,0.0
2025-12-28 19:00:00-05:00,4551.0,4551.89990234375,4536.5,4547.39990234375,3158,0.0,0.0
2025-12-28 19:15:00-05:00,4546.7998046875,4547.10009765625,4500.7001953125,4505.39990234375,8344,0.0,0.0
2025-12-28 19:30:00-05:00,4505.7001953125,4521.10009765625,4490.2998046875,4507.2998046875,5787,0.0,0.0
2025-12-28 19:45:00-05:00,4507.0,4525.2998046875,4507.0,4516.89990234375,3004,0.0,0.0
2025-12-28 20:00:00-05:00,4516.89990234375,4535.10009765625,4511.60009765625,4531.7998046875,4105,0.0,0.0
2025-12-28 20:15:00-05:00,4532.7001953125,4538.10009765625,4516.60009765625,4520.10009765625,2704,0.0,0.0
2025-12-28 20:30:00-05:00,4520.10009765625,4529.60009765625,4514.0,4523.5,2366,0.0,0.0
2025-12-28 20:45:00-05:00,4523.2001953125,4529.7001953125,4517.5,4520.5,1823,0.0,0.0
2025-12-28 21:00:00-05:00,4519.60009765625,4532.0,4519.0,4530.7001953125,1892,0.0,0.0
2025-12-28 21:15:00-05:00,4530.39990234375,4538.0,4527.2998046875,4536.39990234375,1246,0.0,0.0
2025-12-28 21:30:00-05:00,4536.39990234375,4539.7001953125,4532.39990234375,4535.5,1541,0.0,0.0
2025-12-28 21:45:00-05:00,4535.7998046875,4539.5,4533.2998046875,4536.7001953125,1296,0.0,0.0
2025-12-28 22:00:00-05:00,4536.5,4543.5,4533.7998046875,4539.60009765625,1663,0.0,0.0
2025-12-28 22:15:00-05:00,4539.2998046875,4542.89990234375,4535.7998046875,4536.2998046875,1364,0.0,0.0
2025-12-28 22:30:00-05:00,4536.89990234375,4545.0,4536.89990234375,4541.89990234375,1685,0.0,0.0
2025-12-28 22:45:00-05:00,4542.0,4542.7001953125,4538.10009765625,4541.10009765625,619,0.0,0.0
2025-12-28 23:00:00-05:00,4540.7998046875,4541.2001953125,4531.0,4537.7998046875,1756,0.0,0.0
2025-12-28 23:15:00-05:00,4538.2998046875,4539.10009765625,4533.89990234375,4537.2998046875,780,0.0,0.0
2025-12-28 23:30:00-05:00,4537.60009765625,4542.5,4536.10009765625,4538.7998046875,615,0.0,0.0
2025-12-28 23:45:00-05:00,4538.7998046875,4539.39990234375,4536.0,4538.60009765625,598,0.0,0.0
2025-12-29 00:00:00-05:00,4537.60009765625,4537.60009765625,4531.39990234375,4536.2001953125,968,0.0,0.0
2025-12-29 00:15:00-05:00,4536.10009765625,4537.89990234375,4533.10009765625,4536.0,540,0.0,0.0
2025-12-29 00:30:00-05:00,4535.89990234375,4541.39990234375,4533.89990234375,4538.89990234375,1311,0.0,0.0
2025-12-29 00:45:00-05:00,4539.10009765625,4540.10009765625,4526.10009765625,4527.0,1699,0.0,0.0
2025-12-29 01:00:00-05:00,4528.0,4530.7998046875,4521.10009765625,4526.0,2010,0.0,0.0
2025-12-29 01:15:00-05:00,4526.7998046875,4527.60009765625,4510.10009765625,4511.60009765625,1976,0.0,0.0
2025-12-29 01:30:00-05:00,4511.7001953125,4519.5,4504.89990234375,4507.89990234375,2520,0.0,0.0
2025-12-29 01:45:00-05:00,4507.7998046875,4509.2001953125,4492.10009765625,4496.7001953125,3630,0.0,0.0
2025-12-29 02:00:00-05:00,4495.7001953125,4496.0,4463.2998046875,4491.89990234375,9226,0.0,0.0
2025-12-29 02:15:00-05:00,4491.7001953125,4501.2001953125,4491.2001953125,4491.89990234375,3812,0.0,0.0
2025-12-29 02:30:00-05:00,4491.5,4500.2998046875,4490.5,4494.60009765625,2476,0.0,0.0
2025-12-29 02:45:00-05:00,4494.5,4500.2001953125,4494.0,4496.10009765625,1981,0.0,0.0
2025-12-29 03:00:00-05:00,4495.7001953125,4507.60009765625,4487.60009765625,4505.89990234375,4065,0.0,0.0
2025-12-29 03:15:00-05:00,4505.5,4510.5,4502.39990234375,4502.39990234375,2191,0.0,0.0
2025-12-29 03:30:00-05:00,4502.39990234375,4503.0,4491.5,4491.60009765625,2093,0.0,0.0
2025-12-29 03:45:00-05:00,4491.7001953125,4494.2998046875,4472.5,4481.10009765625,4863,0.0,0.0
2025-12-29 04:00:00-05:00,4481.2001953125,4488.0,4479.5,4487.5,2642,0.0,0.0
2025-12-29 04:15:00-05:00,4487.60009765625,4488.7998046875,4482.39990234375,4486.5,1510,0.0,0.0
2025-12-29 04:30:00-05:00,4486.39990234375,4496.10009765625,4480.7998046875,4496.10009765625,1795,0.0,0.0
2025-12-29 04:45:00-05:00,4496.2001953125,4496.60009765625,4490.10009765625,4493.0,1484,0.0,0.0
2025-12-29 05:00:00-05:00,4492.39990234375,4496.0,4490.7998046875,4493.2001953125,1461,0.0,0.0
2025-12-29 05:15:00-05:00,4493.2001953125,4494.7001953125,4485.2001953125,4485.2998046875,1939,0.0,0.0
2025-12-29 05:30:00-05:00,4485.2001953125,4486.5,4479.0,4483.0,2678,0.0,0.0
2025-12-29 05:45:00-05:00,4482.89990234375,4486.2998046875,4481.2001953125,4482.89990234375,1416,0.0,0.0
2025-12-29 06:00:00-05:00,4483.10009765625,4484.10009765625,4479.0,4481.0,1567,0.0,0.0
2025-12-29 06:15:00-05:00,4481.10009765625,4489.7001953125,4480.7001953125,4486.7998046875,1353,0.0,0.0
2025-12-29 06:30:00-05:00,4486.7998046875,4487.60009765625,4454.39990234375,4472.89990234375,5428,0.0,0.0
2025-12-29 06:45:00-05:00,4472.5,4473.5,4461.2001953125,4466.2001953125,3950,0.0,0.0
2025-12-29 07:00:00-05:00,4466.39990234375,4475.89990234375,4464.60009765625,4472.39990234375,3099,0.0,0.0
2025-12-29 07:15:00-05:00,4472.0,4477.39990234375,4471.2001953125,4476.89990234375,1390,0.0,0.0
2025-12-29 07:30:00-05:00,4476.7998046875,4484.60009765625,4475.2001953125,4482.2998046875,1407,0.0,0.0
2025-12-29 07:45:00-05:00,4482.2001953125,4485.0,4480.2998046875,4484.5,1497,0.0,0.0
2025-12-29 08:00:00-05:00,4484.2998046875,4488.7001953125,4477.5,4478.7998046875,3506,0.0,0.0
2025-12-29 08:15:00-05:00,4478.7998046875,4481.10009765625,4465.5,4471.89990234375,3672,0.0,0.0
2025-12-29 08:30:00-05:00,4472.0,4475.10009765625,4444.60009765625,4449.7001953125,6586,0.0,0.0
2025-12-29 08:45:00-05:00,4449.2001953125,4449.60009765625,4426.2001953125,4440.89990234375,10498,0.0,0.0
2025-12-29 09:00:00-05:00,4440.60009765625,4440.60009765625,4405.10009765625,4418.10009765625,13665,0.0,0.0
2025-12-29 09:15:00-05:00,4418.10009765625,4425.0,4406.0,4409.5,7106,0.0,0.0
2025-12-29 09:30:00-05:00,4409.2998046875,4409.60009765625,4375.39990234375,4392.39990234375,16805,0.0,0.0
2025-12-29 09:45:00-05:00,4392.2998046875,4403.89990234375,4377.2001953125,4378.60009765625,8169,0.0,0.0
2025-12-29 10:00:00-05:00,4378.60009765625,4379.7001953125,4344.60009765625,4361.5,15078,0.0,0.0
2025-12-29 10:15:00-05:00,4361.2998046875,4361.60009765625,4316.0,4339.2001953125,11378,0.0,0.0
2025-12-29 10:30:00-05:00,4338.7001953125,4355.5,4335.60009765625,4349.5,7289,0.0,0.0
2025-12-29 10:45:00-05:00,4349.10009765625,4358.2001953125,4340.2001953125,4343.10009765625,6548,0.0,0.0
2025-12-29 11:00:00-05:00,4343.0,4361.0,4341.5,4351.7998046875,5128,0.0,0.0
2025-12-29 11:15:00-05:00,4352.0,4355.89990234375,4342.0,4352.2001953125,3924,0.0,0.0
2025-12-29 11:30:00-05:00,4352.10009765625,4360.7001953125,4346.7998046875,4353.0,3696,0.0,0.0
2025-12-29 11:45:00-05:00,4352.89990234375,4365.60009765625,4352.89990234375,4359.7998046875,3012,0.0,0.0
2025-12-29 12:00:00-05:00,4360.2001953125,4361.2001953125,4343.7998046875,4348.0,4200,0.0,0.0
2025-12-29 12:15:00-05:00,4347.89990234375,4351.2998046875,4340.10009765625,4347.2001953125,2922,0.0,0.0
2025-12-29 12:30:00-05:00,4347.39990234375,4348.10009765625,4332.7998046875,4338.2001953125,3158,0.0,0.0
2025-12-29 12:45:00-05:00,4338.5,4348.0,4338.2998046875,4346.2001953125,2725,0.0,0.0
2025-12-29 13:00:00-05:00,4346.5,4351.7001953125,4343.7001953125,4347.60009765625,2768,0.0,0.0
2025-12-29 13:15:00-05:00,4347.2001953125,4352.7001953125,4340.2001953125,4345.5,5791,0.0,0.0
2025-12-29 13:30:00-05:00,4345.2998046875,4352.0,4343.7998046875,4348.2998046875,2618,0.0,0.0
2025-12-29 13:45:00-05:00,4348.2998046875,4350.2998046875,4345.7998046875,4349.5,1811,0.0,0.0
2025-12-29 14:00:00-05:00,4350.0,4354.39990234375,4346.10009765625,4354.2001953125,1669,0.0,0.0
2025-12-29 14:15:00-05:00,4354.5,4355.39990234375,4346.5,4348.7998046875,1716,0.0,0.0
2025-12-29 14:30:00-05:00,4348.60009765625,4354.10009765625,4348.2998046875,4350.2998046875,1072,0.0,0.0
2025-12-29 14:45:00-05:00,4350.10009765625,4355.60009765625,4348.60009765625,4354.2001953125,1448,0.0,0.0
2025-12-29 15:00:00-05:00,4354.39990234375,4362.5,4354.2001953125,4360.7998046875,1927,0.0,0.0
2025-12-29 15:15:00-05:00,4360.89990234375,4361.60009765625,4355.60009765625,4358.89990234375,1542,0.0,0.0
2025-12-29 15:30:00-05:00,4359.2001953125,4360.2001953125,4344.2998046875,4351.5,2217,0.0,0.0
2025-12-29 15:45:00-05:00,4351.7998046875,4354.89990234375,4348.5,4354.2998046875,1819,0.0,0.0
2025-12-29 16:00:00-05:00,4354.0,4358.0,4347.5,4354.39990234375,1209,0.0,0.0
2025-12-29 16:15:00-05:00,4354.7001953125,4356.2998046875,4348.39990234375,4350.0,735,0.0,0.0
2025-12-29 16:30:00-05:00,4350.39990234375,4350.89990234375,4345.7001953125,4348.10009765625,631,0.0,0.0
2025-12-29 16:45:00-05:00,4347.7001953125,4350.60009765625,4347.7001953125,4350.2001953125,515,0.0,0.0
2025-12-29 18:00:00-05:00,4350.2998046875,4363.2001953125,4350.10009765625,4356.89990234375,913,0.0,0.0
2025-12-29 18:15:00-05:00,4356.2001953125,4356.7998046875,4338.7998046875,4349.60009765625,1528,0.0,0.0
2025-12-29 18:30:00-05:00,4349.89990234375,4353.0,4346.89990234375,4352.39990234375,635,0.0,0.0
2025-12-29 18:45:00-05:00,4352.39990234375,4362.7001953125,4352.10009765625,4361.2001953125,1090,0.0,0.0
2025-12-29 19:00:00-05:00,4361.10009765625,4362.7998046875,4353.60009765625,4362.2001953125,1172,0.0,0.0
2025-12-29 19:15:00-05:00,4361.89990234375,4366.0,4358.7998046875,4364.0,1371,0.0,0.0
2025-12-29 19:30:00-05:00,4364.2001953125,4364.2998046875,4355.10009765625,4355.89990234375,1059,0.0,0.0
2025-12-29 19:45:00-05:00,4356.10009765625,4358.39990234375,4349.7998046875,4354.7001953125,1183,0.0,0.0
2025-12-29 20:00:00-05:00,4354.7001953125,4355.0,4339.0,4349.2998046875,2758,0.0,0.0
2025-12-29 20:15:00-05:00,4350.2998046875,4358.39990234375,4349.60009765625,4351.10009765625,1098,0.0,0.0
2025-12-29 20:30:00-05:00,4350.89990234375,4364.5,4346.10009765625,4361.7001953125,1441,0.0,0.0
2025-12-29 20:45:00-05:00,4361.89990234375,4374.7001953125,4361.5,4374.7001953125,3320,0.0,0.0
2025-12-29 21:00:00-05:00,4374.7001953125,4376.0,4365.39990234375,4368.89990234375,2371,0.0,0.0
2025-12-29 21:15:00-05:00,4368.60009765625,4371.5,4366.2998046875,4368.2001953125,1033,0.0,0.0
2025-12-29 21:30:00-05:00,4368.0,4370.39990234375,4362.7001953125,4367.89990234375,1748,0.0,0.0
2025-12-29 21:45:00-05:00,4368.7998046875,4378.39990234375,4368.7001953125,4376.2998046875,1897,0.0,0.0
2025-12-29 22:00:00-05:00,4376.2001953125,4379.0,4370.7998046875,4374.89990234375,1451,0.0,0.0
2025-12-29 22:15:00-05:00,4374.7998046875,4383.0,4372.7001953125,4381.89990234375,2725,0.0,0.0
2025-12-29 22:30:00-05:00,4382.7001953125,4382.89990234375,4375.60009765625,4377.7001953125,1406,0.0,0.0
2025-12-29 22:45:00-05:00,4377.60009765625,4379.2998046875,4370.5,4373.7998046875,1317,0.0,0.0
2025-12-29 23:00:00-05:00,4373.7998046875,4376.7998046875,4371.7001953125,4375.60009765625,1006,0.0,0.0
2025-12-29 23:15:00-05:00,4375.89990234375,4380.0,4374.5,4377.10009765625,936,0.0,0.0
2025-12-29 23:30:00-05:00,4377.2998046875,4384.0,4376.10009765625,4381.60009765625,933,0.0,0.0
2025-12-29 23:45:00-05:00,4381.60009765625,4381.7998046875,4376.7998046875,4377.60009765625,477,0.0,0.0
2025-12-30 00:00:00-05:00,4378.2998046875,4379.5,4373.39990234375,4378.7998046875,850,0.0,0.0
2025-12-30 00:15:00-05:00,4378.89990234375,4390.2998046875,4376.89990234375,4386.39990234375,2122,0.0,0.0
2025-12-30 00:30:00-05:00,4386.5,4394.7001953125,4386.5,4388.60009765625,2107,0.0,0.0
2025-12-30 00:45:00-05:00,4388.7001953125,4394.0,4386.7001953125,4392.0,961,0.0,0.0
2025-12-30 01:00:00-05:00,4392.2001953125,4392.7001953125,4386.5,4387.2998046875,882,0.0,0.0
2025-12-30 01:15:00-05:00,4387.5,4388.39990234375,4378.7001953125,4381.2001953125,1413,0.0,0.0
2025-12-30 01:30:00-05:00,4381.2998046875,4384.7001953125,4374.7998046875,4376.7001953125,1292,0.0,0.0
2025-12-30 01:45:00-05:00,4376.5,4381.89990234375,4374.89990234375,4379.7001953125,1143,0.0,0.0
2025-12-30 02:00:00-05:00,4379.60009765625,4383.89990234375,4374.0,4383.89990234375,1256,0.0,0.0
2025-12-30 02:15:00-05:00,4384.0,4387.7001953125,4380.7001953125,4383.60009765625,1535,0.0,0.0
2025-12-30 02:30:00-05:00,4383.60009765625,4392.2001953125,4383.10009765625,4392.10009765625,1285,0.0,0.0
2025-12-30 02:45:00-05:00,4392.0,4398.5,4385.7998046875,4388.2998046875,2650,0.0,0.0
2025-12-30 03:00:00-05:00,4388.60009765625,4390.39990234375,4378.5,4386.89990234375,1791,0.0,0.0
2025-12-30 03:15:00-05:00,4386.89990234375,4387.89990234375,4368.10009765625,4370.2998046875,2083,0.0,0.0
2025-12-30 03:30:00-05:00,4370.5,4376.60009765625,4366.60009765625,4374.7998046875,2100,0.0,0.0
2025-12-30 03:45:00-05:00,4374.5,4382.10009765625,4369.7001953125,4380.7998046875,1603,0.0,0.0
2025-12-30 04:00:00-05:00,4381.0,4389.60009765625,4379.7998046875,4389.2998046875,1711,0.0,0.0
2025-12-30 04:15:00-05:00,4389.5,4392.7998046875,4383.7998046875,4384.89990234375,2116,0.0,0.0
2025-12-30 04:30:00-05:00,4384.5,4387.5,4383.0,4384.10009765625,895,0.0,0.0
2025-12-30 04:45:00-05:00,4384.2998046875,4389.60009765625,4383.10009765625,4387.60009765625,694,0.0,0.0
2025-12-30 05:00:00-05:00,4387.39990234375,4391.39990234375,4383.39990234375,4391.0,1021,0.0,0.0
2025-12-30 05:15:00-05:00,4391.2998046875,4398.10009765625,4389.7998046875,4397.5,1459,0.0,0.0
2025-12-30 05:30:00-05:00,4397.5,4407.5,4397.10009765625,4398.60009765625,2995,0.0,0.0
2025-12-30 05:45:00-05:00,4398.5,4401.5,4394.39990234375,4400.5,1176,0.0,0.0
2025-12-30 06:00:00-05:00,4400.7998046875,4406.0,4400.5,4402.39990234375,1460,0.0,0.0
2025-12-30 06:15:00-05:00,4402.7998046875,4405.5,4401.39990234375,4404.60009765625,884,0.0,0.0
2025-12-30 06:30:00-05:00,4404.2998046875,4405.0,4399.2998046875,4400.5,553,0.0,0.0
2025-12-30 06:45:00-05:00,4400.2001953125,4400.7998046875,4396.7001953125,4399.60009765625,919,0.0,0.0
2025-12-30 07:00:00-05:00,4399.7998046875,4412.7998046875,4398.7001953125,4411.7001953125,1838,0.0,0.0
2025-12-30 07:15:00-05:00,4411.60009765625,4415.2998046875,4407.5,4409.7998046875,2515,0.0,0.0
2025-12-30 07:30:00-05:00,4409.7998046875,4418.7998046875,4408.89990234375,4415.7001953125,1850,0.0,0.0
2025-12-30 07:45:00-05:00,4415.89990234375,4418.2001953125,4411.7998046875,4417.0,1951,0.0,0.0
2025-12-30 08:00:00-05:00,4417.60009765625,4420.5,4412.7998046875,4415.7001953125,3422,0.0,0.0
2025-12-30 08:15:00-05:00,4415.2001953125,4415.2001953125,4405.2998046875,4409.60009765625,3804,0.0,0.0
2025-12-30 08:30:00-05:00,4409.7001953125,4409.7001953125,4391.2001953125,4394.7001953125,5223,0.0,0.0
2025-12-30 08:45:00-05:00,4394.5,4404.7998046875,4391.60009765625,4403.7001953125,2934,0.0,0.0
2025-12-30 09:00:00-05:00,4403.60009765625,4405.7998046875,4398.10009765625,4401.39990234375,2334,0.0,0.0
2025-12-30 09:15:00-05:00,4401.89990234375,4406.89990234375,4396.2001953125,4406.2998046875,2406,0.0,0.0
2025-12-30 09:30:00-05:00,4406.2001953125,4407.7001953125,4379.0,4386.39990234375,6553,0.0,0.0
2025-12-30 09:45:00-05:00,4386.60009765625,4387.7001953125,4370.5,4381.39990234375,8408,0.0,0.0
2025-12-30 10:00:00-05:00,4381.2998046875,4388.89990234375,4376.2998046875,4385.2001953125,5207,0.0,0.0
2025-12-30 10:15:00-05:00,4385.39990234375,4394.2001953125,4381.39990234375,4382.5,4475,0.0,0.0
2025-12-30 10:30:00-05:00,4382.7001953125,4391.10009765625,4375.39990234375,4378.7001953125,3000,0.0,0.0
2025-12-30 10:45:00-05:00,4378.7001953125,4387.5,4377.5,4381.89990234375,2381,0.0,0.0
2025-12-30 11:00:00-05:00,4381.7001953125,4382.0,4371.39990234375,4375.0,3724,0.0,0.0
2025-12-30 11:15:00-05:00,4375.10009765625,4388.2001953125,4374.10009765625,4385.5,3067,0.0,0.0
2025-12-30 11:30:00-05:00,4385.10009765625,4385.2001953125,4378.39990234375,4383.2001953125,1555,0.0,0.0
2025-12-30 11:45:00-05:00,4383.39990234375,4396.10009765625,4382.39990234375,4393.5,2379,0.0,0.0
2025-12-30 12:00:00-05:00,4393.60009765625,4397.7998046875,4389.10009765625,4389.5,2212,0.0,0.0
2025-12-30 12:15:00-05:00,4389.5,4392.5,4384.10009765625,4390.39990234375,2760,0.0,0.0
2025-12-30 12:30:00-05:00,4389.7998046875,4391.89990234375,4380.5,4384.2998046875,2846,0.0,0.0
2025-12-30 12:45:00-05:00,4384.10009765625,4386.2001953125,4379.60009765625,4385.5,1454,0.0,0.0
2025-12-30 13:00:00-05:00,4385.5,4394.10009765625,4384.5,4386.89990234375,2040,0.0,0.0
2025-12-30 13:15:00-05:00,4387.0,4387.39990234375,4381.39990234375,4386.2998046875,4281,0.0,0.0
2025-12-30 13:30:00-05:00,4386.2998046875,4386.5,4378.0,4381.5,2133,0.0,0.0
2025-12-30 13:45:00-05:00,4381.2001953125,4382.89990234375,4378.2001953125,4380.2001953125,1508,0.0,0.0
2025-12-30 14:00:00-05:00,4380.10009765625,4383.5,4378.89990234375,4381.7001953125,1590,0.0,0.0
2025-12-30 14:15:00-05:00,4381.7998046875,4382.89990234375,4378.89990234375,4381.39990234375,922,0.0,0.0
2025-12-30 14:30:00-05:00,4381.2001953125,4381.39990234375,4375.0,4378.0,1050,0.0,0.0
2025-12-30 14:45:00-05:00,4378.2001953125,4378.2001953125,4352.39990234375,4364.0,4608,0.0,0.0
2025-12-30 15:00:00-05:00,4364.0,4365.2998046875,4353.0,4363.2998046875,2526,0.0,0.0
2025-12-30 15:15:00-05:00,4363.10009765625,4368.0,4361.0,4365.5,2200,0.0,0.0
2025-12-30 15:30:00-05:00,4365.7001953125,4370.60009765625,4361.2001953125,4363.7998046875,1348,0.0,0.0
2025-12-30 15:45:00-05:00,4364.10009765625,4367.0,4353.0,4357.5,2227,0.0,0.0
2025-12-30 16:00:00-05:00,4358.0,4366.10009765625,4356.7998046875,4364.10009765625,797,0.0,0.0
2025-12-30 16:15:00-05:00,4364.2998046875,4364.39990234375,4361.7998046875,4361.89990234375,298,0.0,0.0
2025-12-30 16:30:00-05:00,4361.89990234375,4364.5,4361.10009765625,4364.10009765625,545,0.0,0.0
2025-12-30 16:45:00-05:00,4364.0,4364.7001953125,4349.2001953125,4352.2998046875,2933,0.0,0.0
2025-12-30 18:00:00-05:00,4353.0,4358.89990234375,4353.0,4358.7001953125,650,0.0,0.0
2025-12-30 18:15:00-05:00,4357.60009765625,4358.10009765625,4343.7998046875,4346.0,1276,0.0,0.0
2025-12-30 18:30:00-05:00,4346.10009765625,4354.7001953125,4338.10009765625,4351.5,1632,0.0,0.0
2025-12-30 18:45:00-05:00,4351.10009765625,4351.7001953125,4345.10009765625,4350.89990234375,1004,0.0,0.0
2025-12-30 19:00:00-05:00,4351.2998046875,4356.2001953125,4350.89990234375,4353.7001953125,1076,0.0,0.0
2025-12-30 19:15:00-05:00,4353.2001953125,4355.2001953125,4344.7001953125,4348.7998046875,1178,0.0,0.0
2025-12-30 19:30:00-05:00,4348.60009765625,4358.7001953125,4344.89990234375,4354.89990234375,1550,0.0,0.0
2025-12-30 19:45:00-05:00,4355.0,4356.2998046875,4348.60009765625,4354.89990234375,1195,0.0,0.0
2025-12-30 20:00:00-05:00,4354.60009765625,4367.5,4348.7001953125,4365.2001953125,2690,0.0,0.0
2025-12-30 20:15:00-05:00,4365.2998046875,4372.7998046875,4360.89990234375,4366.7001953125,1766,0.0,0.0
2025-12-30 20:30:00-05:00,4366.7998046875,4381.5,4366.5,4380.2998046875,2037,0.0,0.0
2025-12-30 20:45:00-05:00,4380.10009765625,4384.89990234375,4376.7998046875,4378.10009765625,1974,0.0,0.0
2025-12-30 21:00:00-05:00,4378.10009765625,4383.5,4373.7001953125,4374.39990234375,1194,0.0,0.0
2025-12-30 21:15:00-05:00,4374.7001953125,4376.39990234375,4370.10009765625,4373.2001953125,1179,0.0,0.0
2025-12-30 21:30:00-05:00,4373.2998046875,4382.89990234375,4369.2998046875,4381.7998046875,1685,0.0,0.0
2025-12-30 21:45:00-05:00,4381.7001953125,4382.39990234375,4357.60009765625,4360.5,2994,0.0,0.0
2025-12-30 22:00:00-05:00,4361.7998046875,4371.60009765625,4355.2001953125,4371.5,2298,0.0,0.0
2025-12-30 22:15:00-05:00,4371.2001953125,4371.7001953125,4352.5,4360.7001953125,2294,0.0,0.0
2025-12-30 22:30:00-05:00,4360.7998046875,4365.7001953125,4358.39990234375,4363.7998046875,1058,0.0,0.0
2025-12-30 22:45:00-05:00,4363.7001953125,4364.10009765625,4357.39990234375,4360.39990234375,1206,0.0,0.0
2025-12-30 23:00:00-05:00,4360.7998046875,4363.5,4356.60009765625,4360.5,1163,0.0,0.0
2025-12-30 23:15:00-05:00,4360.0,4360.7998046875,4354.10009765625,4358.5,668,0.0,0.0
2025-12-30 23:30:00-05:00,4358.7998046875,4360.39990234375,4354.60009765625,4354.7998046875,451,0.0,0.0
2025-12-30 23:45:00-05:00,4355.5,4357.7998046875,4342.89990234375,4344.60009765625,1577,0.0,0.0
2025-12-31 00:00:00-05:00,4345.10009765625,4346.60009765625,4341.2001953125,4346.60009765625,1587,0.0,0.0
2025-12-31 00:15:00-05:00,4346.39990234375,4354.2998046875,4344.89990234375,4353.7998046875,1399,0.0,0.0
2025-12-31 00:30:00-05:00,4354.0,4354.2001953125,4325.89990234375,4336.2998046875,3563,0.0,0.0
2025-12-31 00:45:00-05:00,4336.5,4339.2001953125,4284.2998046875,4296.5,9715,0.0,0.0
2025-12-31 01:00:00-05:00,4297.0,4312.60009765625,4285.0,4310.0,4479,0.0,0.0
2025-12-31 01:15:00-05:00,4309.7998046875,4319.60009765625,4303.39990234375,4318.5,2850,0.0,0.0
2025-12-31 01:30:00-05:00,4318.5,4328.5,4316.0,4325.2001953125,1908,0.0,0.0
2025-12-31 01:45:00-05:00,4325.7001953125,4341.2001953125,4322.60009765625,4339.0,2500,0.0,0.0
2025-12-31 02:00:00-05:00,4339.2998046875,4343.7001953125,4334.2001953125,4342.2001953125,2399,0.0,0.0
2025-12-31 02:15:00-05:00,4341.89990234375,4346.2998046875,4340.2001953125,4344.5,1852,0.0,0.0
2025-12-31 02:30:00-05:00,4344.7001953125,4346.2998046875,4341.89990234375,4343.60009765625,800,0.0,0.0
2025-12-31 02:45:00-05:00,4343.60009765625,4344.5,4338.2001953125,4342.7001953125,860,0.0,0.0
2025-12-31 03:00:00-05:00,4343.0,4344.60009765625,4332.0,4334.7998046875,1475,0.0,0.0
2025-12-31 03:15:00-05:00,4334.7998046875,4339.60009765625,4333.7998046875,4338.10009765625,1196,0.0,0.0
2025-12-31 03:30:00-05:00,4338.10009765625,4338.2998046875,4329.0,4329.10009765625,733,0.0,0.0
2025-12-31 03:45:00-05:00,4329.0,4330.0,4315.5,4319.39990234375,2528,0.0,0.0
2025-12-31 04:00:00-05:00,4319.2998046875,4330.60009765625,4319.0,4329.2998046875,1817,0.0,0.0
2025-12-31 04:15:00-05:00,4329.10009765625,4339.0,4323.10009765625,4335.5,1532,0.0,0.0
2025-12-31 04:30:00-05:00,4335.2001953125,4349.0,4335.10009765625,4347.7998046875,1241,0.0,0.0
2025-12-31 04:45:00-05:00,4348.0,4349.0,4337.7998046875,4338.60009765625,1905,0.0,0.0
2025-12-31 05:00:00-05:00,4338.7001953125,4344.0,4337.39990234375,4339.5,670,0.0,0.0
2025-12-31 05:15:00-05:00,4339.7001953125,4343.39990234375,4331.7998046875,4331.89990234375,1030,0.0,0.0
2025-12-31 05:30:00-05:00,4331.7998046875,4332.2001953125,4317.2998046875,4319.89990234375,2800,0.0,0.0
2025-12-31 05:45:00-05:00,4319.89990234375,4323.39990234375,4315.7001953125,4318.7998046875,1205,0.0,0.0
2025-12-31 06:00:00-05:00,4318.89990234375,4327.7998046875,4316.39990234375,4326.2998046875,1069,0.0,0.0
2025-12-31 06:15:00-05:00,4327.0,4328.5,4322.2001953125,4324.0,805,0.0,0.0
2025-12-31 06:30:00-05:00,4323.89990234375,4326.7001953125,4320.5,4325.2998046875,982,0.0,0.0
2025-12-31 06:45:00-05:00,4325.7001953125,4329.39990234375,4322.10009765625,4323.7998046875,1313,0.0,0.0
2025-12-31 07:00:00-05:00,4323.89990234375,4325.2001953125,4317.60009765625,4321.10009765625,932,0.0,0.0
2025-12-31 07:15:00-05:00,4320.89990234375,4323.0,4315.0,4319.10009765625,1077,0.0,0.0
2025-12-31 07:30:00-05:00,4318.7998046875,4331.2001953125,4318.60009765625,4329.89990234375,1059,0.0,0.0
2025-12-31 07:45:00-05:00,4329.60009765625,4330.10009765625,4323.5,4326.10009765625,754,0.0,0.0
2025-12-31 08:00:00-05:00,4326.60009765625,4329.5,4320.2001953125,4324.2998046875,1134,0.0,0.0
2025-12-31 08:15:00-05:00,4324.60009765625,4342.39990234375,4324.2001953125,4341.7001953125,2357,0.0,0.0
2025-12-31 08:30:00-05:00,4341.2998046875,4348.39990234375,4338.7998046875,4346.89990234375,2077,0.0,0.0
2025-12-31 08:45:00-05:00,4346.10009765625,4361.5,4345.2998046875,4358.7001953125,3061,0.0,0.0
2025-12-31 09:00:00-05:00,4358.60009765625,4361.5,4347.2998046875,4353.10009765625,3064,0.0,0.0
2025-12-31 09:15:00-05:00,4352.7998046875,4357.89990234375,4346.2001953125,4350.7001953125,2784,0.0,0.0
2025-12-31 09:30:00-05:00,4350.7001953125,4363.0,4346.2998046875,4358.0,4444,0.0,0.0
2025-12-31 09:45:00-05:00,4358.2998046875,4367.7998046875,4356.5,4360.10009765625,3143,0.0,0.0
2025-12-31 10:00:00-05:00,4360.5,4360.5,4343.10009765625,4345.60009765625,3098,0.0,0.0
2025-12-31 10:15:00-05:00,4345.2998046875,4352.7001953125,4340.2998046875,4351.0,2299,0.0,0.0
2025-12-31 10:30:00-05:00,4351.2001953125,4355.7001953125,4342.39990234375,4344.60009765625,1764,0.0,0.0
2025-12-31 10:45:00-05:00,4344.2998046875,4351.7001953125,4340.89990234375,4350.89990234375,1872,0.0,0.0
2025-12-31 11:00:00-05:00,4351.10009765625,4353.39990234375,4335.39990234375,4337.7998046875,2549,0.0,0.0
2025-12-31 11:15:00-05:00,4337.5,4343.60009765625,4335.2998046875,4339.39990234375,1492,0.0,0.0
2025-12-31 11:30:00-05:00,4339.60009765625,4343.7998046875,4332.7001953125,4333.60009765625,1708,0.0,0.0
2025-12-31 11:45:00-05:00,4333.39990234375,4338.5,4330.7998046875,4336.7998046875,1497,0.0,0.0
2025-12-31 12:00:00-05:00,4337.10009765625,4342.2001953125,4334.2001953125,4336.60009765625,1256,0.0,0.0
2025-12-31 12:15:00-05:00,4336.7998046875,4338.60009765625,4331.5,4334.2998046875,1186,0.0,0.0
2025-12-31 12:30:00-05:00,4334.10009765625,4343.2998046875,4332.2001953125,4339.10009765625,1684,0.0,0.0
2025-12-31 12:45:00-05:00,4339.2001953125,4340.89990234375,4333.89990234375,4335.7001953125,938,0.0,0.0
2025-12-31 13:00:00-05:00,4335.39990234375,4341.60009765625,4335.2001953125,4341.2001953125,1386,0.0,0.0
2025-12-31 13:15:00-05:00,4341.5,4345.7001953125,4337.5,4342.2998046875,3615,0.0,0.0
2025-12-31 13:30:00-05:00,4342.2001953125,4342.89990234375,4332.2998046875,4335.7998046875,2307,0.0,0.0
2025-12-31 13:45:00-05:00,4335.89990234375,4335.89990234375,4329.7001953125,4333.5,1401,0.0,0.0
2025-12-31 14:00:00-05:00,4333.7001953125,4337.0,4329.2001953125,4331.60009765625,741,0.0,0.0
2025-12-31 14:15:00-05:00,4331.60009765625,4333.7001953125,4330.10009765625,4331.0,339,0.0,0.0
2025-12-31 14:30:00-05:00,4331.39990234375,4331.39990234375,4320.39990234375,4323.7001953125,2079,0.0,0.0
2025-12-31 14:45:00-05:00,4323.39990234375,4327.0,4321.2001953125,4323.89990234375,790,0.0,0.0
2025-12-31 15:00:00-05:00,4324.2001953125,4328.39990234375,4316.7998046875,4327.60009765625,1117,0.0,0.0
2025-12-31 15:15:00-05:00,4327.89990234375,4332.0,4325.7001953125,4327.7001953125,832,0.0,0.0
2025-12-31 15:30:00-05:00,4327.89990234375,4338.10009765625,4327.5,4334.2001953125,1972,0.0,0.0
2025-12-31 15:45:00-05:00,4333.7998046875,4334.10009765625,4319.7998046875,4326.0,1822,0.0,0.0
2025-12-31 16:00:00-05:00,4326.89990234375,4328.2001953125,4324.0,4326.60009765625,428,0.0,0.0
2025-12-31 16:15:00-05:00,4326.60009765625,4326.60009765625,4320.7001953125,4323.89990234375,453,0.0,0.0
2025-12-31 16:30:00-05:00,4323.7001953125,4330.39990234375,4323.39990234375,4328.89990234375,353,0.0,0.0
2025-12-31 16:45:00-05:00,4328.89990234375,4333.2001953125,4328.0,4332.10009765625,462,0.0,0.0
2026-01-02 00:00:00-05:00,4386.0,4393.7001953125,4383.5,4391.0,1241,0.0,0.0
2026-01-02 00:15:00-05:00,4391.0,4393.39990234375,4388.7001953125,4391.5,907,0.0,0.0
2026-01-02 00:30:00-05:00,4391.39990234375,4392.7998046875,4390.7998046875,4391.89990234375,540,0.0,0.0
2026-01-02 00:45:00-05:00,4391.7998046875,4395.0,4391.10009765625,4394.10009765625,593,0.0,0.0
2026-01-02 01:00:00-05:00,4393.5,4394.0,4387.0,4388.2998046875,821,0.0,0.0
2026-01-02 01:15:00-05:00,4388.10009765625,4392.89990234375,4386.39990234375,4392.5,891,0.0,0.0
2026-01-02 01:30:00-05:00,4392.5,4392.60009765625,4387.2998046875,4387.2998046875,512,0.0,0.0
2026-01-02 01:45:00-05:00,4387.0,4389.2998046875,4386.10009765625,4387.60009765625,862,0.0,0.0
2026-01-02 02:00:00-05:00,4387.60009765625,4390.2998046875,4384.60009765625,4389.5,1333,0.0,0.0
2026-01-02 02:15:00-05:00,4389.5,4390.0,4384.2001953125,4386.0,819,0.0,0.0
2026-01-02 02:30:00-05:00,4386.39990234375,4392.89990234375,4384.5,4387.7998046875,1018,0.0,0.0
2026-01-02 02:45:00-05:00,4387.7001953125,4395.5,4387.60009765625,4394.7001953125,1230,0.0,0.0
2026-01-02 03:00:00-05:00,4394.60009765625,4398.5,4392.60009765625,4397.0,1730,0.0,0.0
2026-01-02 03:15:00-05:00,4396.7998046875,4398.0,4393.7001953125,4397.2998046875,889,0.0,0.0
2026-01-02 03:30:00-05:00,4397.5,4402.60009765625,4396.39990234375,4402.60009765625,1574,0.0,0.0
2026-01-02 03:45:00-05:00,4402.7001953125,4409.5,4398.7998046875,4399.2001953125,2553,0.0,0.0
2026-01-02 04:00:00-05:00,4398.89990234375,4403.2998046875,4398.2001953125,4402.5,1189,0.0,0.0
2026-01-02 04:15:00-05:00,4402.5,4404.0,4395.60009765625,4400.7001953125,1378,0.0,0.0
2026-01-02 04:30:00-05:00,4400.5,4401.89990234375,4398.7001953125,4400.5,588,0.0,0.0
2026-01-02 04:45:00-05:00,4400.89990234375,4401.39990234375,4396.89990234375,4397.5,514,0.0,0.0
2026-01-02 05:00:00-05:00,4397.60009765625,4400.7001953125,4396.7001953125,4400.2998046875,784,0.0,0.0
2026-01-02 05:15:00-05:00,4400.2001953125,4402.0,4397.89990234375,4398.60009765625,1092,0.0,0.0
2026-01-02 05:30:00-05:00,4398.7998046875,4408.7998046875,4397.0,4405.89990234375,1590,0.0,0.0
2026-01-02 05:45:00-05:00,4405.89990234375,4410.7998046875,4405.7998046875,4408.7001953125,1082,0.0,0.0
2026-01-02 06:00:00-05:00,4408.39990234375,4410.2001953125,4406.10009765625,4407.39990234375,809,0.0,0.0
2026-01-02 06:15:00-05:00,4407.2998046875,4411.7998046875,4406.60009765625,4406.89990234375,997,0.0,0.0
2026-01-02 06:30:00-05:00,4407.0,4408.10009765625,4403.7001953125,4407.5,982,0.0,0.0
2026-01-02 06:45:00-05:00,4407.60009765625,4408.0,4403.0,4405.5,585,0.0,0.0
2026-01-02 07:00:00-05:00,4405.2001953125,4409.60009765625,4403.39990234375,4407.7001953125,633,0.0,0.0
2026-01-02 07:15:00-05:00,4407.2998046875,4410.7001953125,4405.39990234375,4405.39990234375,589,0.0,0.0
2026-01-02 07:30:00-05:00,4405.7998046875,4406.89990234375,4397.39990234375,4400.2001953125,1455,0.0,0.0
2026-01-02 07:45:00-05:00,4400.39990234375,4407.2001953125,4397.60009765625,4407.0,1184,0.0,0.0
2026-01-02 08:00:00-05:00,4407.0,4413.39990234375,4405.0,4412.10009765625,1917,0.0,0.0
2026-01-02 08:15:00-05:00,4412.0,4414.7998046875,4385.0,4386.60009765625,6027,0.0,0.0
2026-01-02 08:30:00-05:00,4386.39990234375,4389.39990234375,4377.2001953125,4384.5,4222,0.0,0.0
2026-01-02 08:45:00-05:00,4384.60009765625,4390.39990234375,4373.60009765625,4377.60009765625,3574,0.0,0.0
2026-01-02 09:00:00-05:00,4377.7998046875,4384.2998046875,4376.2001953125,4382.2001953125,2611,0.0,0.0
2026-01-02 09:15:00-05:00,4382.0,4385.7998046875,4378.7998046875,4380.0,1949,0.0,0.0
2026-01-02 09:30:00-05:00,4380.2001953125,4382.10009765625,4359.2001953125,4368.60009765625,7148,0.0,0.0
2026-01-02 09:45:00-05:00,4368.60009765625,4375.2001953125,4363.60009765625,4364.7001953125,3977,0.0,0.0
2026-01-02 10:00:00-05:00,4364.7001953125,4368.7001953125,4344.7001953125,4351.5,7522,0.0,0.0
2026-01-02 10:15:00-05:00,4351.5,4353.89990234375,4341.39990234375,4347.7001953125,4268,0.0,0.0
2026-01-02 10:30:00-05:00,4347.7998046875,4358.0,4342.7001953125,4357.10009765625,3223,0.0,0.0
2026-01-02 10:45:00-05:00,4357.39990234375,4358.39990234375,4344.89990234375,4346.5,3040,0.0,0.0
2026-01-02 11:00:00-05:00,4346.7001953125,4348.60009765625,4331.39990234375,4333.89990234375,4832,0.0,0.0
2026-01-02 11:15:00-05:00,4333.2998046875,4336.39990234375,4325.2998046875,4332.10009765625,4055,0.0,0.0
2026-01-02 11:30:00-05:00,4331.7998046875,4338.7998046875,4325.60009765625,4336.7001953125,3296,0.0,0.0
2026-01-02 11:45:00-05:00,4336.5,4339.0,4332.2001953125,4337.5,2481,0.0,0.0
2026-01-02 12:00:00-05:00,4337.10009765625,4344.5,4335.5,4340.7998046875,2421,0.0,0.0
2026-01-02 12:15:00-05:00,4340.60009765625,4343.7998046875,4334.39990234375,4339.2001953125,1863,0.0,0.0
2026-01-02 12:30:00-05:00,4339.5,4341.89990234375,4333.39990234375,4336.5,1541,0.0,0.0
2026-01-02 12:45:00-05:00,4336.60009765625,4338.5,4332.89990234375,4332.89990234375,1271,0.0,0.0
2026-01-02 13:00:00-05:00,4333.0,4334.10009765625,4322.5,4325.0,2855,0.0,0.0
2026-01-02 13:15:00-05:00,4325.39990234375,4332.7998046875,4321.0,4328.89990234375,4322,0.0,0.0
2026-01-02 13:30:00-05:00,4329.10009765625,4330.10009765625,4319.7001953125,4322.60009765625,2654,0.0,0.0
2026-01-02 13:45:00-05:00,4322.7998046875,4325.89990234375,4322.2998046875,4325.2998046875,1282,0.0,0.0
2026-01-02 14:00:00-05:00,4325.5,4332.2998046875,4325.5,4331.5,1694,0.0,0.0
2026-01-02 14:15:00-05:00,4331.60009765625,4333.2001953125,4326.39990234375,4329.0,1384,0.0,0.0
2026-01-02 14:30:00-05:00,4329.0,4336.2001953125,4328.39990234375,4333.0,1684,0.0,0.0
2026-01-02 14:45:00-05:00,4332.60009765625,4333.0,4327.5,4328.10009765625,1088,0.0,0.0
2026-01-02 15:00:00-05:00,4328.2998046875,4331.7001953125,4327.39990234375,4330.39990234375,904,0.0,0.0
2026-01-02 15:15:00-05:00,4330.10009765625,4339.39990234375,4328.7001953125,4338.5,1209,0.0,0.0
2026-01-02 15:30:00-05:00,4338.2998046875,4339.0,4335.10009765625,4336.5,992,0.0,0.0
2026-01-02 15:45:00-05:00,4336.60009765625,4341.39990234375,4335.89990234375,4341.2998046875,1355,0.0,0.0
2026-01-02 16:00:00-05:00,4341.39990234375,4341.7001953125,4336.7001953125,4338.7001953125,881,0.0,0.0
2026-01-02 16:15:00-05:00,4338.7998046875,4339.7001953125,4337.60009765625,4338.60009765625,262,0.0,0.0
2026-01-02 16:30:00-05:00,4338.60009765625,4340.39990234375,4337.0,4338.39990234375,250,0.0,0.0
2026-01-02 16:45:00-05:00,4338.39990234375,4342.7001953125,4329.60009765625,4329.60009765625,393,0.0,0.0
2026-01-04 18:00:00-05:00,4368.7998046875,4379.7001953125,4367.0,4378.7998046875,1585,0.0,0.0
2026-01-04 18:15:00-05:00,4378.7998046875,4382.2001953125,4370.39990234375,4376.39990234375,2794,0.0,0.0
2026-01-04 18:30:00-05:00,4376.5,4376.5,4363.2998046875,4371.5,1749,0.0,0.0
2026-01-04 18:45:00-05:00,4371.5,4385.39990234375,4370.39990234375,4381.39990234375,2079,0.0,0.0
2026-01-04 19:00:00-05:00,4381.89990234375,4389.39990234375,4379.2998046875,4387.0,1404,0.0,0.0
2026-01-04 19:15:00-05:00,4387.10009765625,4398.89990234375,4386.7001953125,4396.2998046875,2044,0.0,0.0
2026-01-04 19:30:00-05:00,4396.10009765625,4406.39990234375,4395.0,4397.10009765625,3624,0.0,0.0
2026-01-04 19:45:00-05:00,4397.5,4405.60009765625,4394.60009765625,4404.5,1793,0.0,0.0
2026-01-04 20:00:00-05:00,4404.60009765625,4430.7001953125,4403.7998046875,4412.2001953125,7664,0.0,0.0
2026-01-04 20:15:00-05:00,4411.89990234375,4415.0,4403.2001953125,4405.89990234375,2724,0.0,0.0
2026-01-04 20:30:00-05:00,4406.39990234375,4414.7998046875,4402.2001953125,4413.7001953125,2299,0.0,0.0
2026-01-04 20:45:00-05:00,4413.7001953125,4416.5,4400.39990234375,4411.10009765625,2210,0.0,0.0
2026-01-04 21:00:00-05:00,4411.39990234375,4414.7001953125,4397.10009765625,4403.60009765625,2177,0.0,0.0
2026-01-04 21:15:00-05:00,4403.0,4412.10009765625,4401.5,4411.2001953125,1479,0.0,0.0
2026-01-04 21:30:00-05:00,4411.10009765625,4416.2998046875,4408.60009765625,4408.7998046875,1456,0.0,0.0
2026-01-04 21:45:00-05:00,4408.89990234375,4418.7998046875,4407.5,4415.0,1296,0.0,0.0
2026-01-04 22:00:00-05:00,4414.7998046875,4423.2001953125,4414.7998046875,4419.7001953125,1383,0.0,0.0
2026-01-04 22:15:00-05:00,4419.5,4421.60009765625,4414.60009765625,4416.7998046875,837,0.0,0.0
2026-01-04 22:30:00-05:00,4416.10009765625,4419.5,4411.7998046875,4418.60009765625,988,0.0,0.0
2026-01-04 22:45:00-05:00,4418.7001953125,4418.89990234375,4408.5,4408.7998046875,813,0.0,0.0
2026-01-04 23:00:00-05:00,4408.60009765625,4413.2001953125,4406.10009765625,4409.2001953125,1038,0.0,0.0
2026-01-04 23:15:00-05:00,4409.10009765625,4415.5,4409.10009765625,4413.89990234375,600,0.0,0.0
2026-01-04 23:30:00-05:00,4413.89990234375,4417.2001953125,4413.2001953125,4415.2001953125,672,0.0,0.0
2026-01-04 23:45:00-05:00,4415.10009765625,4417.7998046875,4412.60009765625,4415.10009765625,619,0.0,0.0
2026-01-05 00:00:00-05:00,4413.39990234375,4418.10009765625,4412.89990234375,4417.39990234375,524,0.0,0.0
2026-01-05 00:15:00-05:00,4417.2998046875,4421.7998046875,4416.0,4421.39990234375,638,0.0,0.0
2026-01-05 00:30:00-05:00,4421.7001953125,4423.60009765625,4410.89990234375,4411.2001953125,1374,0.0,0.0
2026-01-05 00:45:00-05:00,4411.2001953125,4421.60009765625,4410.0,4421.39990234375,1429,0.0,0.0
2026-01-05 01:00:00-05:00,4421.10009765625,4429.0,4420.2998046875,4427.2001953125,2313,0.0,0.0
2026-01-05 01:15:00-05:00,4427.0,4436.10009765625,4424.39990234375,4433.5,3211,0.0,0.0
2026-01-05 01:30:00-05:00,4433.5,4435.7998046875,4425.2998046875,4429.0,2770,0.0,0.0
2026-01-05 01:45:00-05:00,4429.0,4431.0,4427.5,4429.7001953125,1872,0.0,0.0
2026-01-05 02:00:00-05:00,4429.89990234375,4433.60009765625,4426.2998046875,4429.60009765625,1968,0.0,0.0
2026-01-05 02:15:00-05:00,4429.5,4432.7001953125,4428.10009765625,4430.10009765625,1438,0.0,0.0
2026-01-05 02:30:00-05:00,4429.5,4434.89990234375,4428.0,4434.2998046875,1797,0.0,0.0
2026-01-05 02:45:00-05:00,4434.5,4434.5,4429.60009765625,4431.2001953125,1301,0.0,0.0
2026-01-05 03:00:00-05:00,4431.39990234375,4435.39990234375,4429.2001953125,4434.7001953125,1255,0.0,0.0
2026-01-05 03:15:00-05:00,4434.60009765625,4440.2001953125,4434.60009765625,4436.60009765625,1847,0.0,0.0
2026-01-05 03:30:00-05:00,4436.60009765625,4441.39990234375,4433.5,4440.39990234375,1855,0.0,0.0
2026-01-05 03:45:00-05:00,4440.60009765625,4444.0,4439.7998046875,4439.89990234375,2313,0.0,0.0
2026-01-05 04:00:00-05:00,4439.7998046875,4442.2998046875,4436.7998046875,4441.2001953125,2465,0.0,0.0
2026-01-05 04:15:00-05:00,4441.2001953125,4445.2001953125,4440.39990234375,4443.5,1365,0.0,0.0
2026-01-05 04:30:00-05:00,4443.2998046875,4449.10009765625,4441.7001953125,4448.39990234375,2216,0.0,0.0
2026-01-05 04:45:00-05:00,4448.7001953125,4448.89990234375,4444.7998046875,4445.89990234375,1714,0.0,0.0
2026-01-05 05:00:00-05:00,4446.0,4446.2998046875,4441.60009765625,4443.89990234375,1200,0.0,0.0
2026-01-05 05:15:00-05:00,4443.7998046875,4447.39990234375,4442.0,4443.7998046875,1073,0.0,0.0
2026-01-05 05:30:00-05:00,4444.0,4450.2998046875,4443.89990234375,4446.2998046875,2131,0.0,0.0
2026-01-05 05:45:00-05:00,4446.5,4451.7001953125,4445.5,4447.39990234375,2164,0.0,0.0
2026-01-05 06:00:00-05:00,4447.7001953125,4448.7998046875,4441.39990234375,4445.0,2000,0.0,0.0
2026-01-05 06:15:00-05:00,4445.10009765625,4445.39990234375,4422.2001953125,4428.7001953125,3389,0.0,0.0
2026-01-05 06:30:00-05:00,4428.5,4436.0,4426.7998046875,4435.5,1901,0.0,0.0
2026-01-05 06:45:00-05:00,4435.39990234375,4437.60009765625,4429.39990234375,4430.7001953125,1228,0.0,0.0
2026-01-05 07:00:00-05:00,4430.5,4433.0,4428.0,4429.60009765625,1247,0.0,0.0
2026-01-05 07:15:00-05:00,4429.5,4430.2998046875,4425.10009765625,4427.2998046875,1228,0.0,0.0
2026-01-05 07:30:00-05:00,4427.2998046875,4429.10009765625,4417.2998046875,4421.39990234375,2051,0.0,0.0
2026-01-05 07:45:00-05:00,4421.5,4423.7998046875,4416.7001953125,4421.39990234375,1532,0.0,0.0
2026-01-05 08:00:00-05:00,4421.5,4430.60009765625,4418.5,4420.89990234375,3337,0.0,0.0
2026-01-05 08:15:00-05:00,4420.5,4425.0,4407.5,4410.7998046875,4736,0.0,0.0
2026-01-05 08:30:00-05:00,4411.5,4425.39990234375,4407.0,4422.89990234375,5515,0.0,0.0
2026-01-05 08:45:00-05:00,4423.10009765625,4429.2998046875,4422.60009765625,4428.7998046875,2463,0.0,0.0
2026-01-05 09:00:00-05:00,4429.0,4440.10009765625,4429.0,4438.10009765625,4275,0.0,0.0
2026-01-05 09:15:00-05:00,4438.2001953125,4442.10009765625,4431.2998046875,4432.2001953125,4708,0.0,0.0
2026-01-05 09:30:00-05:00,4432.2998046875,4441.10009765625,4428.2998046875,4440.39990234375,5321,0.0,0.0
2026-01-05 09:45:00-05:00,4440.39990234375,4454.2998046875,4438.7001953125,4447.7998046875,6297,0.0,0.0
2026-01-05 10:00:00-05:00,4448.2001953125,4467.60009765625,4447.60009765625,4460.2001953125,9028,0.0,0.0
2026-01-05 10:15:00-05:00,4460.0,4463.39990234375,4453.10009765625,4455.7998046875,3838,0.0,0.0
2026-01-05 10:30:00-05:00,4455.89990234375,4458.5,4445.60009765625,4458.0,5236,0.0,0.0
2026-01-05 10:45:00-05:00,4457.7998046875,4461.0,4451.2998046875,4459.0,4021,0.0,0.0
2026-01-05 11:00:00-05:00,4458.7998046875,4462.2001953125,4448.89990234375,4457.10009765625,3190,0.0,0.0
2026-01-05 11:15:00-05:00,4457.2001953125,4459.5,4450.89990234375,4451.60009765625,2565,0.0,0.0
2026-01-05 11:30:00-05:00,4451.39990234375,4457.10009765625,4450.7001953125,4456.2998046875,2410,0.0,0.0
2026-01-05 11:45:00-05:00,4456.2001953125,4465.7998046875,4451.7001953125,4452.7001953125,3265,0.0,0.0
2026-01-05 12:00:00-05:00,4452.89990234375,4453.5,4443.2001953125,4453.5,3786,0.0,0.0
2026-01-05 12:15:00-05:00,4453.2998046875,4459.60009765625,4453.2998046875,4456.60009765625,2392,0.0,0.0
2026-01-05 12:30:00-05:00,4456.89990234375,4458.60009765625,4448.2998046875,4449.7998046875,2112,0.0,0.0
2026-01-05 12:45:00-05:00,4449.7998046875,4456.2998046875,4449.5,4454.2001953125,1235,0.0,0.0
2026-01-05 13:00:00-05:00,4453.89990234375,4458.7001953125,4452.2998046875,4457.89990234375,1560,0.0,0.0
2026-01-05 13:15:00-05:00,4457.7998046875,4459.2001953125,4450.39990234375,4452.2001953125,3587,0.0,0.0
2026-01-05 13:30:00-05:00,4451.89990234375,4456.89990234375,4451.7001953125,4454.2001953125,1565,0.0,0.0
2026-01-05 13:45:00-05:00,4454.5,4459.7001953125,4453.7001953125,4459.7001953125,891,0.0,0.0
2026-01-05 14:00:00-05:00,4459.89990234375,4461.0,4445.60009765625,4451.0,2625,0.0,0.0
2026-01-05 14:15:00-05:00,4450.7998046875,4454.10009765625,4448.39990234375,4453.2001953125,960,0.0,0.0
2026-01-05 14:30:00-05:00,4452.7001953125,4457.10009765625,4452.5,4453.7998046875,811,0.0,0.0
2026-01-05 14:45:00-05:00,4453.7001953125,4455.2001953125,4449.5,4450.89990234375,839,0.0,0.0
2026-01-05 15:00:00-05:00,4450.7001953125,4456.2998046875,4450.10009765625,4454.7001953125,1149,0.0,0.0
2026-01-05 15:15:00-05:00,4455.10009765625,4458.0,4453.7001953125,4456.5,849,0.0,0.0
2026-01-05 15:30:00-05:00,4456.39990234375,4456.39990234375,4448.2998046875,4448.2998046875,1438,0.0,0.0
2026-01-05 15:45:00-05:00,4448.5,4456.0,4448.39990234375,4454.89990234375,1936,0.0,0.0
2026-01-05 16:00:00-05:00,4455.10009765625,4459.0,4454.89990234375,4457.5,800,0.0,0.0
2026-01-05 16:15:00-05:00,4457.2001953125,4457.60009765625,4453.7998046875,4456.0,341,0.0,0.0
2026-01-05 16:30:00-05:00,4455.89990234375,4458.89990234375,4455.89990234375,4456.7998046875,410,0.0,0.0
2026-01-05 16:45:00-05:00,4456.7998046875,4460.7998046875,4456.2998046875,4459.7001953125,590,0.0,0.0
2026-01-05 18:00:00-05:00,4459.7998046875,4471.60009765625,4459.0,4462.39990234375,938,0.0,0.0
2026-01-05 18:15:00-05:00,4461.89990234375,4464.39990234375,4459.0,4459.0,728,0.0,0.0
2026-01-05 18:30:00-05:00,4459.60009765625,4460.89990234375,4449.2001953125,4453.2998046875,1342,0.0,0.0
2026-01-05 18:45:00-05:00,4453.5,4454.7001953125,4447.0,4450.7001953125,689,0.0,0.0
2026-01-05 19:00:00-05:00,4450.60009765625,4452.2998046875,4446.5,4451.10009765625,928,0.0,0.0
2026-01-05 19:15:00-05:00,4451.10009765625,4453.10009765625,4449.7001953125,4451.0,512,0.0,0.0
2026-01-05 19:30:00-05:00,4451.39990234375,4455.60009765625,4440.7001953125,4447.2001953125,1591,0.0,0.0
2026-01-05 19:45:00-05:00,4447.7998046875,4449.10009765625,4445.5,4447.39990234375,565,0.0,0.0
2026-01-05 20:00:00-05:00,4447.39990234375,4452.7001953125,4437.89990234375,4452.10009765625,2191,0.0,0.0
2026-01-05 20:15:00-05:00,4452.39990234375,4454.89990234375,4444.0,4445.39990234375,1157,0.0,0.0
2026-01-05 20:30:00-05:00,4445.0,4453.2998046875,4442.7001953125,4449.10009765625,1100,0.0,0.0
2026-01-05 20:45:00-05:00,4449.60009765625,4462.2001953125,4448.39990234375,4460.0,1431,0.0,0.0
2026-01-05 21:00:00-05:00,4460.10009765625,4470.39990234375,4458.10009765625,4469.2001953125,1965,0.0,0.0
2026-01-05 21:15:00-05:00,4469.10009765625,4471.2001953125,4466.2001953125,4470.60009765625,1340,0.0,0.0
2026-01-05 21:30:00-05:00,4470.5,4472.0,4459.0,4463.7001953125,1802,0.0,0.0
2026-01-05 21:45:00-05:00,4463.7001953125,4468.0,4461.7998046875,4464.89990234375,1294,0.0,0.0
2026-01-05 22:00:00-05:00,4464.7998046875,4475.89990234375,4464.2001953125,4472.89990234375,1602,0.0,0.0
2026-01-05 22:15:00-05:00,4472.60009765625,4478.5,4472.39990234375,4474.0,1355,0.0,0.0
2026-01-05 22:30:00-05:00,4474.39990234375,4478.2998046875,4473.7001953125,4476.7001953125,561,0.0,0.0
2026-01-05 22:45:00-05:00,4476.7001953125,4478.89990234375,4475.39990234375,4478.2998046875,743,0.0,0.0
2026-01-05 23:00:00-05:00,4478.2998046875,4479.39990234375,4475.2001953125,4476.10009765625,615,0.0,0.0
2026-01-05 23:15:00-05:00,4476.10009765625,4478.10009765625,4474.0,4475.2998046875,645,0.0,0.0
2026-01-05 23:30:00-05:00,4475.39990234375,4477.0,4472.10009765625,4473.2001953125,905,0.0,0.0
2026-01-05 23:45:00-05:00,4473.2001953125,4479.0,4473.2001953125,4478.0,489,0.0,0.0
2026-01-06 00:00:00-05:00,4477.89990234375,4480.39990234375,4477.60009765625,4478.0,514,0.0,0.0
2026-01-06 00:15:00-05:00,4477.2998046875,4481.39990234375,4477.2001953125,4480.2998046875,511,0.0,0.0
2026-01-06 00:30:00-05:00,4480.10009765625,4485.2001953125,4472.0,4473.7001953125,1999,0.0,0.0
2026-01-06 00:45:00-05:00,4473.7001953125,4475.5,4460.2001953125,4463.2998046875,2144,0.0,0.0
2026-01-06 01:00:00-05:00,4463.2998046875,4469.0,4462.39990234375,4467.39990234375,1819,0.0,0.0
2026-01-06 01:15:00-05:00,4467.60009765625,4471.7001953125,4465.89990234375,4471.7001953125,1071,0.0,0.0
2026-01-06 01:30:00-05:00,4471.39990234375,4476.0,4469.39990234375,4473.89990234375,1125,0.0,0.0
2026-01-06 01:45:00-05:00,4473.7998046875,4476.89990234375,4471.5,4475.60009765625,900,0.0,0.0
2026-01-06 02:00:00-05:00,4475.5,4480.5,4474.39990234375,4478.39990234375,1726,0.0,0.0
2026-01-06 02:15:00-05:00,4478.60009765625,4479.60009765625,4471.5,4474.39990234375,820,0.0,0.0
2026-01-06 02:30:00-05:00,4474.5,4477.10009765625,4473.2001953125,4474.2001953125,610,0.0,0.0
2026-01-06 02:45:00-05:00,4474.0,4476.5,4466.7998046875,4469.2998046875,2142,0.0,0.0
2026-01-06 03:00:00-05:00,4468.5,4473.7001953125,4466.89990234375,4472.0,1612,0.0,0.0
2026-01-06 03:15:00-05:00,4472.10009765625,4486.0,4471.7998046875,4481.60009765625,2387,0.0,0.0
2026-01-06 03:30:00-05:00,4481.39990234375,4483.39990234375,4475.10009765625,4476.2998046875,2409,0.0,0.0
2026-01-06 03:45:00-05:00,4476.2001953125,4480.2998046875,4475.39990234375,4478.7998046875,1262,0.0,0.0
2026-01-06 04:00:00-05:00,4479.0,4479.2001953125,4464.2001953125,4468.60009765625,2688,0.0,0.0
2026-01-06 04:15:00-05:00,4468.2998046875,4469.0,4462.60009765625,4467.2998046875,1594,0.0,0.0
2026-01-06 04:30:00-05:00,4467.0,4467.39990234375,4463.5,4465.89990234375,1712,0.0,0.0
2026-01-06 04:45:00-05:00,4465.89990234375,4466.5,4454.7001953125,4456.5,3654,0.0,0.0
2026-01-06 05:00:00-05:00,4456.2001953125,4462.39990234375,4452.5,4460.10009765625,1619,0.0,0.0
2026-01-06 05:15:00-05:00,4460.10009765625,4462.5,4458.60009765625,4460.2998046875,803,0.0,0.0
2026-01-06 05:30:00-05:00,4460.2998046875,4466.0,4458.7001953125,4461.10009765625,1422,0.0,0.0
2026-01-06 05:45:00-05:00,4461.0,4463.2998046875,4459.2001953125,4461.7001953125,651,0.0,0.0
2026-01-06 06:00:00-05:00,4461.7001953125,4463.10009765625,4459.7998046875,4460.7998046875,578,0.0,0.0
2026-01-06 06:15:00-05:00,4460.7998046875,4465.89990234375,4458.39990234375,4465.39990234375,815,0.0,0.0
2026-01-06 06:30:00-05:00,4465.60009765625,4473.10009765625,4464.7001953125,4472.5,2567,0.0,0.0
2026-01-06 06:45:00-05:00,4472.7001953125,4475.2998046875,4470.10009765625,4474.10009765625,1085,0.0,0.0
2026-01-06 07:00:00-05:00,4474.10009765625,4475.5,4472.2998046875,4472.7001953125,790,0.0,0.0
2026-01-06 07:15:00-05:00,4472.7998046875,4476.39990234375,4471.7998046875,4475.2001953125,1076,0.0,0.0
2026-01-06 07:30:00-05:00,4475.2001953125,4477.2001953125,4469.2998046875,4472.60009765625,1156,0.0,0.0
2026-01-06 07:45:00-05:00,4472.89990234375,4475.39990234375,4470.0,4474.39990234375,806,0.0,0.0
2026-01-06 08:00:00-05:00,4474.2001953125,4478.7998046875,4470.2001953125,4475.89990234375,2348,0.0,0.0
2026-01-06 08:15:00-05:00,4475.7998046875,4481.0,4467.39990234375,4469.2001953125,3015,0.0,0.0
2026-01-06 08:30:00-05:00,4469.7001953125,4472.5,4465.7001953125,4471.2001953125,1991,0.0,0.0
2026-01-06 08:45:00-05:00,4471.5,4478.60009765625,4464.10009765625,4478.2001953125,2407,0.0,0.0
2026-01-06 09:00:00-05:00,4478.39990234375,4483.2001953125,4476.60009765625,4482.2001953125,4285,0.0,0.0
2026-01-06 09:15:00-05:00,4482.0,4483.89990234375,4474.7001953125,4477.10009765625,2398,0.0,0.0
2026-01-06 09:30:00-05:00,4477.0,4494.0,4475.10009765625,4490.10009765625,7152,0.0,0.0
2026-01-06 09:45:00-05:00,4490.0,4500.7001953125,4489.89990234375,4498.2998046875,6136,0.0,0.0
2026-01-06 10:00:00-05:00,4498.0,4501.7998046875,4489.2001953125,4490.89990234375,6756,0.0,0.0
2026-01-06 10:15:00-05:00,4490.7998046875,4493.89990234375,4483.89990234375,4490.7001953125,4018,0.0,0.0
2026-01-06 10:30:00-05:00,4487.5,4488.5,4474.39990234375,4486.10009765625,6051,0.0,0.0
2026-01-06 10:45:00-05:00,4484.2998046875,4490.0,4481.7001953125,4488.5,4074,0.0,0.0
2026-01-06 11:00:00-05:00,4488.39990234375,4493.10009765625,4481.7001953125,4486.2998046875,2901,0.0,0.0
2026-01-06 11:15:00-05:00,4490.10009765625,4495.7001953125,4489.60009765625,4494.10009765625,1965,0.0,0.0
2026-01-06 11:30:00-05:00,4494.2001953125,4499.7001953125,4492.89990234375,4498.60009765625,2730,0.0,0.0
2026-01-06 11:45:00-05:00,4498.10009765625,4499.2001953125,4495.5,4498.7001953125,1494,0.0,0.0
2026-01-06 12:00:00-05:00,4498.7001953125,4500.60009765625,4496.10009765625,4498.5,2088,0.0,0.0
2026-01-06 12:15:00-05:00,4498.39990234375,4499.7001953125,4495.5,4497.10009765625,1734,0.0,0.0
2026-01-06 12:30:00-05:00,4496.7998046875,4499.7998046875,4493.7998046875,4494.2001953125,1613,0.0,0.0
2026-01-06 12:45:00-05:00,4494.10009765625,4501.60009765625,4493.7001953125,4499.89990234375,2855,0.0,0.0
2026-01-06 13:00:00-05:00,4499.7998046875,4501.60009765625,4497.39990234375,4501.2998046875,2089,0.0,0.0
2026-01-06 13:15:00-05:00,4501.7001953125,4503.7001953125,4500.5,4500.5,2797,0.0,0.0
2026-01-06 13:30:00-05:00,4494.5,4497.0,4492.2001953125,4496.7998046875,5097,0.0,0.0
2026-01-06 13:45:00-05:00,4498.2998046875,4500.60009765625,4497.7001953125,4500.0,2044,0.0,0.0
2026-01-06 14:00:00-05:00,4497.7998046875,4498.39990234375,4492.10009765625,4492.60009765625,1976,0.0,0.0
2026-01-06 14:15:00-05:00,4492.7001953125,4495.7001953125,4488.0,4491.7001953125,2051,0.0,0.0
2026-01-06 14:30:00-05:00,4491.5,4493.89990234375,4488.39990234375,4493.7001953125,1395,0.0,0.0
2026-01-06 14:45:00-05:00,4494.39990234375,4494.7001953125,4489.7998046875,4492.2001953125,1193,0.0,0.0
2026-01-06 15:00:00-05:00,4492.10009765625,4496.89990234375,4491.60009765625,4496.5,1235,0.0,0.0
2026-01-06 15:15:00-05:00,4497.10009765625,4498.0,4496.39990234375,4497.2001953125,608,0.0,0.0
2026-01-06 15:30:00-05:00,4494.60009765625,4500.5,4494.60009765625,4500.10009765625,1239,0.0,0.0
2026-01-06 15:45:00-05:00,4500.39990234375,4504.7001953125,4499.5,4504.2001953125,2291,0.0,0.0
2026-01-06 16:00:00-05:00,4504.10009765625,4505.10009765625,4502.39990234375,4502.89990234375,734,0.0,0.0
2026-01-06 16:15:00-05:00,4502.7001953125,4505.2001953125,4502.7001953125,4504.89990234375,387,0.0,0.0
2026-01-06 16:30:00-05:00,4504.7001953125,4507.7998046875,4504.5,4507.0,314,0.0,0.0
2026-01-06 16:45:00-05:00,4506.7001953125,4508.2998046875,4504.89990234375,4505.7001953125,510,0.0,0.0
2026-01-06 18:00:00-05:00,4505.39990234375,4510.5,4505.39990234375,4508.2001953125,510,0.0,0.0
2026-01-06 18:15:00-05:00,4508.60009765625,4512.39990234375,4508.10009765625,4510.10009765625,913,0.0,0.0
2026-01-06 18:30:00-05:00,4510.2998046875,4511.0,4506.39990234375,4507.10009765625,578,0.0,0.0
2026-01-06 18:45:00-05:00,4506.7998046875,4507.7998046875,4503.39990234375,4504.60009765625,1133,0.0,0.0
2026-01-06 19:00:00-05:00,4504.7998046875,4505.7001953125,4501.39990234375,4504.2001953125,959,0.0,0.0
2026-01-06 19:15:00-05:00,4504.5,4504.7998046875,4500.89990234375,4502.5,622,0.0,0.0
2026-01-06 19:30:00-05:00,4502.7001953125,4506.39990234375,4499.10009765625,4501.10009765625,1006,0.0,0.0
2026-01-06 19:45:00-05:00,4501.0,4503.2998046875,4493.2001953125,4502.89990234375,1927,0.0,0.0
2026-01-06 20:00:00-05:00,4503.2001953125,4506.89990234375,4479.7001953125,4481.89990234375,4077,0.0,0.0
2026-01-06 20:15:00-05:00,4482.10009765625,4490.2998046875,4481.7998046875,4488.0,1781,0.0,0.0
2026-01-06 20:30:00-05:00,4488.89990234375,4488.89990234375,4475.2001953125,4479.39990234375,2789,0.0,0.0
2026-01-06 20:45:00-05:00,4479.60009765625,4481.5,4471.89990234375,4476.5,1879,0.0,0.0
2026-01-06 21:00:00-05:00,4476.39990234375,4486.2998046875,4470.10009765625,4483.60009765625,2498,0.0,0.0
2026-01-06 21:15:00-05:00,4483.39990234375,4486.2001953125,4479.2001953125,4484.89990234375,1014,0.0,0.0
2026-01-06 21:30:00-05:00,4484.7001953125,4489.60009765625,4484.5,4487.39990234375,1448,0.0,0.0
2026-01-06 21:45:00-05:00,4487.0,4490.5,4485.0,4486.0,1255,0.0,0.0
2026-01-06 22:00:00-05:00,4486.0,4488.10009765625,4482.7001953125,4485.7998046875,1086,0.0,0.0
2026-01-06 22:15:00-05:00,4485.39990234375,4491.5,4483.5,4487.39990234375,643,0.0,0.0
2026-01-06 22:30:00-05:00,4487.5,4490.2001953125,4486.5,4489.2001953125,565,0.0,0.0
2026-01-06 22:45:00-05:00,4489.39990234375,4489.39990234375,4484.5,4485.7001953125,580,0.0,0.0
2026-01-06 23:00:00-05:00,4485.60009765625,4487.0,4480.10009765625,4481.2001953125,1024,0.0,0.0
2026-01-06 23:15:00-05:00,4481.60009765625,4482.7998046875,4476.2998046875,4476.60009765625,1983,0.0,0.0
2026-01-06 23:30:00-05:00,4476.60009765625,4478.89990234375,4473.5,4475.2998046875,1576,0.0,0.0
2026-01-06 23:45:00-05:00,4475.2998046875,4477.0,4473.7998046875,4474.39990234375,591,0.0,0.0
2026-01-07 00:00:00-05:00,4474.7001953125,4477.5,4472.10009765625,4476.2998046875,772,0.0,0.0
2026-01-07 00:15:00-05:00,4476.2001953125,4480.60009765625,4475.7998046875,4479.0,634,0.0,0.0
2026-01-07 00:30:00-05:00,4478.5,4479.5,4458.5,4462.39990234375,4107,0.0,0.0
2026-01-07 00:45:00-05:00,4462.10009765625,4464.60009765625,4453.39990234375,4464.10009765625,3095,0.0,0.0
2026-01-07 01:00:00-05:00,4464.10009765625,4469.0,4463.0,4465.7998046875,1564,0.0,0.0
2026-01-07 01:15:00-05:00,4466.0,4470.2001953125,4461.7001953125,4464.60009765625,1722,0.0,0.0
2026-01-07 01:30:00-05:00,4464.5,4465.10009765625,4453.2001953125,4456.60009765625,2395,0.0,0.0
2026-01-07 01:45:00-05:00,4456.2998046875,4461.0,4451.5,4454.7998046875,2438,0.0,0.0
2026-01-07 02:00:00-05:00,4454.39990234375,4461.2001953125,4452.0,4460.60009765625,1237,0.0,0.0
2026-01-07 02:15:00-05:00,4460.39990234375,4465.2998046875,4459.0,4465.2998046875,1033,0.0,0.0
2026-01-07 02:30:00-05:00,4465.39990234375,4470.5,4464.10009765625,4468.7998046875,1374,0.0,0.0
2026-01-07 02:45:00-05:00,4468.7998046875,4475.2001953125,4468.60009765625,4470.7998046875,1312,0.0,0.0
2026-01-07 03:00:00-05:00,4470.7001953125,4476.0,4468.89990234375,4475.5,1299,0.0,0.0
2026-01-07 03:15:00-05:00,4475.5,4478.2998046875,4473.2998046875,4475.10009765625,1109,0.0,0.0
2026-01-07 03:30:00-05:00,4474.7998046875,4485.0,4473.7998046875,4476.89990234375,2020,0.0,0.0
2026-01-07 03:45:00-05:00,4476.7001953125,4480.60009765625,4475.5,4478.2998046875,932,0.0,0.0
2026-01-07 04:00:00-05:00,4477.89990234375,4478.5,4469.2001953125,4475.7001953125,1947,0.0,0.0
2026-01-07 04:15:00-05:00,4475.7001953125,4477.0,4471.2001953125,4471.39990234375,902,0.0,0.0
2026-01-07 04:30:00-05:00,4471.39990234375,4474.39990234375,4470.60009765625,4471.39990234375,517,0.0,0.0
2026-01-07 04:45:00-05:00,4471.10009765625,4475.60009765625,4469.7001953125,4473.60009765625,874,0.0,0.0
2026-01-07 05:00:00-05:00,4473.2001953125,4475.5,4471.2001953125,4474.60009765625,597,0.0,0.0
2026-01-07 05:15:00-05:00,4474.39990234375,4476.5,4468.2001953125,4469.39990234375,722,0.0,0.0
2026-01-07 05:30:00-05:00,4469.7998046875,4477.2998046875,4468.2998046875,4475.7998046875,966,0.0,0.0
2026-01-07 05:45:00-05:00,4476.0,4477.7001953125,4473.5,4474.2001953125,500,0.0,0.0
2026-01-07 06:00:00-05:00,4474.2998046875,4474.7998046875,4470.7998046875,4471.2998046875,729,0.0,0.0
2026-01-07 06:15:00-05:00,4471.2998046875,4473.89990234375,4464.89990234375,4468.7998046875,1112,0.0,0.0
2026-01-07 06:30:00-05:00,4468.60009765625,4469.7001953125,4460.0,4460.2001953125,1454,0.0,0.0
2026-01-07 06:45:00-05:00,4460.2001953125,4464.2998046875,4456.2001953125,4456.89990234375,1839,0.0,0.0
2026-01-07 07:00:00-05:00,4457.2998046875,4460.10009765625,4453.0,4455.10009765625,1836,0.0,0.0
2026-01-07 07:15:00-05:00,4454.89990234375,4459.89990234375,4448.60009765625,4459.39990234375,2662,0.0,0.0
2026-01-07 07:30:00-05:00,4459.2998046875,4464.2001953125,4458.7001953125,4459.2998046875,1666,0.0,0.0
2026-01-07 07:45:00-05:00,4459.39990234375,4463.2998046875,4454.10009765625,4454.5,1515,0.0,0.0
2026-01-07 08:00:00-05:00,4454.2998046875,4459.2998046875,4436.60009765625,4442.60009765625,7345,0.0,0.0
2026-01-07 08:15:00-05:00,4443.2001953125,4456.89990234375,4439.10009765625,4451.2998046875,7342,0.0,0.0
2026-01-07 08:30:00-05:00,4451.0,4460.2998046875,4447.5,4454.7998046875,3659,0.0,0.0
2026-01-07 08:45:00-05:00,4455.10009765625,4463.0,4454.0,4462.89990234375,3631,0.0,0.0
2026-01-07 09:00:00-05:00,4462.7001953125,4464.10009765625,4456.7998046875,4456.89990234375,2626,0.0,0.0
2026-01-07 09:15:00-05:00,4456.7998046875,4463.2001953125,4452.0,4454.60009765625,4837,0.0,0.0
2026-01-07 09:30:00-05:00,4454.5,4462.39990234375,4445.5,4453.89990234375,6222,0.0,0.0
2026-01-07 09:45:00-05:00,4453.7998046875,4462.89990234375,4450.0,4454.60009765625,5101,0.0,0.0
2026-01-07 10:00:00-05:00,4454.60009765625,4455.2001953125,4435.89990234375,4436.2001953125,7423,0.0,0.0
2026-01-07 10:15:00-05:00,4436.10009765625,4452.60009765625,4432.89990234375,4452.2001953125,6844,0.0,0.0
2026-01-07 10:30:00-05:00,4452.2001953125,4462.5,4452.0,4452.39990234375,7079,0.0,0.0
2026-01-07 10:45:00-05:00,4452.39990234375,4458.39990234375,4450.2001953125,4453.60009765625,3528,0.0,0.0
2026-01-07 11:00:00-05:00,4457.10009765625,4461.7001953125,4453.7998046875,4456.7001953125,3782,0.0,0.0
2026-01-07 11:15:00-05:00,4457.39990234375,4472.0,4454.7998046875,4468.2001953125,5177,0.0,0.0
2026-01-07 11:30:00-05:00,4468.2998046875,4478.2001953125,4467.10009765625,4477.89990234375,5362,0.0,0.0
2026-01-07 11:45:00-05:00,4477.7001953125,4478.39990234375,4471.7001953125,4474.2001953125,2787,0.0,0.0
2026-01-07 12:00:00-05:00,4474.10009765625,4475.5,4468.0,4470.5,3529,0.0,0.0
2026-01-07 12:15:00-05:00,4470.7001953125,4473.39990234375,4467.60009765625,4469.0,2465,0.0,0.0
2026-01-07 12:30:00-05:00,4469.10009765625,4472.0,4466.39990234375,4467.10009765625,1831,0.0,0.0
2026-01-07 12:45:00-05:00,4467.0,4469.39990234375,4459.39990234375,4461.7998046875,2640,0.0,0.0
2026-01-07 13:00:00-05:00,4461.60009765625,4463.0,4457.89990234375,4459.89990234375,2132,0.0,0.0
2026-01-07 13:15:00-05:00,4459.7998046875,4466.2998046875,4457.2001953125,4462.2998046875,4065,0.0,0.0
2026-01-07 13:30:00-05:00,4462.39990234375,4468.7998046875,4461.39990234375,4465.89990234375,2551,0.0,0.0
2026-01-07 13:45:00-05:00,4466.2998046875,4466.5,4459.5,4461.60009765625,1680,0.0,0.0
2026-01-07 14:00:00-05:00,4461.7001953125,4465.39990234375,4457.7001953125,4459.2998046875,1509,0.0,0.0
2026-01-07 14:15:00-05:00,4459.2998046875,4460.7001953125,4455.0,4460.39990234375,2228,0.0,0.0
2026-01-07 14:30:00-05:00,4460.2001953125,4466.89990234375,4459.89990234375,4462.7998046875,1361,0.0,0.0
2026-01-07 14:45:00-05:00,4463.0,4467.7998046875,4461.60009765625,4466.7998046875,676,0.0,0.0
2026-01-07 15:00:00-05:00,4466.7998046875,4469.2001953125,4465.10009765625,4468.2001953125,1063,0.0,0.0
2026-01-07 15:15:00-05:00,4467.60009765625,4471.5,4465.39990234375,4467.7998046875,1523,0.0,0.0
2026-01-07 15:30:00-05:00,4468.0,4470.0,4466.0,4466.89990234375,1783,0.0,0.0
2026-01-07 15:45:00-05:00,4466.7001953125,4470.0,4460.7001953125,4462.60009765625,1928,0.0,0.0
2026-01-07 16:00:00-05:00,4462.5,4464.89990234375,4459.89990234375,4464.2001953125,833,0.0,0.0
2026-01-07 16:15:00-05:00,4464.2001953125,4465.5,4462.0,4462.60009765625,237,0.0,0.0
2026-01-07 16:30:00-05:00,4462.5,4464.60009765625,4462.39990234375,4463.2998046875,194,0.0,0.0
2026-01-07 16:45:00-05:00,4463.5,4467.10009765625,4463.0,4467.10009765625,360,0.0,0.0
2026-01-07 18:00:00-05:00,4467.10009765625,4472.0,4467.10009765625,4468.60009765625,294,0.0,0.0
2026-01-07 18:15:00-05:00,4468.5,4473.2001953125,4467.7998046875,4471.0,1031,0.0,0.0
2026-01-07 18:30:00-05:00,4470.7001953125,4471.7998046875,4468.7001953125,4470.7001953125,365,0.0,0.0
2026-01-07 18:45:00-05:00,4470.39990234375,4472.7998046875,4468.5,4472.2001953125,370,0.0,0.0
2026-01-07 19:00:00-05:00,4472.0,4474.7001953125,4471.0,4474.5,727,0.0,0.0
2026-01-07 19:15:00-05:00,4474.7001953125,4475.2001953125,4462.7001953125,4465.89990234375,913,0.0,0.0
2026-01-07 19:30:00-05:00,4465.89990234375,4467.7998046875,4458.7001953125,4459.7998046875,956,0.0,0.0
2026-01-07 19:45:00-05:00,4460.10009765625,4461.10009765625,4455.10009765625,4459.0,846,0.0,0.0
2026-01-07 20:00:00-05:00,4458.60009765625,4469.39990234375,4452.7001953125,4465.7001953125,2312,0.0,0.0
2026-01-07 20:15:00-05:00,4466.10009765625,4469.2001953125,4463.2998046875,4464.10009765625,1511,0.0,0.0
2026-01-07 20:30:00-05:00,4463.89990234375,4466.5,4454.39990234375,4456.5,1734,0.0,0.0
2026-01-07 20:45:00-05:00,4456.2998046875,4457.2998046875,4450.2001953125,4457.10009765625,1548,0.0,0.0
2026-01-07 21:00:00-05:00,4457.10009765625,4458.2998046875,4448.60009765625,4455.0,1139,0.0,0.0
2026-01-07 21:15:00-05:00,4454.60009765625,4454.7998046875,4449.2998046875,4449.7001953125,771,0.0,0.0
2026-01-07 21:30:00-05:00,4449.39990234375,4451.0,4441.7001953125,4450.2998046875,2764,0.0,0.0
2026-01-07 21:45:00-05:00,4450.39990234375,4452.5,4445.7001953125,4449.7001953125,1311,0.0,0.0
2026-01-07 22:00:00-05:00,4450.10009765625,4454.2001953125,4447.0,4450.89990234375,891,0.0,0.0
2026-01-07 22:15:00-05:00,4450.7998046875,4454.5,4445.5,4452.7001953125,944,0.0,0.0
2026-01-07 22:30:00-05:00,4452.7998046875,4455.39990234375,4448.10009765625,4450.60009765625,418,0.0,0.0
2026-01-07 22:45:00-05:00,4450.2001953125,4451.10009765625,4446.2998046875,4448.2001953125,482,0.0,0.0
2026-01-07 23:00:00-05:00,4448.2998046875,4448.7001953125,4444.7998046875,4448.39990234375,592,0.0,0.0
2026-01-07 23:15:00-05:00,4448.10009765625,4448.7001953125,4445.0,4445.0,546,0.0,0.0
2026-01-07 23:30:00-05:00,4444.89990234375,4447.0,4440.2001953125,4440.2001953125,833,0.0,0.0
2026-01-07 23:45:00-05:00,4440.2998046875,4441.7001953125,4438.39990234375,4440.60009765625,916,0.0,0.0
2026-01-08 00:00:00-05:00,4439.7998046875,4441.0,4434.2001953125,4436.0,1380,0.0,0.0
2026-01-08 00:15:00-05:00,4435.7998046875,4437.7998046875,4430.7998046875,4433.89990234375,2125,0.0,0.0
2026-01-08 00:30:00-05:00,4434.10009765625,4434.7998046875,4423.60009765625,4426.89990234375,3277,0.0,0.0
2026-01-08 00:45:00-05:00,4426.89990234375,4435.7998046875,4423.60009765625,4433.60009765625,1647,0.0,0.0
2026-01-08 01:00:00-05:00,4433.39990234375,4437.2998046875,4423.7001953125,4428.5,2069,0.0,0.0
2026-01-08 01:15:00-05:00,4428.7001953125,4436.2998046875,4426.2998046875,4434.2998046875,1259,0.0,0.0
2026-01-08 01:30:00-05:00,4434.60009765625,4445.7001953125,4434.60009765625,4443.7001953125,2207,0.0,0.0
2026-01-08 01:45:00-05:00,4443.39990234375,4444.10009765625,4437.7001953125,4441.5,1298,0.0,0.0
2026-01-08 02:00:00-05:00,4441.39990234375,4448.39990234375,4440.2001953125,4444.0,1392,0.0,0.0
2026-01-08 02:15:00-05:00,4444.2001953125,4445.60009765625,4439.5,4444.89990234375,1704,0.0,0.0
2026-01-08 02:30:00-05:00,4444.7001953125,4445.39990234375,4439.0,4439.39990234375,945,0.0,0.0
2026-01-08 02:45:00-05:00,4439.2001953125,4442.10009765625,4436.10009765625,4438.60009765625,857,0.0,0.0
2026-01-08 03:00:00-05:00,4438.5,4441.39990234375,4433.10009765625,4433.89990234375,1632,0.0,0.0
2026-01-08 03:15:00-05:00,4433.39990234375,4438.7998046875,4433.10009765625,4434.89990234375,634,0.0,0.0
2026-01-08 03:30:00-05:00,4434.89990234375,4436.60009765625,4427.39990234375,4429.0,1437,0.0,0.0
2026-01-08 03:45:00-05:00,4428.7998046875,4440.39990234375,4428.7001953125,4439.39990234375,1545,0.0,0.0
2026-01-08 04:00:00-05:00,4439.2001953125,4443.2998046875,4438.0,4438.60009765625,1021,0.0,0.0
2026-01-08 04:15:00-05:00,4438.7001953125,4439.10009765625,4433.5,4438.0,1311,0.0,0.0
2026-01-08 04:30:00-05:00,4437.60009765625,4442.5,4437.60009765625,4440.7998046875,1006,0.0,0.0
2026-01-08 04:45:00-05:00,4440.89990234375,4441.0,4436.7001953125,4440.2998046875,852,0.0,0.0
2026-01-08 05:00:00-05:00,4440.2998046875,4440.39990234375,4435.2998046875,4437.10009765625,859,0.0,0.0
2026-01-08 05:15:00-05:00,4436.7001953125,4438.39990234375,4430.60009765625,4432.2001953125,1069,0.0,0.0
2026-01-08 05:30:00-05:00,4432.2001953125,4443.0,4431.2998046875,4440.7998046875,1945,0.0,0.0
2026-01-08 05:45:00-05:00,4440.7001953125,4442.2001953125,4438.10009765625,4441.60009765625,1150,0.0,0.0
2026-01-08 06:00:00-05:00,4441.5,4441.60009765625,4435.7998046875,4436.7001953125,867,0.0,0.0
2026-01-08 06:15:00-05:00,4436.5,4437.89990234375,4433.0,4435.0,742,0.0,0.0
2026-01-08 06:30:00-05:00,4434.7001953125,4436.60009765625,4433.0,4435.0,430,0.0,0.0
2026-01-08 06:45:00-05:00,4434.7001953125,4435.7001953125,4429.60009765625,4431.0,979,0.0,0.0
2026-01-08 07:00:00-05:00,4430.89990234375,4430.89990234375,4419.39990234375,4420.10009765625,3463,0.0,0.0
2026-01-08 07:15:00-05:00,4419.7998046875,4430.0,4415.0,4428.2001953125,3555,0.0,0.0
2026-01-08 07:30:00-05:00,4427.89990234375,4439.0,4427.5,4436.7998046875,2460,0.0,0.0
2026-01-08 07:45:00-05:00,4436.7998046875,4438.10009765625,4433.7001953125,4434.7001953125,1409,0.0,0.0
2026-01-08 08:00:00-05:00,4435.10009765625,4437.39990234375,4425.0,4428.39990234375,2363,0.0,0.0
2026-01-08 08:15:00-05:00,4428.39990234375,4444.5,4428.39990234375,4442.39990234375,3270,0.0,0.0
2026-01-08 08:30:00-05:00,4443.0,4444.39990234375,4434.39990234375,4441.89990234375,3198,0.0,0.0
2026-01-08 08:45:00-05:00,4442.2001953125,4442.7001953125,4429.60009765625,4432.0,2854,0.0,0.0
2026-01-08 09:00:00-05:00,4432.2998046875,4436.5,4427.2001953125,4431.60009765625,4063,0.0,0.0
2026-01-08 09:15:00-05:00,4431.7001953125,4438.89990234375,4427.5,4436.10009765625,2386,0.0,0.0
2026-01-08 09:30:00-05:00,4435.89990234375,4444.2001953125,4430.39990234375,4435.0,5252,0.0,0.0
2026-01-08 09:45:00-05:00,4434.5,4448.2001953125,4434.5,4441.39990234375,4080,0.0,0.0
2026-01-08 10:00:00-05:00,4441.39990234375,4458.2998046875,4436.2998046875,4456.7998046875,7599,0.0,0.0
2026-01-08 10:15:00-05:00,4456.7998046875,4463.2001953125,4452.2001953125,4456.89990234375,9381,0.0,0.0
2026-01-08 10:30:00-05:00,4456.7998046875,4464.7998046875,4455.7001953125,4462.2001953125,6059,0.0,0.0
2026-01-08 10:45:00-05:00,4462.60009765625,4465.7001953125,4456.7001953125,4463.5,2979,0.0,0.0
2026-01-08 11:00:00-05:00,4463.60009765625,4467.5,4456.39990234375,4456.60009765625,3923,0.0,0.0
2026-01-08 11:15:00-05:00,4456.60009765625,4464.5,4456.2001953125,4462.7998046875,2033,0.0,0.0
2026-01-08 11:30:00-05:00,4462.60009765625,4474.5,4461.0,4470.2998046875,4369,0.0,0.0
2026-01-08 11:45:00-05:00,4470.5,4473.7001953125,4467.10009765625,4472.5,2097,0.0,0.0
2026-01-08 12:00:00-05:00,4472.7001953125,4475.7998046875,4467.5,4469.5,5915,0.0,0.0
2026-01-08 12:15:00-05:00,4469.0,4471.7001953125,4466.7998046875,4470.7001953125,1538,0.0,0.0
2026-01-08 12:30:00-05:00,4471.60009765625,4473.10009765625,4468.39990234375,4470.60009765625,1539,0.0,0.0
2026-01-08 12:45:00-05:00,4471.0,4473.60009765625,4468.5,4472.7998046875,1559,0.0,0.0
2026-01-08 13:00:00-05:00,4472.7001953125,4472.7998046875,4461.5,4463.10009765625,9075,0.0,0.0
2026-01-08 13:15:00-05:00,4463.0,4466.0,4458.2998046875,4461.2001953125,8663,0.0,0.0
2026-01-08 13:30:00-05:00,4461.2001953125,4463.0,4456.89990234375,4461.2998046875,2791,0.0,0.0
2026-01-08 13:45:00-05:00,4461.39990234375,4464.39990234375,4458.60009765625,4458.89990234375,1392,0.0,0.0
2026-01-08 14:00:00-05:00,4458.89990234375,4460.39990234375,4455.7001953125,4456.39990234375,1061,0.0,0.0
2026-01-08 14:15:00-05:00,4456.39990234375,4459.0,4453.7001953125,4456.7001953125,904,0.0,0.0
2026-01-08 14:30:00-05:00,4456.7001953125,4462.0,4456.60009765625,4460.5,2036,0.0,0.0
2026-01-08 14:45:00-05:00,4460.60009765625,4461.7998046875,4458.39990234375,4460.89990234375,487,0.0,0.0
2026-01-08 15:00:00-05:00,4460.7998046875,4467.89990234375,4460.2998046875,4466.89990234375,2968,0.0,0.0
2026-01-08 15:15:00-05:00,4466.89990234375,4482.7001953125,4466.0,4478.7998046875,3925,0.0,0.0
2026-01-08 15:30:00-05:00,4479.10009765625,4487.7001953125,4479.10009765625,4483.0,3621,0.0,0.0
2026-01-08 15:45:00-05:00,4483.10009765625,4487.39990234375,4481.10009765625,4485.10009765625,1767,0.0,0.0
2026-01-08 16:00:00-05:00,4485.2001953125,4489.2998046875,4485.10009765625,4487.10009765625,1110,0.0,0.0
2026-01-08 16:15:00-05:00,4487.2998046875,4487.7001953125,4482.0,4484.60009765625,1151,0.0,0.0
2026-01-08 16:30:00-05:00,4484.5,4485.39990234375,4482.39990234375,4484.2998046875,571,0.0,0.0
2026-01-08 16:45:00-05:00,4483.60009765625,4488.39990234375,4483.2998046875,4487.89990234375,792,0.0,0.0
2026-01-08 18:00:00-05:00,4489.2998046875,4493.7001953125,4485.0,4486.0,621,0.0,0.0
2026-01-08 18:15:00-05:00,4485.7001953125,4488.60009765625,4485.0,4486.60009765625,1349,0.0,0.0
2026-01-08 18:30:00-05:00,4486.7998046875,4487.2001953125,4485.0,4485.39990234375,905,0.0,0.0
2026-01-08 18:45:00-05:00,4485.5,4486.0,4482.2001953125,4485.2998046875,810,0.0,0.0
2026-01-08 19:00:00-05:00,4485.60009765625,4486.89990234375,4481.10009765625,4481.2998046875,789,0.0,0.0
2026-01-08 19:15:00-05:00,4481.5,4482.60009765625,4472.7998046875,4475.60009765625,1560,0.0,0.0
2026-01-08 19:30:00-05:00,4475.5,4478.2998046875,4473.39990234375,4476.89990234375,727,0.0,0.0
2026-01-08 19:45:00-05:00,4477.0,4477.0,4469.39990234375,4472.39990234375,857,0.0,0.0
2026-01-08 20:00:00-05:00,4472.5,4475.39990234375,4461.7998046875,4468.39990234375,2608,0.0,0.0
2026-01-08 20:15:00-05:00,4468.2998046875,4470.7998046875,4461.7998046875,4465.7001953125,1505,0.0,0.0
2026-01-08 20:30:00-05:00,4466.0,4472.89990234375,4464.39990234375,4471.2998046875,948,0.0,0.0
2026-01-08 20:45:00-05:00,4471.60009765625,4478.7998046875,4471.0,4477.39990234375,1673,0.0,0.0
2026-01-08 21:00:00-05:00,4477.7998046875,4485.5,4477.7998046875,4480.7998046875,1774,0.0,0.0
2026-01-08 21:15:00-05:00,4481.10009765625,4483.7998046875,4479.0,4481.5,881,0.0,0.0
2026-01-08 21:30:00-05:00,4481.89990234375,4485.10009765625,4477.7001953125,4482.7001953125,1010,0.0,0.0
2026-01-08 21:45:00-05:00,4482.60009765625,4483.2001953125,4474.7998046875,4478.89990234375,755,0.0,0.0
2026-01-08 22:00:00-05:00,4478.7001953125,4479.5,4471.2998046875,4473.2998046875,823,0.0,0.0
2026-01-08 22:15:00-05:00,4473.2998046875,4475.7001953125,4470.10009765625,4472.2998046875,833,0.0,0.0
2026-01-08 22:30:00-05:00,4472.10009765625,4474.7001953125,4469.39990234375,4472.7001953125,755,0.0,0.0
2026-01-08 22:45:00-05:00,4473.0,4475.0,4472.7998046875,4472.7998046875,230,0.0,0.0
2026-01-08 23:00:00-05:00,4473.10009765625,4475.0,4471.0,4471.2998046875,316,0.0,0.0
2026-01-08 23:15:00-05:00,4471.10009765625,4473.0,4469.39990234375,4471.7998046875,490,0.0,0.0
2026-01-08 23:30:00-05:00,4471.39990234375,4473.60009765625,4470.10009765625,4472.0,716,0.0,0.0
2026-01-08 23:45:00-05:00,4472.0,4475.7998046875,4470.7998046875,4474.5,625,0.0,0.0
2026-01-09 00:00:00-05:00,4473.39990234375,4475.7001953125,4470.5,4472.39990234375,452,0.0,0.0
2026-01-09 00:15:00-05:00,4471.89990234375,4473.7001953125,4466.60009765625,4473.60009765625,1260,0.0,0.0
2026-01-09 00:30:00-05:00,4473.7001953125,4480.7998046875,4472.89990234375,4476.10009765625,1070,0.0,0.0
2026-01-09 00:45:00-05:00,4476.2001953125,4478.2998046875,4474.0,4476.5,769,0.0,0.0
2026-01-09 01:00:00-05:00,4477.10009765625,4480.0,4474.39990234375,4475.89990234375,776,0.0,0.0
2026-01-09 01:15:00-05:00,4475.7998046875,4482.39990234375,4474.5,4482.39990234375,644,0.0,0.0
2026-01-09 01:30:00-05:00,4482.39990234375,4484.7001953125,4481.60009765625,4483.89990234375,1039,0.0,0.0
2026-01-09 01:45:00-05:00,4484.0,4486.0,4481.60009765625,4483.0,1417,0.0,0.0
2026-01-09 02:00:00-05:00,4483.2998046875,4484.7001953125,4479.7998046875,4480.2998046875,1043,0.0,0.0
2026-01-09 02:15:00-05:00,4480.60009765625,4482.10009765625,4477.60009765625,4479.2001953125,840,0.0,0.0
2026-01-09 02:30:00-05:00,4479.2001953125,4481.89990234375,4477.2001953125,4480.2001953125,1196,0.0,0.0
2026-01-09 02:45:00-05:00,4480.5,4482.39990234375,4478.2998046875,4479.2998046875,1166,0.0,0.0
2026-01-09 03:00:00-05:00,4478.7998046875,4485.7998046875,4475.10009765625,4483.2998046875,1510,0.0,0.0
2026-01-09 03:15:00-05:00,4483.5,4484.5,4481.10009765625,4482.10009765625,642,0.0,0.0
2026-01-09 03:30:00-05:00,4482.2001953125,4482.60009765625,4474.2998046875,4475.60009765625,1238,0.0,0.0
2026-01-09 03:45:00-05:00,4475.89990234375,4477.39990234375,4472.7998046875,4476.89990234375,1146,0.0,0.0
2026-01-09 04:00:00-05:00,4477.10009765625,4483.7001953125,4477.0,4483.2998046875,901,0.0,0.0
2026-01-09 04:15:00-05:00,4483.5,4486.39990234375,4481.7001953125,4482.2001953125,1125,0.0,0.0
2026-01-09 04:30:00-05:00,4482.60009765625,4483.7998046875,4480.2001953125,4480.2998046875,773,0.0,0.0
2026-01-09 04:45:00-05:00,4480.2998046875,4482.89990234375,4479.2998046875,4479.39990234375,590,0.0,0.0
2026-01-09 05:00:00-05:00,4479.7001953125,4482.7001953125,4478.2998046875,4480.5,771,0.0,0.0
2026-01-09 05:15:00-05:00,4480.39990234375,4482.2998046875,4477.39990234375,4477.39990234375,623,0.0,0.0
2026-01-09 05:30:00-05:00,4477.39990234375,4481.10009765625,4476.60009765625,4478.2001953125,1039,0.0,0.0
2026-01-09 05:45:00-05:00,4477.7001953125,4481.7001953125,4475.7001953125,4481.2998046875,783,0.0,0.0
2026-01-09 06:00:00-05:00,4481.39990234375,4483.60009765625,4478.60009765625,4480.7001953125,861,0.0,0.0
2026-01-09 06:15:00-05:00,4480.60009765625,4481.7998046875,4479.2001953125,4479.7001953125,539,0.0,0.0
2026-01-09 06:30:00-05:00,4479.5,4480.7998046875,4478.0,4479.39990234375,1416,0.0,0.0
2026-01-09 06:45:00-05:00,4479.2998046875,4485.2998046875,4477.39990234375,4484.2998046875,1286,0.0,0.0
2026-01-09 07:00:00-05:00,4484.2001953125,4489.60009765625,4481.2001953125,4483.2998046875,1728,0.0,0.0
2026-01-09 07:15:00-05:00,4483.2998046875,4483.89990234375,4475.7001953125,4476.7998046875,1382,0.0,0.0
2026-01-09 07:30:00-05:00,4476.7998046875,4477.60009765625,4469.5,4474.0,2268,0.0,0.0
2026-01-09 07:45:00-05:00,4474.5,4476.89990234375,4472.2998046875,4474.5,1320,0.0,0.0
2026-01-09 08:00:00-05:00,4474.60009765625,4482.7998046875,4472.0,4476.10009765625,2050,0.0,0.0
2026-01-09 08:15:00-05:00,4475.89990234375,4483.2998046875,4470.2998046875,4482.0,2158,0.0,0.0
2026-01-09 08:30:00-05:00,4482.2001953125,4500.7998046875,4467.0,4495.7998046875,10250,0.0,0.0
2026-01-09 08:45:00-05:00,4496.10009765625,4497.7998046875,4487.7001953125,4492.0,3742,0.0,0.0
2026-01-09 09:00:00-05:00,4492.2001953125,4506.2001953125,4489.60009765625,4498.7998046875,5915,0.0,0.0
2026-01-09 09:15:00-05:00,4498.7998046875,4505.39990234375,4493.10009765625,4503.89990234375,4467,0.0,0.0
2026-01-09 09:30:00-05:00,4504.0,4507.7998046875,4491.7001953125,4497.2998046875,7985,0.0,0.0
2026-01-09 09:45:00-05:00,4497.0,4504.89990234375,4488.10009765625,4503.89990234375,5633,0.0,0.0
2026-01-09 10:00:00-05:00,4503.39990234375,4509.89990234375,4499.2001953125,4506.0,5635,0.0,0.0
2026-01-09 10:15:00-05:00,4505.89990234375,4520.7998046875,4503.0,4515.5,9611,0.0,0.0
2026-01-09 10:30:00-05:00,4515.2001953125,4527.0,4514.89990234375,4524.0,7180,0.0,0.0
2026-01-09 10:45:00-05:00,4524.10009765625,4524.2998046875,4518.0,4521.5,3526,0.0,0.0
2026-01-09 11:00:00-05:00,4521.7998046875,4523.7998046875,4509.2998046875,4512.7001953125,4506,0.0,0.0
2026-01-09 11:15:00-05:00,4512.7001953125,4517.0,4509.7998046875,4513.5,3195,0.0,0.0
2026-01-09 11:30:00-05:00,4513.2998046875,4517.10009765625,4510.60009765625,4514.7001953125,2229,0.0,0.0
2026-01-09 11:45:00-05:00,4515.0,4518.10009765625,4511.7998046875,4516.5,2734,0.0,0.0
2026-01-09 12:00:00-05:00,4516.39990234375,4521.5,4514.5,4518.5,2513,0.0,0.0
2026-01-09 12:15:00-05:00,4518.7998046875,4518.7998046875,4511.5,4513.7998046875,2709,0.0,0.0
2026-01-09 12:30:00-05:00,4513.39990234375,4520.0,4510.7998046875,4511.5,4999,0.0,0.0
2026-01-09 12:45:00-05:00,4511.5,4513.0,4491.39990234375,4493.89990234375,7761,0.0,0.0
2026-01-09 13:00:00-05:00,4493.60009765625,4502.89990234375,4492.39990234375,4501.89990234375,5556,0.0,0.0
2026-01-09 13:15:00-05:00,4501.7998046875,4503.89990234375,4498.7001953125,4501.0,12449,0.0,0.0
2026-01-09 13:30:00-05:00,4500.7998046875,4514.10009765625,4500.60009765625,4511.89990234375,6834,0.0,0.0
2026-01-09 13:45:00-05:00,4511.89990234375,4512.2998046875,4504.89990234375,4505.89990234375,2173,0.0,0.0
2026-01-09 14:00:00-05:00,4505.7998046875,4507.60009765625,4502.2998046875,4506.7001953125,1466,0.0,0.0
2026-01-09 14:15:00-05:00,4506.60009765625,4511.2998046875,4506.5,4508.39990234375,1218,0.0,0.0
2026-01-09 14:30:00-05:00,4508.5,4509.60009765625,4505.2998046875,4505.89990234375,1345,0.0,0.0
2026-01-09 14:45:00-05:00,4506.2001953125,4511.10009765625,4506.2001953125,4508.2998046875,925,0.0,0.0
2026-01-09 15:00:00-05:00,4508.0,4516.39990234375,4506.7998046875,4515.89990234375,2143,0.0,0.0
2026-01-09 15:15:00-05:00,4516.10009765625,4518.60009765625,4512.2001953125,4514.60009765625,1923,0.0,0.0
2026-01-09 15:30:00-05:00,4514.89990234375,4515.2001953125,4511.2998046875,4513.2001953125,936,0.0,0.0
2026-01-09 15:45:00-05:00,4513.2001953125,4518.7998046875,4512.89990234375,4516.10009765625,2018,0.0,0.0
2026-01-09 16:00:00-05:00,4516.0,4517.39990234375,4513.60009765625,4516.7998046875,747,0.0,0.0
2026-01-09 16:15:00-05:00,4517.0,4519.2001953125,4516.39990234375,4518.39990234375,382,0.0,0.0
2026-01-09 16:30:00-05:00,4518.2998046875,4520.2998046875,4514.7001953125,4518.89990234375,687,0.0,0.0
2026-01-09 16:45:00-05:00,4518.7001953125,4519.7998046875,4500.89990234375,4500.89990234375,557,0.0,0.0
2026-01-11 18:00:00-05:00,4538.10009765625,4540.60009765625,4531.39990234375,4539.10009765625,927,0.0,0.0
2026-01-11 18:15:00-05:00,4539.10009765625,4548.2998046875,4538.5,4547.7001953125,2648,0.0,0.0
2026-01-11 18:30:00-05:00,4547.7001953125,4555.0,4543.0,4552.39990234375,2489,0.0,0.0
2026-01-11 18:45:00-05:00,4552.10009765625,4554.10009765625,4548.39990234375,4550.10009765625,1424,0.0,0.0
2026-01-11 19:00:00-05:00,4550.0,4564.5,4546.2998046875,4563.2001953125,3079,0.0,0.0
2026-01-11 19:15:00-05:00,4563.39990234375,4576.39990234375,4561.10009765625,4575.39990234375,4315,0.0,0.0
2026-01-11 19:30:00-05:00,4575.0,4605.2001953125,4572.89990234375,4603.10009765625,12732,0.0,0.0
2026-01-11 19:45:00-05:00,4602.39990234375,4612.7001953125,4599.2001953125,4600.0,4973,0.0,0.0
2026-01-11 20:00:00-05:00,4600.2001953125,4606.10009765625,4588.60009765625,4592.7001953125,5122,0.0,0.0
2026-01-11 20:15:00-05:00,4593.10009765625,4595.2998046875,4585.39990234375,4594.2001953125,4806,0.0,0.0
2026-01-11 20:30:00-05:00,4594.39990234375,4596.2001953125,4583.39990234375,4585.10009765625,4200,0.0,0.0
2026-01-11 20:45:00-05:00,4585.2001953125,4591.2001953125,4581.39990234375,4582.10009765625,1795,0.0,0.0
2026-01-11 21:00:00-05:00,4581.60009765625,4586.7001953125,4573.10009765625,4578.5,3163,0.0,0.0
2026-01-11 21:15:00-05:00,4578.5,4582.2001953125,4576.2998046875,4578.10009765625,1477,0.0,0.0
2026-01-11 21:30:00-05:00,4578.0,4591.0,4574.5,4590.2998046875,2561,0.0,0.0
2026-01-11 21:45:00-05:00,4590.7001953125,4594.0,4585.5,4589.39990234375,2692,0.0,0.0
2026-01-11 22:00:00-05:00,4589.5,4592.2001953125,4587.10009765625,4591.0,921,0.0,0.0
2026-01-11 22:15:00-05:00,4590.39990234375,4593.2998046875,4588.39990234375,4593.10009765625,1064,0.0,0.0
2026-01-11 22:30:00-05:00,4593.39990234375,4593.5,4584.0,4584.5,984,0.0,0.0
2026-01-11 22:45:00-05:00,4584.2001953125,4586.2998046875,4579.39990234375,4582.60009765625,1448,0.0,0.0
2026-01-11 23:00:00-05:00,4582.7998046875,4583.0,4577.60009765625,4580.7998046875,872,0.0,0.0
2026-01-11 23:15:00-05:00,4580.7998046875,4584.0,4579.0,4580.5,841,0.0,0.0
2026-01-11 23:30:00-05:00,4580.7001953125,4581.7001953125,4574.7998046875,4579.2001953125,1213,0.0,0.0
2026-01-11 23:45:00-05:00,4579.60009765625,4581.5,4577.2001953125,4579.39990234375,668,0.0,0.0
2026-01-12 00:00:00-05:00,4580.0,4583.10009765625,4576.89990234375,4581.0,838,0.0,0.0
2026-01-12 00:15:00-05:00,4581.0,4584.89990234375,4580.2001953125,4583.2998046875,901,0.0,0.0
2026-01-12 00:30:00-05:00,4583.0,4594.0,4580.2998046875,4592.7998046875,1905,0.0,0.0
2026-01-12 00:45:00-05:00,4592.5,4595.60009765625,4589.2998046875,4591.2998046875,1765,0.0,0.0
2026-01-12 01:00:00-05:00,4591.2998046875,4591.2998046875,4582.5,4584.2001953125,1312,0.0,0.0
2026-01-12 01:15:00-05:00,4583.7998046875,4587.5,4580.7998046875,4585.10009765625,1044,0.0,0.0
2026-01-12 01:30:00-05:00,4585.0,4588.0,4583.0,4585.60009765625,1282,0.0,0.0
2026-01-12 01:45:00-05:00,4585.5,4591.2998046875,4585.10009765625,4589.2998046875,1354,0.0,0.0
2026-01-12 02:00:00-05:00,4589.7001953125,4594.89990234375,4585.39990234375,4594.2001953125,1615,0.0,0.0
2026-01-12 02:15:00-05:00,4594.2001953125,4598.5,4589.10009765625,4591.7998046875,2312,0.0,0.0
2026-01-12 02:30:00-05:00,4592.2001953125,4595.89990234375,4589.5,4593.7998046875,1816,0.0,0.0
2026-01-12 02:45:00-05:00,4594.60009765625,4599.7998046875,4593.39990234375,4597.7998046875,1982,0.0,0.0
2026-01-12 03:00:00-05:00,4597.7001953125,4599.7998046875,4592.10009765625,4593.5,1636,0.0,0.0
2026-01-12 03:15:00-05:00,4593.39990234375,4594.60009765625,4589.60009765625,4593.7001953125,1832,0.0,0.0
2026-01-12 03:30:00-05:00,4593.7998046875,4599.7998046875,4592.10009765625,4595.7001953125,1338,0.0,0.0
2026-01-12 03:45:00-05:00,4595.60009765625,4608.5,4595.0,4607.0,3169,0.0,0.0
2026-01-12 04:00:00-05:00,4606.89990234375,4608.2998046875,4603.2998046875,4607.7001953125,2060,0.0,0.0
2026-01-12 04:15:00-05:00,4607.5,4609.60009765625,4604.39990234375,4606.39990234375,1571,0.0,0.0
2026-01-12 04:30:00-05:00,4606.7998046875,4607.0,4603.7001953125,4605.7001953125,1619,0.0,0.0
2026-01-12 04:45:00-05:00,4605.7001953125,4605.7001953125,4597.89990234375,4599.39990234375,1521,0.0,0.0
2026-01-12 05:00:00-05:00,4599.5,4603.89990234375,4596.10009765625,4602.39990234375,1660,0.0,0.0
2026-01-12 05:15:00-05:00,4602.2998046875,4604.2001953125,4599.2001953125,4602.60009765625,919,0.0,0.0
2026-01-12 05:30:00-05:00,4602.60009765625,4604.89990234375,4597.2001953125,4600.2998046875,2180,0.0,0.0
2026-01-12 05:45:00-05:00,4600.39990234375,4605.7998046875,4600.2001953125,4604.5,1225,0.0,0.0
2026-01-12 06:00:00-05:00,4604.7001953125,4605.39990234375,4600.7998046875,4601.0,857,0.0,0.0
2026-01-12 06:15:00-05:00,4600.7998046875,4604.0,4593.5,4595.0,1825,0.0,0.0
2026-01-12 06:30:00-05:00,4595.0,4601.89990234375,4594.2998046875,4601.89990234375,1154,0.0,0.0
2026-01-12 06:45:00-05:00,4601.7001953125,4602.0,4591.5,4594.7998046875,1225,0.0,0.0
2026-01-12 07:00:00-05:00,4595.0,4596.60009765625,4587.60009765625,4592.2998046875,2175,0.0,0.0
2026-01-12 07:15:00-05:00,4591.5,4592.5,4588.0,4592.2998046875,1905,0.0,0.0
2026-01-12 07:30:00-05:00,4592.39990234375,4596.7001953125,4591.7998046875,4595.60009765625,1320,0.0,0.0
2026-01-12 07:45:00-05:00,4596.0,4600.39990234375,4595.2001953125,4600.39990234375,1686,0.0,0.0
2026-01-12 08:00:00-05:00,4600.39990234375,4620.2001953125,4598.5,4617.10009765625,6931,0.0,0.0
2026-01-12 08:15:00-05:00,4617.2998046875,4621.89990234375,4614.5,4615.10009765625,5502,0.0,0.0
2026-01-12 08:30:00-05:00,4615.39990234375,4623.7001953125,4615.39990234375,4619.2998046875,3989,0.0,0.0
2026-01-12 08:45:00-05:00,4619.60009765625,4630.7998046875,4618.2998046875,4626.2998046875,5024,0.0,0.0
2026-01-12 09:00:00-05:00,4626.60009765625,4628.10009765625,4602.60009765625,4606.5,8786,0.0,0.0
2026-01-12 09:15:00-05:00,4606.2998046875,4610.2001953125,4595.2001953125,4596.60009765625,7079,0.0,0.0
2026-01-12 09:30:00-05:00,4596.39990234375,4620.2001953125,4595.10009765625,4612.60009765625,8688,0.0,0.0
2026-01-12 09:45:00-05:00,4612.5,4617.7998046875,4606.39990234375,4612.10009765625,4489,0.0,0.0
2026-01-12 10:00:00-05:00,4611.7998046875,4629.2998046875,4611.39990234375,4627.2998046875,7466,0.0,0.0
2026-01-12 10:15:00-05:00,4627.39990234375,4632.10009765625,4619.7998046875,4629.7001953125,7893,0.0,0.0
2026-01-12 10:30:00-05:00,4629.7998046875,4638.2001953125,4628.5,4634.5,8786,0.0,0.0
2026-01-12 10:45:00-05:00,4634.2001953125,4635.89990234375,4628.10009765625,4630.89990234375,3224,0.0,0.0
2026-01-12 11:00:00-05:00,4630.89990234375,4640.10009765625,4627.39990234375,4639.2001953125,7433,0.0,0.0
2026-01-12 11:15:00-05:00,4639.2998046875,4640.5,4629.5,4629.7998046875,6777,0.0,0.0
2026-01-12 11:30:00-05:00,4630.10009765625,4633.39990234375,4618.0,4622.60009765625,4972,0.0,0.0
2026-01-12 11:45:00-05:00,4622.60009765625,4628.7001953125,4622.39990234375,4627.0,3408,0.0,0.0
2026-01-12 12:00:00-05:00,4626.7998046875,4628.2001953125,4623.0,4624.7998046875,2150,0.0,0.0
2026-01-12 12:15:00-05:00,4625.10009765625,4628.10009765625,4621.39990234375,4625.7001953125,2485,0.0,0.0
2026-01-12 12:30:00-05:00,4625.7998046875,4626.7998046875,4620.0,4622.7998046875,2682,0.0,0.0
2026-01-12 12:45:00-05:00,4622.89990234375,4630.7001953125,4622.7998046875,4626.89990234375,3238,0.0,0.0
2026-01-12 13:00:00-05:00,4626.89990234375,4629.2001953125,4618.10009765625,4618.10009765625,8933,0.0,0.0
2026-01-12 13:15:00-05:00,4618.2001953125,4618.39990234375,4609.7998046875,4615.2998046875,14180,0.0,0.0
2026-01-12 13:30:00-05:00,4615.2001953125,4620.5,4612.60009765625,4615.39990234375,4724,0.0,0.0
2026-01-12 13:45:00-05:00,4615.7001953125,4621.2001953125,4613.2998046875,4620.2998046875,2269,0.0,0.0
2026-01-12 14:00:00-05:00,4620.60009765625,4624.39990234375,4618.2998046875,4623.60009765625,1206,0.0,0.0
2026-01-12 14:15:00-05:00,4623.60009765625,4627.10009765625,4622.5,4626.60009765625,1913,0.0,0.0
2026-01-12 14:30:00-05:00,4626.89990234375,4628.89990234375,4623.7001953125,4626.10009765625,1960,0.0,0.0
2026-01-12 14:45:00-05:00,4625.89990234375,4626.60009765625,4618.60009765625,4620.60009765625,1809,0.0,0.0
2026-01-12 15:00:00-05:00,4620.5,4621.2001953125,4608.7998046875,4612.10009765625,2002,0.0,0.0
2026-01-12 15:15:00-05:00,4612.2998046875,4613.7001953125,4608.7998046875,4612.10009765625,1859,0.0,0.0
2026-01-12 15:30:00-05:00,4612.2001953125,4614.39990234375,4602.2998046875,4602.5,2401,0.0,0.0
2026-01-12 15:45:00-05:00,4602.60009765625,4608.5,4601.0,4603.2998046875,2659,0.0,0.0
2026-01-12 16:00:00-05:00,4603.39990234375,4606.7001953125,4600.5,4602.60009765625,1844,0.0,0.0
2026-01-12 16:15:00-05:00,4602.60009765625,4604.0,4600.0,4603.2001953125,753,0.0,0.0
2026-01-12 16:30:00-05:00,4603.5,4604.89990234375,4599.2001953125,4599.7001953125,600,0.0,0.0
2026-01-12 16:45:00-05:00,4599.89990234375,4609.0,4598.7001953125,4608.7998046875,960,0.0,0.0
2026-01-12 18:00:00-05:00,4610.0,4616.89990234375,4586.39990234375,4587.0,1721,0.0,0.0
2026-01-12 18:15:00-05:00,4587.0,4597.2001953125,4586.89990234375,4593.5,1409,0.0,0.0
2026-01-12 18:30:00-05:00,4593.5,4599.2998046875,4592.60009765625,4594.7001953125,1263,0.0,0.0
2026-01-12 18:45:00-05:00,4595.2998046875,4607.89990234375,4594.89990234375,4607.60009765625,1853,0.0,0.0
2026-01-12 19:00:00-05:00,4607.5,4607.7001953125,4600.2998046875,4601.2998046875,1084,0.0,0.0
2026-01-12 19:15:00-05:00,4601.0,4604.39990234375,4596.5,4596.5,857,0.0,0.0
2026-01-12 19:30:00-05:00,4596.39990234375,4599.5,4593.2998046875,4594.7001953125,824,0.0,0.0
2026-01-12 19:45:00-05:00,4594.89990234375,4600.89990234375,4594.89990234375,4595.7998046875,927,0.0,0.0
2026-01-12 20:00:00-05:00,4596.2001953125,4604.5,4590.10009765625,4601.10009765625,2370,0.0,0.0
2026-01-12 20:15:00-05:00,4601.0,4604.5,4590.7001953125,4590.7998046875,1060,0.0,0.0
2026-01-12 20:30:00-05:00,4590.89990234375,4596.0,4584.2998046875,4591.7998046875,2166,0.0,0.0
2026-01-12 20:45:00-05:00,4591.39990234375,4594.7998046875,4586.10009765625,4586.39990234375,992,0.0,0.0
2026-01-12 21:00:00-05:00,4586.0,4599.5,4585.0,4595.2001953125,1422,0.0,0.0
2026-01-12 21:15:00-05:00,4595.2001953125,4595.7001953125,4592.0,4592.2998046875,613,0.0,0.0
2026-01-12 21:30:00-05:00,4591.89990234375,4598.7001953125,4590.39990234375,4597.89990234375,1095,0.0,0.0
2026-01-12 21:45:00-05:00,4597.7001953125,4604.2001953125,4597.39990234375,4603.10009765625,1450,0.0,0.0
2026-01-12 22:00:00-05:00,4602.7998046875,4608.7001953125,4601.60009765625,4607.2001953125,1318,0.0,0.0
2026-01-12 22:15:00-05:00,4606.89990234375,4607.7998046875,4603.60009765625,4604.5,939,0.0,0.0
2026-01-12 22:30:00-05:00,4604.5,4607.60009765625,4602.5,4603.0,795,0.0,0.0
2026-01-12 22:45:00-05:00,4602.7001953125,4604.39990234375,4601.2998046875,4603.10009765625,840,0.0,0.0
2026-01-12 23:00:00-05:00,4603.39990234375,4607.2998046875,4603.0,4606.7001953125,694,0.0,0.0
2026-01-12 23:15:00-05:00,4607.10009765625,4608.7998046875,4605.39990234375,4606.10009765625,872,0.0,0.0
2026-01-12 23:30:00-05:00,4606.10009765625,4608.60009765625,4603.39990234375,4608.0,887,0.0,0.0
2026-01-12 23:45:00-05:00,4607.60009765625,4608.2998046875,4605.2998046875,4606.39990234375,683,0.0,0.0
2026-01-13 00:00:00-05:00,4605.60009765625,4607.7998046875,4600.7001953125,4603.2001953125,821,0.0,0.0
2026-01-13 00:15:00-05:00,4603.60009765625,4610.5,4603.2998046875,4610.39990234375,743,0.0,0.0
2026-01-13 00:30:00-05:00,4610.2998046875,4611.2001953125,4594.0,4602.7001953125,2028,0.0,0.0
2026-01-13 00:45:00-05:00,4602.39990234375,4604.7998046875,4599.5,4600.7001953125,1162,0.0,0.0
2026-01-13 01:00:00-05:00,4600.5,4600.7998046875,4596.2998046875,4598.7998046875,1241,0.0,0.0
2026-01-13 01:15:00-05:00,4598.89990234375,4598.89990234375,4591.2998046875,4593.7998046875,1248,0.0,0.0
2026-01-13 01:30:00-05:00,4593.89990234375,4595.2001953125,4582.7998046875,4585.39990234375,2088,0.0,0.0
2026-01-13 01:45:00-05:00,4585.7001953125,4592.60009765625,4584.5,4590.5,1396,0.0,0.0
2026-01-13 02:00:00-05:00,4590.7998046875,4594.0,4587.89990234375,4593.5,1672,0.0,0.0
2026-01-13 02:15:00-05:00,4593.0,4593.2001953125,4586.89990234375,4592.10009765625,1488,0.0,0.0
2026-01-13 02:30:00-05:00,4592.10009765625,4595.2998046875,4587.89990234375,4588.7001953125,1581,0.0,0.0
2026-01-13 02:45:00-05:00,4588.5,4590.89990234375,4585.60009765625,4589.10009765625,1200,0.0,0.0
2026-01-13 03:00:00-05:00,4588.89990234375,4600.5,4587.7998046875,4596.7001953125,2104,0.0,0.0
2026-01-13 03:15:00-05:00,4596.5,4601.5,4593.7001953125,4598.60009765625,1478,0.0,0.0
2026-01-13 03:30:00-05:00,4598.7998046875,4605.39990234375,4597.89990234375,4602.2001953125,2011,0.0,0.0
2026-01-13 03:45:00-05:00,4602.2001953125,4604.0,4600.2001953125,4601.60009765625,819,0.0,0.0
2026-01-13 04:00:00-05:00,4601.10009765625,4604.10009765625,4598.2001953125,4602.7998046875,1162,0.0,0.0
2026-01-13 04:15:00-05:00,4602.5,4603.7998046875,4596.7998046875,4597.89990234375,969,0.0,0.0
2026-01-13 04:30:00-05:00,4597.89990234375,4601.0,4595.39990234375,4599.5,1238,0.0,0.0
2026-01-13 04:45:00-05:00,4599.2998046875,4600.0,4594.5,4595.2001953125,922,0.0,0.0
2026-01-13 05:00:00-05:00,4595.2998046875,4596.10009765625,4589.39990234375,4592.5,1282,0.0,0.0
2026-01-13 05:15:00-05:00,4592.60009765625,4595.39990234375,4589.89990234375,4593.60009765625,1035,0.0,0.0
2026-01-13 05:30:00-05:00,4593.39990234375,4597.2998046875,4590.39990234375,4596.2998046875,1483,0.0,0.0
2026-01-13 05:45:00-05:00,4596.2001953125,4596.2001953125,4593.5,4595.0,574,0.0,0.0
2026-01-13 06:00:00-05:00,4595.2001953125,4597.7998046875,4593.60009765625,4593.7998046875,817,0.0,0.0
2026-01-13 06:15:00-05:00,4593.60009765625,4598.0,4590.7998046875,4595.7998046875,3853,0.0,0.0
2026-01-13 06:30:00-05:00,4595.5,4598.5,4593.89990234375,4598.39990234375,693,0.0,0.0
2026-01-13 06:45:00-05:00,4598.7998046875,4600.7998046875,4594.7998046875,4596.89990234375,2008,0.0,0.0
2026-01-13 07:00:00-05:00,4597.0,4597.7001953125,4591.60009765625,4591.7998046875,1440,0.0,0.0
2026-01-13 07:15:00-05:00,4591.89990234375,4593.10009765625,4586.2001953125,4589.0,2165,0.0,0.0
2026-01-13 07:30:00-05:00,4588.89990234375,4594.7998046875,4587.7998046875,4594.39990234375,1399,0.0,0.0
2026-01-13 07:45:00-05:00,4594.2001953125,4603.89990234375,4593.89990234375,4602.0,1905,0.0,0.0
2026-01-13 08:00:00-05:00,4601.7001953125,4614.89990234375,4599.10009765625,4611.5,5984,0.0,0.0
2026-01-13 08:15:00-05:00,4611.60009765625,4615.39990234375,4608.2001953125,4609.2998046875,4220,0.0,0.0
2026-01-13 08:30:00-05:00,4609.39990234375,4629.0,4609.39990234375,4626.60009765625,12422,0.0,0.0
2026-01-13 08:45:00-05:00,4626.5,4629.2998046875,4615.39990234375,4619.5,7502,0.0,0.0
2026-01-13 09:00:00-05:00,4619.5,4627.2001953125,4617.0,4626.7001953125,4625,0.0,0.0
2026-01-13 09:15:00-05:00,4626.7001953125,4632.0,4622.5,4626.60009765625,4701,0.0,0.0
2026-01-13 09:30:00-05:00,4626.7001953125,4635.0,4619.7998046875,4634.7998046875,6841,0.0,0.0
2026-01-13 09:45:00-05:00,4634.7998046875,4644.0,4631.39990234375,4638.89990234375,11442,0.0,0.0
2026-01-13 10:00:00-05:00,4638.5,4639.89990234375,4623.2001953125,4630.39990234375,6016,0.0,0.0
2026-01-13 10:15:00-05:00,4630.5,4632.60009765625,4609.10009765625,4617.0,9513,0.0,0.0
2026-01-13 10:30:00-05:00,4617.2001953125,4625.0,4613.5,4623.89990234375,5108,0.0,0.0
2026-01-13 10:45:00-05:00,4623.2998046875,4629.39990234375,4621.39990234375,4627.60009765625,3461,0.0,0.0
2026-01-13 11:00:00-05:00,4627.7001953125,4629.5,4615.39990234375,4620.60009765625,3291,0.0,0.0
2026-01-13 11:15:00-05:00,4620.7998046875,4621.60009765625,4601.2998046875,4607.2998046875,4390,0.0,0.0
2026-01-13 11:30:00-05:00,4606.89990234375,4618.2998046875,4605.5,4617.60009765625,3658,0.0,0.0
2026-01-13 11:45:00-05:00,4617.60009765625,4622.7998046875,4616.2998046875,4622.2001953125,4057,0.0,0.0
2026-01-13 12:00:00-05:00,4622.2998046875,4624.89990234375,4615.39990234375,4617.2001953125,2501,0.0,0.0
2026-01-13 12:15:00-05:00,4617.2998046875,4621.2998046875,4615.2001953125,4618.39990234375,1751,0.0,0.0
2026-01-13 12:30:00-05:00,4618.5,4620.7998046875,4611.7001953125,4612.7998046875,2576,0.0,0.0
2026-01-13 12:45:00-05:00,4612.60009765625,4615.39990234375,4595.0,4599.0,10001,0.0,0.0
2026-01-13 13:00:00-05:00,4598.7998046875,4603.2998046875,4594.0,4603.0,9743,0.0,0.0
2026-01-13 13:15:00-05:00,4603.0,4604.0,4589.5,4600.2998046875,16291,0.0,0.0
2026-01-13 13:30:00-05:00,4600.2001953125,4608.89990234375,4598.10009765625,4608.5,5556,0.0,0.0
2026-01-13 13:45:00-05:00,4608.60009765625,4610.2001953125,4602.0,4602.2998046875,1989,0.0,0.0
2026-01-13 14:00:00-05:00,4602.60009765625,4604.0,4592.39990234375,4603.7001953125,3397,0.0,0.0
2026-01-13 14:15:00-05:00,4603.7998046875,4605.39990234375,4592.5,4601.5,2267,0.0,0.0
2026-01-13 14:30:00-05:00,4601.7998046875,4606.7998046875,4600.5,4603.89990234375,1931,0.0,0.0
2026-01-13 14:45:00-05:00,4604.0,4606.60009765625,4598.2998046875,4605.2998046875,1474,0.0,0.0
2026-01-13 15:00:00-05:00,4605.2998046875,4605.60009765625,4598.0,4600.60009765625,1959,0.0,0.0
2026-01-13 15:15:00-05:00,4600.5,4603.2001953125,4595.2998046875,4596.60009765625,1829,0.0,0.0
2026-01-13 15:30:00-05:00,4596.5,4597.0,4576.7001953125,4592.7001953125,7567,0.0,0.0
2026-01-13 15:45:00-05:00,4593.0,4596.89990234375,4590.2998046875,4594.10009765625,2059,0.0,0.0
2026-01-13 16:00:00-05:00,4594.2001953125,4597.10009765625,4591.2998046875,4591.5,1696,0.0,0.0
2026-01-13 16:15:00-05:00,4591.5,4597.5,4590.7001953125,4595.7998046875,934,0.0,0.0
2026-01-13 16:30:00-05:00,4595.7998046875,4597.39990234375,4593.39990234375,4596.89990234375,1115,0.0,0.0
2026-01-13 16:45:00-05:00,4597.0,4597.7998046875,4593.7001953125,4594.39990234375,384,0.0,0.0
2026-01-13 18:00:00-05:00,4594.2998046875,4603.10009765625,4594.2998046875,4602.89990234375,573,0.0,0.0
2026-01-13 18:15:00-05:00,4602.7998046875,4605.2001953125,4600.0,4604.5,752,0.0,0.0
2026-01-13 18:30:00-05:00,4604.60009765625,4604.60009765625,4600.2001953125,4601.7001953125,616,0.0,0.0
2026-01-13 18:45:00-05:00,4602.10009765625,4606.5,4600.7998046875,4603.89990234375,594,0.0,0.0
2026-01-13 19:00:00-05:00,4604.39990234375,4615.10009765625,4604.39990234375,4612.2998046875,1538,0.0,0.0
2026-01-13 19:15:00-05:00,4612.39990234375,4617.89990234375,4610.2001953125,4616.89990234375,1216,0.0,0.0
2026-01-13 19:30:00-05:00,4617.10009765625,4618.10009765625,4614.5,4616.2001953125,860,0.0,0.0
2026-01-13 19:45:00-05:00,4616.10009765625,4618.39990234375,4612.2001953125,4616.89990234375,868,0.0,0.0
2026-01-13 20:00:00-05:00,4617.2001953125,4624.0,4613.7001953125,4622.7001953125,2389,0.0,0.0
2026-01-13 20:15:00-05:00,4622.2998046875,4626.10009765625,4619.39990234375,4622.2001953125,1549,0.0,0.0
2026-01-13 20:30:00-05:00,4622.5,4626.5,4620.89990234375,4622.7001953125,1898,0.0,0.0
2026-01-13 20:45:00-05:00,4622.60009765625,4627.60009765625,4621.60009765625,4626.7001953125,3058,0.0,0.0
2026-01-13 21:00:00-05:00,4626.89990234375,4628.60009765625,4621.89990234375,4626.2001953125,1812,0.0,0.0
2026-01-13 21:15:00-05:00,4625.7998046875,4629.60009765625,4624.5,4627.7998046875,938,0.0,0.0
2026-01-13 21:30:00-05:00,4628.0,4630.7001953125,4625.7998046875,4629.2998046875,1236,0.0,0.0
2026-01-13 21:45:00-05:00,4629.10009765625,4631.5,4625.7001953125,4629.10009765625,1290,0.0,0.0
2026-01-13 22:00:00-05:00,4628.7998046875,4631.10009765625,4625.7998046875,4626.2998046875,1055,0.0,0.0
2026-01-13 22:15:00-05:00,4626.39990234375,4630.0,4621.5,4623.10009765625,1346,0.0,0.0
2026-01-13 22:30:00-05:00,4623.2001953125,4633.39990234375,4623.0,4632.39990234375,1544,0.0,0.0
2026-01-13 22:45:00-05:00,4632.2998046875,4638.89990234375,4631.39990234375,4636.5,2443,0.0,0.0
2026-01-13 23:00:00-05:00,4636.60009765625,4638.60009765625,4634.60009765625,4635.5,2675,0.0,0.0
2026-01-13 23:15:00-05:00,4635.2001953125,4638.2998046875,4633.0,4634.39990234375,1109,0.0,0.0
2026-01-13 23:30:00-05:00,4634.2001953125,4637.7998046875,4633.10009765625,4635.7998046875,912,0.0,0.0
2026-01-13 23:45:00-05:00,4635.7998046875,4638.0,4634.7998046875,4636.0,1148,0.0,0.0
2026-01-14 00:00:00-05:00,4636.7998046875,4646.7998046875,4636.7998046875,4641.2001953125,4043,0.0,0.0
2026-01-14 00:15:00-05:00,4641.2001953125,4642.7998046875,4638.10009765625,4641.60009765625,1159,0.0,0.0
2026-01-14 00:30:00-05:00,4641.2001953125,4647.60009765625,4639.0,4643.2001953125,2456,0.0,0.0
2026-01-14 00:45:00-05:00,4643.60009765625,4647.10009765625,4624.7001953125,4626.2998046875,4369,0.0,0.0
2026-01-14 01:00:00-05:00,4626.2998046875,4642.2001953125,4625.2001953125,4640.5,3021,0.0,0.0
2026-01-14 01:15:00-05:00,4640.7001953125,4642.39990234375,4637.7001953125,4640.0,1362,0.0,0.0
2026-01-14 01:30:00-05:00,4639.7001953125,4640.5,4633.2001953125,4637.7998046875,1496,0.0,0.0
2026-01-14 01:45:00-05:00,4638.10009765625,4644.60009765625,4637.7001953125,4644.5,1293,0.0,0.0
2026-01-14 02:00:00-05:00,4644.7001953125,4645.7001953125,4638.89990234375,4640.0,1612,0.0,0.0
2026-01-14 02:15:00-05:00,4640.10009765625,4647.2001953125,4639.2998046875,4644.2998046875,2114,0.0,0.0
2026-01-14 02:30:00-05:00,4644.2998046875,4645.39990234375,4640.89990234375,4643.7001953125,1690,0.0,0.0
2026-01-14 02:45:00-05:00,4644.0,4645.0,4639.39990234375,4639.7001953125,1363,0.0,0.0
2026-01-14 03:00:00-05:00,4639.89990234375,4641.5,4630.5,4634.5,2935,0.0,0.0
2026-01-14 03:15:00-05:00,4634.5,4635.89990234375,4628.39990234375,4632.10009765625,2623,0.0,0.0
2026-01-14 03:30:00-05:00,4632.2001953125,4639.5,4631.5,4639.39990234375,1770,0.0,0.0
2026-01-14 03:45:00-05:00,4639.0,4644.89990234375,4638.5,4641.7998046875,2157,0.0,0.0
2026-01-14 04:00:00-05:00,4641.89990234375,4646.39990234375,4640.10009765625,4645.60009765625,1382,0.0,0.0
2026-01-14 04:15:00-05:00,4645.60009765625,4646.7001953125,4643.39990234375,4644.7001953125,1402,0.0,0.0
2026-01-14 04:30:00-05:00,4644.7001953125,4644.89990234375,4634.5,4635.2998046875,2060,0.0,0.0
2026-01-14 04:45:00-05:00,4635.2001953125,4639.39990234375,4634.7998046875,4637.89990234375,1876,0.0,0.0
2026-01-14 05:00:00-05:00,4637.89990234375,4640.10009765625,4635.39990234375,4639.60009765625,1366,0.0,0.0
2026-01-14 05:15:00-05:00,4639.60009765625,4645.0,4639.60009765625,4642.7001953125,1599,0.0,0.0
2026-01-14 05:30:00-05:00,4642.7998046875,4646.2001953125,4640.2001953125,4643.60009765625,2065,0.0,0.0
2026-01-14 05:45:00-05:00,4644.0,4644.60009765625,4639.10009765625,4641.2001953125,1076,0.0,0.0
2026-01-14 06:00:00-05:00,4641.10009765625,4644.60009765625,4638.10009765625,4643.60009765625,1227,0.0,0.0
2026-01-14 06:15:00-05:00,4643.60009765625,4645.2998046875,4637.5,4638.60009765625,2013,0.0,0.0
2026-01-14 06:30:00-05:00,4638.7998046875,4641.0,4635.5,4639.0,1279,0.0,0.0
2026-01-14 06:45:00-05:00,4638.89990234375,4640.0,4634.10009765625,4638.5,1535,0.0,0.0
2026-01-14 07:00:00-05:00,4638.60009765625,4646.39990234375,4638.2998046875,4643.2001953125,3878,0.0,0.0
2026-01-14 07:15:00-05:00,4643.2001953125,4646.7001953125,4641.60009765625,4643.7001953125,1962,0.0,0.0
2026-01-14 07:30:00-05:00,4643.7001953125,4645.89990234375,4642.0,4642.5,2156,0.0,0.0
2026-01-14 07:45:00-05:00,4642.5,4650.10009765625,4641.7001953125,4646.89990234375,3062,0.0,0.0
2026-01-14 08:00:00-05:00,4647.0,4649.7998046875,4634.7001953125,4636.2998046875,4793,0.0,0.0
2026-01-14 08:15:00-05:00,4636.0,4643.60009765625,4635.39990234375,4640.2001953125,2819,0.0,0.0
2026-01-14 08:30:00-05:00,4639.7998046875,4645.2998046875,4631.2998046875,4644.5,5450,0.0,0.0
2026-01-14 08:45:00-05:00,4644.60009765625,4644.7998046875,4637.0,4643.7998046875,2913,0.0,0.0
2026-01-14 09:00:00-05:00,4643.7001953125,4646.7001953125,4637.10009765625,4642.0,6155,0.0,0.0
2026-01-14 09:15:00-05:00,4641.7001953125,4645.7998046875,4638.7001953125,4642.7998046875,2242,0.0,0.0
2026-01-14 09:30:00-05:00,4642.89990234375,4642.89990234375,4621.10009765625,4625.7001953125,9294,0.0,0.0
2026-01-14 09:45:00-05:00,4625.5,4628.0,4613.89990234375,4624.5,7654,0.0,0.0
2026-01-14 10:00:00-05:00,4624.39990234375,4624.39990234375,4605.89990234375,4622.60009765625,14077,0.0,0.0
2026-01-14 10:15:00-05:00,4622.39990234375,4633.60009765625,4621.0,4622.2998046875,6675,0.0,0.0
2026-01-14 10:30:00-05:00,4622.2001953125,4629.0,4616.2998046875,4620.0,6027,0.0,0.0
2026-01-14 10:45:00-05:00,4619.60009765625,4626.2998046875,4617.10009765625,4624.7998046875,3293,0.0,0.0
2026-01-14 11:00:00-05:00,4624.89990234375,4628.5,4621.60009765625,4624.60009765625,3197,0.0,0.0
2026-01-14 11:15:00-05:00,4624.5,4631.7001953125,4623.2001953125,4628.89990234375,3604,0.0,0.0
2026-01-14 11:30:00-05:00,4628.89990234375,4630.39990234375,4621.0,4623.0,3494,0.0,0.0
2026-01-14 11:45:00-05:00,4622.5,4624.39990234375,4615.2998046875,4624.10009765625,5881,0.0,0.0
2026-01-14 12:00:00-05:00,4624.0,4626.10009765625,4616.5,4622.7001953125,3739,0.0,0.0
2026-01-14 12:15:00-05:00,4622.60009765625,4622.60009765625,4612.2998046875,4617.89990234375,3120,0.0,0.0
2026-01-14 12:30:00-05:00,4617.7998046875,4619.0,4607.7001953125,4611.0,6219,0.0,0.0
2026-01-14 12:45:00-05:00,4611.0,4623.7001953125,4610.60009765625,4621.2998046875,10753,0.0,0.0
2026-01-14 13:00:00-05:00,4621.39990234375,4630.5,4619.60009765625,4630.5,10805,0.0,0.0
2026-01-14 13:15:00-05:00,4630.2998046875,4637.10009765625,4629.0,4635.39990234375,12870,0.0,0.0
2026-01-14 13:30:00-05:00,4635.60009765625,4641.0,4635.2998046875,4638.7998046875,6287,0.0,0.0
2026-01-14 13:45:00-05:00,4638.7998046875,4644.89990234375,4637.5,4642.5,6301,0.0,0.0
2026-01-14 14:00:00-05:00,4642.60009765625,4650.5,4640.7998046875,4644.60009765625,5156,0.0,0.0
2026-01-14 14:15:00-05:00,4644.39990234375,4647.39990234375,4641.5,4642.10009765625,4646,0.0,0.0
2026-01-14 14:30:00-05:00,4642.39990234375,4648.10009765625,4641.60009765625,4647.2998046875,3009,0.0,0.0
2026-01-14 14:45:00-05:00,4647.2001953125,4649.10009765625,4643.2998046875,4646.7001953125,3768,0.0,0.0
2026-01-14 15:00:00-05:00,4646.7001953125,4649.2001953125,4633.2998046875,4643.5,10557,0.0,0.0
2026-01-14 15:15:00-05:00,4643.2998046875,4645.5,4638.7001953125,4641.60009765625,3910,0.0,0.0
2026-01-14 15:30:00-05:00,4641.60009765625,4643.10009765625,4632.7001953125,4633.0,3143,0.0,0.0
2026-01-14 15:45:00-05:00,4633.39990234375,4640.0,4633.2998046875,4639.2001953125,3421,0.0,0.0
2026-01-14 16:00:00-05:00,4639.2998046875,4639.7998046875,4631.2001953125,4631.2001953125,1436,0.0,0.0
2026-01-14 16:15:00-05:00,4631.0,4633.7001953125,4627.2998046875,4629.10009765625,1339,0.0,0.0
2026-01-14 16:30:00-05:00,4628.7001953125,4630.0,4623.60009765625,4627.7998046875,1114,0.0,0.0
2026-01-14 16:45:00-05:00,4627.7998046875,4636.0,4626.39990234375,4633.89990234375,1900,0.0,0.0
2026-01-14 18:00:00-05:00,4635.7001953125,4637.2001953125,4616.5,4621.2001953125,1082,0.0,0.0
2026-01-14 18:15:00-05:00,4620.7001953125,4623.2001953125,4610.10009765625,4614.0,2952,0.0,0.0
2026-01-14 18:30:00-05:00,4613.89990234375,4617.7998046875,4607.2001953125,4611.0,2315,0.0,0.0
2026-01-14 18:45:00-05:00,4611.10009765625,4620.7001953125,4611.10009765625,4619.60009765625,2176,0.0,0.0
2026-01-14 19:00:00-05:00,4619.39990234375,4622.2998046875,4615.89990234375,4621.0,1223,0.0,0.0
2026-01-14 19:15:00-05:00,4620.7998046875,4622.7001953125,4618.7998046875,4621.39990234375,1064,0.0,0.0
2026-01-14 19:30:00-05:00,4621.5,4622.89990234375,4617.89990234375,4618.7001953125,857,0.0,0.0
2026-01-14 19:45:00-05:00,4618.39990234375,4622.10009765625,4614.5,4619.2998046875,885,0.0,0.0
2026-01-14 20:00:00-05:00,4619.5,4622.0,4611.0,4613.7998046875,2372,0.0,0.0
2026-01-14 20:15:00-05:00,4613.60009765625,4614.89990234375,4601.2998046875,4605.10009765625,5205,0.0,0.0
2026-01-14 20:30:00-05:00,4604.89990234375,4607.10009765625,4587.5,4606.5,7526,0.0,0.0
2026-01-14 20:45:00-05:00,4606.5,4611.2001953125,4601.2998046875,4604.2998046875,2685,0.0,0.0
2026-01-14 21:00:00-05:00,4604.0,4618.60009765625,4601.7001953125,4618.0,2879,0.0,0.0
2026-01-14 21:15:00-05:00,4617.7998046875,4618.60009765625,4611.39990234375,4615.2001953125,1682,0.0,0.0
2026-01-14 21:30:00-05:00,4614.7001953125,4618.89990234375,4608.2998046875,4611.2998046875,2759,0.0,0.0
2026-01-14 21:45:00-05:00,4611.5,4611.5,4599.39990234375,4606.89990234375,2589,0.0,0.0
2026-01-14 22:00:00-05:00,4606.60009765625,4608.10009765625,4593.5,4595.2998046875,2787,0.0,0.0
2026-01-14 22:15:00-05:00,4595.0,4598.7998046875,4584.7001953125,4588.7998046875,3732,0.0,0.0
2026-01-14 22:30:00-05:00,4588.5,4601.39990234375,4584.5,4600.39990234375,2848,0.0,0.0
2026-01-14 22:45:00-05:00,4600.10009765625,4600.2001953125,4592.89990234375,4596.10009765625,1773,0.0,0.0
2026-01-14 23:00:00-05:00,4595.7998046875,4598.2998046875,4590.7001953125,4597.2998046875,1695,0.0,0.0
2026-01-14 23:15:00-05:00,4597.2998046875,4601.39990234375,4594.2998046875,4597.60009765625,1784,0.0,0.0
2026-01-14 23:30:00-05:00,4597.7001953125,4599.7998046875,4592.7998046875,4594.2998046875,1196,0.0,0.0
2026-01-14 23:45:00-05:00,4594.7998046875,4599.2001953125,4593.2998046875,4596.60009765625,900,0.0,0.0
2026-01-15 00:00:00-05:00,4595.7001953125,4596.10009765625,4591.10009765625,4591.2001953125,830,0.0,0.0
2026-01-15 00:15:00-05:00,4591.2998046875,4596.60009765625,4584.60009765625,4596.5,1890,0.0,0.0
2026-01-15 00:30:00-05:00,4597.0,4597.7001953125,4584.89990234375,4593.2001953125,1838,0.0,0.0
2026-01-15 00:45:00-05:00,4593.2998046875,4602.60009765625,4591.2001953125,4599.10009765625,1868,0.0,0.0
2026-01-15 01:00:00-05:00,4598.89990234375,4612.2001953125,4597.39990234375,4609.2001953125,2274,0.0,0.0
2026-01-15 01:15:00-05:00,4609.0,4614.0,4607.89990234375,4607.89990234375,1632,0.0,0.0
2026-01-15 01:30:00-05:00,4607.60009765625,4612.10009765625,4604.39990234375,4610.0,1471,0.0,0.0
2026-01-15 01:45:00-05:00,4609.60009765625,4616.39990234375,4607.7001953125,4614.5,1552,0.0,0.0
2026-01-15 02:00:00-05:00,4614.89990234375,4615.39990234375,4610.2998046875,4613.89990234375,1074,0.0,0.0
2026-01-15 02:15:00-05:00,4614.0,4618.0,4612.89990234375,4614.7998046875,1463,0.0,0.0
2026-01-15 02:30:00-05:00,4615.0,4615.7998046875,4606.2001953125,4608.7001953125,1682,0.0,0.0
2026-01-15 02:45:00-05:00,4608.39990234375,4609.10009765625,4603.5,4606.10009765625,1161,0.0,0.0
2026-01-15 03:00:00-05:00,4606.39990234375,4609.10009765625,4602.2001953125,4608.2001953125,1571,0.0,0.0
2026-01-15 03:15:00-05:00,4608.2001953125,4610.5,4604.5,4606.2998046875,2257,0.0,0.0
2026-01-15 03:30:00-05:00,4606.2001953125,4611.5,4603.2001953125,4610.60009765625,1283,0.0,0.0
2026-01-15 03:45:00-05:00,4610.60009765625,4610.7998046875,4605.2998046875,4608.2001953125,1086,0.0,0.0
2026-01-15 04:00:00-05:00,4608.10009765625,4608.7998046875,4604.60009765625,4608.10009765625,939,0.0,0.0
2026-01-15 04:15:00-05:00,4608.2001953125,4609.7998046875,4606.10009765625,4608.7001953125,1029,0.0,0.0
2026-01-15 04:30:00-05:00,4608.89990234375,4615.5,4607.0,4613.7001953125,2404,0.0,0.0
2026-01-15 04:45:00-05:00,4613.60009765625,4617.2001953125,4612.2001953125,4616.89990234375,1581,0.0,0.0
2026-01-15 05:00:00-05:00,4616.7001953125,4618.2998046875,4613.39990234375,4616.5,2483,0.0,0.0
2026-01-15 05:15:00-05:00,4616.7001953125,4620.10009765625,4615.10009765625,4616.2001953125,1960,0.0,0.0
2026-01-15 05:30:00-05:00,4616.2001953125,4623.7001953125,4614.39990234375,4622.2998046875,1681,0.0,0.0
2026-01-15 05:45:00-05:00,4622.10009765625,4624.89990234375,4621.10009765625,4624.2001953125,1180,0.0,0.0
2026-01-15 06:00:00-05:00,4624.2998046875,4625.89990234375,4622.7001953125,4623.10009765625,903,0.0,0.0
2026-01-15 06:15:00-05:00,4622.7001953125,4624.60009765625,4621.2998046875,4623.39990234375,1976,0.0,0.0
2026-01-15 06:30:00-05:00,4623.39990234375,4627.0,4621.60009765625,4621.89990234375,1181,0.0,0.0
2026-01-15 06:45:00-05:00,4622.0,4624.39990234375,4619.60009765625,4623.39990234375,1370,0.0,0.0
2026-01-15 07:00:00-05:00,4623.2998046875,4624.89990234375,4618.60009765625,4618.89990234375,1365,0.0,0.0
2026-01-15 07:15:00-05:00,4619.10009765625,4622.89990234375,4618.0,4620.7001953125,1207,0.0,0.0
2026-01-15 07:30:00-05:00,4620.60009765625,4622.7998046875,4619.60009765625,4621.10009765625,1051,0.0,0.0
2026-01-15 07:45:00-05:00,4621.2998046875,4621.7001953125,4615.7001953125,4617.89990234375,1366,0.0,0.0
2026-01-15 08:00:00-05:00,4618.0,4620.2001953125,4613.7001953125,4615.5,2112,0.0,0.0
2026-01-15 08:15:00-05:00,4615.2001953125,4618.0,4606.2998046875,4609.89990234375,2994,0.0,0.0
2026-01-15 08:30:00-05:00,4609.39990234375,4609.7001953125,4591.7001953125,4593.7998046875,9040,0.0,0.0
2026-01-15 08:45:00-05:00,4593.5,4598.10009765625,4584.0,4591.60009765625,7183,0.0,0.0
2026-01-15 09:00:00-05:00,4591.60009765625,4603.89990234375,4586.2998046875,4603.7001953125,5884,0.0,0.0
2026-01-15 09:15:00-05:00,4603.60009765625,4610.60009765625,4600.2998046875,4606.10009765625,5650,0.0,0.0
2026-01-15 09:30:00-05:00,4606.2001953125,4615.7001953125,4605.2001953125,4606.2001953125,5342,0.0,0.0
2026-01-15 09:45:00-05:00,4606.5,4618.7998046875,4603.89990234375,4614.89990234375,5051,0.0,0.0
2026-01-15 10:00:00-05:00,4614.7998046875,4619.0,4608.2001953125,4617.2998046875,5009,0.0,0.0
2026-01-15 10:15:00-05:00,4617.5,4622.2998046875,4616.2998046875,4621.0,4028,0.0,0.0
2026-01-15 10:30:00-05:00,4621.0,4622.2998046875,4614.0,4616.0,3419,0.0,0.0
2026-01-15 10:45:00-05:00,4615.89990234375,4621.7001953125,4614.2998046875,4620.2001953125,2722,0.0,0.0
2026-01-15 11:00:00-05:00,4620.0,4628.2001953125,4613.0,4626.7998046875,5766,0.0,0.0
2026-01-15 11:15:00-05:00,4626.89990234375,4630.10009765625,4616.10009765625,4616.5,5606,0.0,0.0
2026-01-15 11:30:00-05:00,4616.5,4618.10009765625,4609.0,4612.2001953125,3873,0.0,0.0
2026-01-15 11:45:00-05:00,4611.89990234375,4612.2001953125,4605.7001953125,4610.2001953125,3218,0.0,0.0
2026-01-15 12:00:00-05:00,4610.39990234375,4616.0,4610.2998046875,4614.5,2309,0.0,0.0
2026-01-15 12:15:00-05:00,4614.60009765625,4618.89990234375,4612.2998046875,4615.5,3184,0.0,0.0
2026-01-15 12:30:00-05:00,4615.39990234375,4621.7998046875,4614.89990234375,4619.2001953125,2605,0.0,0.0
2026-01-15 12:45:00-05:00,4619.39990234375,4621.7001953125,4618.5,4621.5,1553,0.0,0.0
2026-01-15 13:00:00-05:00,4621.39990234375,4625.2998046875,4621.2998046875,4622.7998046875,4369,0.0,0.0
2026-01-15 13:15:00-05:00,4622.7001953125,4626.0,4622.2001953125,4624.10009765625,4915,0.0,0.0
2026-01-15 13:30:00-05:00,4624.0,4624.0,4617.60009765625,4620.39990234375,2510,0.0,0.0
2026-01-15 13:45:00-05:00,4620.2998046875,4624.2998046875,4620.10009765625,4622.10009765625,1073,0.0,0.0
2026-01-15 14:00:00-05:00,4622.2001953125,4626.5,4621.89990234375,4623.60009765625,1734,0.0,0.0
2026-01-15 14:15:00-05:00,4623.39990234375,4625.2001953125,4622.0,4622.7001953125,1982,0.0,0.0
2026-01-15 14:30:00-05:00,4622.7001953125,4623.7001953125,4619.5,4621.39990234375,1200,0.0,0.0
2026-01-15 14:45:00-05:00,4621.2998046875,4621.89990234375,4616.7998046875,4620.0,1483,0.0,0.0
2026-01-15 15:00:00-05:00,4620.2001953125,4620.7001953125,4608.10009765625,4609.60009765625,2738,0.0,0.0
2026-01-15 15:15:00-05:00,4609.60009765625,4613.0,4604.2001953125,4609.0,2271,0.0,0.0
2026-01-15 15:30:00-05:00,4609.0,4613.39990234375,4607.60009765625,4612.2998046875,1042,0.0,0.0
2026-01-15 15:45:00-05:00,4612.5,4613.2998046875,4607.39990234375,4609.7998046875,1837,0.0,0.0
2026-01-15 16:00:00-05:00,4609.5,4616.2001953125,4608.5,4616.2001953125,1176,0.0,0.0
2026-01-15 16:15:00-05:00,4616.10009765625,4619.60009765625,4615.2001953125,4618.2001953125,636,0.0,0.0
2026-01-15 16:30:00-05:00,4618.2001953125,4619.7998046875,4617.7001953125,4619.7001953125,568,0.0,0.0
2026-01-15 16:45:00-05:00,4619.7998046875,4620.60009765625,4617.7001953125,4620.5,594,0.0,0.0
2026-01-15 18:00:00-05:00,4621.60009765625,4625.5,4618.0,4618.2998046875,743,0.0,0.0
2026-01-15 18:15:00-05:00,4618.39990234375,4619.5,4613.10009765625,4613.7001953125,1137,0.0,0.0
2026-01-15 18:30:00-05:00,4613.60009765625,4615.5,4611.2001953125,4612.5,863,0.0,0.0
2026-01-15 18:45:00-05:00,4612.2998046875,4615.10009765625,4610.60009765625,4614.60009765625,970,0.0,0.0
2026-01-15 19:00:00-05:00,4614.2001953125,4614.5,4607.5,4610.10009765625,1209,0.0,0.0
2026-01-15 19:15:00-05:00,4610.10009765625,4615.10009765625,4609.60009765625,4611.89990234375,889,0.0,0.0
2026-01-15 19:30:00-05:00,4611.89990234375,4612.2998046875,4605.0,4605.5,781,0.0,0.0
2026-01-15 19:45:00-05:00,4605.5,4606.0,4602.39990234375,4604.39990234375,1360,0.0,0.0
2026-01-15 20:00:00-05:00,4603.7998046875,4609.5,4597.7998046875,4607.2001953125,2387,0.0,0.0
2026-01-15 20:15:00-05:00,4607.7001953125,4611.2998046875,4603.7998046875,4609.7998046875,1657,0.0,0.0
2026-01-15 20:30:00-05:00,4609.89990234375,4612.2998046875,4605.10009765625,4609.0,1758,0.0,0.0
2026-01-15 20:45:00-05:00,4609.0,4609.2001953125,4603.2001953125,4604.7998046875,1557,0.0,0.0
2026-01-15 21:00:00-05:00,4604.7998046875,4607.5,4601.0,4601.39990234375,3305,0.0,0.0
2026-01-15 21:15:00-05:00,4601.2998046875,4607.7001953125,4600.10009765625,4603.5,1805,0.0,0.0
2026-01-15 21:30:00-05:00,4603.5,4604.7001953125,4594.60009765625,4599.39990234375,2338,0.0,0.0
2026-01-15 21:45:00-05:00,4599.2001953125,4602.2001953125,4595.0,4598.39990234375,1423,0.0,0.0
2026-01-15 22:00:00-05:00,4598.2001953125,4602.7001953125,4597.60009765625,4601.89990234375,795,0.0,0.0
2026-01-15 22:15:00-05:00,4602.0,4603.2001953125,4598.39990234375,4598.7998046875,823,0.0,0.0
2026-01-15 22:30:00-05:00,4598.60009765625,4600.7001953125,4595.7998046875,4599.5,685,0.0,0.0
2026-01-15 22:45:00-05:00,4599.39990234375,4600.7998046875,4598.2998046875,4599.39990234375,476,0.0,0.0
2026-01-15 23:00:00-05:00,4599.39990234375,4602.89990234375,4599.2001953125,4601.7998046875,936,0.0,0.0
2026-01-15 23:15:00-05:00,4602.0,4604.7001953125,4601.60009765625,4601.89990234375,606,0.0,0.0
2026-01-15 23:30:00-05:00,4601.89990234375,4604.2998046875,4600.7001953125,4603.2998046875,433,0.0,0.0
2026-01-15 23:45:00-05:00,4603.2998046875,4605.5,4602.5,4604.60009765625,402,0.0,0.0
2026-01-16 00:00:00-05:00,4604.5,4604.7001953125,4598.60009765625,4599.7998046875,535,0.0,0.0
2026-01-16 00:15:00-05:00,4599.7001953125,4605.0,4598.7001953125,4604.39990234375,496,0.0,0.0
2026-01-16 00:30:00-05:00,4604.39990234375,4610.5,4599.60009765625,4610.5,1754,0.0,0.0
2026-01-16 00:45:00-05:00,4610.60009765625,4620.2001953125,4610.2001953125,4615.39990234375,2268,0.0,0.0
2026-01-16 01:00:00-05:00,4615.5,4616.2998046875,4607.60009765625,4608.60009765625,1296,0.0,0.0
2026-01-16 01:15:00-05:00,4608.7001953125,4613.0,4607.2001953125,4608.2001953125,1403,0.0,0.0
2026-01-16 01:30:00-05:00,4608.0,4612.10009765625,4599.5,4599.7001953125,2477,0.0,0.0
2026-01-16 01:45:00-05:00,4599.7998046875,4603.2001953125,4597.10009765625,4601.7998046875,2695,0.0,0.0
2026-01-16 02:00:00-05:00,4601.5,4616.10009765625,4600.5,4614.2001953125,2281,0.0,0.0
2026-01-16 02:15:00-05:00,4614.10009765625,4614.10009765625,4608.7998046875,4609.89990234375,1599,0.0,0.0
2026-01-16 02:30:00-05:00,4609.89990234375,4616.2001953125,4605.2998046875,4607.10009765625,3351,0.0,0.0
2026-01-16 02:45:00-05:00,4607.2998046875,4613.7998046875,4605.7001953125,4611.5,1383,0.0,0.0
2026-01-16 03:00:00-05:00,4611.2001953125,4614.5,4608.7998046875,4609.0,1086,0.0,0.0
2026-01-16 03:15:00-05:00,4608.7001953125,4614.7998046875,4608.60009765625,4611.39990234375,1058,0.0,0.0
2026-01-16 03:30:00-05:00,4611.2001953125,4613.0,4605.89990234375,4606.10009765625,1207,0.0,0.0
2026-01-16 03:45:00-05:00,4605.89990234375,4611.2998046875,4605.2001953125,4606.7998046875,1186,0.0,0.0
2026-01-16 04:00:00-05:00,4606.7998046875,4612.2001953125,4605.89990234375,4608.5,976,0.0,0.0
2026-01-16 04:15:00-05:00,4608.7001953125,4608.7998046875,4603.2998046875,4604.60009765625,733,0.0,0.0
2026-01-16 04:30:00-05:00,4605.0,4607.39990234375,4602.7001953125,4607.39990234375,919,0.0,0.0
2026-01-16 04:45:00-05:00,4607.2001953125,4607.2998046875,4603.89990234375,4604.2001953125,574,0.0,0.0
2026-01-16 05:00:00-05:00,4604.10009765625,4611.60009765625,4604.10009765625,4610.60009765625,1018,0.0,0.0
2026-01-16 05:15:00-05:00,4610.60009765625,4615.10009765625,4610.60009765625,4611.5,1928,0.0,0.0
2026-01-16 05:30:00-05:00,4611.2998046875,4613.39990234375,4610.60009765625,4611.5,1059,0.0,0.0
2026-01-16 05:45:00-05:00,4611.2998046875,4612.60009765625,4603.60009765625,4604.10009765625,1583,0.0,0.0
2026-01-16 06:00:00-05:00,4604.10009765625,4610.7001953125,4602.2998046875,4610.39990234375,1568,0.0,0.0
2026-01-16 06:15:00-05:00,4610.2998046875,4615.5,4609.5,4615.10009765625,1168,0.0,0.0
2026-01-16 06:30:00-05:00,4614.89990234375,4620.0,4613.39990234375,4619.7001953125,1835,0.0,0.0
2026-01-16 06:45:00-05:00,4619.7001953125,4620.5,4616.5,4616.5,1776,0.0,0.0
2026-01-16 07:00:00-05:00,4616.39990234375,4616.7998046875,4613.2001953125,4615.0,1198,0.0,0.0
2026-01-16 07:15:00-05:00,4615.10009765625,4617.0,4608.60009765625,4610.39990234375,1546,0.0,0.0
2026-01-16 07:30:00-05:00,4610.5,4610.7001953125,4606.39990234375,4607.7001953125,1606,0.0,0.0
2026-01-16 07:45:00-05:00,4607.60009765625,4609.7001953125,4601.0,4605.7001953125,2378,0.0,0.0
2026-01-16 08:00:00-05:00,4605.7998046875,4609.89990234375,4598.7998046875,4600.89990234375,3673,0.0,0.0
2026-01-16 08:15:00-05:00,4600.89990234375,4602.2001953125,4586.0,4590.5,10308,0.0,0.0
2026-01-16 08:30:00-05:00,4590.7001953125,4605.7001953125,4588.5,4603.10009765625,5328,0.0,0.0
2026-01-16 08:45:00-05:00,4603.2001953125,4607.0,4600.60009765625,4605.7001953125,3691,0.0,0.0
2026-01-16 09:00:00-05:00,4605.7001953125,4612.60009765625,4602.10009765625,4611.0,3184,0.0,0.0
2026-01-16 09:15:00-05:00,4611.10009765625,4613.2998046875,4602.2001953125,4603.0,3050,0.0,0.0
2026-01-16 09:30:00-05:00,4602.7998046875,4615.39990234375,4599.89990234375,4612.2998046875,5910,0.0,0.0
2026-01-16 09:45:00-05:00,4612.60009765625,4618.89990234375,4610.89990234375,4611.89990234375,4971,0.0,0.0
2026-01-16 10:00:00-05:00,4611.39990234375,4624.60009765625,4611.2001953125,4620.7001953125,5541,0.0,0.0
2026-01-16 10:15:00-05:00,4620.60009765625,4622.10009765625,4567.2998046875,4568.10009765625,23995,0.0,0.0
2026-01-16 10:30:00-05:00,4567.7998046875,4573.39990234375,4539.10009765625,4558.39990234375,25034,0.0,0.0
2026-01-16 10:45:00-05:00,4558.60009765625,4579.0,4558.60009765625,4574.7998046875,11032,0.0,0.0
2026-01-16 11:00:00-05:00,4574.60009765625,4597.2998046875,4570.7998046875,4596.7998046875,9536,0.0,0.0
2026-01-16 11:15:00-05:00,4597.2001953125,4601.7001953125,4588.7001953125,4596.39990234375,6553,0.0,0.0
2026-01-16 11:30:00-05:00,4597.0,4603.89990234375,4592.7998046875,4600.89990234375,4368,0.0,0.0
2026-01-16 11:45:00-05:00,4601.0,4602.2001953125,4586.7001953125,4595.7998046875,4373,0.0,0.0
2026-01-16 12:00:00-05:00,4596.2001953125,4597.89990234375,4589.60009765625,4594.7001953125,1948,0.0,0.0
2026-01-16 12:15:00-05:00,4594.60009765625,4595.2998046875,4581.0,4583.5,3668,0.0,0.0
2026-01-16 12:30:00-05:00,4583.2998046875,4591.10009765625,4581.60009765625,4585.2998046875,1898,0.0,0.0
2026-01-16 12:45:00-05:00,4585.2001953125,4588.7001953125,4583.5,4586.0,1319,0.0,0.0
2026-01-16 13:00:00-05:00,4586.0,4593.7998046875,4584.7001953125,4589.2001953125,1844,0.0,0.0
2026-01-16 13:15:00-05:00,4589.2001953125,4596.89990234375,4586.60009765625,4595.2998046875,3536,0.0,0.0
2026-01-16 13:30:00-05:00,4595.2998046875,4601.10009765625,4593.39990234375,4600.39990234375,2341,0.0,0.0
2026-01-16 13:45:00-05:00,4600.5,4601.0,4587.39990234375,4587.89990234375,2507,0.0,0.0
2026-01-16 14:00:00-05:00,4587.7998046875,4593.60009765625,4586.2001953125,4589.2998046875,1383,0.0,0.0
2026-01-16 14:15:00-05:00,4589.10009765625,4591.39990234375,4585.7998046875,4588.89990234375,1091,0.0,0.0
2026-01-16 14:30:00-05:00,4588.89990234375,4596.7001953125,4588.89990234375,4594.2001953125,1014,0.0,0.0
2026-01-16 14:45:00-05:00,4594.2001953125,4597.2001953125,4593.2001953125,4595.2001953125,947,0.0,0.0
2026-01-16 15:00:00-05:00,4595.2998046875,4600.2001953125,4593.39990234375,4597.60009765625,1394,0.0,0.0
2026-01-16 15:15:00-05:00,4597.60009765625,4597.7998046875,4592.10009765625,4593.0,947,0.0,0.0
2026-01-16 15:30:00-05:00,4592.60009765625,4592.60009765625,4585.0,4589.0,3378,0.0,0.0
2026-01-16 15:45:00-05:00,4588.7998046875,4593.89990234375,4586.7998046875,4587.2998046875,2238,0.0,0.0
2026-01-16 16:00:00-05:00,4587.2001953125,4591.39990234375,4587.2001953125,4591.0,773,0.0,0.0
2026-01-16 16:15:00-05:00,4591.0,4602.10009765625,4590.60009765625,4596.2001953125,1527,0.0,0.0
2026-01-16 16:30:00-05:00,4596.10009765625,4599.7998046875,4595.60009765625,4598.2998046875,704,0.0,0.0
2026-01-16 16:45:00-05:00,4598.39990234375,4601.2001953125,4598.2998046875,4601.10009765625,754,0.0,0.0
2026-01-18 23:30:00-05:00,4595.39990234375,4669.7998046875,4595.39990234375,4668.2001953125,531,0.0,0.0
2026-01-18 23:45:00-05:00,4668.0,4672.2998046875,4667.7001953125,4671.2001953125,466,0.0,0.0
2026-01-20 00:00:00-05:00,4700.89990234375,4707.7001953125,4700.60009765625,4706.0,3277,0.0,0.0
2026-01-20 00:15:00-05:00,4706.0,4706.7001953125,4701.2001953125,4702.10009765625,2028,0.0,0.0
2026-01-20 00:30:00-05:00,4702.2998046875,4712.7001953125,4700.0,4711.0,5531,0.0,0.0
2026-01-20 00:45:00-05:00,4711.0,4722.7998046875,4711.0,4720.60009765625,4314,0.0,0.0
2026-01-20 01:00:00-05:00,4720.7001953125,4723.39990234375,4713.7001953125,4719.0,3933,0.0,0.0
2026-01-20 01:15:00-05:00,4718.7998046875,4721.2001953125,4714.5,4718.0,2080,0.0,0.0
2026-01-20 01:30:00-05:00,4717.89990234375,4720.5,4711.2998046875,4716.5,2639,0.0,0.0
2026-01-20 01:45:00-05:00,4716.5,4721.5,4715.2001953125,4718.60009765625,2261,0.0,0.0
2026-01-20 02:00:00-05:00,4718.39990234375,4723.7001953125,4717.5,4721.5,1870,0.0,0.0
2026-01-20 02:15:00-05:00,4721.5,4727.60009765625,4720.60009765625,4723.7001953125,3021,0.0,0.0
2026-01-20 02:30:00-05:00,4724.0,4727.10009765625,4722.0,4725.5,1536,0.0,0.0
2026-01-20 02:45:00-05:00,4725.39990234375,4728.0,4720.2001953125,4721.39990234375,3172,0.0,0.0
2026-01-20 03:00:00-05:00,4721.39990234375,4731.2998046875,4720.39990234375,4730.2998046875,2324,0.0,0.0
2026-01-20 03:15:00-05:00,4730.0,4730.39990234375,4723.60009765625,4724.2001953125,2590,0.0,0.0
2026-01-20 03:30:00-05:00,4724.39990234375,4730.10009765625,4721.39990234375,4728.7998046875,2715,0.0,0.0
2026-01-20 03:45:00-05:00,4728.7001953125,4738.0,4728.5,4735.60009765625,3461,0.0,0.0
2026-01-20 04:00:00-05:00,4735.5,4737.7998046875,4730.2001953125,4731.2998046875,3126,0.0,0.0
2026-01-20 04:15:00-05:00,4731.10009765625,4740.0,4727.2001953125,4739.39990234375,2770,0.0,0.0
2026-01-20 04:30:00-05:00,4738.89990234375,4742.10009765625,4738.7001953125,4739.60009765625,2610,0.0,0.0
2026-01-20 04:45:00-05:00,4739.39990234375,4742.89990234375,4737.2998046875,4737.60009765625,3257,0.0,0.0
2026-01-20 05:00:00-05:00,4737.5,4740.39990234375,4735.7001953125,4736.89990234375,1819,0.0,0.0
2026-01-20 05:15:00-05:00,4736.89990234375,4739.0,4733.2001953125,4733.2998046875,1651,0.0,0.0
2026-01-20 05:30:00-05:00,4733.2001953125,4734.60009765625,4729.0,4730.10009765625,2707,0.0,0.0
2026-01-20 05:45:00-05:00,4730.2001953125,4734.0,4728.7001953125,4732.2998046875,1114,0.0,0.0
2026-01-20 06:00:00-05:00,4732.2998046875,4733.89990234375,4727.2998046875,4732.0,1410,0.0,0.0
2026-01-20 06:15:00-05:00,4732.0,4735.0,4731.0,4732.39990234375,1023,0.0,0.0
2026-01-20 06:30:00-05:00,4732.5,4737.89990234375,4731.39990234375,4737.7001953125,1341,0.0,0.0
2026-01-20 06:45:00-05:00,4737.89990234375,4740.7998046875,4736.0,4738.60009765625,1591,0.0,0.0
2026-01-20 07:00:00-05:00,4738.60009765625,4738.60009765625,4733.89990234375,4736.0,1514,0.0,0.0
2026-01-20 07:15:00-05:00,4736.0,4736.2001953125,4732.0,4732.39990234375,1244,0.0,0.0
2026-01-20 07:30:00-05:00,4732.2998046875,4735.2001953125,4729.5,4732.5,2480,0.0,0.0
2026-01-20 07:45:00-05:00,4732.10009765625,4735.39990234375,4731.7001953125,4733.2998046875,2624,0.0,0.0
2026-01-20 08:00:00-05:00,4733.39990234375,4734.2001953125,4727.2998046875,4729.2998046875,3116,0.0,0.0
2026-01-20 08:15:00-05:00,4729.2998046875,4732.10009765625,4721.2001953125,4724.60009765625,4506,0.0,0.0
2026-01-20 08:30:00-05:00,4724.7998046875,4736.10009765625,4720.0,4735.2001953125,7886,0.0,0.0
2026-01-20 08:45:00-05:00,4735.60009765625,4743.7998046875,4732.5,4742.2998046875,6304,0.0,0.0
2026-01-20 09:00:00-05:00,4742.2998046875,4754.2001953125,4737.2998046875,4746.2001953125,10171,0.0,0.0
2026-01-20 09:15:00-05:00,4746.2001953125,4756.2001953125,4745.7998046875,4755.7998046875,5852,0.0,0.0
2026-01-20 09:30:00-05:00,4755.89990234375,4756.60009765625,4733.39990234375,4743.10009765625,11130,0.0,0.0
2026-01-20 09:45:00-05:00,4743.10009765625,4747.39990234375,4738.7001953125,4746.39990234375,5005,0.0,0.0
2026-01-20 10:00:00-05:00,4745.89990234375,4753.7001953125,4743.5,4749.2001953125,7360,0.0,0.0
2026-01-20 10:15:00-05:00,4749.2998046875,4749.39990234375,4726.7001953125,4728.60009765625,9905,0.0,0.0
2026-01-20 10:30:00-05:00,4728.39990234375,4740.10009765625,4726.7998046875,4737.2998046875,5793,0.0,0.0
2026-01-20 10:45:00-05:00,4742.0,4743.7001953125,4736.2001953125,4742.0,5866,0.0,0.0
2026-01-20 11:00:00-05:00,4742.10009765625,4747.89990234375,4733.39990234375,4745.5,4623,0.0,0.0
2026-01-20 11:15:00-05:00,4745.7001953125,4748.60009765625,4739.60009765625,4745.7998046875,5393,0.0,0.0
2026-01-20 11:30:00-05:00,4745.39990234375,4750.39990234375,4745.10009765625,4749.39990234375,3356,0.0,0.0
2026-01-20 11:45:00-05:00,4749.60009765625,4762.0,4749.5,4758.0,6301,0.0,0.0
2026-01-20 12:00:00-05:00,4757.7001953125,4758.7001953125,4750.2998046875,4758.2998046875,4445,0.0,0.0
2026-01-20 12:15:00-05:00,4758.5,4761.7998046875,4756.2998046875,4759.39990234375,3529,0.0,0.0
2026-01-20 12:30:00-05:00,4759.60009765625,4763.2001953125,4756.5,4760.7001953125,3341,0.0,0.0
2026-01-20 12:45:00-05:00,4761.0,4767.0,4756.2998046875,4763.7001953125,3964,0.0,0.0
2026-01-20 13:00:00-05:00,4763.7998046875,4770.0,4763.10009765625,4768.0,3557,0.0,0.0
2026-01-20 13:15:00-05:00,4768.0,4771.2001953125,4764.10009765625,4766.2998046875,7555,0.0,0.0
2026-01-20 13:30:00-05:00,4766.2001953125,4767.60009765625,4761.60009765625,4762.2998046875,3134,0.0,0.0
2026-01-20 13:45:00-05:00,4762.2001953125,4765.39990234375,4757.5,4764.2001953125,3127,0.0,0.0
2026-01-20 14:00:00-05:00,4764.39990234375,4765.60009765625,4761.2998046875,4764.10009765625,1288,0.0,0.0
2026-01-20 14:15:00-05:00,4764.2001953125,4771.5,4763.2001953125,4764.60009765625,2748,0.0,0.0
2026-01-20 14:30:00-05:00,4764.60009765625,4769.2001953125,4761.7001953125,4768.2998046875,1794,0.0,0.0
2026-01-20 14:45:00-05:00,4768.2001953125,4769.0,4763.60009765625,4765.89990234375,1128,0.0,0.0
2026-01-20 15:00:00-05:00,4765.7998046875,4766.60009765625,4760.89990234375,4765.2998046875,1578,0.0,0.0
2026-01-20 15:15:00-05:00,4765.7001953125,4766.10009765625,4752.60009765625,4755.60009765625,3414,0.0,0.0
2026-01-20 15:30:00-05:00,4755.60009765625,4760.7001953125,4754.10009765625,4755.0,2164,0.0,0.0
2026-01-20 15:45:00-05:00,4755.2001953125,4762.89990234375,4754.60009765625,4761.39990234375,2135,0.0,0.0
2026-01-20 16:00:00-05:00,4761.5,4765.7001953125,4761.10009765625,4765.5,993,0.0,0.0
2026-01-20 16:15:00-05:00,4765.60009765625,4766.2998046875,4764.5,4765.2998046875,582,0.0,0.0
2026-01-20 16:30:00-05:00,4765.0,4765.10009765625,4762.5,4764.60009765625,317,0.0,0.0
2026-01-20 16:45:00-05:00,4764.7001953125,4769.2998046875,4764.2001953125,4769.10009765625,695,0.0,0.0
2026-01-20 18:00:00-05:00,4767.5,4771.2998046875,4761.7998046875,4761.89990234375,491,0.0,0.0
2026-01-20 18:15:00-05:00,4762.10009765625,4765.2998046875,4761.5,4763.5,993,0.0,0.0
2026-01-20 18:30:00-05:00,4763.39990234375,4777.89990234375,4762.5,4777.7998046875,1338,0.0,0.0
2026-01-20 18:45:00-05:00,4777.7998046875,4784.89990234375,4775.5,4779.7998046875,2301,0.0,0.0
2026-01-20 19:00:00-05:00,4779.60009765625,4781.7998046875,4774.5,4780.60009765625,1260,0.0,0.0
2026-01-20 19:15:00-05:00,4780.7998046875,4784.89990234375,4778.2001953125,4782.2001953125,1145,0.0,0.0
2026-01-20 19:30:00-05:00,4782.0,4791.10009765625,4781.60009765625,4789.89990234375,2373,0.0,0.0
2026-01-20 19:45:00-05:00,4790.0,4792.89990234375,4786.89990234375,4789.60009765625,1615,0.0,0.0
2026-01-20 20:00:00-05:00,4789.60009765625,4814.39990234375,4788.5,4812.2001953125,6536,0.0,0.0
2026-01-20 20:15:00-05:00,4812.0,4831.0,4809.60009765625,4830.5,6757,0.0,0.0
2026-01-20 20:30:00-05:00,4830.39990234375,4839.60009765625,4818.10009765625,4821.7998046875,7229,0.0,0.0
2026-01-20 20:45:00-05:00,4822.0,4847.7001953125,4822.0,4838.5,6335,0.0,0.0
2026-01-20 21:00:00-05:00,4838.60009765625,4845.2998046875,4825.60009765625,4831.39990234375,4052,0.0,0.0
2026-01-20 21:15:00-05:00,4831.5,4831.5,4820.39990234375,4827.7001953125,2837,0.0,0.0
2026-01-20 21:30:00-05:00,4827.7001953125,4842.7998046875,4824.7998046875,4833.7998046875,3336,0.0,0.0
2026-01-20 21:45:00-05:00,4834.0,4840.0,4830.2001953125,4839.39990234375,1993,0.0,0.0
2026-01-20 22:00:00-05:00,4839.2001953125,4852.60009765625,4835.60009765625,4836.10009765625,4423,0.0,0.0
2026-01-20 22:15:00-05:00,4836.0,4839.7001953125,4829.5,4836.10009765625,3576,0.0,0.0
2026-01-20 22:30:00-05:00,4836.2998046875,4848.7998046875,4834.2001953125,4845.10009765625,2562,0.0,0.0
2026-01-20 22:45:00-05:00,4845.39990234375,4849.7001953125,4842.5,4847.60009765625,1199,0.0,0.0
2026-01-20 23:00:00-05:00,4847.2998046875,4849.2001953125,4840.0,4847.2001953125,1298,0.0,0.0
2026-01-20 23:15:00-05:00,4847.5,4856.7998046875,4846.5,4852.39990234375,2187,0.0,0.0
2026-01-20 23:30:00-05:00,4852.60009765625,4868.39990234375,4852.60009765625,4867.60009765625,2780,0.0,0.0
2026-01-20 23:45:00-05:00,4868.2998046875,4873.60009765625,4864.7998046875,4867.5,2283,0.0,0.0
2026-01-21 00:00:00-05:00,4868.39990234375,4869.89990234375,4861.7001953125,4869.60009765625,2227,0.0,0.0
2026-01-21 00:15:00-05:00,4869.39990234375,4876.89990234375,4866.5,4871.39990234375,2435,0.0,0.0
2026-01-21 00:30:00-05:00,4871.60009765625,4880.89990234375,4866.0,4873.5,3036,0.0,0.0
2026-01-21 00:45:00-05:00,4873.39990234375,4879.60009765625,4871.5,4872.39990234375,1813,0.0,0.0
2026-01-21 01:00:00-05:00,4872.60009765625,4878.0,4866.7998046875,4874.10009765625,2302,0.0,0.0
2026-01-21 01:15:00-05:00,4873.7998046875,4891.10009765625,4872.7001953125,4886.39990234375,3469,0.0,0.0
2026-01-21 01:30:00-05:00,4886.5,4890.2001953125,4861.7998046875,4864.89990234375,5018,0.0,0.0
2026-01-21 01:45:00-05:00,4864.39990234375,4869.0,4848.0,4850.2001953125,6123,0.0,0.0
2026-01-21 02:00:00-05:00,4849.89990234375,4852.5,4837.10009765625,4839.89990234375,5160,0.0,0.0
2026-01-21 02:15:00-05:00,4840.0,4852.5,4835.2001953125,4851.39990234375,4779,0.0,0.0
2026-01-21 02:30:00-05:00,4851.2998046875,4853.89990234375,4840.60009765625,4851.5,4296,0.0,0.0
2026-01-21 02:45:00-05:00,4851.60009765625,4859.39990234375,4849.7998046875,4857.5,2363,0.0,0.0
2026-01-21 03:00:00-05:00,4856.89990234375,4866.10009765625,4855.7001953125,4860.2998046875,2629,0.0,0.0
2026-01-21 03:15:00-05:00,4860.5,4871.60009765625,4860.39990234375,4869.0,2255,0.0,0.0
2026-01-21 03:30:00-05:00,4868.7998046875,4870.2001953125,4861.2998046875,4863.39990234375,2533,0.0,0.0
2026-01-21 03:45:00-05:00,4863.2998046875,4865.2998046875,4853.7001953125,4856.89990234375,2585,0.0,0.0
2026-01-21 04:00:00-05:00,4856.89990234375,4864.7998046875,4854.5,4862.10009765625,2377,0.0,0.0
2026-01-21 04:15:00-05:00,4862.10009765625,4878.7998046875,4860.2001953125,4878.0,4162,0.0,0.0
2026-01-21 04:30:00-05:00,4877.89990234375,4879.39990234375,4866.2998046875,4868.60009765625,2402,0.0,0.0
2026-01-21 04:45:00-05:00,4868.60009765625,4869.7001953125,4861.10009765625,4862.39990234375,1987,0.0,0.0
2026-01-21 05:00:00-05:00,4862.5,4868.89990234375,4861.60009765625,4865.5,1817,0.0,0.0
2026-01-21 05:15:00-05:00,4865.60009765625,4866.60009765625,4861.89990234375,4862.7001953125,2204,0.0,0.0
2026-01-21 05:30:00-05:00,4862.39990234375,4868.0,4862.0,4867.2001953125,1960,0.0,0.0
2026-01-21 05:45:00-05:00,4867.39990234375,4869.2001953125,4864.10009765625,4864.39990234375,1293,0.0,0.0
2026-01-21 06:00:00-05:00,4864.2998046875,4868.0,4863.10009765625,4867.7001953125,1360,0.0,0.0
2026-01-21 06:15:00-05:00,4867.7998046875,4874.0,4867.60009765625,4869.0,2926,0.0,0.0
2026-01-21 06:30:00-05:00,4869.2001953125,4869.5,4862.7998046875,4864.60009765625,2829,0.0,0.0
2026-01-21 06:45:00-05:00,4864.60009765625,4869.10009765625,4857.39990234375,4869.10009765625,2494,0.0,0.0
2026-01-21 07:00:00-05:00,4869.2998046875,4869.7998046875,4863.7998046875,4864.7998046875,2313,0.0,0.0
2026-01-21 07:15:00-05:00,4864.60009765625,4868.0,4858.10009765625,4867.60009765625,2487,0.0,0.0
2026-01-21 07:30:00-05:00,4867.89990234375,4873.5,4866.0,4868.0,3957,0.0,0.0
2026-01-21 07:45:00-05:00,4868.5,4870.10009765625,4859.5,4868.0,2801,0.0,0.0
2026-01-21 08:00:00-05:00,4868.2001953125,4874.2998046875,4861.0,4872.10009765625,3868,0.0,0.0
2026-01-21 08:15:00-05:00,4872.10009765625,4874.2001953125,4864.10009765625,4870.7998046875,3484,0.0,0.0
2026-01-21 08:30:00-05:00,4870.7001953125,4882.10009765625,4869.7001953125,4880.2998046875,5701,0.0,0.0
2026-01-21 08:45:00-05:00,4880.2998046875,4883.2998046875,4872.60009765625,4882.2998046875,4776,0.0,0.0
2026-01-21 09:00:00-05:00,4882.60009765625,4884.5,4840.7998046875,4846.60009765625,20261,0.0,0.0
2026-01-21 09:15:00-05:00,4847.2001953125,4867.2998046875,4844.0,4862.5,9907,0.0,0.0
2026-01-21 09:30:00-05:00,4862.39990234375,4874.89990234375,4852.10009765625,4862.89990234375,8462,0.0,0.0
2026-01-21 09:45:00-05:00,4863.39990234375,4864.60009765625,4848.2998046875,4853.7001953125,6883,0.0,0.0
2026-01-21 10:00:00-05:00,4853.7001953125,4871.2001953125,4849.5,4862.39990234375,7634,0.0,0.0
2026-01-21 10:15:00-05:00,4862.39990234375,4864.0,4813.7998046875,4833.2998046875,18587,0.0,0.0
2026-01-21 10:30:00-05:00,4833.5,4847.7998046875,4831.39990234375,4839.10009765625,7122,0.0,0.0
2026-01-21 10:45:00-05:00,4839.5,4856.60009765625,4836.0,4850.0,5536,0.0,0.0
2026-01-21 11:00:00-05:00,4850.0,4858.7001953125,4846.0,4849.5,5029,0.0,0.0
2026-01-21 11:15:00-05:00,4849.7001953125,4855.5,4831.60009765625,4843.2998046875,5639,0.0,0.0
2026-01-21 11:30:00-05:00,4842.7001953125,4852.7001953125,4836.60009765625,4837.7998046875,5863,0.0,0.0
2026-01-21 11:45:00-05:00,4837.2998046875,4840.7001953125,4821.60009765625,4836.5,5165,0.0,0.0
2026-01-21 12:00:00-05:00,4836.7001953125,4837.0,4817.2998046875,4820.2001953125,5487,0.0,0.0
2026-01-21 12:15:00-05:00,4820.0,4828.7998046875,4816.60009765625,4823.5,9967,0.0,0.0
2026-01-21 12:30:00-05:00,4823.60009765625,4823.7998046875,4804.60009765625,4812.0,7749,0.0,0.0
2026-01-21 12:45:00-05:00,4812.10009765625,4830.39990234375,4811.2001953125,4829.0,2927,0.0,0.0
2026-01-21 13:00:00-05:00,4828.60009765625,4834.39990234375,4825.2001953125,4828.10009765625,2526,0.0,0.0
2026-01-21 13:15:00-05:00,4828.2001953125,4839.7998046875,4822.60009765625,4836.7001953125,7940,0.0,0.0
2026-01-21 13:30:00-05:00,4835.7998046875,4840.7998046875,4833.2001953125,4840.39990234375,2864,0.0,0.0
2026-01-21 13:45:00-05:00,4840.39990234375,4853.5,4838.7001953125,4853.2001953125,2390,0.0,0.0
2026-01-21 14:00:00-05:00,4853.10009765625,4854.10009765625,4845.60009765625,4851.7998046875,1782,0.0,0.0
2026-01-21 14:15:00-05:00,4851.5,4857.2001953125,4807.10009765625,4817.7998046875,6990,0.0,0.0
2026-01-21 14:30:00-05:00,4818.7001953125,4823.7001953125,4767.7001953125,4772.5,15464,0.0,0.0
2026-01-21 14:45:00-05:00,4764.7998046875,4785.39990234375,4757.10009765625,4783.39990234375,8837,0.0,0.0
2026-01-21 15:00:00-05:00,4783.0,4790.2001953125,4774.5,4789.39990234375,4171,0.0,0.0
2026-01-21 15:15:00-05:00,4789.5,4803.5,4786.39990234375,4800.0,5939,0.0,0.0
2026-01-21 15:30:00-05:00,4799.7998046875,4823.7001953125,4799.0,4822.89990234375,7020,0.0,0.0
2026-01-21 15:45:00-05:00,4822.60009765625,4830.89990234375,4818.60009765625,4830.0,4319,0.0,0.0
2026-01-21 16:00:00-05:00,4829.60009765625,4829.60009765625,4816.0,4827.0,2024,0.0,0.0
2026-01-21 16:15:00-05:00,4827.0,4841.5,4826.7998046875,4835.60009765625,1611,0.0,0.0
2026-01-21 16:30:00-05:00,4835.7998046875,4842.7001953125,4835.2998046875,4838.2998046875,799,0.0,0.0
2026-01-21 16:45:00-05:00,4838.7001953125,4842.7998046875,4830.7998046875,4836.2001953125,1673,0.0,0.0
2026-01-21 18:00:00-05:00,4836.2001953125,4837.7001953125,4803.2001953125,4816.2001953125,1351,0.0,0.0
2026-01-21 18:15:00-05:00,4815.7001953125,4816.39990234375,4786.2998046875,4795.89990234375,2366,0.0,0.0
2026-01-21 18:30:00-05:00,4796.5,4803.10009765625,4787.2001953125,4789.10009765625,1692,0.0,0.0
2026-01-21 18:45:00-05:00,4789.39990234375,4799.2998046875,4779.2998046875,4779.60009765625,1836,0.0,0.0
2026-01-21 19:00:00-05:00,4779.89990234375,4795.89990234375,4779.39990234375,4791.89990234375,2170,0.0,0.0
2026-01-21 19:15:00-05:00,4791.89990234375,4791.89990234375,4781.60009765625,4784.2998046875,1265,0.0,0.0
2026-01-21 19:30:00-05:00,4784.2998046875,4796.7001953125,4781.5,4793.7001953125,1523,0.0,0.0
2026-01-21 19:45:00-05:00,4794.2001953125,4799.7998046875,4788.7001953125,4798.7998046875,1085,0.0,0.0
2026-01-21 20:00:00-05:00,4798.39990234375,4798.39990234375,4772.7001953125,4792.39990234375,3801,0.0,0.0
2026-01-21 20:15:00-05:00,4792.7001953125,4810.60009765625,4789.2998046875,4796.7001953125,3205,0.0,0.0
2026-01-21 20:30:00-05:00,4797.0,4806.2998046875,4794.2998046875,4805.0,2126,0.0,0.0
2026-01-21 20:45:00-05:00,4804.2998046875,4806.39990234375,4798.7001953125,4799.2001953125,945,0.0,0.0
2026-01-21 21:00:00-05:00,4798.89990234375,4799.7998046875,4788.5,4794.89990234375,1952,0.0,0.0
2026-01-21 21:15:00-05:00,4795.0,4796.89990234375,4787.39990234375,4788.39990234375,1568,0.0,0.0
2026-01-21 21:30:00-05:00,4788.7001953125,4789.0,4775.2998046875,4782.7998046875,2706,0.0,0.0
2026-01-21 21:45:00-05:00,4783.5,4793.60009765625,4783.39990234375,4789.89990234375,1712,0.0,0.0
2026-01-21 22:00:00-05:00,4790.2001953125,4792.5,4785.0,4791.2001953125,1168,0.0,0.0
2026-01-21 22:15:00-05:00,4791.0,4797.10009765625,4787.0,4794.0,1019,0.0,0.0
2026-01-21 22:30:00-05:00,4794.0,4795.60009765625,4791.2001953125,4791.5,462,0.0,0.0
2026-01-21 22:45:00-05:00,4791.2001953125,4798.10009765625,4791.0,4797.39990234375,564,0.0,0.0
2026-01-21 23:00:00-05:00,4797.89990234375,4801.7998046875,4796.39990234375,4799.2001953125,1157,0.0,0.0
2026-01-21 23:15:00-05:00,4799.7001953125,4800.89990234375,4795.7001953125,4797.2001953125,705,0.0,0.0
2026-01-21 23:30:00-05:00,4797.2998046875,4799.60009765625,4794.89990234375,4796.5,872,0.0,0.0
2026-01-21 23:45:00-05:00,4796.2001953125,4799.0,4794.7001953125,4797.7001953125,507,0.0,0.0
2026-01-22 00:00:00-05:00,4798.10009765625,4802.5,4794.7001953125,4801.2001953125,1062,0.0,0.0
2026-01-22 00:15:00-05:00,4801.5,4801.5,4795.7998046875,4796.10009765625,586,0.0,0.0
2026-01-22 00:30:00-05:00,4796.10009765625,4803.7001953125,4796.0,4801.39990234375,1039,0.0,0.0
2026-01-22 00:45:00-05:00,4802.0,4822.10009765625,4802.0,4821.7998046875,3174,0.0,0.0
2026-01-22 01:00:00-05:00,4821.60009765625,4825.10009765625,4816.60009765625,4818.5,2264,0.0,0.0
2026-01-22 01:15:00-05:00,4818.7001953125,4829.60009765625,4817.2998046875,4825.89990234375,2527,0.0,0.0
2026-01-22 01:30:00-05:00,4825.7998046875,4828.5,4824.0,4824.5,1073,0.0,0.0
2026-01-22 01:45:00-05:00,4824.2998046875,4827.39990234375,4821.89990234375,4827.2998046875,931,0.0,0.0
2026-01-22 02:00:00-05:00,4827.39990234375,4836.2001953125,4826.39990234375,4834.10009765625,2306,0.0,0.0
2026-01-22 02:15:00-05:00,4834.60009765625,4839.2001953125,4831.2001953125,4838.2998046875,2283,0.0,0.0
2026-01-22 02:30:00-05:00,4838.5,4841.10009765625,4833.7001953125,4834.39990234375,1851,0.0,0.0
2026-01-22 02:45:00-05:00,4834.60009765625,4837.2001953125,4831.5,4833.5,1107,0.0,0.0
2026-01-22 03:00:00-05:00,4833.39990234375,4836.7998046875,4825.5,4829.0,1794,0.0,0.0
2026-01-22 03:15:00-05:00,4828.7998046875,4831.60009765625,4826.7998046875,4827.2998046875,1078,0.0,0.0
2026-01-22 03:30:00-05:00,4827.5,4830.0,4823.2998046875,4827.89990234375,1466,0.0,0.0
2026-01-22 03:45:00-05:00,4827.89990234375,4833.2001953125,4827.10009765625,4832.2001953125,2235,0.0,0.0
2026-01-22 04:00:00-05:00,4832.2001953125,4839.5,4830.7998046875,4834.2998046875,3346,0.0,0.0
2026-01-22 04:15:00-05:00,4834.39990234375,4835.2998046875,4829.39990234375,4831.10009765625,4065,0.0,0.0
2026-01-22 04:30:00-05:00,4830.7998046875,4832.60009765625,4815.2998046875,4817.60009765625,4041,0.0,0.0
2026-01-22 04:45:00-05:00,4817.2998046875,4824.60009765625,4815.89990234375,4824.39990234375,1671,0.0,0.0
2026-01-22 05:00:00-05:00,4824.7998046875,4826.5,4820.7998046875,4825.0,1367,0.0,0.0
2026-01-22 05:15:00-05:00,4825.0,4829.2001953125,4822.10009765625,4828.39990234375,1631,0.0,0.0
2026-01-22 05:30:00-05:00,4828.2998046875,4831.2001953125,4825.60009765625,4829.89990234375,1381,0.0,0.0
2026-01-22 05:45:00-05:00,4830.0,4833.7001953125,4829.10009765625,4831.0,1034,0.0,0.0
2026-01-22 06:00:00-05:00,4830.7998046875,4833.7998046875,4828.0,4828.10009765625,927,0.0,0.0
2026-01-22 06:15:00-05:00,4827.89990234375,4831.5,4826.2001953125,4829.60009765625,1811,0.0,0.0
2026-01-22 06:30:00-05:00,4829.5,4833.5,4827.10009765625,4833.0,1215,0.0,0.0
2026-01-22 06:45:00-05:00,4832.89990234375,4838.5,4832.2998046875,4833.2001953125,2175,0.0,0.0
2026-01-22 07:00:00-05:00,4832.89990234375,4832.89990234375,4825.39990234375,4826.5,1890,0.0,0.0
2026-01-22 07:15:00-05:00,4827.0,4834.60009765625,4826.39990234375,4833.89990234375,1866,0.0,0.0
2026-01-22 07:30:00-05:00,4833.39990234375,4834.60009765625,4831.2001953125,4831.5,1385,0.0,0.0
2026-01-22 07:45:00-05:00,4831.7001953125,4831.7001953125,4820.5,4821.5,2200,0.0,0.0
2026-01-22 08:00:00-05:00,4821.60009765625,4829.60009765625,4817.60009765625,4828.89990234375,2994,0.0,0.0
2026-01-22 08:15:00-05:00,4828.89990234375,4837.39990234375,4827.60009765625,4828.5,3496,0.0,0.0
2026-01-22 08:30:00-05:00,4827.60009765625,4829.89990234375,4809.60009765625,4815.0,6959,0.0,0.0
2026-01-22 08:45:00-05:00,4815.0,4824.2001953125,4811.7998046875,4823.7998046875,4600,0.0,0.0
2026-01-22 09:00:00-05:00,4823.5,4827.39990234375,4821.7001953125,4825.7001953125,4531,0.0,0.0
2026-01-22 09:15:00-05:00,4825.5,4832.10009765625,4823.7001953125,4831.2998046875,4580,0.0,0.0
2026-01-22 09:30:00-05:00,4831.10009765625,4849.39990234375,4829.5,4847.7998046875,10831,0.0,0.0
2026-01-22 09:45:00-05:00,4847.60009765625,4848.89990234375,4836.5,4836.7001953125,5218,0.0,0.0
2026-01-22 10:00:00-05:00,4836.7001953125,4842.60009765625,4826.39990234375,4841.39990234375,7689,0.0,0.0
2026-01-22 10:15:00-05:00,4841.2998046875,4858.89990234375,4837.89990234375,4856.5,7262,0.0,0.0
2026-01-22 10:30:00-05:00,4856.2998046875,4868.60009765625,4856.10009765625,4866.39990234375,6431,0.0,0.0
2026-01-22 10:45:00-05:00,4866.39990234375,4876.7998046875,4863.39990234375,4874.0,6125,0.0,0.0
2026-01-22 11:00:00-05:00,4874.2001953125,4879.2001953125,4870.10009765625,4876.39990234375,5014,0.0,0.0
2026-01-22 11:15:00-05:00,4876.39990234375,4883.60009765625,4873.2998046875,4878.89990234375,6400,0.0,0.0
2026-01-22 11:30:00-05:00,4879.0,4888.10009765625,4876.0,4883.7001953125,5615,0.0,0.0
2026-01-22 11:45:00-05:00,4883.7001953125,4888.0,4877.5,4880.7998046875,3749,0.0,0.0
2026-01-22 12:00:00-05:00,4880.7998046875,4887.5,4871.0,4883.2001953125,7515,0.0,0.0
2026-01-22 12:15:00-05:00,4883.7001953125,4896.89990234375,4879.39990234375,4892.89990234375,6515,0.0,0.0
2026-01-22 12:30:00-05:00,4893.2001953125,4902.7001953125,4892.5,4901.89990234375,4644,0.0,0.0
2026-01-22 12:45:00-05:00,4901.89990234375,4909.5,4899.60009765625,4907.7998046875,6059,0.0,0.0
2026-01-22 13:00:00-05:00,4907.7001953125,4918.5,4904.60009765625,4911.5,7232,0.0,0.0
2026-01-22 13:15:00-05:00,4911.2998046875,4916.7998046875,4909.7998046875,4913.39990234375,5861,0.0,0.0
2026-01-22 13:30:00-05:00,4913.5,4919.7001953125,4910.39990234375,4916.0,4200,0.0,0.0
2026-01-22 13:45:00-05:00,4915.7998046875,4922.5,4913.7998046875,4918.7001953125,2605,0.0,0.0
2026-01-22 14:00:00-05:00,4918.7001953125,4927.60009765625,4918.2998046875,4927.0,3199,0.0,0.0
2026-01-22 14:15:00-05:00,4926.89990234375,4927.10009765625,4912.89990234375,4917.60009765625,3844,0.0,0.0
2026-01-22 14:30:00-05:00,4918.0,4921.5,4916.7001953125,4916.7998046875,1680,0.0,0.0
2026-01-22 14:45:00-05:00,4916.7001953125,4916.89990234375,4909.2998046875,4915.2001953125,2762,0.0,0.0
2026-01-22 15:00:00-05:00,4915.5,4929.89990234375,4914.7998046875,4929.39990234375,2158,0.0,0.0
2026-01-22 15:15:00-05:00,4929.2998046875,4932.2001953125,4927.89990234375,4929.2001953125,3142,0.0,0.0
2026-01-22 15:30:00-05:00,4929.2998046875,4930.60009765625,4922.0,4926.0,2229,0.0,0.0
2026-01-22 15:45:00-05:00,4926.39990234375,4928.5,4917.7001953125,4920.5,2092,0.0,0.0
2026-01-22 16:00:00-05:00,4920.7001953125,4926.7001953125,4918.2998046875,4926.60009765625,1360,0.0,0.0
2026-01-22 16:15:00-05:00,4926.5,4929.0,4924.10009765625,4928.89990234375,774,0.0,0.0
2026-01-22 16:30:00-05:00,4928.60009765625,4944.0,4927.7001953125,4942.39990234375,2102,0.0,0.0
2026-01-22 16:45:00-05:00,4941.89990234375,4944.2998046875,4938.39990234375,4938.39990234375,1433,0.0,0.0
2026-01-22 18:00:00-05:00,4940.0,4964.0,4938.89990234375,4945.89990234375,3129,0.0,0.0
2026-01-22 18:15:00-05:00,4946.39990234375,4949.7998046875,4941.89990234375,4942.7001953125,1725,0.0,0.0
2026-01-22 18:30:00-05:00,4942.7001953125,4943.2998046875,4932.39990234375,4941.10009765625,1508,0.0,0.0
2026-01-22 18:45:00-05:00,4941.2001953125,4963.0,4941.2001953125,4960.7998046875,3706,0.0,0.0
2026-01-22 19:00:00-05:00,4961.2001953125,4965.39990234375,4952.7001953125,4953.7998046875,1851,0.0,0.0
2026-01-22 19:15:00-05:00,4954.2998046875,4961.0,4950.10009765625,4954.7998046875,1314,0.0,0.0
2026-01-22 19:30:00-05:00,4956.60009765625,4959.2998046875,4949.7001953125,4952.2001953125,2030,0.0,0.0
2026-01-22 19:45:00-05:00,4952.39990234375,4968.5,4952.2998046875,4967.60009765625,1829,0.0,0.0
2026-01-22 20:00:00-05:00,4968.0,4970.0,4938.0,4951.10009765625,5339,0.0,0.0
2026-01-22 20:15:00-05:00,4951.2998046875,4957.0,4944.89990234375,4949.7001953125,2171,0.0,0.0
2026-01-22 20:30:00-05:00,4950.2998046875,4959.0,4949.0,4954.10009765625,1590,0.0,0.0
2026-01-22 20:45:00-05:00,4954.2998046875,4966.0,4954.10009765625,4956.7998046875,2574,0.0,0.0
2026-01-22 21:00:00-05:00,4956.0,4959.89990234375,4949.7001953125,4951.5,1361,0.0,0.0
2026-01-22 21:15:00-05:00,4951.5,4955.2998046875,4948.39990234375,4954.5,1786,0.0,0.0
2026-01-22 21:30:00-05:00,4954.5,4959.89990234375,4954.39990234375,4959.0,1092,0.0,0.0
2026-01-22 21:45:00-05:00,4959.2001953125,4964.5,4957.39990234375,4957.7001953125,1638,0.0,0.0
2026-01-22 22:00:00-05:00,4957.39990234375,4961.10009765625,4955.2998046875,4957.2001953125,1958,0.0,0.0
2026-01-22 22:15:00-05:00,4957.10009765625,4957.60009765625,4939.5,4945.0,3042,0.0,0.0
2026-01-22 22:30:00-05:00,4945.5,4954.89990234375,4944.2001953125,4950.60009765625,2637,0.0,0.0
2026-01-22 22:45:00-05:00,4950.2998046875,4955.60009765625,4949.2998046875,4953.0,811,0.0,0.0
2026-01-22 23:00:00-05:00,4952.7001953125,4954.2998046875,4951.5,4953.2998046875,466,0.0,0.0
2026-01-22 23:15:00-05:00,4953.2001953125,4954.2998046875,4951.0,4953.7001953125,380,0.0,0.0
2026-01-22 23:30:00-05:00,4953.5,4959.2001953125,4952.5,4958.2998046875,1964,0.0,0.0
2026-01-22 23:45:00-05:00,4958.2001953125,4960.0,4956.60009765625,4958.0,781,0.0,0.0
2026-01-23 00:00:00-05:00,4957.7998046875,4958.7998046875,4955.7001953125,4957.2998046875,668,0.0,0.0
2026-01-23 00:15:00-05:00,4957.2001953125,4961.2998046875,4956.60009765625,4958.60009765625,791,0.0,0.0
2026-01-23 00:30:00-05:00,4958.7001953125,4963.0,4957.7001953125,4962.2998046875,1339,0.0,0.0
2026-01-23 00:45:00-05:00,4962.7001953125,4969.0,4961.7998046875,4962.10009765625,2093,0.0,0.0
2026-01-23 01:00:00-05:00,4962.2998046875,4964.2998046875,4946.2001953125,4953.2998046875,3997,0.0,0.0
2026-01-23 01:15:00-05:00,4953.39990234375,4959.5,4951.89990234375,4953.7001953125,1722,0.0,0.0
2026-01-23 01:30:00-05:00,4953.10009765625,4956.5,4950.89990234375,4953.60009765625,1147,0.0,0.0
2026-01-23 01:45:00-05:00,4953.7998046875,4956.7001953125,4951.10009765625,4954.10009765625,1653,0.0,0.0
2026-01-23 02:00:00-05:00,4954.5,4958.5,4952.2998046875,4956.7998046875,1776,0.0,0.0
2026-01-23 02:15:00-05:00,4956.7998046875,4960.7001953125,4952.60009765625,4958.0,1520,0.0,0.0
2026-01-23 02:30:00-05:00,4958.0,4959.5,4947.2998046875,4947.5,2033,0.0,0.0
2026-01-23 02:45:00-05:00,4947.60009765625,4952.60009765625,4944.2998046875,4945.5,1752,0.0,0.0
2026-01-23 03:00:00-05:00,4945.2001953125,4948.7001953125,4941.2998046875,4943.2998046875,2360,0.0,0.0
2026-01-23 03:15:00-05:00,4942.7998046875,4943.7001953125,4901.89990234375,4914.7998046875,9086,0.0,0.0
2026-01-23 03:30:00-05:00,4914.7998046875,4926.89990234375,4911.5,4925.5,3938,0.0,0.0
2026-01-23 03:45:00-05:00,4925.5,4926.0,4909.7998046875,4915.2998046875,3143,0.0,0.0
2026-01-23 04:00:00-05:00,4914.7998046875,4921.7001953125,4911.39990234375,4914.0,1989,0.0,0.0
2026-01-23 04:15:00-05:00,4914.10009765625,4917.2001953125,4901.2001953125,4906.89990234375,4150,0.0,0.0
2026-01-23 04:30:00-05:00,4907.10009765625,4919.7998046875,4905.10009765625,4918.7998046875,3238,0.0,0.0
2026-01-23 04:45:00-05:00,4918.7998046875,4922.7001953125,4915.89990234375,4919.39990234375,2463,0.0,0.0
2026-01-23 05:00:00-05:00,4919.60009765625,4923.7001953125,4916.60009765625,4922.2001953125,1751,0.0,0.0
2026-01-23 05:15:00-05:00,4922.2998046875,4933.2998046875,4922.2998046875,4930.5,2362,0.0,0.0
2026-01-23 05:30:00-05:00,4930.2001953125,4931.60009765625,4926.2001953125,4929.5,1704,0.0,0.0
2026-01-23 05:45:00-05:00,4929.5,4932.0,4925.60009765625,4931.0,1279,0.0,0.0
2026-01-23 06:00:00-05:00,4930.89990234375,4931.5,4916.60009765625,4919.39990234375,3025,0.0,0.0
2026-01-23 06:15:00-05:00,4919.39990234375,4922.7001953125,4912.7998046875,4921.7998046875,1569,0.0,0.0
2026-01-23 06:30:00-05:00,4922.0,4925.7998046875,4920.5,4924.2998046875,1201,0.0,0.0
2026-01-23 06:45:00-05:00,4924.2001953125,4927.2998046875,4921.60009765625,4923.2998046875,1571,0.0,0.0
2026-01-23 07:00:00-05:00,4923.7001953125,4935.0,4918.7998046875,4934.39990234375,1788,0.0,0.0
2026-01-23 07:15:00-05:00,4934.60009765625,4938.0,4931.10009765625,4934.7001953125,1258,0.0,0.0
2026-01-23 07:30:00-05:00,4935.10009765625,4940.0,4933.0,4936.89990234375,1617,0.0,0.0
2026-01-23 07:45:00-05:00,4937.2001953125,4943.39990234375,4936.7001953125,4940.0,3067,0.0,0.0
2026-01-23 08:00:00-05:00,4940.2001953125,4948.60009765625,4934.0,4941.2001953125,4099,0.0,0.0
2026-01-23 08:15:00-05:00,4941.39990234375,4941.7998046875,4924.2998046875,4931.60009765625,6131,0.0,0.0
2026-01-23 08:30:00-05:00,4931.39990234375,4940.5,4928.10009765625,4932.5,4107,0.0,0.0
2026-01-23 08:45:00-05:00,4932.60009765625,4942.2998046875,4931.60009765625,4939.7998046875,4287,0.0,0.0
2026-01-23 09:00:00-05:00,4940.2998046875,4948.7001953125,4935.60009765625,4945.39990234375,3499,0.0,0.0
2026-01-23 09:15:00-05:00,4945.5,4946.60009765625,4940.39990234375,4940.7998046875,2927,0.0,0.0
2026-01-23 09:30:00-05:00,4940.7001953125,4950.7001953125,4933.5,4947.2998046875,6809,0.0,0.0
2026-01-23 09:45:00-05:00,4948.2998046875,4957.2998046875,4943.0,4944.10009765625,6359,0.0,0.0
2026-01-23 10:00:00-05:00,4943.60009765625,4956.60009765625,4938.89990234375,4953.39990234375,6236,0.0,0.0
2026-01-23 10:15:00-05:00,4953.60009765625,4954.7998046875,4942.89990234375,4945.0,6283,0.0,0.0
2026-01-23 10:30:00-05:00,4945.2001953125,4961.5,4944.39990234375,4959.89990234375,6154,0.0,0.0
2026-01-23 10:45:00-05:00,4959.89990234375,4964.0,4952.0,4961.89990234375,5193,0.0,0.0
2026-01-23 11:00:00-05:00,4961.89990234375,4978.0,4960.0,4971.89990234375,9394,0.0,0.0
2026-01-23 11:15:00-05:00,4972.0,4987.89990234375,4970.39990234375,4986.5,8850,0.0,0.0
2026-01-23 11:30:00-05:00,4986.60009765625,4989.89990234375,4980.10009765625,4984.2001953125,7581,0.0,0.0
2026-01-23 11:45:00-05:00,4983.7001953125,4984.0,4976.7001953125,4981.39990234375,5392,0.0,0.0
2026-01-23 12:00:00-05:00,4981.7001953125,4988.2001953125,4978.2001953125,4985.89990234375,4776,0.0,0.0
2026-01-23 12:15:00-05:00,4985.7001953125,4988.89990234375,4981.5,4983.7998046875,3235,0.0,0.0
2026-01-23 12:30:00-05:00,4983.89990234375,4989.39990234375,4983.2998046875,4984.10009765625,3450,0.0,0.0
2026-01-23 12:45:00-05:00,4983.7998046875,4986.10009765625,4963.0,4966.89990234375,6193,0.0,0.0
2026-01-23 13:00:00-05:00,4967.2001953125,4984.10009765625,4966.2998046875,4982.2998046875,4135,0.0,0.0
2026-01-23 13:15:00-05:00,4981.89990234375,4985.39990234375,4978.7001953125,4979.60009765625,5021,0.0,0.0
2026-01-23 13:30:00-05:00,4979.7998046875,4981.2001953125,4965.0,4965.7998046875,3900,0.0,0.0
2026-01-23 13:45:00-05:00,4965.7998046875,4971.0,4959.5,4967.7998046875,2875,0.0,0.0
2026-01-23 14:00:00-05:00,4968.2001953125,4980.2001953125,4968.2001953125,4975.5,2952,0.0,0.0
2026-01-23 14:15:00-05:00,4975.5,4980.0,4975.0,4978.7998046875,2422,0.0,0.0
2026-01-23 14:30:00-05:00,4978.5,4982.0,4975.5,4979.89990234375,2520,0.0,0.0
2026-01-23 14:45:00-05:00,4979.89990234375,4991.39990234375,4979.39990234375,4985.2001953125,3318,0.0,0.0
2026-01-23 15:00:00-05:00,4985.10009765625,4986.7001953125,4971.7001953125,4982.10009765625,2829,0.0,0.0
2026-01-23 15:15:00-05:00,4982.10009765625,4986.10009765625,4978.39990234375,4981.2001953125,1995,0.0,0.0
2026-01-23 15:30:00-05:00,4981.39990234375,4984.0,4976.0,4982.60009765625,1714,0.0,0.0
2026-01-23 15:45:00-05:00,4982.7001953125,4984.5,4979.2001953125,4981.39990234375,2386,0.0,0.0
2026-01-23 16:00:00-05:00,4981.39990234375,4986.5,4979.0,4981.7998046875,1568,0.0,0.0
2026-01-23 16:15:00-05:00,4981.7998046875,4984.10009765625,4978.60009765625,4982.60009765625,960,0.0,0.0
2026-01-23 16:30:00-05:00,4982.2001953125,4983.7998046875,4981.2001953125,4982.7998046875,661,0.0,0.0
2026-01-23 16:45:00-05:00,4982.7998046875,4990.2001953125,4981.60009765625,4988.2998046875,1547,0.0,0.0
2026-01-25 18:00:00-05:00,5023.2998046875,5026.89990234375,5014.39990234375,5022.2001953125,694,0.0,0.0
2026-01-25 18:15:00-05:00,5021.5,5031.0,5010.89990234375,5017.7001953125,4320,0.0,0.0
2026-01-25 18:30:00-05:00,5017.5,5031.39990234375,5015.39990234375,5024.60009765625,3495,0.0,0.0
2026-01-25 18:45:00-05:00,5024.2998046875,5039.39990234375,5024.2998046875,5038.7001953125,2551,0.0,0.0
2026-01-25 19:00:00-05:00,5039.39990234375,5043.10009765625,5033.10009765625,5038.0,2229,0.0,0.0
2026-01-25 19:15:00-05:00,5037.60009765625,5042.0,5029.2998046875,5042.0,2227,0.0,0.0
2026-01-25 19:30:00-05:00,5042.0,5051.39990234375,5041.10009765625,5049.2998046875,2468,0.0,0.0
2026-01-25 19:45:00-05:00,5049.39990234375,5051.10009765625,5037.39990234375,5041.0,2559,0.0,0.0
2026-01-25 20:00:00-05:00,5040.7998046875,5057.7001953125,5028.0,5056.39990234375,5924,0.0,0.0
2026-01-25 20:15:00-05:00,5056.39990234375,5073.7998046875,5055.2001953125,5072.7998046875,5888,0.0,0.0
2026-01-25 20:30:00-05:00,5072.7001953125,5082.89990234375,5068.7998046875,5080.89990234375,6726,0.0,0.0
2026-01-25 20:45:00-05:00,5081.2001953125,5082.60009765625,5065.2001953125,5068.7998046875,3807,0.0,0.0
2026-01-25 21:00:00-05:00,5068.89990234375,5077.2001953125,5064.2001953125,5073.0,2975,0.0,0.0
2026-01-25 21:15:00-05:00,5073.2001953125,5087.7998046875,5071.0,5086.39990234375,2592,0.0,0.0
2026-01-25 21:30:00-05:00,5086.39990234375,5091.5,5077.10009765625,5086.89990234375,3179,0.0,0.0
2026-01-25 21:45:00-05:00,5086.7998046875,5089.10009765625,5078.39990234375,5078.89990234375,1854,0.0,0.0
2026-01-25 22:00:00-05:00,5078.5,5083.5,5069.5,5083.2998046875,2473,0.0,0.0
2026-01-25 22:15:00-05:00,5083.5,5086.5,5073.39990234375,5077.39990234375,2049,0.0,0.0
2026-01-25 22:30:00-05:00,5077.7998046875,5082.0,5073.0,5076.2001953125,1498,0.0,0.0
2026-01-25 22:45:00-05:00,5076.39990234375,5077.39990234375,5067.5,5073.89990234375,2386,0.0,0.0
2026-01-25 23:00:00-05:00,5074.10009765625,5076.0,5069.89990234375,5073.39990234375,1773,0.0,0.0
2026-01-25 23:15:00-05:00,5073.10009765625,5074.10009765625,5069.2998046875,5070.2001953125,1048,0.0,0.0
2026-01-25 23:30:00-05:00,5070.2001953125,5071.0,5060.89990234375,5064.89990234375,1941,0.0,0.0
2026-01-25 23:45:00-05:00,5064.89990234375,5070.2001953125,5055.60009765625,5068.60009765625,2895,0.0,0.0
2026-01-26 00:00:00-05:00,5067.89990234375,5070.60009765625,5052.7998046875,5057.5,2483,0.0,0.0
2026-01-26 00:15:00-05:00,5058.2001953125,5065.0,5049.7001953125,5062.7001953125,3424,0.0,0.0
2026-01-26 00:30:00-05:00,5062.7998046875,5065.39990234375,5050.39990234375,5057.89990234375,3858,0.0,0.0
2026-01-26 00:45:00-05:00,5057.39990234375,5074.2998046875,5056.2001953125,5072.10009765625,2831,0.0,0.0
2026-01-26 01:00:00-05:00,5071.7998046875,5080.2001953125,5065.2001953125,5067.0,3214,0.0,0.0
2026-01-26 01:15:00-05:00,5067.7998046875,5074.89990234375,5063.0,5072.7998046875,2533,0.0,0.0
2026-01-26 01:30:00-05:00,5072.39990234375,5089.7001953125,5072.10009765625,5088.89990234375,2882,0.0,0.0
2026-01-26 01:45:00-05:00,5088.89990234375,5107.89990234375,5072.7001953125,5074.2001953125,8803,0.0,0.0
2026-01-26 02:00:00-05:00,5074.5,5088.7998046875,5070.0,5087.2998046875,3474,0.0,0.0
2026-01-26 02:15:00-05:00,5087.39990234375,5092.39990234375,5086.7001953125,5091.89990234375,2015,0.0,0.0
2026-01-26 02:30:00-05:00,5092.0,5092.2998046875,5082.60009765625,5085.39990234375,1270,0.0,0.0
2026-01-26 02:45:00-05:00,5085.7001953125,5091.39990234375,5085.2998046875,5086.39990234375,1294,0.0,0.0
2026-01-26 03:00:00-05:00,5086.2998046875,5094.10009765625,5084.7998046875,5093.7998046875,2148,0.0,0.0
2026-01-26 03:15:00-05:00,5093.7998046875,5095.7998046875,5092.39990234375,5094.2998046875,1905,0.0,0.0
2026-01-26 03:30:00-05:00,5094.39990234375,5096.10009765625,5087.7998046875,5091.2998046875,5205,0.0,0.0
2026-01-26 03:45:00-05:00,5091.2998046875,5091.5,5077.39990234375,5081.2998046875,3340,0.0,0.0
2026-01-26 04:00:00-05:00,5081.2998046875,5091.2001953125,5079.89990234375,5089.2998046875,2864,0.0,0.0
2026-01-26 04:15:00-05:00,5089.39990234375,5094.7001953125,5085.7998046875,5094.7001953125,3129,0.0,0.0
2026-01-26 04:30:00-05:00,5094.7001953125,5097.39990234375,5085.10009765625,5089.2001953125,2734,0.0,0.0
2026-01-26 04:45:00-05:00,5089.5,5091.10009765625,5073.10009765625,5082.2001953125,3999,0.0,0.0
2026-01-26 05:00:00-05:00,5082.39990234375,5088.2001953125,5076.5,5086.7998046875,2993,0.0,0.0
2026-01-26 05:15:00-05:00,5086.7998046875,5089.2001953125,5083.89990234375,5085.0,1980,0.0,0.0
2026-01-26 05:30:00-05:00,5085.39990234375,5093.0,5083.60009765625,5091.10009765625,2255,0.0,0.0
2026-01-26 05:45:00-05:00,5090.89990234375,5092.39990234375,5088.5,5090.10009765625,1569,0.0,0.0
2026-01-26 06:00:00-05:00,5090.10009765625,5091.2998046875,5085.60009765625,5086.2001953125,1763,0.0,0.0
2026-01-26 06:15:00-05:00,5086.5,5087.10009765625,5076.5,5085.39990234375,2419,0.0,0.0
2026-01-26 06:30:00-05:00,5085.60009765625,5090.7001953125,5081.7001953125,5088.10009765625,2124,0.0,0.0
2026-01-26 06:45:00-05:00,5087.89990234375,5090.7001953125,5085.2998046875,5089.7998046875,1718,0.0,0.0
2026-01-26 07:00:00-05:00,5089.60009765625,5092.10009765625,5085.39990234375,5088.0,2261,0.0,0.0
2026-01-26 07:15:00-05:00,5088.2998046875,5095.39990234375,5083.7001953125,5087.89990234375,3470,0.0,0.0
2026-01-26 07:30:00-05:00,5087.89990234375,5087.89990234375,5076.7001953125,5081.0,4053,0.0,0.0
2026-01-26 07:45:00-05:00,5081.2001953125,5083.7001953125,5074.5,5076.2001953125,3270,0.0,0.0
2026-01-26 08:00:00-05:00,5076.60009765625,5080.5,5063.2001953125,5077.7998046875,8842,0.0,0.0
2026-01-26 08:15:00-05:00,5078.0,5080.89990234375,5064.60009765625,5068.89990234375,4281,0.0,0.0
2026-01-26 08:30:00-05:00,5070.2001953125,5070.89990234375,5052.0,5068.7001953125,8070,0.0,0.0
2026-01-26 08:45:00-05:00,5068.89990234375,5073.60009765625,5064.2001953125,5065.89990234375,5525,0.0,0.0
2026-01-26 09:00:00-05:00,5065.7001953125,5070.60009765625,5055.5,5068.7001953125,5509,0.0,0.0
2026-01-26 09:15:00-05:00,5068.89990234375,5080.10009765625,5060.89990234375,5075.60009765625,8004,0.0,0.0
2026-01-26 09:30:00-05:00,5075.60009765625,5088.10009765625,5071.89990234375,5078.60009765625,12655,0.0,0.0
2026-01-26 09:45:00-05:00,5078.60009765625,5094.7001953125,5077.39990234375,5093.7001953125,10751,0.0,0.0
2026-01-26 10:00:00-05:00,5094.10009765625,5095.2001953125,5083.2998046875,5092.7001953125,11459,0.0,0.0
2026-01-26 10:15:00-05:00,5093.0,5094.60009765625,5081.5,5088.2001953125,8256,0.0,0.0
2026-01-26 10:30:00-05:00,5088.10009765625,5090.39990234375,5071.2998046875,5075.7001953125,11795,0.0,0.0
2026-01-26 10:45:00-05:00,5076.0,5092.7998046875,5075.39990234375,5088.39990234375,8139,0.0,0.0
2026-01-26 11:00:00-05:00,5088.39990234375,5103.0,5087.2001953125,5099.2001953125,10163,0.0,0.0
2026-01-26 11:15:00-05:00,5099.0,5101.7998046875,5067.2001953125,5072.89990234375,9079,0.0,0.0
2026-01-26 11:30:00-05:00,5073.2998046875,5080.2998046875,5062.0,5074.0,8552,0.0,0.0
2026-01-26 11:45:00-05:00,5074.0,5092.10009765625,5073.7001953125,5086.39990234375,5361,0.0,0.0
2026-01-26 12:00:00-05:00,5087.0,5094.5,5082.2998046875,5091.39990234375,4945,0.0,0.0
2026-01-26 12:15:00-05:00,5091.60009765625,5092.5,5076.7001953125,5085.2998046875,3947,0.0,0.0
2026-01-26 12:30:00-05:00,5085.0,5099.0,5078.7998046875,5098.89990234375,4084,0.0,0.0
2026-01-26 12:45:00-05:00,5098.89990234375,5102.10009765625,5094.39990234375,5098.10009765625,6169,0.0,0.0
2026-01-26 13:00:00-05:00,5097.89990234375,5100.2998046875,5072.60009765625,5074.5,5506,0.0,0.0
2026-01-26 13:15:00-05:00,5074.89990234375,5086.89990234375,5073.0,5081.39990234375,9922,0.0,0.0
2026-01-26 13:30:00-05:00,5081.5,5081.60009765625,5053.39990234375,5060.2001953125,7890,0.0,0.0
2026-01-26 13:45:00-05:00,5060.7001953125,5078.89990234375,5060.2001953125,5064.60009765625,4966,0.0,0.0
2026-01-26 14:00:00-05:00,5065.2001953125,5065.5,5031.10009765625,5055.2001953125,9811,0.0,0.0
2026-01-26 14:15:00-05:00,5054.7001953125,5056.60009765625,5014.7998046875,5022.60009765625,9522,0.0,0.0
2026-01-26 14:30:00-05:00,5022.2998046875,5039.5,5020.0,5029.7998046875,5545,0.0,0.0
2026-01-26 14:45:00-05:00,5029.60009765625,5033.2001953125,5002.7001953125,5023.60009765625,7759,0.0,0.0
2026-01-26 15:00:00-05:00,5023.60009765625,5049.5,5022.0,5045.39990234375,4727,0.0,0.0
2026-01-26 15:15:00-05:00,5044.89990234375,5052.5,5035.60009765625,5052.0,4208,0.0,0.0
2026-01-26 15:30:00-05:00,5052.2001953125,5058.2998046875,5030.5,5042.5,6409,0.0,0.0
2026-01-26 15:45:00-05:00,5042.5,5056.5,5038.5,5049.39990234375,3559,0.0,0.0
2026-01-26 16:00:00-05:00,5049.60009765625,5053.89990234375,5028.10009765625,5028.2001953125,2936,0.0,0.0
2026-01-26 16:15:00-05:00,5028.5,5029.60009765625,5003.7001953125,5015.0,4186,0.0,0.0
2026-01-26 16:30:00-05:00,5013.0,5015.39990234375,4983.60009765625,4999.5,5728,0.0,0.0
2026-01-26 16:45:00-05:00,4999.60009765625,5011.7001953125,4999.60009765625,5004.7998046875,1700,0.0,0.0
2026-01-26 18:00:00-05:00,5005.5,5035.2998046875,5004.5,5034.2998046875,1317,0.0,0.0
2026-01-26 18:15:00-05:00,5034.10009765625,5044.7001953125,5031.39990234375,5039.2998046875,2004,0.0,0.0
2026-01-26 18:30:00-05:00,5038.7998046875,5052.10009765625,5034.2001953125,5050.7001953125,1355,0.0,0.0
2026-01-26 18:45:00-05:00,5051.10009765625,5056.0,5037.7001953125,5037.7001953125,1844,0.0,0.0
2026-01-26 19:00:00-05:00,5037.7001953125,5048.60009765625,5032.60009765625,5047.2001953125,1228,0.0,0.0
2026-01-26 19:15:00-05:00,5047.39990234375,5048.7001953125,5039.2001953125,5039.89990234375,767,0.0,0.0
2026-01-26 19:30:00-05:00,5040.10009765625,5044.7001953125,5024.10009765625,5027.60009765625,1481,0.0,0.0
2026-01-26 19:45:00-05:00,5027.10009765625,5030.0,5008.2998046875,5027.10009765625,3385,0.0,0.0
2026-01-26 20:00:00-05:00,5027.2998046875,5067.0,5013.0,5067.0,6088,0.0,0.0
2026-01-26 20:15:00-05:00,5067.0,5071.5,5057.60009765625,5060.5,3713,0.0,0.0
2026-01-26 20:30:00-05:00,5060.2001953125,5064.7001953125,5049.0,5057.7001953125,1879,0.0,0.0
2026-01-26 20:45:00-05:00,5057.7001953125,5062.0,5051.0,5055.2998046875,1296,0.0,0.0
2026-01-26 21:00:00-05:00,5054.7001953125,5062.5,5043.89990234375,5058.7001953125,1941,0.0,0.0
2026-01-26 21:15:00-05:00,5059.5,5065.89990234375,5056.0,5063.2998046875,1438,0.0,0.0
2026-01-26 21:30:00-05:00,5063.2001953125,5074.7001953125,5062.0,5073.7001953125,1670,0.0,0.0
2026-01-26 21:45:00-05:00,5073.39990234375,5074.7998046875,5060.2001953125,5067.39990234375,1254,0.0,0.0
2026-01-26 22:00:00-05:00,5067.89990234375,5068.7998046875,5058.10009765625,5060.5,1149,0.0,0.0
2026-01-26 22:15:00-05:00,5061.0,5067.2001953125,5054.39990234375,5059.39990234375,1100,0.0,0.0
2026-01-26 22:30:00-05:00,5059.0,5071.2998046875,5058.5,5069.7001953125,849,0.0,0.0
2026-01-26 22:45:00-05:00,5069.39990234375,5074.2998046875,5066.7998046875,5071.89990234375,1171,0.0,0.0
2026-01-26 23:00:00-05:00,5071.7001953125,5073.60009765625,5063.7001953125,5064.5,895,0.0,0.0
2026-01-26 23:15:00-05:00,5064.5,5070.7998046875,5064.5,5069.60009765625,628,0.0,0.0
2026-01-26 23:30:00-05:00,5069.2998046875,5070.2001953125,5056.39990234375,5061.2001953125,951,0.0,0.0
2026-01-26 23:45:00-05:00,5061.2998046875,5065.60009765625,5057.2001953125,5061.10009765625,1055,0.0,0.0
2026-01-27 00:00:00-05:00,5062.60009765625,5063.7001953125,5051.89990234375,5058.0,1386,0.0,0.0
2026-01-27 00:15:00-05:00,5058.5,5061.89990234375,5053.0,5059.39990234375,1417,0.0,0.0
2026-01-27 00:30:00-05:00,5058.89990234375,5069.60009765625,5054.2998046875,5069.2001953125,1529,0.0,0.0
2026-01-27 00:45:00-05:00,5069.7001953125,5080.2998046875,5069.7001953125,5078.10009765625,2366,0.0,0.0
2026-01-27 01:00:00-05:00,5077.89990234375,5082.0,5071.60009765625,5078.5,1574,0.0,0.0
2026-01-27 01:15:00-05:00,5078.2998046875,5083.2001953125,5074.60009765625,5077.7001953125,1048,0.0,0.0
2026-01-27 01:30:00-05:00,5077.60009765625,5084.0,5074.2998046875,5081.5,1402,0.0,0.0
2026-01-27 01:45:00-05:00,5081.10009765625,5089.60009765625,5077.2998046875,5081.5,2429,0.0,0.0
2026-01-27 02:00:00-05:00,5081.39990234375,5090.0,5077.7998046875,5080.89990234375,3351,0.0,0.0
2026-01-27 02:15:00-05:00,5080.5,5086.10009765625,5077.10009765625,5083.2998046875,3455,0.0,0.0
2026-01-27 02:30:00-05:00,5083.60009765625,5097.2998046875,5083.60009765625,5089.39990234375,3781,0.0,0.0
2026-01-27 02:45:00-05:00,5088.89990234375,5092.5,5081.2998046875,5081.60009765625,1810,0.0,0.0
2026-01-27 03:00:00-05:00,5081.5,5084.10009765625,5074.7998046875,5082.10009765625,2920,0.0,0.0
2026-01-27 03:15:00-05:00,5082.39990234375,5084.0,5071.2001953125,5073.39990234375,2493,0.0,0.0
2026-01-27 03:30:00-05:00,5073.7001953125,5078.7001953125,5068.5,5078.5,3949,0.0,0.0
2026-01-27 03:45:00-05:00,5078.7998046875,5082.0,5073.89990234375,5075.60009765625,1710,0.0,0.0
2026-01-27 04:00:00-05:00,5075.0,5080.2998046875,5074.10009765625,5079.60009765625,1582,0.0,0.0
2026-01-27 04:15:00-05:00,5079.7998046875,5084.5,5078.5,5084.39990234375,1818,0.0,0.0
2026-01-27 04:30:00-05:00,5084.39990234375,5090.60009765625,5082.10009765625,5084.7998046875,1861,0.0,0.0
2026-01-27 04:45:00-05:00,5084.2998046875,5096.2998046875,5079.10009765625,5095.2998046875,3128,0.0,0.0
2026-01-27 05:00:00-05:00,5095.2001953125,5095.2998046875,5088.0,5093.60009765625,3233,0.0,0.0
2026-01-27 05:15:00-05:00,5093.2998046875,5095.10009765625,5084.2001953125,5084.89990234375,1698,0.0,0.0
2026-01-27 05:30:00-05:00,5084.7001953125,5085.7001953125,5078.2998046875,5081.0,2388,0.0,0.0
2026-01-27 05:45:00-05:00,5081.5,5083.60009765625,5078.2001953125,5082.5,1014,0.0,0.0
2026-01-27 06:00:00-05:00,5082.7001953125,5086.7001953125,5080.0,5086.60009765625,1490,0.0,0.0
2026-01-27 06:15:00-05:00,5086.7001953125,5087.0,5081.5,5082.89990234375,1790,0.0,0.0
2026-01-27 06:30:00-05:00,5083.89990234375,5084.60009765625,5079.5,5081.89990234375,1194,0.0,0.0
2026-01-27 06:45:00-05:00,5081.89990234375,5082.10009765625,5062.2001953125,5073.10009765625,4325,0.0,0.0
2026-01-27 07:00:00-05:00,5072.89990234375,5079.2001953125,5071.5,5077.2001953125,2472,0.0,0.0
2026-01-27 07:15:00-05:00,5077.0,5077.2998046875,5069.5,5075.5,1836,0.0,0.0
2026-01-27 07:30:00-05:00,5074.7998046875,5086.5,5074.60009765625,5085.10009765625,2137,0.0,0.0
2026-01-27 07:45:00-05:00,5085.2998046875,5087.39990234375,5077.7001953125,5081.60009765625,2284,0.0,0.0
2026-01-27 08:00:00-05:00,5081.5,5088.7998046875,5075.0,5087.0,6508,0.0,0.0
2026-01-27 08:15:00-05:00,5086.7001953125,5089.39990234375,5072.0,5076.7998046875,4861,0.0,0.0
2026-01-27 08:30:00-05:00,5077.2998046875,5082.39990234375,5065.7998046875,5070.0,5165,0.0,0.0
2026-01-27 08:45:00-05:00,5069.60009765625,5078.7001953125,5067.60009765625,5073.7998046875,4619,0.0,0.0
2026-01-27 09:00:00-05:00,5073.7001953125,5073.7001953125,5051.0,5056.0,7909,0.0,0.0
2026-01-27 09:15:00-05:00,5056.0,5061.89990234375,5042.0,5055.10009765625,8424,0.0,0.0
2026-01-27 09:30:00-05:00,5055.2001953125,5077.89990234375,5054.39990234375,5074.7998046875,9382,0.0,0.0
2026-01-27 09:45:00-05:00,5074.7001953125,5075.0,5046.0,5049.60009765625,10585,0.0,0.0
2026-01-27 10:00:00-05:00,5049.2001953125,5066.2998046875,5042.2998046875,5053.7001953125,11657,0.0,0.0
2026-01-27 10:15:00-05:00,5053.60009765625,5073.39990234375,5052.10009765625,5065.7001953125,8113,0.0,0.0
2026-01-27 10:30:00-05:00,5065.39990234375,5083.7001953125,5065.10009765625,5077.7001953125,7987,0.0,0.0
2026-01-27 10:45:00-05:00,5077.10009765625,5088.2998046875,5076.7998046875,5087.60009765625,5790,0.0,0.0
2026-01-27 11:00:00-05:00,5087.5,5095.7001953125,5080.5,5092.2001953125,7711,0.0,0.0
2026-01-27 11:15:00-05:00,5091.7998046875,5100.2998046875,5090.2998046875,5095.7001953125,6445,0.0,0.0
2026-01-27 11:30:00-05:00,5095.60009765625,5096.60009765625,5082.89990234375,5085.5,6770,0.0,0.0
2026-01-27 11:45:00-05:00,5085.5,5089.2001953125,5080.60009765625,5085.10009765625,3464,0.0,0.0
2026-01-27 12:00:00-05:00,5085.2001953125,5090.0,5077.89990234375,5089.39990234375,5418,0.0,0.0
2026-01-27 12:15:00-05:00,5089.5,5092.0,5076.5,5085.7998046875,4526,0.0,0.0
2026-01-27 12:30:00-05:00,5085.2998046875,5087.39990234375,5076.10009765625,5080.10009765625,3856,0.0,0.0
2026-01-27 12:45:00-05:00,5079.2001953125,5084.0,5074.7001953125,5079.2001953125,4443,0.0,0.0
2026-01-27 13:00:00-05:00,5079.10009765625,5085.5,5074.0,5079.2001953125,3632,0.0,0.0
2026-01-27 13:15:00-05:00,5079.39990234375,5087.0,5076.60009765625,5082.7001953125,5372,0.0,0.0
2026-01-27 13:30:00-05:00,5082.7001953125,5090.0,5082.60009765625,5086.7001953125,2608,0.0,0.0
2026-01-27 13:45:00-05:00,5086.60009765625,5093.5,5084.7998046875,5085.89990234375,2609,0.0,0.0
2026-01-27 14:00:00-05:00,5085.5,5087.0,5078.60009765625,5085.2998046875,2139,0.0,0.0
2026-01-27 14:15:00-05:00,5085.2998046875,5089.2001953125,5083.7001953125,5086.2001953125,1680,0.0,0.0
2026-01-27 14:30:00-05:00,5086.7001953125,5091.60009765625,5085.7001953125,5091.2998046875,1669,0.0,0.0
2026-01-27 14:45:00-05:00,5091.39990234375,5098.2998046875,5089.0,5097.2998046875,2860,0.0,0.0
2026-01-27 15:00:00-05:00,5097.10009765625,5144.0,5096.2001953125,5142.2998046875,10131,0.0,0.0
2026-01-27 15:15:00-05:00,5141.39990234375,5151.39990234375,5131.10009765625,5141.10009765625,10400,0.0,0.0
2026-01-27 15:30:00-05:00,5141.0,5149.0,5132.10009765625,5141.89990234375,5812,0.0,0.0
2026-01-27 15:45:00-05:00,5141.5,5184.2001953125,5141.5,5174.7001953125,11497,0.0,0.0
2026-01-27 16:00:00-05:00,5175.0,5187.2001953125,5169.2001953125,5176.39990234375,5677,0.0,0.0
2026-01-27 16:15:00-05:00,5176.2998046875,5180.2001953125,5169.10009765625,5173.89990234375,2004,0.0,0.0
2026-01-27 16:30:00-05:00,5173.5,5186.60009765625,5171.0,5185.0,1994,0.0,0.0
2026-01-27 16:45:00-05:00,5184.5,5190.7998046875,5173.39990234375,5179.60009765625,2259,0.0,0.0
2026-01-27 18:00:00-05:00,5179.0,5181.89990234375,5161.89990234375,5168.2001953125,1296,0.0,0.0
2026-01-27 18:15:00-05:00,5167.7001953125,5170.2998046875,5156.39990234375,5167.60009765625,1317,0.0,0.0
2026-01-27 18:30:00-05:00,5166.2001953125,5168.7998046875,5161.0,5161.5,1007,0.0,0.0
2026-01-27 18:45:00-05:00,5161.89990234375,5173.89990234375,5160.7998046875,5169.2001953125,738,0.0,0.0
2026-01-27 19:00:00-05:00,5169.2998046875,5169.7001953125,5154.7998046875,5162.7001953125,1139,0.0,0.0
2026-01-27 19:15:00-05:00,5162.7001953125,5164.0,5157.2998046875,5160.2001953125,487,0.0,0.0
2026-01-27 19:30:00-05:00,5160.7001953125,5167.39990234375,5160.7001953125,5165.10009765625,397,0.0,0.0
2026-01-27 19:45:00-05:00,5165.7001953125,5177.0,5165.39990234375,5168.5,614,0.0,0.0
2026-01-27 20:00:00-05:00,5168.89990234375,5199.0,5165.10009765625,5186.89990234375,2202,0.0,0.0
2026-01-27 20:15:00-05:00,5186.39990234375,5192.39990234375,5178.10009765625,5190.10009765625,711,0.0,0.0
2026-01-27 20:30:00-05:00,5190.2001953125,5211.39990234375,5182.7998046875,5209.7001953125,1148,0.0,0.0
2026-01-27 20:45:00-05:00,5211.2001953125,5220.7001953125,5199.39990234375,5199.5,1338,0.0,0.0
2026-01-27 21:00:00-05:00,5199.0,5212.10009765625,5196.60009765625,5204.39990234375,1602,0.0,0.0
2026-01-27 21:15:00-05:00,5204.5,5215.2998046875,5202.7001953125,5213.0,674,0.0,0.0
2026-01-27 21:30:00-05:00,5213.2001953125,5224.2001953125,5211.5,5216.2998046875,917,0.0,0.0
2026-01-27 21:45:00-05:00,5216.7998046875,5228.89990234375,5215.89990234375,5226.39990234375,529,0.0,0.0
2026-01-27 22:00:00-05:00,5226.2998046875,5242.2001953125,5225.2001953125,5237.39990234375,1209,0.0,0.0
2026-01-27 22:15:00-05:00,5238.5,5240.39990234375,5231.0,5231.2001953125,917,0.0,0.0
2026-01-27 22:30:00-05:00,5231.7001953125,5234.5,5218.7001953125,5227.5,870,0.0,0.0
2026-01-27 22:45:00-05:00,5226.5,5238.2001953125,5225.0,5229.2001953125,625,0.0,0.0
2026-01-27 23:00:00-05:00,5228.7998046875,5235.0,5227.89990234375,5229.7001953125,348,0.0,0.0
2026-01-27 23:15:00-05:00,5230.5,5235.7998046875,5227.39990234375,5233.39990234375,478,0.0,0.0
2026-01-27 23:30:00-05:00,5233.2001953125,5237.7001953125,5230.2998046875,5236.7998046875,731,0.0,0.0
2026-01-27 23:45:00-05:00,5236.0,5244.0,5229.89990234375,5242.7001953125,445,0.0,0.0
2026-01-28 00:00:00-05:00,5240.89990234375,5251.10009765625,5237.10009765625,5247.39990234375,698,0.0,0.0
2026-01-28 00:15:00-05:00,5247.39990234375,5255.5,5245.89990234375,5252.2001953125,595,0.0,0.0
2026-01-28 00:30:00-05:00,5252.60009765625,5259.2998046875,5244.0,5258.5,651,0.0,0.0
2026-01-28 00:45:00-05:00,5256.10009765625,5259.2001953125,5250.7998046875,5253.89990234375,354,0.0,0.0
2026-01-28 01:00:00-05:00,5253.10009765625,5255.5,5245.60009765625,5252.7001953125,411,0.0,0.0
2026-01-28 01:15:00-05:00,5253.5,5258.2998046875,5245.0,5248.60009765625,641,0.0,0.0
2026-01-28 01:30:00-05:00,5248.39990234375,5257.10009765625,5247.39990234375,5254.7001953125,473,0.0,0.0
2026-01-28 01:45:00-05:00,5255.10009765625,5264.39990234375,5250.2001953125,5262.7001953125,625,0.0,0.0
2026-01-28 02:00:00-05:00,5263.2001953125,5269.0,5255.7001953125,5267.7998046875,677,0.0,0.0
2026-01-28 02:15:00-05:00,5266.60009765625,5277.2001953125,5266.5,5274.60009765625,1320,0.0,0.0
2026-01-28 02:30:00-05:00,5274.60009765625,5279.7998046875,5265.5,5275.7998046875,1077,0.0,0.0
2026-01-28 02:45:00-05:00,5275.39990234375,5288.0,5272.5,5286.2001953125,560,0.0,0.0
2026-01-28 03:00:00-05:00,5285.39990234375,5294.89990234375,5282.0,5288.39990234375,1060,0.0,0.0
2026-01-28 03:15:00-05:00,5288.39990234375,5296.0,5283.89990234375,5295.39990234375,791,0.0,0.0
2026-01-28 03:30:00-05:00,5295.39990234375,5345.0,5293.7001953125,5323.7998046875,74374,0.0,0.0
2026-01-28 03:45:00-05:00,5323.39990234375,5329.7001953125,5314.0,5327.0,4768,0.0,0.0
2026-01-28 04:00:00-05:00,5326.7998046875,5331.2001953125,5314.10009765625,5316.39990234375,2778,0.0,0.0
2026-01-28 04:15:00-05:00,5316.39990234375,5316.39990234375,5302.7001953125,5310.10009765625,4855,0.0,0.0
2026-01-28 04:30:00-05:00,5309.7998046875,5314.7998046875,5296.7998046875,5300.7001953125,3504,0.0,0.0
2026-01-28 04:45:00-05:00,5301.7001953125,5312.7001953125,5301.60009765625,5311.7998046875,1814,0.0,0.0
2026-01-28 05:00:00-05:00,5311.89990234375,5319.89990234375,5306.60009765625,5316.7001953125,2400,0.0,0.0
2026-01-28 05:15:00-05:00,5316.2998046875,5316.7998046875,5308.89990234375,5312.2998046875,1505,0.0,0.0
2026-01-28 05:30:00-05:00,5312.0,5312.89990234375,5302.5,5307.7998046875,3113,0.0,0.0
2026-01-28 05:45:00-05:00,5308.0,5314.2001953125,5303.7001953125,5303.7001953125,2056,0.0,0.0
2026-01-28 06:00:00-05:00,5304.2998046875,5305.0,5271.0,5293.10009765625,6782,0.0,0.0
2026-01-28 06:15:00-05:00,5292.2001953125,5295.0,5278.0,5292.0,2669,0.0,0.0
2026-01-28 06:30:00-05:00,5292.2001953125,5295.0,5284.2001953125,5293.7998046875,2112,0.0,0.0
2026-01-28 06:45:00-05:00,5293.89990234375,5300.2998046875,5292.5,5294.2001953125,2173,0.0,0.0
2026-01-28 07:00:00-05:00,5294.39990234375,5296.89990234375,5284.2998046875,5294.10009765625,3169,0.0,0.0
2026-01-28 07:15:00-05:00,5294.0,5301.60009765625,5290.7998046875,5293.7998046875,3586,0.0,0.0
2026-01-28 07:30:00-05:00,5293.7998046875,5305.7998046875,5293.5,5302.10009765625,2989,0.0,0.0
2026-01-28 07:45:00-05:00,5302.2001953125,5311.7998046875,5297.89990234375,5311.7001953125,3261,0.0,0.0
2026-01-28 08:00:00-05:00,5311.60009765625,5322.10009765625,5300.60009765625,5307.7998046875,6263,0.0,0.0
2026-01-28 08:15:00-05:00,5307.2998046875,5318.5,5305.7001953125,5314.60009765625,6038,0.0,0.0
2026-01-28 08:30:00-05:00,5315.10009765625,5318.89990234375,5290.0,5293.7998046875,6771,0.0,0.0
2026-01-28 08:45:00-05:00,5293.89990234375,5301.2998046875,5288.7001953125,5298.60009765625,3787,0.0,0.0
2026-01-28 09:00:00-05:00,5299.0,5303.10009765625,5280.7001953125,5294.5,6103,0.0,0.0
2026-01-28 09:15:00-05:00,5295.2998046875,5303.60009765625,5291.39990234375,5291.5,5462,0.0,0.0
2026-01-28 09:30:00-05:00,5291.89990234375,5316.7001953125,5282.2998046875,5311.0,12184,0.0,0.0
2026-01-28 09:45:00-05:00,5311.7001953125,5321.39990234375,5302.39990234375,5318.7998046875,7790,0.0,0.0
2026-01-28 10:00:00-05:00,5318.7001953125,5331.0,5266.5,5288.60009765625,25609,0.0,0.0
2026-01-28 10:15:00-05:00,5288.7001953125,5307.0,5277.0,5302.0,12893,0.0,0.0
2026-01-28 10:30:00-05:00,5302.2001953125,5317.39990234375,5299.5,5313.7001953125,7469,0.0,0.0
2026-01-28 10:45:00-05:00,5313.7001953125,5315.0,5300.2001953125,5311.2998046875,6572,0.0,0.0
2026-01-28 11:00:00-05:00,5311.60009765625,5322.39990234375,5307.5,5317.89990234375,6117,0.0,0.0
2026-01-28 11:15:00-05:00,5318.39990234375,5326.7001953125,5315.60009765625,5321.39990234375,6043,0.0,0.0
2026-01-28 11:30:00-05:00,5321.60009765625,5323.39990234375,5310.2001953125,5316.7998046875,8011,0.0,0.0
2026-01-28 11:45:00-05:00,5316.7998046875,5334.5,5315.60009765625,5333.60009765625,8709,0.0,0.0
2026-01-28 12:00:00-05:00,5334.0,5341.2001953125,5326.5,5329.10009765625,6434,0.0,0.0
2026-01-28 12:15:00-05:00,5328.89990234375,5338.10009765625,5322.0,5335.89990234375,5768,0.0,0.0
2026-01-28 12:30:00-05:00,5336.10009765625,5336.2998046875,5316.10009765625,5321.2998046875,5785,0.0,0.0
2026-01-28 12:45:00-05:00,5320.5,5338.60009765625,5317.5,5332.2001953125,4451,0.0,0.0
2026-01-28 13:00:00-05:00,5332.39990234375,5340.0,5326.7001953125,5334.10009765625,4285,0.0,0.0
2026-01-28 13:15:00-05:00,5334.0,5360.60009765625,5333.2001953125,5339.39990234375,12012,0.0,0.0
2026-01-28 13:30:00-05:00,5339.7001953125,5343.39990234375,5301.10009765625,5307.2998046875,10015,0.0,0.0
2026-01-28 13:45:00-05:00,5307.5,5318.5,5304.60009765625,5317.2998046875,3499,0.0,0.0
2026-01-28 14:00:00-05:00,5315.0,5331.2998046875,5301.0,5330.7998046875,5913,0.0,0.0
2026-01-28 14:15:00-05:00,5331.0,5335.39990234375,5316.0,5316.39990234375,4399,0.0,0.0
2026-01-28 14:30:00-05:00,5316.2998046875,5345.60009765625,5314.0,5344.39990234375,4611,0.0,0.0
2026-01-28 14:45:00-05:00,5343.7998046875,5365.89990234375,5337.60009765625,5359.10009765625,5704,0.0,0.0
2026-01-28 15:00:00-05:00,5358.60009765625,5373.7998046875,5355.7001953125,5360.0,5275,0.0,0.0
2026-01-28 15:15:00-05:00,5360.5,5389.60009765625,5353.39990234375,5388.10009765625,5523,0.0,0.0
2026-01-28 15:30:00-05:00,5388.2998046875,5424.7998046875,5386.89990234375,5416.5,6925,0.0,0.0
2026-01-28 15:45:00-05:00,5416.7998046875,5425.10009765625,5399.2001953125,5409.39990234375,7373,0.0,0.0
2026-01-28 16:00:00-05:00,5409.7998046875,5429.7001953125,5409.39990234375,5420.0,3428,0.0,0.0
2026-01-28 16:15:00-05:00,5420.0,5424.10009765625,5413.10009765625,5417.0,1913,0.0,0.0
2026-01-28 16:30:00-05:00,5416.89990234375,5423.10009765625,5413.7001953125,5419.10009765625,1228,0.0,0.0
2026-01-28 16:45:00-05:00,5419.0,5452.7998046875,5416.2001953125,5447.7998046875,3902,0.0,0.0
2026-01-28 18:00:00-05:00,5449.89990234375,5505.10009765625,5449.39990234375,5504.2998046875,4040,0.0,0.0
2026-01-28 18:15:00-05:00,5504.10009765625,5525.89990234375,5501.2998046875,5519.5,7178,0.0,0.0
2026-01-28 18:30:00-05:00,5520.0,5626.7998046875,5517.7998046875,5559.2001953125,15953,0.0,0.0
2026-01-28 18:45:00-05:00,5559.2001953125,5571.7001953125,5510.7998046875,5539.39990234375,12148,0.0,0.0
2026-01-28 19:00:00-05:00,5539.89990234375,5540.7001953125,5481.39990234375,5524.2001953125,7329,0.0,0.0
2026-01-28 19:15:00-05:00,5523.39990234375,5530.2998046875,5492.60009765625,5526.10009765625,3793,0.0,0.0
2026-01-28 19:30:00-05:00,5526.7001953125,5555.0,5520.7998046875,5537.10009765625,5060,0.0,0.0
2026-01-28 19:45:00-05:00,5536.2001953125,5551.2998046875,5528.7998046875,5548.5,3451,0.0,0.0
2026-01-28 20:00:00-05:00,5548.89990234375,5555.0,5472.39990234375,5509.5,9593,0.0,0.0
2026-01-28 20:15:00-05:00,5508.5,5543.7998046875,5508.5,5537.5,5288,0.0,0.0
2026-01-28 20:30:00-05:00,5537.39990234375,5580.5,5537.39990234375,5569.2998046875,6761,0.0,0.0
2026-01-28 20:45:00-05:00,5569.5,5578.60009765625,5555.7001953125,5574.0,4244,0.0,0.0
2026-01-28 21:00:00-05:00,5574.10009765625,5574.7001953125,5532.60009765625,5550.5,5650,0.0,0.0
2026-01-28 21:15:00-05:00,5551.2001953125,5554.5,5538.2998046875,5553.7001953125,2982,0.0,0.0
2026-01-28 21:30:00-05:00,5554.39990234375,5578.39990234375,5547.7001953125,5554.7001953125,4556,0.0,0.0
2026-01-28 21:45:00-05:00,5554.5,5573.2998046875,5551.2001953125,5565.7001953125,2683,0.0,0.0
2026-01-28 22:00:00-05:00,5565.2001953125,5578.5,5538.2001953125,5567.5,4776,0.0,0.0
2026-01-28 22:15:00-05:00,5567.89990234375,5569.7998046875,5550.89990234375,5551.10009765625,2560,0.0,0.0
2026-01-28 22:30:00-05:00,5551.60009765625,5567.2998046875,5549.60009765625,5557.7998046875,2340,0.0,0.0
2026-01-28 22:45:00-05:00,5557.5,5579.2998046875,5556.7998046875,5575.7998046875,2642,0.0,0.0
2026-01-28 23:00:00-05:00,5576.0,5582.5,5564.2001953125,5564.89990234375,3293,0.0,0.0
2026-01-28 23:15:00-05:00,5564.2998046875,5580.89990234375,5563.7001953125,5577.7001953125,1577,0.0,0.0
2026-01-28 23:30:00-05:00,5577.7998046875,5595.0,5575.2001953125,5587.89990234375,3160,0.0,0.0
2026-01-28 23:45:00-05:00,5588.60009765625,5591.2001953125,5581.2998046875,5589.7998046875,2642,0.0,0.0
2026-01-29 00:00:00-05:00,5588.0,5590.7998046875,5579.5,5589.0,2450,0.0,0.0
2026-01-29 00:15:00-05:00,5589.10009765625,5589.39990234375,5544.5,5570.0,5557,0.0,0.0
2026-01-29 00:30:00-05:00,5570.5,5584.10009765625,5569.10009765625,5577.5,3275,0.0,0.0
2026-01-29 00:45:00-05:00,5577.39990234375,5593.2998046875,5576.89990234375,5590.89990234375,2514,0.0,0.0
2026-01-29 01:00:00-05:00,5591.10009765625,5618.7998046875,5591.10009765625,5614.2998046875,5673,0.0,0.0
2026-01-29 01:15:00-05:00,5614.60009765625,5625.89990234375,5604.2001953125,5615.7998046875,3614,0.0,0.0
2026-01-29 01:30:00-05:00,5615.2998046875,5617.60009765625,5608.10009765625,5612.0,2046,0.0,0.0
2026-01-29 01:45:00-05:00,5612.10009765625,5614.7998046875,5583.7998046875,5591.0,4526,0.0,0.0
2026-01-29 02:00:00-05:00,5591.0,5604.0,5589.7998046875,5591.7001953125,3638,0.0,0.0
2026-01-29 02:15:00-05:00,5591.2001953125,5594.60009765625,5566.2001953125,5570.2001953125,4751,0.0,0.0
2026-01-29 02:30:00-05:00,5571.2998046875,5586.89990234375,5571.2998046875,5578.2001953125,2957,0.0,0.0
2026-01-29 02:45:00-05:00,5578.2998046875,5582.0,5573.2001953125,5578.39990234375,1609,0.0,0.0
2026-01-29 03:00:00-05:00,5578.39990234375,5584.7998046875,5553.2001953125,5568.60009765625,5636,0.0,0.0
2026-01-29 03:15:00-05:00,5568.2998046875,5573.89990234375,5553.7001953125,5560.5,4187,0.0,0.0
2026-01-29 03:30:00-05:00,5560.5,5561.39990234375,5506.0,5514.2998046875,8031,0.0,0.0
2026-01-29 03:45:00-05:00,5514.39990234375,5548.2998046875,5503.89990234375,5540.60009765625,5823,0.0,0.0
2026-01-29 04:00:00-05:00,5540.10009765625,5546.39990234375,5528.10009765625,5537.89990234375,4233,0.0,0.0
2026-01-29 04:15:00-05:00,5537.7001953125,5549.39990234375,5530.7001953125,5547.0,3976,0.0,0.0
2026-01-29 04:30:00-05:00,5547.0,5560.2998046875,5542.89990234375,5555.2001953125,3037,0.0,0.0
2026-01-29 04:45:00-05:00,5555.7001953125,5558.39990234375,5541.7998046875,5544.7998046875,2140,0.0,0.0
2026-01-29 05:00:00-05:00,5544.7001953125,5555.10009765625,5532.5,5554.89990234375,2932,0.0,0.0
2026-01-29 05:15:00-05:00,5555.0,5556.39990234375,5536.7001953125,5542.0,2757,0.0,0.0
2026-01-29 05:30:00-05:00,5541.7998046875,5541.7998046875,5528.5,5539.39990234375,3434,0.0,0.0
2026-01-29 05:45:00-05:00,5539.60009765625,5539.89990234375,5513.0,5514.10009765625,3171,0.0,0.0
2026-01-29 06:00:00-05:00,5514.5,5537.2998046875,5501.0,5537.0,4873,0.0,0.0
2026-01-29 06:15:00-05:00,5537.2001953125,5546.89990234375,5535.39990234375,5546.2998046875,2413,0.0,0.0
2026-01-29 06:30:00-05:00,5546.10009765625,5549.7001953125,5538.7001953125,5544.7998046875,2082,0.0,0.0
2026-01-29 06:45:00-05:00,5545.10009765625,5559.89990234375,5545.10009765625,5553.5,2872,0.0,0.0
2026-01-29 07:00:00-05:00,5553.2001953125,5569.5,5549.2001953125,5565.60009765625,2600,0.0,0.0
2026-01-29 07:15:00-05:00,5566.10009765625,5573.2998046875,5558.60009765625,5570.7998046875,2541,0.0,0.0
2026-01-29 07:30:00-05:00,5571.0,5572.5,5555.7001953125,5559.60009765625,2444,0.0,0.0
2026-01-29 07:45:00-05:00,5559.7998046875,5573.0,5557.10009765625,5564.5,2827,0.0,0.0
2026-01-29 08:00:00-05:00,5565.2001953125,5571.5,5543.39990234375,5544.89990234375,4209,0.0,0.0
2026-01-29 08:15:00-05:00,5544.89990234375,5556.60009765625,5537.7001953125,5550.10009765625,4545,0.0,0.0
2026-01-29 08:30:00-05:00,5549.89990234375,5560.7001953125,5528.7998046875,5555.7998046875,6235,0.0,0.0
2026-01-29 08:45:00-05:00,5555.7998046875,5556.2998046875,5536.10009765625,5540.2998046875,4334,0.0,0.0
2026-01-29 09:00:00-05:00,5540.7001953125,5570.2001953125,5540.7001953125,5559.2001953125,7108,0.0,0.0
2026-01-29 09:15:00-05:00,5559.5,5581.2998046875,5546.89990234375,5575.7998046875,9928,0.0,0.0
2026-01-29 09:30:00-05:00,5575.2998046875,5578.2998046875,5531.60009765625,5547.2001953125,12170,0.0,0.0
2026-01-29 09:45:00-05:00,5547.39990234375,5552.39990234375,5519.2998046875,5525.2998046875,13502,0.0,0.0
2026-01-29 10:00:00-05:00,5525.2998046875,5525.2998046875,5390.89990234375,5412.0,37135,0.0,0.0
2026-01-29 10:15:00-05:00,5411.7998046875,5415.5,5126.0,5223.7998046875,44589,0.0,0.0
2026-01-29 10:30:00-05:00,5225.5,5293.5,5137.2998046875,5153.5,27228,0.0,0.0
2026-01-29 10:45:00-05:00,5153.89990234375,5242.7001953125,5147.39990234375,5212.89990234375,15197,0.0,0.0
2026-01-29 11:00:00-05:00,5210.7001953125,5306.0,5201.5,5302.89990234375,15594,0.0,0.0
2026-01-29 11:15:00-05:00,5303.2998046875,5324.7001953125,5261.0,5317.2001953125,10133,0.0,0.0
2026-01-29 11:30:00-05:00,5316.5,5338.89990234375,5273.10009765625,5301.2001953125,9587,0.0,0.0
2026-01-29 11:45:00-05:00,5303.10009765625,5306.60009765625,5255.60009765625,5292.5,6526,0.0,0.0
2026-01-29 12:00:00-05:00,5292.89990234375,5328.0,5292.2001953125,5323.7001953125,5252,0.0,0.0
2026-01-29 12:15:00-05:00,5324.10009765625,5397.89990234375,5322.5,5391.89990234375,9374,0.0,0.0
2026-01-29 12:30:00-05:00,5391.39990234375,5404.2001953125,5364.39990234375,5397.60009765625,6776,0.0,0.0
2026-01-29 12:45:00-05:00,5397.2001953125,5400.2001953125,5343.89990234375,5364.2998046875,7193,0.0,0.0
2026-01-29 13:00:00-05:00,5364.0,5387.5,5358.2001953125,5383.39990234375,4076,0.0,0.0
2026-01-29 13:15:00-05:00,5384.2998046875,5387.89990234375,5336.0,5359.89990234375,7446,0.0,0.0
2026-01-29 13:30:00-05:00,5360.0,5390.5,5350.7998046875,5369.89990234375,4870,0.0,0.0
2026-01-29 13:45:00-05:00,5369.2001953125,5390.60009765625,5364.60009765625,5367.7001953125,3090,0.0,0.0
2026-01-29 14:00:00-05:00,5368.60009765625,5374.2998046875,5330.0,5334.89990234375,3691,0.0,0.0
2026-01-29 14:15:00-05:00,5335.2998046875,5361.89990234375,5332.60009765625,5346.39990234375,2373,0.0,0.0
2026-01-29 14:30:00-05:00,5347.60009765625,5356.7998046875,5318.7001953125,5345.2001953125,4628,0.0,0.0
2026-01-29 14:45:00-05:00,5344.89990234375,5354.7998046875,5327.2998046875,5334.10009765625,2599,0.0,0.0
2026-01-29 15:00:00-05:00,5334.7998046875,5340.39990234375,5311.0,5324.5,3755,0.0,0.0
2026-01-29 15:15:00-05:00,5324.60009765625,5355.0,5318.39990234375,5348.60009765625,3544,0.0,0.0
2026-01-29 15:30:00-05:00,5349.0,5388.5,5339.0,5384.2998046875,3991,0.0,0.0
2026-01-29 15:45:00-05:00,5384.2001953125,5438.60009765625,5382.7001953125,5423.2998046875,6669,0.0,0.0
2026-01-29 16:00:00-05:00,5422.89990234375,5435.2001953125,5412.0,5428.89990234375,2738,0.0,0.0
2026-01-29 16:15:00-05:00,5429.2998046875,5456.2001953125,5418.7001953125,5441.89990234375,2433,0.0,0.0
2026-01-29 16:30:00-05:00,5443.0,5443.0,5408.10009765625,5414.39990234375,1537,0.0,0.0
2026-01-29 16:45:00-05:00,5414.60009765625,5429.2001953125,5400.0,5410.7998046875,1683,0.0,0.0
2026-01-29 18:00:00-05:00,5410.0,5478.60009765625,5407.5,5452.10009765625,2214,0.0,0.0
2026-01-29 18:15:00-05:00,5451.60009765625,5459.2998046875,5417.2998046875,5447.0,2368,0.0,0.0
2026-01-29 18:30:00-05:00,5446.7001953125,5469.2998046875,5436.89990234375,5468.0,1622,0.0,0.0
2026-01-29 18:45:00-05:00,5467.5,5477.5,5457.7998046875,5467.60009765625,2194,0.0,0.0
2026-01-29 19:00:00-05:00,5467.5,5480.2001953125,5460.7998046875,5475.10009765625,2961,0.0,0.0
2026-01-29 19:15:00-05:00,5473.7001953125,5480.2001953125,5448.0,5456.0,3042,0.0,0.0
2026-01-29 19:30:00-05:00,5456.2998046875,5466.2001953125,5435.0,5439.39990234375,2790,0.0,0.0
2026-01-29 19:45:00-05:00,5440.60009765625,5449.89990234375,5418.2001953125,5435.2998046875,2569,0.0,0.0
2026-01-29 20:00:00-05:00,5436.0,5438.89990234375,5332.2001953125,5341.2001953125,8285,0.0,0.0
2026-01-29 20:15:00-05:00,5341.2998046875,5396.0,5335.7998046875,5388.10009765625,5048,0.0,0.0
2026-01-29 20:30:00-05:00,5387.89990234375,5404.2001953125,5375.39990234375,5380.10009765625,2918,0.0,0.0
2026-01-29 20:45:00-05:00,5379.60009765625,5379.60009765625,5320.39990234375,5331.7001953125,4331,0.0,0.0
2026-01-29 21:00:00-05:00,5330.2998046875,5345.7998046875,5228.5,5244.2998046875,10143,0.0,0.0
2026-01-29 21:15:00-05:00,5247.10009765625,5249.2001953125,5145.7998046875,5205.89990234375,13516,0.0,0.0
2026-01-29 21:30:00-05:00,5205.10009765625,5262.5,5171.0,5246.2001953125,7463,0.0,0.0
2026-01-29 21:45:00-05:00,5247.0,5275.60009765625,5231.0,5255.0,4857,0.0,0.0
2026-01-29 22:00:00-05:00,5254.7998046875,5259.7998046875,5195.0,5210.60009765625,3639,0.0,0.0
2026-01-29 22:15:00-05:00,5209.7998046875,5236.0,5201.0,5230.10009765625,2465,0.0,0.0
2026-01-29 22:30:00-05:00,5229.0,5253.2001953125,5181.0,5184.5,3895,0.0,0.0
2026-01-29 22:45:00-05:00,5185.2998046875,5229.0,5176.89990234375,5225.10009765625,2686,0.0,0.0
2026-01-29 23:00:00-05:00,5224.2001953125,5255.7001953125,5222.0,5242.2998046875,2092,0.0,0.0
2026-01-29 23:15:00-05:00,5242.39990234375,5260.0,5226.89990234375,5239.7001953125,1640,0.0,0.0
2026-01-29 23:30:00-05:00,5239.60009765625,5255.39990234375,5230.10009765625,5231.5,1259,0.0,0.0
2026-01-29 23:45:00-05:00,5230.89990234375,5243.5,5227.60009765625,5243.10009765625,892,0.0,0.0
2026-01-30 00:00:00-05:00,5242.10009765625,5252.39990234375,5231.0,5252.39990234375,1138,0.0,0.0
2026-01-30 00:15:00-05:00,5253.0,5269.2001953125,5250.2001953125,5257.2998046875,1741,0.0,0.0
2026-01-30 00:30:00-05:00,5256.7998046875,5268.5,5240.39990234375,5259.39990234375,1682,0.0,0.0
2026-01-30 00:45:00-05:00,5259.2998046875,5263.7001953125,5208.0,5212.39990234375,1725,0.0,0.0
2026-01-30 01:00:00-05:00,5210.7001953125,5232.7001953125,5198.39990234375,5217.2998046875,2128,0.0,0.0
2026-01-30 01:15:00-05:00,5218.10009765625,5225.7001953125,5183.7998046875,5184.0,2145,0.0,0.0
2026-01-30 01:30:00-05:00,5185.2001953125,5209.0,5178.2001953125,5185.39990234375,2502,0.0,0.0
2026-01-30 01:45:00-05:00,5185.10009765625,5199.0,5171.39990234375,5183.89990234375,2135,0.0,0.0
2026-01-30 02:00:00-05:00,5184.10009765625,5215.0,5150.0,5200.2998046875,4114,0.0,0.0
2026-01-30 02:15:00-05:00,5200.5,5213.10009765625,5192.5,5202.2001953125,1974,0.0,0.0
2026-01-30 02:30:00-05:00,5202.10009765625,5205.7998046875,5143.7001953125,5173.39990234375,3846,0.0,0.0
2026-01-30 02:45:00-05:00,5174.2998046875,5212.39990234375,5170.0,5209.2001953125,2184,0.0,0.0
2026-01-30 03:00:00-05:00,5208.7998046875,5208.7998046875,5167.10009765625,5174.2998046875,3313,0.0,0.0
2026-01-30 03:15:00-05:00,5174.39990234375,5198.5,5160.0,5180.39990234375,2402,0.0,0.0
2026-01-30 03:30:00-05:00,5179.7998046875,5183.10009765625,5075.10009765625,5123.5,9791,0.0,0.0
2026-01-30 03:45:00-05:00,5124.2998046875,5156.2998046875,5118.2001953125,5145.0,3626,0.0,0.0
2026-01-30 04:00:00-05:00,5143.7998046875,5161.5,5040.7001953125,5055.5,9166,0.0,0.0
2026-01-30 04:15:00-05:00,5056.10009765625,5097.7998046875,5047.0,5055.0,5494,0.0,0.0
2026-01-30 04:30:00-05:00,5055.2001953125,5096.39990234375,5002.39990234375,5004.60009765625,6492,0.0,0.0
2026-01-30 04:45:00-05:00,5002.7998046875,5057.89990234375,4962.7001953125,5040.0,10678,0.0,0.0
2026-01-30 05:00:00-05:00,5039.2998046875,5080.0,5027.0,5065.5,4337,0.0,0.0
2026-01-30 05:15:00-05:00,5066.2998046875,5104.60009765625,5059.2001953125,5086.39990234375,3210,0.0,0.0
2026-01-30 05:30:00-05:00,5086.39990234375,5122.60009765625,5081.89990234375,5104.2998046875,4050,0.0,0.0
2026-01-30 05:45:00-05:00,5106.2001953125,5150.2001953125,5102.39990234375,5147.7001953125,3553,0.0,0.0
2026-01-30 06:00:00-05:00,5146.0,5155.60009765625,5117.7001953125,5148.7998046875,3358,0.0,0.0
2026-01-30 06:15:00-05:00,5149.10009765625,5158.7001953125,5133.7001953125,5152.2998046875,2534,0.0,0.0
2026-01-30 06:30:00-05:00,5152.7001953125,5166.0,5146.0,5148.5,2826,0.0,0.0
2026-01-30 06:45:00-05:00,5149.2998046875,5173.89990234375,5114.7001953125,5164.7001953125,4837,0.0,0.0
2026-01-30 07:00:00-05:00,5165.2998046875,5175.60009765625,5149.89990234375,5158.10009765625,2735,0.0,0.0
2026-01-30 07:15:00-05:00,5158.60009765625,5169.60009765625,5138.39990234375,5149.10009765625,2198,0.0,0.0
2026-01-30 07:30:00-05:00,5149.2001953125,5165.39990234375,5131.5,5142.7998046875,2002,0.0,0.0
2026-01-30 07:45:00-05:00,5142.7998046875,5145.2001953125,5082.60009765625,5092.0,6623,0.0,0.0
2026-01-30 08:00:00-05:00,5093.10009765625,5127.7998046875,5081.7001953125,5104.2001953125,6034,0.0,0.0
2026-01-30 08:15:00-05:00,5103.7001953125,5106.0,5040.10009765625,5054.7001953125,6044,0.0,0.0
2026-01-30 08:30:00-05:00,5058.5,5076.7001953125,5038.10009765625,5064.89990234375,5019,0.0,0.0
2026-01-30 08:45:00-05:00,5064.60009765625,5064.60009765625,5018.2998046875,5045.60009765625,5948,0.0,0.0
2026-01-30 09:00:00-05:00,5046.7001953125,5101.0,5044.39990234375,5080.10009765625,6070,0.0,0.0
2026-01-30 09:15:00-05:00,5080.60009765625,5115.60009765625,5068.10009765625,5100.0,4634,0.0,0.0
2026-01-30 09:30:00-05:00,5099.7998046875,5142.2998046875,5083.0,5109.5,8346,0.0,0.0
2026-01-30 09:45:00-05:00,5109.60009765625,5125.2998046875,5039.60009765625,5061.0,10938,0.0,0.0
2026-01-30 10:00:00-05:00,5059.7001953125,5073.5,5006.2998046875,5054.60009765625,15106,0.0,0.0
2026-01-30 10:15:00-05:00,5053.60009765625,5088.0,5053.5,5067.5,4466,0.0,0.0
2026-02-02 13:45:00-05:00,4677.39990234375,4683.2998046875,4665.7998046875,4679.5,68372,0.0,0.0
2026-02-02 14:00:00-05:00,4679.5,4684.5,4659.10009765625,4669.7001953125,1809,0.0,0.0
2026-02-02 14:15:00-05:00,4668.5,4676.7998046875,4653.5,4665.89990234375,1422,0.0,0.0
2026-02-02 14:30:00-05:00,4664.7001953125,4722.89990234375,4659.0,4717.60009765625,2571,0.0,0.0
2026-02-02 14:45:00-05:00,4718.2001953125,4736.0,4699.10009765625,4707.39990234375,2649,0.0,0.0
2026-02-02 15:00:00-05:00,4707.39990234375,4723.2998046875,4691.39990234375,4715.89990234375,1820,0.0,0.0
2026-02-02 15:15:00-05:00,4714.2001953125,4716.2001953125,4673.2001953125,4693.7001953125,2101,0.0,0.0
2026-02-02 15:30:00-05:00,4694.5,4716.60009765625,4679.60009765625,4703.39990234375,1727,0.0,0.0
2026-02-02 15:45:00-05:00,4703.2998046875,4706.2998046875,4671.2998046875,4676.2998046875,2186,0.0,0.0
2026-02-02 16:00:00-05:00,4677.89990234375,4701.10009765625,4667.0,4699.2001953125,1191,0.0,0.0
2026-02-02 16:15:00-05:00,4700.39990234375,4712.0,4683.7001953125,4705.5,739,0.0,0.0
2026-02-02 16:30:00-05:00,4705.89990234375,4710.10009765625,4691.0,4693.60009765625,702,0.0,0.0
2026-02-02 16:45:00-05:00,4693.39990234375,4697.60009765625,4671.60009765625,4680.89990234375,603,0.0,0.0
2026-02-02 18:00:00-05:00,4691.0,4748.5,4690.2001953125,4743.0,906,0.0,0.0
2026-02-02 18:15:00-05:00,4742.2998046875,4788.0,4740.0,4761.2001953125,1594,0.0,0.0
2026-02-02 18:30:00-05:00,4762.2001953125,4775.2998046875,4740.2001953125,4756.10009765625,1235,0.0,0.0
2026-02-02 18:45:00-05:00,4754.89990234375,4799.89990234375,4754.10009765625,4798.5,1192,0.0,0.0
2026-02-02 19:00:00-05:00,4798.7001953125,4819.7001953125,4788.10009765625,4808.2998046875,2137,0.0,0.0
2026-02-02 19:15:00-05:00,4809.89990234375,4851.89990234375,4809.89990234375,4842.7001953125,2493,0.0,0.0
2026-02-02 19:30:00-05:00,4841.5,4853.7001953125,4835.10009765625,4843.7001953125,1912,0.0,0.0
2026-02-02 19:45:00-05:00,4843.89990234375,4850.2001953125,4796.0,4802.7001953125,2089,0.0,0.0
2026-02-02 20:00:00-05:00,4803.10009765625,4853.39990234375,4788.0,4852.2998046875,3259,0.0,0.0
2026-02-02 20:15:00-05:00,4852.5,4880.10009765625,4845.10009765625,4877.0,3186,0.0,0.0
2026-02-02 20:30:00-05:00,4875.7001953125,4882.0,4851.7001953125,4867.7998046875,2193,0.0,0.0
2026-02-02 20:45:00-05:00,4867.2001953125,4872.39990234375,4840.2998046875,4862.7001953125,1885,0.0,0.0
2026-02-02 21:00:00-05:00,4863.2001953125,4864.0,4811.39990234375,4823.0,2850,0.0,0.0
2026-02-02 21:15:00-05:00,4822.7998046875,4824.10009765625,4776.60009765625,4796.2998046875,3087,0.0,0.0
2026-02-02 21:30:00-05:00,4797.0,4811.89990234375,4778.7001953125,4778.7001953125,2402,0.0,0.0
2026-02-02 21:45:00-05:00,4777.7998046875,4806.5,4768.5,4806.2001953125,1954,0.0,0.0
2026-02-02 22:00:00-05:00,4806.10009765625,4816.7001953125,4783.89990234375,4790.39990234375,1458,0.0,0.0
2026-02-02 22:15:00-05:00,4790.7998046875,4802.0,4774.2998046875,4795.7998046875,1436,0.0,0.0
2026-02-02 22:30:00-05:00,4795.39990234375,4835.0,4792.39990234375,4828.39990234375,1473,0.0,0.0
2026-02-02 22:45:00-05:00,4827.2998046875,4836.10009765625,4808.60009765625,4831.60009765625,1036,0.0,0.0
2026-02-02 23:00:00-05:00,4831.0,4848.0,4830.10009765625,4838.2001953125,823,0.0,0.0
2026-02-02 23:15:00-05:00,4838.2001953125,4841.60009765625,4822.60009765625,4828.0,597,0.0,0.0
2026-02-02 23:30:00-05:00,4829.0,4848.39990234375,4828.10009765625,4842.7001953125,859,0.0,0.0
2026-02-02 23:45:00-05:00,4842.5,4848.2998046875,4830.7998046875,4832.60009765625,541,0.0,0.0
2026-02-03 00:00:00-05:00,4832.7998046875,4844.7998046875,4831.2998046875,4835.89990234375,586,0.0,0.0
2026-02-03 00:15:00-05:00,4835.89990234375,4865.5,4835.2998046875,4861.89990234375,1237,0.0,0.0
2026-02-03 00:30:00-05:00,4861.7998046875,4863.10009765625,4838.2001953125,4842.89990234375,1503,0.0,0.0
2026-02-03 00:45:00-05:00,4842.7998046875,4852.7998046875,4835.0,4846.2998046875,842,0.0,0.0
2026-02-03 01:00:00-05:00,4848.0,4871.39990234375,4838.0,4865.2998046875,992,0.0,0.0
2026-02-03 01:15:00-05:00,4864.89990234375,4897.5,4863.2998046875,4893.7001953125,2393,0.0,0.0
2026-02-03 01:30:00-05:00,4892.5,4916.0,4890.0,4913.7001953125,2882,0.0,0.0
2026-02-03 01:45:00-05:00,4913.7998046875,4916.0,4885.7998046875,4903.0,2176,0.0,0.0
2026-02-03 02:00:00-05:00,4901.2001953125,4916.0,4893.0,4916.0,1722,0.0,0.0
2026-02-03 02:15:00-05:00,4915.89990234375,4924.0,4901.7001953125,4922.5,2412,0.0,0.0
2026-02-03 02:30:00-05:00,4922.39990234375,4956.0,4920.60009765625,4943.2998046875,4347,0.0,0.0
2026-02-03 02:45:00-05:00,4943.10009765625,4949.89990234375,4935.0,4940.0,2369,0.0,0.0
2026-02-03 03:00:00-05:00,4940.2001953125,4955.7998046875,4921.0,4951.5,3747,0.0,0.0
2026-02-03 03:15:00-05:00,4951.60009765625,4965.39990234375,4950.2001953125,4959.39990234375,3205,0.0,0.0
2026-02-03 03:30:00-05:00,4959.2998046875,4975.5,4953.10009765625,4959.2998046875,2980,0.0,0.0
2026-02-03 03:45:00-05:00,4959.0,4962.2998046875,4934.7001953125,4935.7998046875,2677,0.0,0.0
2026-02-03 04:00:00-05:00,4935.7998046875,4947.2998046875,4931.2001953125,4939.89990234375,2482,0.0,0.0
2026-02-03 04:15:00-05:00,4939.5,4939.5,4914.2001953125,4915.2001953125,3546,0.0,0.0
2026-02-03 04:30:00-05:00,4915.2001953125,4946.60009765625,4908.7001953125,4945.5,2485,0.0,0.0
2026-02-03 04:45:00-05:00,4945.10009765625,4950.0,4937.2998046875,4939.7998046875,1776,0.0,0.0
2026-02-03 05:00:00-05:00,4939.60009765625,4953.0,4935.0,4945.7001953125,1948,0.0,0.0
2026-02-03 05:15:00-05:00,4946.2998046875,4946.2998046875,4935.7998046875,4936.89990234375,1344,0.0,0.0
2026-02-03 05:30:00-05:00,4936.39990234375,4946.5,4935.2001953125,4941.7001953125,2359,0.0,0.0
2026-02-03 05:45:00-05:00,4941.7001953125,4946.39990234375,4922.39990234375,4924.7998046875,1761,0.0,0.0
2026-02-03 06:00:00-05:00,4925.2001953125,4935.2001953125,4911.60009765625,4929.39990234375,1769,0.0,0.0
2026-02-03 06:15:00-05:00,4928.39990234375,4931.7998046875,4905.2001953125,4923.0,1823,0.0,0.0
2026-02-03 06:30:00-05:00,4923.10009765625,4941.89990234375,4920.0,4931.7001953125,988,0.0,0.0
2026-02-03 06:45:00-05:00,4931.7998046875,4939.0,4920.39990234375,4938.89990234375,1329,0.0,0.0
2026-02-03 07:00:00-05:00,4939.60009765625,4959.5,4932.10009765625,4947.2001953125,2245,0.0,0.0
2026-02-03 07:15:00-05:00,4947.89990234375,4948.60009765625,4915.0,4926.7001953125,2885,0.0,0.0
2026-02-03 07:30:00-05:00,4926.39990234375,4942.89990234375,4923.10009765625,4935.2001953125,1880,0.0,0.0
2026-02-03 07:45:00-05:00,4935.39990234375,4942.39990234375,4930.0,4938.2001953125,1321,0.0,0.0
2026-02-03 08:00:00-05:00,4938.39990234375,4955.5,4926.7001953125,4954.60009765625,3554,0.0,0.0
2026-02-03 08:15:00-05:00,4954.10009765625,4965.39990234375,4942.0,4960.7998046875,5039,0.0,0.0
2026-02-03 08:30:00-05:00,4961.2998046875,4968.5,4955.10009765625,4968.2001953125,5222,0.0,0.0
2026-02-03 08:45:00-05:00,4968.2001953125,4977.7001953125,4946.60009765625,4958.0,6598,0.0,0.0
2026-02-03 09:00:00-05:00,4958.7001953125,4963.10009765625,4942.7998046875,4948.60009765625,4496,0.0,0.0
2026-02-03 09:15:00-05:00,4948.60009765625,4949.0,4920.0,4948.2001953125,5544,0.0,0.0
2026-02-03 09:30:00-05:00,4948.60009765625,4952.60009765625,4917.60009765625,4942.60009765625,6699,0.0,0.0
2026-02-03 09:45:00-05:00,4942.10009765625,4954.10009765625,4933.7998046875,4939.2001953125,4927,0.0,0.0
2026-02-03 10:00:00-05:00,4939.10009765625,4971.2001953125,4926.89990234375,4959.2001953125,7163,0.0,0.0
2026-02-03 10:15:00-05:00,4959.7998046875,4966.39990234375,4930.39990234375,4947.60009765625,4126,0.0,0.0
2026-02-03 10:30:00-05:00,4947.7001953125,4951.2998046875,4929.0,4946.39990234375,2576,0.0,0.0
2026-02-03 10:45:00-05:00,4945.7001953125,4958.39990234375,4940.89990234375,4957.7001953125,3016,0.0,0.0
2026-02-03 11:00:00-05:00,4957.2001953125,4969.10009765625,4952.10009765625,4966.89990234375,2867,0.0,0.0
2026-02-03 11:15:00-05:00,4966.89990234375,5004.7001953125,4963.10009765625,4995.89990234375,7209,0.0,0.0
2026-02-03 11:30:00-05:00,4995.7998046875,5018.10009765625,4987.0,5004.39990234375,5137,0.0,0.0
2026-02-03 11:45:00-05:00,5004.7998046875,5006.89990234375,4974.60009765625,4978.2001953125,5347,0.0,0.0
2026-02-03 12:00:00-05:00,4978.2998046875,4985.5,4945.2001953125,4966.39990234375,6841,0.0,0.0
2026-02-03 12:15:00-05:00,4966.10009765625,4992.7001953125,4959.39990234375,4971.60009765625,4283,0.0,0.0
2026-02-03 12:30:00-05:00,4971.10009765625,4987.7998046875,4935.0,4944.7001953125,4755,0.0,0.0
2026-02-03 12:45:00-05:00,4944.39990234375,4971.0,4929.7001953125,4951.5,3988,0.0,0.0
2026-02-03 13:00:00-05:00,4951.10009765625,4977.2998046875,4948.7998046875,4966.10009765625,3636,0.0,0.0
2026-02-03 13:15:00-05:00,4967.10009765625,4971.2998046875,4926.7998046875,4931.39990234375,6524,0.0,0.0
2026-02-03 13:30:00-05:00,4931.0,4940.7998046875,4900.5,4929.2001953125,5881,0.0,0.0
2026-02-03 13:45:00-05:00,4928.2998046875,4937.7998046875,4913.10009765625,4930.5,2910,0.0,0.0
2026-02-03 14:00:00-05:00,4930.2001953125,4940.7998046875,4902.0,4939.0,3588,0.0,0.0
2026-02-03 14:15:00-05:00,4938.7001953125,4956.39990234375,4937.10009765625,4953.2001953125,3269,0.0,0.0
2026-02-03 14:30:00-05:00,4952.5,4971.89990234375,4944.5,4962.89990234375,2181,0.0,0.0
2026-02-03 14:45:00-05:00,4963.5,4964.7001953125,4938.89990234375,4949.2998046875,2008,0.0,0.0
2026-02-03 15:00:00-05:00,4949.89990234375,4949.89990234375,4924.5,4943.2001953125,2189,0.0,0.0
2026-02-03 15:15:00-05:00,4943.2001953125,4965.0,4934.60009765625,4961.7001953125,1652,0.0,0.0
2026-02-03 15:30:00-05:00,4962.2998046875,4980.0,4960.7001953125,4974.2001953125,2204,0.0,0.0
2026-02-03 15:45:00-05:00,4974.0,4979.7998046875,4955.2001953125,4967.5,1875,0.0,0.0
2026-02-03 16:00:00-05:00,4967.10009765625,4987.5,4961.2998046875,4981.39990234375,1146,0.0,0.0
2026-02-03 16:15:00-05:00,4980.60009765625,4982.0,4966.2001953125,4974.2001953125,485,0.0,0.0
2026-02-03 16:30:00-05:00,4974.10009765625,4981.89990234375,4958.2998046875,4963.2998046875,608,0.0,0.0
2026-02-03 16:45:00-05:00,4962.5,4971.5,4957.2998046875,4970.5,374,0.0,0.0
2026-02-03 18:00:00-05:00,4966.10009765625,4997.7998046875,4930.39990234375,4955.2001953125,1184,0.0,0.0
2026-02-03 18:15:00-05:00,4955.2001953125,4967.10009765625,4942.7001953125,4946.10009765625,903,0.0,0.0
2026-02-03 18:30:00-05:00,4945.0,4972.5,4942.7001953125,4970.39990234375,623,0.0,0.0
2026-02-03 18:45:00-05:00,4970.89990234375,4977.10009765625,4962.5,4968.7001953125,637,0.0,0.0
2026-02-03 19:00:00-05:00,4969.89990234375,5009.7998046875,4966.89990234375,5008.2998046875,1402,0.0,0.0
2026-02-03 19:15:00-05:00,5008.10009765625,5023.2001953125,5000.0,5002.2001953125,2246,0.0,0.0
2026-02-03 19:30:00-05:00,5002.89990234375,5016.7998046875,4990.5,5009.2001953125,1331,0.0,0.0
2026-02-03 19:45:00-05:00,5009.39990234375,5039.7001953125,5008.60009765625,5038.10009765625,2623,0.0,0.0
2026-02-03 20:00:00-05:00,5038.60009765625,5075.2001953125,5006.39990234375,5072.2998046875,5443,0.0,0.0
2026-02-03 20:15:00-05:00,5073.7998046875,5075.5,5053.2001953125,5058.7998046875,2488,0.0,0.0
2026-02-03 20:30:00-05:00,5058.60009765625,5061.10009765625,5030.7998046875,5053.89990234375,2943,0.0,0.0
2026-02-03 20:45:00-05:00,5054.10009765625,5071.60009765625,5049.10009765625,5067.2001953125,1628,0.0,0.0
2026-02-03 21:00:00-05:00,5067.89990234375,5086.7998046875,5067.7998046875,5080.10009765625,2134,0.0,0.0
2026-02-03 21:15:00-05:00,5080.89990234375,5085.89990234375,5073.60009765625,5078.5,1523,0.0,0.0
2026-02-03 21:30:00-05:00,5078.2998046875,5082.89990234375,5059.5,5079.89990234375,1750,0.0,0.0
2026-02-03 21:45:00-05:00,5081.5,5081.89990234375,5055.10009765625,5061.60009765625,1387,0.0,0.0
2026-02-03 22:00:00-05:00,5060.89990234375,5077.10009765625,5056.2001953125,5069.2001953125,1238,0.0,0.0
2026-02-03 22:15:00-05:00,5069.60009765625,5075.0,5059.0,5072.0,983,0.0,0.0
2026-02-03 22:30:00-05:00,5071.89990234375,5093.0,5071.89990234375,5083.2998046875,1901,0.0,0.0
2026-02-03 22:45:00-05:00,5083.0,5094.0,5081.60009765625,5090.2998046875,746,0.0,0.0
2026-02-03 23:00:00-05:00,5090.7001953125,5094.60009765625,5082.7001953125,5092.60009765625,820,0.0,0.0
2026-02-03 23:15:00-05:00,5093.2998046875,5094.0,5076.2998046875,5082.2001953125,727,0.0,0.0
2026-02-03 23:30:00-05:00,5082.0,5093.39990234375,5080.5,5092.0,528,0.0,0.0
2026-02-03 23:45:00-05:00,5091.60009765625,5101.0,5091.0,5100.2001953125,1189,0.0,0.0
2026-02-04 00:00:00-05:00,5100.10009765625,5103.89990234375,5096.39990234375,5102.7998046875,915,0.0,0.0
2026-02-04 00:15:00-05:00,5102.89990234375,5105.0,5097.39990234375,5099.2001953125,955,0.0,0.0
2026-02-04 00:30:00-05:00,5099.2998046875,5105.7998046875,5088.5,5100.60009765625,1979,0.0,0.0
2026-02-04 00:45:00-05:00,5100.7001953125,5109.2998046875,5096.39990234375,5098.2998046875,1711,0.0,0.0
2026-02-04 01:00:00-05:00,5099.39990234375,5102.5,5075.0,5080.2998046875,2111,0.0,0.0
2026-02-04 01:15:00-05:00,5079.0,5088.0,5071.0,5075.2998046875,1992,0.0,0.0
2026-02-04 01:30:00-05:00,5075.5,5092.0,5073.7001953125,5090.89990234375,1742,0.0,0.0
2026-02-04 01:45:00-05:00,5090.89990234375,5100.39990234375,5088.0,5096.60009765625,1510,0.0,0.0
2026-02-04 02:00:00-05:00,5098.0,5103.7001953125,5083.2001953125,5083.5,1536,0.0,0.0
2026-02-04 02:15:00-05:00,5084.10009765625,5110.0,5082.5,5109.89990234375,1884,0.0,0.0
2026-02-04 02:30:00-05:00,5110.0,5111.0,5086.60009765625,5101.89990234375,2074,0.0,0.0
2026-02-04 02:45:00-05:00,5101.7998046875,5113.5,5101.7998046875,5106.7998046875,1938,0.0,0.0
2026-02-04 03:00:00-05:00,5106.2998046875,5113.89990234375,5096.7001953125,5099.5,2192,0.0,0.0
2026-02-04 03:15:00-05:00,5098.89990234375,5109.5,5098.39990234375,5106.5,1142,0.0,0.0
2026-02-04 03:30:00-05:00,5106.60009765625,5107.2001953125,5091.10009765625,5102.39990234375,1753,0.0,0.0
2026-02-04 03:45:00-05:00,5101.7001953125,5108.39990234375,5093.89990234375,5106.5,1349,0.0,0.0
2026-02-04 04:00:00-05:00,5105.89990234375,5109.7001953125,5091.39990234375,5092.2001953125,1922,0.0,0.0
2026-02-04 04:15:00-05:00,5092.39990234375,5092.60009765625,5076.0,5080.0,2766,0.0,0.0
2026-02-04 04:30:00-05:00,5079.5,5089.89990234375,5065.0,5080.7001953125,2067,0.0,0.0
2026-02-04 04:45:00-05:00,5080.39990234375,5087.2998046875,5070.10009765625,5082.2998046875,1274,0.0,0.0
2026-02-04 05:00:00-05:00,5083.10009765625,5086.89990234375,5071.2998046875,5076.89990234375,1209,0.0,0.0
2026-02-04 05:15:00-05:00,5076.60009765625,5079.89990234375,5064.7001953125,5067.10009765625,1610,0.0,0.0
2026-02-04 05:30:00-05:00,5066.7998046875,5084.60009765625,5066.7998046875,5082.7998046875,2307,0.0,0.0
2026-02-04 05:45:00-05:00,5082.7998046875,5084.7998046875,5068.2998046875,5072.2001953125,1245,0.0,0.0
2026-02-04 06:00:00-05:00,5070.7001953125,5076.89990234375,5064.7998046875,5065.60009765625,783,0.0,0.0
2026-02-04 06:15:00-05:00,5064.89990234375,5066.89990234375,5036.0,5047.60009765625,3634,0.0,0.0
2026-02-04 06:30:00-05:00,5047.89990234375,5063.7998046875,5045.2001953125,5055.2998046875,1409,0.0,0.0
2026-02-04 06:45:00-05:00,5055.2998046875,5074.2998046875,5053.7001953125,5071.2998046875,821,0.0,0.0
2026-02-04 07:00:00-05:00,5070.60009765625,5078.7998046875,5060.60009765625,5069.0,1413,0.0,0.0
2026-02-04 07:15:00-05:00,5068.7998046875,5073.60009765625,5062.7998046875,5070.7001953125,997,0.0,0.0
2026-02-04 07:30:00-05:00,5070.7998046875,5088.10009765625,5070.7998046875,5078.5,1491,0.0,0.0
2026-02-04 07:45:00-05:00,5079.2001953125,5080.7998046875,5058.60009765625,5064.60009765625,1270,0.0,0.0
2026-02-04 08:00:00-05:00,5064.2998046875,5069.5,5045.0,5052.2001953125,2763,0.0,0.0
2026-02-04 08:15:00-05:00,5053.60009765625,5076.89990234375,5052.10009765625,5072.0,2720,0.0,0.0
2026-02-04 08:30:00-05:00,5072.5,5082.0,5056.0,5060.0,1956,0.0,0.0
2026-02-04 08:45:00-05:00,5059.5,5087.0,5058.0,5077.0,2804,0.0,0.0
2026-02-04 09:00:00-05:00,5077.7998046875,5082.5,5057.5,5071.10009765625,2750,0.0,0.0
2026-02-04 09:15:00-05:00,5071.5,5074.7998046875,5051.2001953125,5054.2001953125,3710,0.0,0.0
2026-02-04 09:30:00-05:00,5054.2998046875,5061.10009765625,4988.39990234375,5018.60009765625,13480,0.0,0.0
2026-02-04 09:45:00-05:00,5017.2001953125,5041.7001953125,4993.0,5008.39990234375,7859,0.0,0.0
2026-02-04 10:00:00-05:00,5007.2998046875,5030.7001953125,4994.5,5013.2998046875,6233,0.0,0.0
2026-02-04 10:15:00-05:00,5012.89990234375,5016.7998046875,4970.2001953125,4981.39990234375,7247,0.0,0.0
2026-02-04 10:30:00-05:00,4981.7998046875,4985.89990234375,4909.0,4967.60009765625,14437,0.0,0.0
2026-02-04 10:45:00-05:00,4967.7001953125,4974.2001953125,4933.0,4943.10009765625,5466,0.0,0.0
2026-02-04 11:00:00-05:00,4943.10009765625,4964.10009765625,4917.5,4956.2998046875,6648,0.0,0.0
2026-02-04 11:15:00-05:00,4956.89990234375,4960.7998046875,4913.0,4947.2998046875,5561,0.0,0.0
2026-02-04 11:30:00-05:00,4948.0,4958.0,4917.10009765625,4919.0,4198,0.0,0.0
2026-02-04 11:45:00-05:00,4918.39990234375,4933.5,4867.7001953125,4926.89990234375,9431,0.0,0.0
2026-02-04 12:00:00-05:00,4926.5,4945.60009765625,4914.0,4943.39990234375,3762,0.0,0.0
2026-02-04 12:15:00-05:00,4943.7998046875,4948.0,4909.60009765625,4939.5,5057,0.0,0.0
2026-02-04 12:30:00-05:00,4938.60009765625,4953.0,4922.39990234375,4929.7998046875,4810,0.0,0.0
2026-02-04 12:45:00-05:00,4929.2998046875,4932.0,4916.7001953125,4921.2998046875,3861,0.0,0.0
2026-02-04 13:00:00-05:00,4919.60009765625,4944.0,4893.89990234375,4931.7998046875,4281,0.0,0.0
2026-02-04 13:15:00-05:00,4933.2998046875,4956.89990234375,4916.89990234375,4948.2001953125,6555,0.0,0.0
2026-02-04 13:30:00-05:00,4948.2001953125,4951.0,4926.0,4942.60009765625,2427,0.0,0.0
2026-02-04 13:45:00-05:00,4941.7001953125,4954.0,4932.39990234375,4949.7001953125,2206,0.0,0.0
2026-02-04 14:00:00-05:00,4949.7998046875,4969.2001953125,4936.7001953125,4968.39990234375,3171,0.0,0.0
2026-02-04 14:15:00-05:00,4968.2998046875,4972.2998046875,4941.0,4955.0,2347,0.0,0.0
2026-02-04 14:30:00-05:00,4955.0,4966.5,4950.0,4963.7998046875,947,0.0,0.0
2026-02-04 14:45:00-05:00,4963.5,4979.39990234375,4952.7001953125,4963.5,2837,0.0,0.0
2026-02-04 15:00:00-05:00,4963.60009765625,4968.5,4943.0,4955.60009765625,1442,0.0,0.0
2026-02-04 15:15:00-05:00,4955.7998046875,4958.5,4941.10009765625,4944.39990234375,1187,0.0,0.0
2026-02-04 15:30:00-05:00,4945.10009765625,4973.39990234375,4936.0,4963.89990234375,1643,0.0,0.0
2026-02-04 15:45:00-05:00,4965.0,4975.60009765625,4957.0,4961.60009765625,1795,0.0,0.0
2026-02-04 16:00:00-05:00,4960.89990234375,4977.39990234375,4960.0,4977.10009765625,428,0.0,0.0
2026-02-04 16:15:00-05:00,4977.0,4982.7001953125,4972.0,4981.7001953125,416,0.0,0.0
2026-02-04 16:30:00-05:00,4981.60009765625,4994.0,4975.89990234375,4984.7001953125,571,0.0,0.0
2026-02-04 16:45:00-05:00,4985.89990234375,4994.10009765625,4982.39990234375,4986.39990234375,421,0.0,0.0
2026-02-04 18:00:00-05:00,4986.60009765625,5032.0,4986.60009765625,5031.39990234375,780,0.0,0.0
2026-02-04 18:15:00-05:00,5031.2998046875,5043.2001953125,5021.0,5040.89990234375,1443,0.0,0.0
2026-02-04 18:30:00-05:00,5039.7001953125,5044.7998046875,5030.7998046875,5043.0,1127,0.0,0.0
2026-02-04 18:45:00-05:00,5042.89990234375,5045.0,5028.60009765625,5033.39990234375,891,0.0,0.0
2026-02-04 19:00:00-05:00,5033.2001953125,5039.10009765625,5017.60009765625,5019.2001953125,1061,0.0,0.0
2026-02-04 19:15:00-05:00,5018.7001953125,5040.7001953125,5018.0,5037.39990234375,1219,0.0,0.0
2026-02-04 19:30:00-05:00,5037.5,5039.89990234375,5030.7998046875,5039.89990234375,883,0.0,0.0
2026-02-04 19:45:00-05:00,5040.0,5041.89990234375,5025.10009765625,5028.10009765625,1125,0.0,0.0
2026-02-04 20:00:00-05:00,5028.7001953125,5033.7001953125,4988.0,4989.10009765625,3359,0.0,0.0
2026-02-04 20:15:00-05:00,4990.2001953125,4994.7001953125,4957.0,4973.2001953125,4866,0.0,0.0
2026-02-04 20:30:00-05:00,4974.2001953125,5006.0,4974.2001953125,5000.89990234375,1850,0.0,0.0
2026-02-04 20:45:00-05:00,5000.5,5007.89990234375,4978.2998046875,4978.2998046875,1791,0.0,0.0
2026-02-04 21:00:00-05:00,4979.2001953125,4982.10009765625,4918.7998046875,4935.2998046875,5141,0.0,0.0
2026-02-04 21:15:00-05:00,4935.2001953125,4962.7998046875,4911.0,4956.0,4378,0.0,0.0
2026-02-04 21:30:00-05:00,4956.10009765625,4960.7998046875,4914.0,4915.10009765625,3039,0.0,0.0
2026-02-04 21:45:00-05:00,4915.2001953125,4918.7001953125,4822.60009765625,4831.0,10354,0.0,0.0
2026-02-04 22:00:00-05:00,4830.39990234375,4878.2998046875,4805.0,4866.7998046875,5012,0.0,0.0
2026-02-04 22:15:00-05:00,4866.7998046875,4907.10009765625,4852.2998046875,4876.7998046875,3718,0.0,0.0
2026-02-04 22:30:00-05:00,4878.7001953125,4899.0,4856.2001953125,4886.2998046875,2181,0.0,0.0
2026-02-04 22:45:00-05:00,4885.60009765625,4904.7998046875,4869.7998046875,4898.5,1580,0.0,0.0
2026-02-04 23:00:00-05:00,4898.39990234375,4903.0,4880.7998046875,4892.7001953125,1050,0.0,0.0
2026-02-04 23:15:00-05:00,4891.5,4910.7998046875,4888.89990234375,4905.39990234375,1366,0.0,0.0
2026-02-04 23:30:00-05:00,4905.39990234375,4908.0,4888.39990234375,4904.2001953125,718,0.0,0.0
2026-02-04 23:45:00-05:00,4905.0,4906.39990234375,4883.2001953125,4888.5,759,0.0,0.0
2026-02-05 00:00:00-05:00,4881.7001953125,4894.39990234375,4866.60009765625,4869.7998046875,1366,0.0,0.0
2026-02-05 00:15:00-05:00,4871.5,4888.39990234375,4858.60009765625,4887.10009765625,1344,0.0,0.0
2026-02-05 00:30:00-05:00,4887.0,4905.0,4842.0,4903.60009765625,2895,0.0,0.0
2026-02-05 00:45:00-05:00,4904.5,4923.7001953125,4902.60009765625,4911.7998046875,1803,0.0,0.0
2026-02-05 01:00:00-05:00,4914.10009765625,4937.5,4893.0,4927.10009765625,1563,0.0,0.0
2026-02-05 01:15:00-05:00,4926.39990234375,4947.39990234375,4917.2998046875,4947.0,1494,0.0,0.0
2026-02-05 01:30:00-05:00,4947.0,4948.2001953125,4926.2001953125,4947.0,1179,0.0,0.0
2026-02-05 01:45:00-05:00,4947.0,4951.89990234375,4915.0,4938.7998046875,1653,0.0,0.0
2026-02-05 02:00:00-05:00,4937.2001953125,4950.7998046875,4933.2001953125,4940.5,1241,0.0,0.0
2026-02-05 02:15:00-05:00,4940.2001953125,4960.2001953125,4929.2001953125,4950.7998046875,2441,0.0,0.0
2026-02-05 02:30:00-05:00,4951.2998046875,4953.10009765625,4914.7001953125,4929.7998046875,1896,0.0,0.0
2026-02-05 02:45:00-05:00,4929.10009765625,4939.0,4925.60009765625,4934.2998046875,929,0.0,0.0
2026-02-05 03:00:00-05:00,4934.10009765625,4961.2001953125,4932.0,4959.2001953125,1373,0.0,0.0
2026-02-05 03:15:00-05:00,4959.89990234375,4962.0,4939.2001953125,4940.60009765625,1458,0.0,0.0
2026-02-05 03:30:00-05:00,4941.39990234375,4949.89990234375,4936.7998046875,4943.0,1192,0.0,0.0
2026-02-05 03:45:00-05:00,4943.2998046875,4943.5,4921.39990234375,4934.0,1791,0.0,0.0
2026-02-05 04:00:00-05:00,4934.39990234375,4937.10009765625,4884.2998046875,4885.2001953125,3552,0.0,0.0
2026-02-05 04:15:00-05:00,4885.39990234375,4910.39990234375,4876.60009765625,4896.5,2544,0.0,0.0
2026-02-05 04:30:00-05:00,4896.5,4913.7998046875,4896.2998046875,4911.10009765625,931,0.0,0.0
2026-02-05 04:45:00-05:00,4911.2001953125,4916.0,4871.10009765625,4876.89990234375,2089,0.0,0.0
2026-02-05 05:00:00-05:00,4875.89990234375,4896.0,4874.0,4895.39990234375,1462,0.0,0.0
2026-02-05 05:15:00-05:00,4894.7001953125,4900.0,4868.0,4883.10009765625,1055,0.0,0.0
2026-02-05 05:30:00-05:00,4883.2998046875,4900.0,4872.7001953125,4896.7001953125,1542,0.0,0.0
2026-02-05 05:45:00-05:00,4897.2998046875,4907.60009765625,4888.2001953125,4897.89990234375,854,0.0,0.0
2026-02-05 06:00:00-05:00,4896.7998046875,4909.5,4896.60009765625,4908.10009765625,954,0.0,0.0
2026-02-05 06:15:00-05:00,4908.2998046875,4915.5,4899.89990234375,4911.7001953125,950,0.0,0.0
2026-02-05 06:30:00-05:00,4912.60009765625,4913.2998046875,4890.0,4891.89990234375,793,0.0,0.0
2026-02-05 06:45:00-05:00,4891.39990234375,4906.5,4885.60009765625,4889.10009765625,1443,0.0,0.0
2026-02-05 07:00:00-05:00,4889.2998046875,4899.89990234375,4854.7001953125,4861.7998046875,2727,0.0,0.0
2026-02-05 07:15:00-05:00,4860.7998046875,4870.2001953125,4831.0,4869.10009765625,3999,0.0,0.0
2026-02-05 07:30:00-05:00,4868.7998046875,4893.89990234375,4862.10009765625,4868.7001953125,3635,0.0,0.0
2026-02-05 07:45:00-05:00,4869.39990234375,4891.5,4857.89990234375,4876.2001953125,2555,0.0,0.0
2026-02-05 08:00:00-05:00,4876.10009765625,4876.2998046875,4822.0,4845.7998046875,5421,0.0,0.0
2026-02-05 08:15:00-05:00,4845.89990234375,4888.39990234375,4845.89990234375,4873.60009765625,3636,0.0,0.0
2026-02-05 08:30:00-05:00,4876.0,4893.10009765625,4845.2001953125,4847.39990234375,3547,0.0,0.0
2026-02-05 08:45:00-05:00,4846.39990234375,4870.0,4842.60009765625,4858.2001953125,2314,0.0,0.0
2026-02-05 09:00:00-05:00,4858.0,4872.0,4833.60009765625,4836.2001953125,3635,0.0,0.0
2026-02-05 09:15:00-05:00,4836.7998046875,4859.89990234375,4831.2001953125,4857.0,3665,0.0,0.0
2026-02-05 09:30:00-05:00,4857.10009765625,4887.2001953125,4827.2001953125,4881.60009765625,8232,0.0,0.0
2026-02-05 09:45:00-05:00,4881.60009765625,4891.10009765625,4859.60009765625,4867.7998046875,5751,0.0,0.0
2026-02-05 10:00:00-05:00,4866.5,4888.0,4842.60009765625,4849.7998046875,7622,0.0,0.0
2026-02-05 10:15:00-05:00,4848.89990234375,4867.10009765625,4834.0,4840.89990234375,3793,0.0,0.0
2026-02-05 10:30:00-05:00,4839.5,4859.2001953125,4830.0,4832.10009765625,4479,0.0,0.0
2026-02-05 10:45:00-05:00,4831.7998046875,4846.39990234375,4820.7998046875,4838.60009765625,4936,0.0,0.0
2026-02-05 11:00:00-05:00,4837.7998046875,4862.2998046875,4833.5,4841.5,3525,0.0,0.0
2026-02-05 11:15:00-05:00,4841.60009765625,4879.7998046875,4839.5,4871.2998046875,3951,0.0,0.0
2026-02-05 11:30:00-05:00,4872.2001953125,4905.60009765625,4867.0,4901.10009765625,3098,0.0,0.0
2026-02-05 11:45:00-05:00,4901.7998046875,4930.0,4887.0,4912.0,5609,0.0,0.0
2026-02-05 12:00:00-05:00,4910.89990234375,4913.2998046875,4888.39990234375,4898.0,2394,0.0,0.0
2026-02-05 12:15:00-05:00,4898.7998046875,4903.2998046875,4881.5,4889.7998046875,1902,0.0,0.0
2026-02-05 12:30:00-05:00,4889.60009765625,4901.2001953125,4882.10009765625,4893.10009765625,1606,0.0,0.0
2026-02-05 12:45:00-05:00,4893.7001953125,4907.5,4886.39990234375,4891.5,1593,0.0,0.0
2026-02-05 13:00:00-05:00,4891.39990234375,4897.89990234375,4876.7001953125,4882.7001953125,1451,0.0,0.0
2026-02-05 13:15:00-05:00,4882.7998046875,4898.39990234375,4872.7998046875,4892.10009765625,4545,0.0,0.0
2026-02-05 13:30:00-05:00,4891.5,4894.7998046875,4876.89990234375,4893.7998046875,1546,0.0,0.0
2026-02-05 13:45:00-05:00,4893.60009765625,4895.89990234375,4874.10009765625,4880.39990234375,931,0.0,0.0
2026-02-05 14:00:00-05:00,4881.2001953125,4889.0,4860.10009765625,4874.39990234375,1684,0.0,0.0
2026-02-05 14:15:00-05:00,4873.7001953125,4883.0,4869.60009765625,4874.39990234375,717,0.0,0.0
2026-02-05 14:30:00-05:00,4875.2001953125,4878.0,4850.89990234375,4861.10009765625,1960,0.0,0.0
2026-02-05 14:45:00-05:00,4859.7998046875,4867.2001953125,4847.0,4852.5,1095,0.0,0.0
2026-02-05 15:00:00-05:00,4853.0,4866.2001953125,4836.0,4856.0,1763,0.0,0.0
2026-02-05 15:15:00-05:00,4855.2001953125,4858.2998046875,4832.0,4847.2001953125,1369,0.0,0.0
2026-02-05 15:30:00-05:00,4848.2001953125,4854.39990234375,4828.5,4835.2998046875,1322,0.0,0.0
2026-02-05 15:45:00-05:00,4833.7001953125,4839.39990234375,4814.60009765625,4833.60009765625,3740,0.0,0.0
2026-02-05 16:00:00-05:00,4833.2001953125,4848.5,4826.7001953125,4831.7998046875,1085,0.0,0.0
2026-02-05 16:15:00-05:00,4832.7998046875,4835.39990234375,4817.2998046875,4824.7998046875,1175,0.0,0.0
2026-02-05 16:30:00-05:00,4824.7998046875,4826.10009765625,4780.5,4785.7998046875,4808,0.0,0.0
2026-02-05 16:45:00-05:00,4785.0,4802.0,4779.60009765625,4798.10009765625,1802,0.0,0.0
2026-02-05 18:00:00-05:00,4800.0,4815.89990234375,4778.0,4786.2998046875,796,0.0,0.0
2026-02-05 18:15:00-05:00,4787.39990234375,4790.7998046875,4766.0,4769.10009765625,3501,0.0,0.0
2026-02-05 18:30:00-05:00,4770.0,4774.7001953125,4750.2998046875,4759.5,2540,0.0,0.0
2026-02-05 18:45:00-05:00,4760.10009765625,4760.2998046875,4721.2001953125,4722.0,2851,0.0,0.0
2026-02-05 19:00:00-05:00,4722.0,4725.2001953125,4696.0,4699.60009765625,3955,0.0,0.0
2026-02-05 19:15:00-05:00,4699.5,4748.10009765625,4670.0,4742.0,7010,0.0,0.0
2026-02-05 19:30:00-05:00,4742.0,4778.0,4724.7998046875,4776.2998046875,3758,0.0,0.0
2026-02-05 19:45:00-05:00,4775.0,4781.7001953125,4756.10009765625,4779.89990234375,2387,0.0,0.0
2026-02-05 20:00:00-05:00,4779.10009765625,4780.7998046875,4710.0,4767.5,5472,0.0,0.0
2026-02-05 20:15:00-05:00,4766.2001953125,4781.10009765625,4720.7998046875,4730.0,2403,0.0,0.0
2026-02-05 20:30:00-05:00,4730.10009765625,4765.7998046875,4723.60009765625,4758.7998046875,1460,0.0,0.0
2026-02-05 20:45:00-05:00,4760.5,4803.39990234375,4755.2001953125,4792.10009765625,2499,0.0,0.0
2026-02-05 21:00:00-05:00,4792.7001953125,4813.7998046875,4777.7998046875,4804.2998046875,2082,0.0,0.0
2026-02-05 21:15:00-05:00,4805.10009765625,4838.7998046875,4798.89990234375,4837.60009765625,2346,0.0,0.0
2026-02-05 21:30:00-05:00,4836.7001953125,4863.5,4826.10009765625,4844.0,4025,0.0,0.0
2026-02-05 21:45:00-05:00,4844.7001953125,4849.89990234375,4826.2998046875,4833.5,1651,0.0,0.0
2026-02-05 22:00:00-05:00,4832.5,4856.39990234375,4825.60009765625,4831.0,1097,0.0,0.0
2026-02-05 22:15:00-05:00,4831.89990234375,4844.5,4816.7001953125,4829.0,1392,0.0,0.0
2026-02-05 22:30:00-05:00,4829.2998046875,4842.7998046875,4817.39990234375,4821.60009765625,843,0.0,0.0
2026-02-05 22:45:00-05:00,4822.89990234375,4846.0,4822.89990234375,4841.10009765625,731,0.0,0.0
2026-02-05 23:00:00-05:00,4842.0,4845.60009765625,4832.10009765625,4836.7998046875,438,0.0,0.0
2026-02-05 23:15:00-05:00,4837.2001953125,4844.7001953125,4823.89990234375,4843.2998046875,409,0.0,0.0
2026-02-05 23:30:00-05:00,4843.5,4848.89990234375,4836.60009765625,4840.5,393,0.0,0.0
2026-02-05 23:45:00-05:00,4840.10009765625,4842.39990234375,4828.10009765625,4831.89990234375,425,0.0,0.0
2026-02-06 00:00:00-05:00,4830.39990234375,4843.39990234375,4824.5,4841.10009765625,484,0.0,0.0
2026-02-06 00:15:00-05:00,4842.7998046875,4870.0,4836.89990234375,4868.89990234375,1094,0.0,0.0
2026-02-06 00:30:00-05:00,4868.7998046875,4889.0,4853.7001953125,4882.39990234375,2217,0.0,0.0
2026-02-06 00:45:00-05:00,4882.2998046875,4916.2001953125,4879.2998046875,4915.2998046875,3547,0.0,0.0
2026-02-06 01:00:00-05:00,4916.2998046875,4921.60009765625,4882.89990234375,4883.60009765625,2262,0.0,0.0
2026-02-06 01:15:00-05:00,4884.2998046875,4891.2998046875,4867.7001953125,4873.89990234375,2283,0.0,0.0
2026-02-06 01:30:00-05:00,4871.89990234375,4885.89990234375,4855.5,4865.60009765625,1607,0.0,0.0
2026-02-06 01:45:00-05:00,4865.0,4875.2001953125,4841.0,4865.60009765625,1472,0.0,0.0
2026-02-06 02:00:00-05:00,4865.0,4874.10009765625,4856.7998046875,4868.7001953125,1320,0.0,0.0
2026-02-06 02:15:00-05:00,4869.10009765625,4881.89990234375,4862.0,4878.39990234375,1148,0.0,0.0
2026-02-06 02:30:00-05:00,4878.2001953125,4880.60009765625,4867.39990234375,4877.5,797,0.0,0.0
2026-02-06 02:45:00-05:00,4876.89990234375,4877.5,4861.2001953125,4862.2998046875,891,0.0,0.0
2026-02-06 03:00:00-05:00,4861.60009765625,4874.89990234375,4849.5,4872.2001953125,1863,0.0,0.0
2026-02-06 03:15:00-05:00,4873.7001953125,4896.60009765625,4869.5,4890.0,1611,0.0,0.0
2026-02-06 03:30:00-05:00,4888.7001953125,4904.5,4877.10009765625,4883.10009765625,1520,0.0,0.0
2026-02-06 03:45:00-05:00,4883.10009765625,4887.10009765625,4875.0,4884.7998046875,1004,0.0,0.0
2026-02-06 04:00:00-05:00,4884.10009765625,4894.39990234375,4862.39990234375,4863.0,1406,0.0,0.0
2026-02-06 04:15:00-05:00,4862.39990234375,4891.2001953125,4862.2001953125,4887.39990234375,1352,0.0,0.0
2026-02-06 04:30:00-05:00,4887.2998046875,4896.5,4880.2001953125,4880.2001953125,893,0.0,0.0
2026-02-06 04:45:00-05:00,4881.2998046875,4893.39990234375,4878.39990234375,4889.5,932,0.0,0.0
2026-02-06 05:00:00-05:00,4888.0,4900.0,4887.7998046875,4894.39990234375,914,0.0,0.0
2026-02-06 05:15:00-05:00,4894.2998046875,4898.60009765625,4872.60009765625,4876.60009765625,936,0.0,0.0
2026-02-06 05:30:00-05:00,4876.0,4899.89990234375,4874.7001953125,4897.10009765625,1058,0.0,0.0
2026-02-06 05:45:00-05:00,4897.2001953125,4901.7001953125,4888.7001953125,4899.89990234375,788,0.0,0.0
2026-02-06 06:00:00-05:00,4899.7001953125,4910.0,4885.60009765625,4906.0,1182,0.0,0.0
2026-02-06 06:15:00-05:00,4906.89990234375,4916.2998046875,4900.2001953125,4912.2001953125,1236,0.0,0.0
2026-02-06 06:30:00-05:00,4912.60009765625,4915.60009765625,4900.2001953125,4908.5,1086,0.0,0.0
2026-02-06 06:45:00-05:00,4909.2998046875,4918.7001953125,4904.5,4909.10009765625,1055,0.0,0.0
2026-02-06 07:00:00-05:00,4910.10009765625,4925.7001953125,4905.10009765625,4917.7001953125,1532,0.0,0.0
2026-02-06 07:15:00-05:00,4918.2001953125,4918.5,4892.0,4898.60009765625,1647,0.0,0.0
2026-02-06 07:30:00-05:00,4899.5,4916.89990234375,4898.39990234375,4915.7998046875,1633,0.0,0.0
2026-02-06 07:45:00-05:00,4915.2001953125,4926.0,4915.2001953125,4921.7001953125,2229,0.0,0.0
2026-02-06 08:00:00-05:00,4922.0,4948.7998046875,4918.2001953125,4931.7001953125,4140,0.0,0.0
2026-02-06 08:15:00-05:00,4932.0,4951.2998046875,4927.10009765625,4931.2001953125,2804,0.0,0.0
2026-02-06 08:30:00-05:00,4930.10009765625,4961.0,4930.10009765625,4953.89990234375,3008,0.0,0.0
2026-02-06 08:45:00-05:00,4955.10009765625,4957.0,4943.10009765625,4951.0,1512,0.0,0.0
2026-02-06 09:00:00-05:00,4951.7001953125,4955.0,4931.60009765625,4944.10009765625,2453,0.0,0.0
2026-02-06 09:15:00-05:00,4943.60009765625,4948.5,4916.2001953125,4926.10009765625,2747,0.0,0.0
2026-02-06 09:30:00-05:00,4926.7001953125,4971.0,4918.5,4955.5,6441,0.0,0.0
2026-02-06 09:45:00-05:00,4956.39990234375,4973.7001953125,4950.7001953125,4972.5,3071,0.0,0.0
2026-02-06 10:00:00-05:00,4970.7998046875,4988.7998046875,4962.60009765625,4972.2998046875,5125,0.0,0.0
2026-02-06 10:15:00-05:00,4972.2001953125,4984.2998046875,4960.0,4980.5,2252,0.0,0.0
2026-02-06 10:30:00-05:00,4980.5,4981.10009765625,4972.7998046875,4977.7998046875,442,0.0,0.0
2026-02-06 10:45:00-05:00,4960.39990234375,4974.89990234375,4959.10009765625,4966.2998046875,4240,0.0,0.0
2026-02-06 11:00:00-05:00,4972.39990234375,4974.39990234375,4963.2001953125,4964.39990234375,1926,0.0,0.0
2026-02-06 11:15:00-05:00,4964.39990234375,4970.2001953125,4945.0,4962.5,2405,0.0,0.0
2026-02-06 11:30:00-05:00,4961.7998046875,4971.89990234375,4953.2998046875,4963.2998046875,1697,0.0,0.0
2026-02-06 11:45:00-05:00,4963.2001953125,4978.0,4959.89990234375,4975.2998046875,1713,0.0,0.0
2026-02-06 12:00:00-05:00,4975.2998046875,4984.60009765625,4973.0,4981.2001953125,1674,0.0,0.0
2026-02-06 12:15:00-05:00,4981.89990234375,4983.5,4976.10009765625,4978.2998046875,1447,0.0,0.0
2026-02-06 12:30:00-05:00,4978.7998046875,4992.89990234375,4972.2001953125,4977.89990234375,2126,0.0,0.0
2026-02-06 12:45:00-05:00,4978.10009765625,4988.39990234375,4977.10009765625,4986.5,1671,0.0,0.0
2026-02-06 13:00:00-05:00,4986.7001953125,4995.60009765625,4986.2998046875,4989.39990234375,1864,0.0,0.0
2026-02-06 13:15:00-05:00,4990.0,4990.7998046875,4967.89990234375,4980.0,4367,0.0,0.0
2026-02-06 13:30:00-05:00,4979.60009765625,4989.89990234375,4975.5,4988.2001953125,1056,0.0,0.0
2026-02-06 13:45:00-05:00,4987.5,4992.2001953125,4984.0,4986.2998046875,645,0.0,0.0
2026-02-06 14:00:00-05:00,4986.2998046875,4987.0,4976.89990234375,4982.2001953125,676,0.0,0.0
2026-02-06 14:15:00-05:00,4982.2001953125,4985.10009765625,4980.60009765625,4980.7998046875,736,0.0,0.0
2026-02-06 14:30:00-05:00,4980.7998046875,4982.5,4971.7998046875,4975.7001953125,754,0.0,0.0
2026-02-06 14:45:00-05:00,4975.2998046875,4987.0,4975.2001953125,4980.7001953125,917,0.0,0.0
2026-02-06 15:00:00-05:00,4980.39990234375,4983.0,4973.7998046875,4977.0,640,0.0,0.0
2026-02-06 15:15:00-05:00,4977.10009765625,4981.39990234375,4970.0,4979.0,905,0.0,0.0
2026-02-06 15:30:00-05:00,4979.0,4979.0,4960.39990234375,4967.89990234375,1455,0.0,0.0
2026-02-06 15:45:00-05:00,4967.89990234375,4978.0,4964.10009765625,4977.2001953125,1524,0.0,0.0
2026-02-06 16:00:00-05:00,4977.2001953125,4981.5,4970.10009765625,4973.2001953125,668,0.0,0.0
2026-02-06 16:15:00-05:00,4973.7998046875,4974.89990234375,4971.10009765625,4974.0,181,0.0,0.0
2026-02-06 16:30:00-05:00,4982.7998046875,4988.0,4982.39990234375,4984.0,803,0.0,0.0
2026-02-06 16:45:00-05:00,4983.60009765625,4992.10009765625,4981.10009765625,4988.60009765625,709,0.0,0.0
2026-02-08 18:00:00-05:00,5000.0,5008.7001953125,4991.2998046875,5004.0,428,0.0,0.0
2026-02-08 18:15:00-05:00,5004.2998046875,5049.10009765625,5000.89990234375,5046.7998046875,2521,0.0,0.0
2026-02-08 18:30:00-05:00,5046.10009765625,5067.2998046875,5041.7001953125,5062.5,2538,0.0,0.0
2026-02-08 18:45:00-05:00,5062.7001953125,5069.0,5055.5,5057.39990234375,970,0.0,0.0
2026-02-08 19:00:00-05:00,5057.5,5068.0,5046.0,5051.39990234375,1195,0.0,0.0
2026-02-08 19:15:00-05:00,5051.7001953125,5063.0,5043.60009765625,5056.89990234375,1179,0.0,0.0
2026-02-08 19:30:00-05:00,5057.7001953125,5059.60009765625,5038.0,5049.10009765625,862,0.0,0.0
2026-02-08 19:45:00-05:00,5048.89990234375,5049.5,5033.10009765625,5041.2001953125,635,0.0,0.0
2026-02-08 20:00:00-05:00,5042.10009765625,5064.2001953125,5026.2001953125,5039.7998046875,2249,0.0,0.0
2026-02-08 20:15:00-05:00,5041.2998046875,5053.89990234375,5030.60009765625,5038.5,1164,0.0,0.0
2026-02-08 20:30:00-05:00,5038.39990234375,5044.2001953125,4997.0,5029.7001953125,2347,0.0,0.0
2026-02-08 20:45:00-05:00,5030.0,5033.2998046875,5000.5,5002.2998046875,1311,0.0,0.0
2026-02-08 21:00:00-05:00,5002.39990234375,5021.5,4989.2998046875,5018.60009765625,1627,0.0,0.0
2026-02-08 21:15:00-05:00,5017.89990234375,5022.2998046875,5009.60009765625,5021.2001953125,580,0.0,0.0
2026-02-08 21:30:00-05:00,5021.0,5027.7001953125,5009.60009765625,5017.2998046875,1180,0.0,0.0
2026-02-08 21:45:00-05:00,5017.39990234375,5037.2001953125,5005.7998046875,5026.60009765625,1472,0.0,0.0
2026-02-08 22:00:00-05:00,5026.5,5041.7998046875,5025.7998046875,5040.60009765625,821,0.0,0.0
2026-02-08 22:15:00-05:00,5040.2001953125,5046.7998046875,5030.89990234375,5045.10009765625,742,0.0,0.0
2026-02-08 22:30:00-05:00,5044.5,5051.7998046875,5038.2998046875,5044.89990234375,743,0.0,0.0
2026-02-08 22:45:00-05:00,5044.7998046875,5049.10009765625,5032.2998046875,5037.10009765625,511,0.0,0.0
2026-02-08 23:00:00-05:00,5036.5,5044.5,5032.7001953125,5032.7998046875,403,0.0,0.0
2026-02-08 23:15:00-05:00,5033.5,5045.60009765625,5029.2001953125,5037.89990234375,537,0.0,0.0
2026-02-08 23:30:00-05:00,5038.10009765625,5044.60009765625,5036.0,5040.5,281,0.0,0.0
2026-02-08 23:45:00-05:00,5040.5,5041.39990234375,5028.7001953125,5034.7001953125,417,0.0,0.0
2026-02-09 00:00:00-05:00,5034.0,5041.5,5032.39990234375,5036.7001953125,372,0.0,0.0
2026-02-09 00:15:00-05:00,5037.2998046875,5053.0,5037.2998046875,5050.7998046875,457,0.0,0.0
2026-02-09 00:30:00-05:00,5051.10009765625,5063.10009765625,5046.89990234375,5055.10009765625,1001,0.0,0.0
2026-02-09 00:45:00-05:00,5054.89990234375,5059.60009765625,5044.2001953125,5058.0,836,0.0,0.0
2026-02-09 01:00:00-05:00,5058.60009765625,5067.60009765625,5052.89990234375,5055.7998046875,1105,0.0,0.0
2026-02-09 01:15:00-05:00,5055.2998046875,5059.0,5035.10009765625,5047.5,1103,0.0,0.0
2026-02-09 01:30:00-05:00,5045.60009765625,5058.0,5042.60009765625,5057.0,739,0.0,0.0
2026-02-09 01:45:00-05:00,5057.2998046875,5062.0,5048.2998046875,5052.39990234375,975,0.0,0.0
2026-02-09 02:00:00-05:00,5052.5,5052.5,5029.7998046875,5033.5,1156,0.0,0.0
2026-02-09 02:15:00-05:00,5035.2998046875,5036.60009765625,5015.2001953125,5030.0,1549,0.0,0.0
2026-02-09 02:30:00-05:00,5029.0,5036.5,5028.39990234375,5033.7001953125,668,0.0,0.0
2026-02-09 02:45:00-05:00,5033.39990234375,5033.39990234375,5021.7998046875,5027.2001953125,716,0.0,0.0
2026-02-09 03:00:00-05:00,5026.7998046875,5042.10009765625,5023.89990234375,5040.7001953125,911,0.0,0.0
2026-02-09 03:15:00-05:00,5041.10009765625,5053.10009765625,5041.10009765625,5046.2001953125,1165,0.0,0.0
2026-02-09 03:30:00-05:00,5046.10009765625,5053.10009765625,5042.0,5050.89990234375,758,0.0,0.0
2026-02-09 03:45:00-05:00,5050.89990234375,5057.0,5045.2998046875,5048.10009765625,682,0.0,0.0
2026-02-09 04:00:00-05:00,5048.7001953125,5062.60009765625,5043.5,5046.7998046875,1195,0.0,0.0
2026-02-09 04:15:00-05:00,5046.7001953125,5049.0,5038.0,5044.7998046875,790,0.0,0.0
2026-02-09 04:30:00-05:00,5044.7998046875,5048.5,5033.0,5035.39990234375,675,0.0,0.0
2026-02-09 04:45:00-05:00,5035.5,5036.89990234375,5023.60009765625,5028.2001953125,1154,0.0,0.0
2026-02-09 05:00:00-05:00,5028.5,5034.7998046875,5017.0,5031.10009765625,1327,0.0,0.0
2026-02-09 05:15:00-05:00,5030.7998046875,5036.89990234375,5006.5,5012.5,1484,0.0,0.0
2026-02-09 05:30:00-05:00,5012.7998046875,5020.39990234375,5002.60009765625,5007.0,1944,0.0,0.0
2026-02-09 05:45:00-05:00,5006.89990234375,5020.0,5003.5,5011.2998046875,805,0.0,0.0
2026-02-09 06:00:00-05:00,5011.5,5020.0,5009.2001953125,5012.7998046875,867,0.0,0.0
2026-02-09 06:15:00-05:00,5015.10009765625,5028.10009765625,5012.10009765625,5026.7001953125,785,0.0,0.0
2026-02-09 06:30:00-05:00,5027.39990234375,5034.2001953125,5022.5,5029.5,592,0.0,0.0
2026-02-09 06:45:00-05:00,5029.7998046875,5040.0,5028.39990234375,5031.10009765625,719,0.0,0.0
2026-02-09 07:00:00-05:00,5032.0,5039.0,5028.2998046875,5037.2998046875,674,0.0,0.0
2026-02-09 07:15:00-05:00,5038.2001953125,5039.7001953125,5031.89990234375,5035.5,586,0.0,0.0
2026-02-09 07:30:00-05:00,5035.39990234375,5043.60009765625,5031.0,5037.2001953125,799,0.0,0.0
2026-02-09 07:45:00-05:00,5038.0,5041.39990234375,5029.5,5035.7001953125,750,0.0,0.0
2026-02-09 08:00:00-05:00,5035.39990234375,5046.7998046875,5030.0,5043.2998046875,1740,0.0,0.0
2026-02-09 08:15:00-05:00,5044.5,5046.60009765625,5025.10009765625,5026.39990234375,1946,0.0,0.0
2026-02-09 08:30:00-05:00,5027.0,5037.2001953125,5016.89990234375,5021.0,1569,0.0,0.0
2026-02-09 08:45:00-05:00,5020.2001953125,5032.7998046875,5017.7001953125,5028.89990234375,1245,0.0,0.0
2026-02-09 09:00:00-05:00,5028.39990234375,5039.60009765625,5023.7998046875,5036.60009765625,1138,0.0,0.0
2026-02-09 09:15:00-05:00,5037.7001953125,5046.39990234375,5031.39990234375,5042.89990234375,1487,0.0,0.0
2026-02-09 09:30:00-05:00,5042.89990234375,5060.0,5036.0,5059.10009765625,4702,0.0,0.0
2026-02-09 09:45:00-05:00,5059.60009765625,5063.2998046875,5053.39990234375,5059.60009765625,2490,0.0,0.0
2026-02-09 10:00:00-05:00,5059.5,5064.5,5050.0,5052.0,2412,0.0,0.0
2026-02-09 10:15:00-05:00,5052.39990234375,5058.7001953125,5045.60009765625,5056.0,2155,0.0,0.0
2026-02-09 10:30:00-05:00,5056.0,5079.60009765625,5056.0,5079.5,3776,0.0,0.0
2026-02-09 10:45:00-05:00,5079.60009765625,5084.39990234375,5075.7001953125,5082.2001953125,1968,0.0,0.0
2026-02-09 11:00:00-05:00,5082.60009765625,5094.7001953125,5079.7998046875,5086.7998046875,2276,0.0,0.0
2026-02-09 11:15:00-05:00,5087.5,5105.10009765625,5087.5,5096.2998046875,4368,0.0,0.0
2026-02-09 11:30:00-05:00,5096.60009765625,5103.39990234375,5090.60009765625,5102.0,2060,0.0,0.0
2026-02-09 11:45:00-05:00,5102.60009765625,5106.7998046875,5094.39990234375,5096.89990234375,1722,0.0,0.0
2026-02-09 12:00:00-05:00,5097.7998046875,5099.7001953125,5085.0,5087.2001953125,1991,0.0,0.0
2026-02-09 12:15:00-05:00,5087.39990234375,5096.0,5087.39990234375,5092.7001953125,838,0.0,0.0
2026-02-09 12:30:00-05:00,5092.60009765625,5094.89990234375,5085.0,5086.60009765625,782,0.0,0.0
2026-02-09 12:45:00-05:00,5086.7998046875,5088.10009765625,5064.39990234375,5069.7998046875,2516,0.0,0.0
2026-02-09 13:00:00-05:00,5070.60009765625,5083.5,5070.0,5082.39990234375,1767,0.0,0.0
2026-02-09 13:15:00-05:00,5082.39990234375,5084.10009765625,5068.5,5078.7998046875,3372,0.0,0.0
2026-02-09 13:30:00-05:00,5078.5,5083.5,5072.7001953125,5080.5,1217,0.0,0.0
2026-02-09 13:45:00-05:00,5080.7998046875,5088.39990234375,5075.2998046875,5087.0,709,0.0,0.0
2026-02-09 14:00:00-05:00,5086.89990234375,5093.10009765625,5086.5,5090.60009765625,1044,0.0,0.0
2026-02-09 14:15:00-05:00,5090.2001953125,5098.7001953125,5088.2998046875,5098.10009765625,672,0.0,0.0
2026-02-09 14:30:00-05:00,5098.89990234375,5104.0,5096.89990234375,5099.7998046875,978,0.0,0.0
2026-02-09 14:45:00-05:00,5100.0,5102.10009765625,5097.10009765625,5098.39990234375,516,0.0,0.0
2026-02-09 15:00:00-05:00,5098.2998046875,5105.0,5097.60009765625,5103.5,748,0.0,0.0
2026-02-09 15:15:00-05:00,5103.60009765625,5105.89990234375,5099.39990234375,5104.0,874,0.0,0.0
2026-02-09 15:30:00-05:00,5104.0,5111.10009765625,5096.60009765625,5102.10009765625,1242,0.0,0.0
2026-02-09 15:45:00-05:00,5102.7998046875,5106.2998046875,5098.0,5102.89990234375,1151,0.0,0.0
2026-02-09 16:00:00-05:00,5103.60009765625,5107.10009765625,5085.89990234375,5086.7001953125,785,0.0,0.0
2026-02-09 16:15:00-05:00,5087.39990234375,5090.2998046875,5072.5,5079.2998046875,678,0.0,0.0
2026-02-09 16:30:00-05:00,5079.7001953125,5089.39990234375,5078.2998046875,5085.89990234375,583,0.0,0.0
2026-02-09 16:45:00-05:00,5086.39990234375,5091.10009765625,5080.10009765625,5084.2001953125,305,0.0,0.0
2026-02-09 18:00:00-05:00,5084.2998046875,5100.89990234375,5011.0,5038.10009765625,2207,0.0,0.0
2026-02-09 18:15:00-05:00,5039.10009765625,5054.5,5025.60009765625,5047.0,1127,0.0,0.0
2026-02-09 18:30:00-05:00,5046.7998046875,5066.0,5037.89990234375,5064.0,800,0.0,0.0
2026-02-09 18:45:00-05:00,5063.60009765625,5068.10009765625,5053.5,5055.2998046875,573,0.0,0.0
2026-02-09 19:00:00-05:00,5056.39990234375,5073.0,5056.10009765625,5058.60009765625,732,0.0,0.0
2026-02-09 19:15:00-05:00,5058.89990234375,5069.0,5055.0,5057.2001953125,361,0.0,0.0
2026-02-09 19:30:00-05:00,5058.5,5064.5,5039.0,5047.39990234375,826,0.0,0.0
2026-02-09 19:45:00-05:00,5047.39990234375,5048.39990234375,5031.0,5042.60009765625,810,0.0,0.0
2026-02-09 20:00:00-05:00,5042.89990234375,5058.89990234375,5035.5,5054.2998046875,1186,0.0,0.0
2026-02-09 20:15:00-05:00,5055.5,5062.0,5036.7001953125,5040.60009765625,774,0.0,0.0
2026-02-09 20:30:00-05:00,5037.5,5056.2998046875,5037.5,5051.39990234375,650,0.0,0.0
2026-02-09 20:45:00-05:00,5051.39990234375,5059.2001953125,5045.60009765625,5054.89990234375,999,0.0,0.0
2026-02-09 21:00:00-05:00,5055.10009765625,5069.0,5053.2001953125,5064.89990234375,738,0.0,0.0
2026-02-09 21:15:00-05:00,5064.89990234375,5079.0,5062.0,5069.39990234375,831,0.0,0.0
2026-02-09 21:30:00-05:00,5070.10009765625,5075.60009765625,5064.2001953125,5073.2001953125,467,0.0,0.0
2026-02-09 21:45:00-05:00,5073.89990234375,5075.0,5056.7001953125,5061.2001953125,903,0.0,0.0
2026-02-09 22:00:00-05:00,5059.0,5060.7001953125,5047.2998046875,5049.10009765625,578,0.0,0.0
2026-02-09 22:15:00-05:00,5048.7001953125,5051.2001953125,5039.0,5044.2001953125,840,0.0,0.0
2026-02-09 22:30:00-05:00,5043.89990234375,5054.10009765625,5042.2001953125,5047.2001953125,491,0.0,0.0
2026-02-09 22:45:00-05:00,5047.2001953125,5052.2998046875,5036.5,5051.5,542,0.0,0.0
2026-02-09 23:00:00-05:00,5052.39990234375,5052.89990234375,5039.5,5045.89990234375,424,0.0,0.0
2026-02-09 23:15:00-05:00,5045.5,5052.7001953125,5044.7998046875,5050.60009765625,301,0.0,0.0
2026-02-09 23:30:00-05:00,5049.89990234375,5051.0,5044.0,5049.0,242,0.0,0.0
2026-02-09 23:45:00-05:00,5048.0,5056.2998046875,5046.89990234375,5052.7998046875,317,0.0,0.0
2026-02-10 00:00:00-05:00,5052.89990234375,5057.39990234375,5049.10009765625,5052.0,162,0.0,0.0
2026-02-10 00:15:00-05:00,5050.5,5051.5,5032.7998046875,5041.2998046875,761,0.0,0.0
2026-02-10 00:30:00-05:00,5040.5,5054.60009765625,5034.5,5054.5,859,0.0,0.0
2026-02-10 00:45:00-05:00,5054.89990234375,5064.0,5052.89990234375,5061.89990234375,718,0.0,0.0
2026-02-10 01:00:00-05:00,5061.39990234375,5068.39990234375,5055.60009765625,5058.60009765625,540,0.0,0.0
2026-02-10 01:15:00-05:00,5058.7998046875,5059.7998046875,5052.7001953125,5053.60009765625,312,0.0,0.0
2026-02-10 01:30:00-05:00,5053.39990234375,5060.89990234375,5048.60009765625,5051.2001953125,459,0.0,0.0
2026-02-10 01:45:00-05:00,5050.39990234375,5058.7001953125,5041.0,5045.7998046875,879,0.0,0.0
2026-02-10 02:00:00-05:00,5045.7001953125,5055.7001953125,5040.0,5050.0,585,0.0,0.0
2026-02-10 02:15:00-05:00,5049.7001953125,5053.5,5040.7998046875,5046.2998046875,557,0.0,0.0
2026-02-10 02:30:00-05:00,5046.7998046875,5056.2001953125,5046.0,5050.39990234375,455,0.0,0.0
2026-02-10 02:45:00-05:00,5050.89990234375,5057.10009765625,5047.5,5055.2998046875,477,0.0,0.0
2026-02-10 03:00:00-05:00,5054.5,5063.0,5049.60009765625,5054.39990234375,746,0.0,0.0
2026-02-10 03:15:00-05:00,5054.7998046875,5063.0,5054.2001953125,5057.2998046875,362,0.0,0.0
2026-02-10 03:30:00-05:00,5057.5,5071.0,5056.0,5070.89990234375,650,0.0,0.0
2026-02-10 03:45:00-05:00,5070.2998046875,5077.10009765625,5060.2001953125,5063.7998046875,1357,0.0,0.0
2026-02-10 04:00:00-05:00,5063.60009765625,5085.2998046875,5062.60009765625,5073.60009765625,959,0.0,0.0
2026-02-10 04:15:00-05:00,5074.10009765625,5077.7998046875,5067.39990234375,5074.5,764,0.0,0.0
2026-02-10 04:30:00-05:00,5074.5,5075.5,5067.5,5071.2001953125,676,0.0,0.0
2026-02-10 04:45:00-05:00,5071.2001953125,5072.0,5063.39990234375,5068.5,1115,0.0,0.0
2026-02-10 05:00:00-05:00,5068.60009765625,5075.0,5063.39990234375,5063.89990234375,1138,0.0,0.0
2026-02-10 05:15:00-05:00,5063.2998046875,5073.2998046875,5059.89990234375,5069.7998046875,1270,0.0,0.0
2026-02-10 05:30:00-05:00,5069.7998046875,5081.2998046875,5068.10009765625,5077.2001953125,1621,0.0,0.0
2026-02-10 05:45:00-05:00,5077.7998046875,5080.2001953125,5066.7998046875,5070.2001953125,817,0.0,0.0
2026-02-10 06:00:00-05:00,5069.5,5076.2001953125,5067.39990234375,5073.7001953125,474,0.0,0.0
2026-02-10 06:15:00-05:00,5073.7998046875,5074.7998046875,5068.39990234375,5071.7001953125,308,0.0,0.0
2026-02-10 06:30:00-05:00,5070.39990234375,5077.0,5069.0,5070.7001953125,806,0.0,0.0
2026-02-10 06:45:00-05:00,5070.39990234375,5081.0,5068.2001953125,5079.0,822,0.0,0.0
2026-02-10 07:00:00-05:00,5079.7001953125,5080.7001953125,5064.39990234375,5067.2001953125,1077,0.0,0.0
2026-02-10 07:15:00-05:00,5066.7998046875,5075.0,5065.39990234375,5069.0,881,0.0,0.0
2026-02-10 07:30:00-05:00,5070.0,5070.89990234375,5044.7001953125,5051.7998046875,1403,0.0,0.0
2026-02-10 07:45:00-05:00,5051.7998046875,5058.0,5042.0,5054.89990234375,2031,0.0,0.0
2026-02-10 08:00:00-05:00,5055.0,5064.89990234375,5048.60009765625,5064.7998046875,1807,0.0,0.0
2026-02-10 08:15:00-05:00,5064.2001953125,5069.0,5055.5,5059.2998046875,1270,0.0,0.0
2026-02-10 08:30:00-05:00,5060.7001953125,5082.39990234375,5060.7001953125,5074.89990234375,2468,0.0,0.0
2026-02-10 08:45:00-05:00,5075.89990234375,5080.2001953125,5071.89990234375,5074.10009765625,1083,0.0,0.0
2026-02-10 09:00:00-05:00,5074.10009765625,5082.0,5069.39990234375,5079.5,1282,0.0,0.0
2026-02-10 09:15:00-05:00,5079.60009765625,5098.2998046875,5079.60009765625,5093.89990234375,2740,0.0,0.0
2026-02-10 09:30:00-05:00,5093.5,5102.7001953125,5076.7998046875,5079.60009765625,3492,0.0,0.0
2026-02-10 09:45:00-05:00,5080.0,5080.60009765625,5043.2001953125,5063.0,5617,0.0,0.0
2026-02-10 10:00:00-05:00,5062.0,5066.39990234375,5051.39990234375,5065.60009765625,3265,0.0,0.0
2026-02-10 10:15:00-05:00,5064.7998046875,5070.89990234375,5055.0,5055.10009765625,1670,0.0,0.0
2026-02-10 10:30:00-05:00,5054.2998046875,5060.0,5021.2998046875,5036.7001953125,5373,0.0,0.0
2026-02-10 10:45:00-05:00,5036.39990234375,5053.60009765625,5034.2001953125,5041.60009765625,2169,0.0,0.0
2026-02-10 11:00:00-05:00,5042.7001953125,5045.7998046875,5028.7998046875,5043.60009765625,2048,0.0,0.0
2026-02-10 11:15:00-05:00,5043.7001953125,5047.2998046875,5028.2001953125,5033.10009765625,2149,0.0,0.0
2026-02-10 11:30:00-05:00,5032.39990234375,5046.39990234375,5031.0,5045.0,1250,0.0,0.0
2026-02-10 11:45:00-05:00,5045.10009765625,5049.7001953125,5038.7998046875,5046.5,983,0.0,0.0
2026-02-10 12:00:00-05:00,5046.39990234375,5050.5,5043.60009765625,5047.60009765625,1004,0.0,0.0
2026-02-10 12:15:00-05:00,5047.89990234375,5062.0,5047.2998046875,5060.0,1396,0.0,0.0
2026-02-10 12:30:00-05:00,5060.0,5062.60009765625,5055.0,5060.89990234375,767,0.0,0.0
2026-02-10 12:45:00-05:00,5061.2001953125,5064.0,5048.2998046875,5049.7001953125,954,0.0,0.0
2026-02-10 13:00:00-05:00,5049.10009765625,5051.2998046875,5036.7998046875,5039.60009765625,1554,0.0,0.0
2026-02-10 13:15:00-05:00,5039.2001953125,5041.89990234375,5026.7001953125,5031.39990234375,3487,0.0,0.0
2026-02-10 13:30:00-05:00,5031.39990234375,5039.2001953125,5027.2001953125,5038.10009765625,1257,0.0,0.0
2026-02-10 13:45:00-05:00,5037.60009765625,5039.89990234375,5029.2998046875,5036.0,691,0.0,0.0
2026-02-10 14:00:00-05:00,5035.2998046875,5036.2998046875,5031.39990234375,5035.10009765625,576,0.0,0.0
2026-02-10 14:15:00-05:00,5035.7001953125,5044.7998046875,5035.0,5043.60009765625,892,0.0,0.0
2026-02-10 14:30:00-05:00,5044.10009765625,5053.2001953125,5044.10009765625,5047.2998046875,982,0.0,0.0
2026-02-10 14:45:00-05:00,5047.7998046875,5053.2001953125,5047.5,5050.7998046875,372,0.0,0.0
2026-02-10 15:00:00-05:00,5050.5,5052.5,5042.89990234375,5048.5,515,0.0,0.0
2026-02-10 15:15:00-05:00,5048.7001953125,5056.7001953125,5045.7998046875,5051.0,740,0.0,0.0
2026-02-10 15:30:00-05:00,5051.10009765625,5059.2998046875,5050.0,5058.7998046875,664,0.0,0.0
2026-02-10 15:45:00-05:00,5058.7998046875,5068.89990234375,5050.2001953125,5052.89990234375,2076,0.0,0.0
2026-02-10 16:00:00-05:00,5052.0,5055.0,5048.39990234375,5052.0,453,0.0,0.0
2026-02-10 16:15:00-05:00,5051.0,5051.7001953125,5045.2001953125,5048.39990234375,221,0.0,0.0
2026-02-10 16:30:00-05:00,5048.0,5050.7998046875,5046.0,5046.7998046875,140,0.0,0.0
2026-02-10 16:45:00-05:00,5047.2998046875,5050.39990234375,5043.0,5047.89990234375,275,0.0,0.0
2026-02-10 18:00:00-05:00,5048.0,5060.0,5046.2998046875,5056.7998046875,162,0.0,0.0
2026-02-10 18:15:00-05:00,5056.7998046875,5077.39990234375,5056.10009765625,5070.10009765625,844,0.0,0.0
2026-02-10 18:30:00-05:00,5069.10009765625,5070.5,5061.0,5065.0,278,0.0,0.0
2026-02-10 18:45:00-05:00,5065.39990234375,5069.7998046875,5061.7998046875,5064.10009765625,224,0.0,0.0
2026-02-10 19:00:00-05:00,5064.7001953125,5067.60009765625,5053.2001953125,5056.60009765625,762,0.0,0.0
2026-02-10 19:15:00-05:00,5056.5,5063.60009765625,5050.89990234375,5061.89990234375,541,0.0,0.0
2026-02-10 19:30:00-05:00,5063.2998046875,5072.10009765625,5062.10009765625,5064.7001953125,437,0.0,0.0
2026-02-10 19:45:00-05:00,5064.0,5065.2001953125,5057.60009765625,5060.89990234375,426,0.0,0.0
2026-02-10 20:00:00-05:00,5060.39990234375,5070.2001953125,5053.39990234375,5063.7001953125,749,0.0,0.0
2026-02-10 20:15:00-05:00,5065.2001953125,5068.89990234375,5056.39990234375,5060.39990234375,415,0.0,0.0
2026-02-10 20:30:00-05:00,5060.5,5068.60009765625,5055.2001953125,5066.60009765625,452,0.0,0.0
2026-02-10 20:45:00-05:00,5066.10009765625,5075.89990234375,5063.7998046875,5075.0,749,0.0,0.0
2026-02-10 21:00:00-05:00,5075.60009765625,5079.89990234375,5058.0,5059.89990234375,839,0.0,0.0
2026-02-10 21:15:00-05:00,5059.7998046875,5070.0,5055.60009765625,5065.0,547,0.0,0.0
2026-02-10 21:30:00-05:00,5064.7998046875,5077.39990234375,5064.7001953125,5077.39990234375,363,0.0,0.0
2026-02-10 21:45:00-05:00,5077.39990234375,5081.0,5074.10009765625,5079.2001953125,754,0.0,0.0
2026-02-10 22:00:00-05:00,5078.60009765625,5079.7001953125,5072.39990234375,5072.39990234375,450,0.0,0.0
2026-02-10 22:15:00-05:00,5073.10009765625,5082.7998046875,5068.2001953125,5080.39990234375,676,0.0,0.0
2026-02-10 22:30:00-05:00,5080.2998046875,5084.5,5077.10009765625,5082.2998046875,512,0.0,0.0
2026-02-10 22:45:00-05:00,5082.89990234375,5085.0,5077.2998046875,5079.0,386,0.0,0.0
2026-02-10 23:00:00-05:00,5078.60009765625,5083.2998046875,5077.2998046875,5081.5,347,0.0,0.0
2026-02-10 23:15:00-05:00,5082.60009765625,5083.7001953125,5080.5,5082.7001953125,186,0.0,0.0
2026-02-10 23:30:00-05:00,5082.89990234375,5083.5,5075.0,5076.0,250,0.0,0.0
2026-02-10 23:45:00-05:00,5076.0,5080.2998046875,5070.0,5073.2001953125,489,0.0,0.0
2026-02-11 00:00:00-05:00,5071.2001953125,5074.5,5067.60009765625,5072.2998046875,467,0.0,0.0
2026-02-11 00:15:00-05:00,5072.10009765625,5078.2001953125,5070.10009765625,5077.10009765625,335,0.0,0.0
2026-02-11 00:30:00-05:00,5077.60009765625,5088.10009765625,5076.39990234375,5086.2998046875,812,0.0,0.0
2026-02-11 00:45:00-05:00,5086.2001953125,5086.89990234375,5070.10009765625,5076.7998046875,816,0.0,0.0
2026-02-11 01:00:00-05:00,5076.60009765625,5081.2998046875,5073.60009765625,5078.60009765625,362,0.0,0.0
2026-02-11 01:15:00-05:00,5078.2998046875,5086.0,5077.60009765625,5080.89990234375,412,0.0,0.0
2026-02-11 01:30:00-05:00,5079.7998046875,5084.0,5077.2001953125,5077.89990234375,486,0.0,0.0
2026-02-11 01:45:00-05:00,5077.7998046875,5088.7998046875,5076.0,5088.2998046875,909,0.0,0.0
2026-02-11 02:00:00-05:00,5088.39990234375,5093.2998046875,5080.7998046875,5083.2998046875,2136,0.0,0.0
2026-02-11 02:15:00-05:00,5083.2998046875,5089.7998046875,5076.39990234375,5083.89990234375,1668,0.0,0.0
2026-02-11 02:30:00-05:00,5083.60009765625,5086.2001953125,5076.2998046875,5078.39990234375,1456,0.0,0.0
2026-02-11 02:45:00-05:00,5078.5,5080.0,5072.2001953125,5078.7001953125,670,0.0,0.0
2026-02-11 03:00:00-05:00,5078.89990234375,5084.10009765625,5075.2998046875,5075.7001953125,630,0.0,0.0
2026-02-11 03:15:00-05:00,5075.7001953125,5079.10009765625,5073.89990234375,5075.0,384,0.0,0.0
2026-02-11 03:30:00-05:00,5075.2998046875,5077.5,5068.7998046875,5076.10009765625,749,0.0,0.0
2026-02-11 03:45:00-05:00,5076.0,5078.5,5073.89990234375,5077.0,455,0.0,0.0
2026-02-11 04:00:00-05:00,5077.39990234375,5079.2001953125,5070.39990234375,5074.89990234375,449,0.0,0.0
2026-02-11 04:15:00-05:00,5075.10009765625,5078.10009765625,5073.2001953125,5078.10009765625,524,0.0,0.0
2026-02-11 04:30:00-05:00,5078.0,5090.5,5077.2998046875,5088.10009765625,1264,0.0,0.0
2026-02-11 04:45:00-05:00,5088.2998046875,5095.89990234375,5082.7001953125,5086.60009765625,1533,0.0,0.0
2026-02-11 05:00:00-05:00,5086.5,5093.89990234375,5086.0,5092.7001953125,708,0.0,0.0
2026-02-11 05:15:00-05:00,5093.10009765625,5100.7001953125,5092.10009765625,5095.0,1751,0.0,0.0
2026-02-11 05:30:00-05:00,5094.7998046875,5128.7998046875,5092.0,5124.89990234375,3529,0.0,0.0
2026-02-11 05:45:00-05:00,5124.7001953125,5127.10009765625,5116.2998046875,5118.60009765625,3437,0.0,0.0
2026-02-11 06:00:00-05:00,5118.7998046875,5121.10009765625,5107.39990234375,5114.5,1814,0.0,0.0
2026-02-11 06:15:00-05:00,5115.0,5133.60009765625,5115.0,5132.39990234375,1825,0.0,0.0
2026-02-11 06:30:00-05:00,5133.10009765625,5135.2998046875,5125.7998046875,5134.2001953125,1224,0.0,0.0
2026-02-11 06:45:00-05:00,5134.39990234375,5141.7998046875,5133.5,5136.7998046875,1749,0.0,0.0
2026-02-11 07:00:00-05:00,5137.39990234375,5144.5,5123.7998046875,5131.2998046875,1811,0.0,0.0
2026-02-11 07:15:00-05:00,5131.60009765625,5132.2998046875,5111.5,5119.89990234375,1624,0.0,0.0
2026-02-11 07:30:00-05:00,5120.60009765625,5124.0,5071.39990234375,5091.89990234375,5364,0.0,0.0
2026-02-11 07:45:00-05:00,5091.39990234375,5108.5,5088.60009765625,5107.2001953125,2655,0.0,0.0
2026-02-11 08:00:00-05:00,5107.5,5111.5,5095.5,5106.0,1987,0.0,0.0
2026-02-11 08:15:00-05:00,5105.60009765625,5115.0,5087.10009765625,5108.89990234375,2409,0.0,0.0
2026-02-11 08:30:00-05:00,5104.39990234375,5104.39990234375,5036.2998046875,5083.39990234375,9386,0.0,0.0
2026-02-11 08:45:00-05:00,5082.39990234375,5096.0,5077.2998046875,5089.60009765625,2670,0.0,0.0
2026-02-11 09:00:00-05:00,5088.2001953125,5102.39990234375,5084.2998046875,5097.0,2272,0.0,0.0
2026-02-11 09:15:00-05:00,5097.5,5107.10009765625,5089.2998046875,5094.0,2178,0.0,0.0
2026-02-11 09:30:00-05:00,5093.89990234375,5100.10009765625,5058.7001953125,5065.2001953125,3936,0.0,0.0
2026-02-11 09:45:00-05:00,5065.39990234375,5088.39990234375,5064.2998046875,5082.2998046875,2534,0.0,0.0
2026-02-11 10:00:00-05:00,5082.2998046875,5105.5,5076.0,5090.2998046875,3862,0.0,0.0
2026-02-11 10:15:00-05:00,5090.60009765625,5098.2998046875,5066.7001953125,5072.60009765625,2551,0.0,0.0
2026-02-11 10:30:00-05:00,5071.10009765625,5081.0,5062.0,5071.0,2648,0.0,0.0
2026-02-11 10:45:00-05:00,5070.7998046875,5085.89990234375,5067.89990234375,5084.2001953125,1763,0.0,0.0
2026-02-11 11:00:00-05:00,5083.10009765625,5087.89990234375,5074.5,5079.10009765625,1441,0.0,0.0
2026-02-11 11:15:00-05:00,5079.7998046875,5085.89990234375,5065.5,5085.2001953125,1681,0.0,0.0
2026-02-11 11:30:00-05:00,5084.0,5101.7998046875,5078.60009765625,5097.89990234375,2624,0.0,0.0
2026-02-11 11:45:00-05:00,5097.89990234375,5100.2998046875,5095.0,5099.2001953125,1246,0.0,0.0
2026-02-11 12:00:00-05:00,5098.7001953125,5110.2001953125,5091.39990234375,5109.0,2310,0.0,0.0
2026-02-11 12:15:00-05:00,5109.7001953125,5116.7998046875,5101.7998046875,5112.39990234375,1923,0.0,0.0
2026-02-11 12:30:00-05:00,5111.60009765625,5123.39990234375,5106.0,5120.5,1887,0.0,0.0
2026-02-11 12:45:00-05:00,5120.5,5122.0,5112.60009765625,5116.5,1482,0.0,0.0
2026-02-11 13:00:00-05:00,5115.7998046875,5117.89990234375,5090.10009765625,5098.0,2290,0.0,0.0
2026-02-11 13:15:00-05:00,5097.2001953125,5104.0,5093.0,5098.2001953125,3593,0.0,0.0
2026-02-11 13:30:00-05:00,5097.89990234375,5110.39990234375,5095.2001953125,5107.7001953125,2495,0.0,0.0
2026-02-11 13:45:00-05:00,5107.5,5112.2998046875,5104.2998046875,5107.39990234375,985,0.0,0.0
2026-02-11 14:00:00-05:00,5107.7998046875,5117.7001953125,5106.60009765625,5114.10009765625,961,0.0,0.0
2026-02-11 14:15:00-05:00,5114.2998046875,5119.39990234375,5112.60009765625,5116.0,680,0.0,0.0
2026-02-11 14:30:00-05:00,5116.0,5116.60009765625,5106.10009765625,5110.2001953125,846,0.0,0.0
2026-02-11 14:45:00-05:00,5110.7998046875,5113.39990234375,5101.10009765625,5106.5,1024,0.0,0.0
2026-02-11 15:00:00-05:00,5106.2001953125,5112.7998046875,5104.39990234375,5112.39990234375,407,0.0,0.0
2026-02-11 15:15:00-05:00,5112.7001953125,5113.39990234375,5107.7998046875,5109.2001953125,308,0.0,0.0
2026-02-11 15:30:00-05:00,5108.7998046875,5111.7998046875,5102.39990234375,5110.89990234375,509,0.0,0.0
2026-02-11 15:45:00-05:00,5111.5,5114.7998046875,5108.89990234375,5111.39990234375,621,0.0,0.0
2026-02-11 16:00:00-05:00,5111.39990234375,5113.7001953125,5108.89990234375,5112.60009765625,264,0.0,0.0
2026-02-11 16:15:00-05:00,5113.10009765625,5118.0,5101.89990234375,5106.89990234375,749,0.0,0.0
2026-02-11 16:30:00-05:00,5107.2001953125,5109.0,5094.10009765625,5104.7998046875,482,0.0,0.0
2026-02-11 16:45:00-05:00,5104.5,5109.89990234375,5101.39990234375,5107.7998046875,305,0.0,0.0
2026-02-11 18:00:00-05:00,5107.2998046875,5122.7998046875,5074.0,5086.0,1176,0.0,0.0
2026-02-11 18:15:00-05:00,5085.10009765625,5093.7998046875,5081.2001953125,5091.39990234375,696,0.0,0.0
2026-02-11 18:30:00-05:00,5090.7001953125,5092.60009765625,5082.0,5086.5,238,0.0,0.0
2026-02-11 18:45:00-05:00,5098.5,5098.5,5081.60009765625,5083.5,510,0.0,0.0
2026-02-11 19:00:00-05:00,5083.5,5090.0,5071.0,5079.2001953125,992,0.0,0.0
2026-02-11 19:15:00-05:00,5079.10009765625,5088.39990234375,5075.39990234375,5081.5,619,0.0,0.0
2026-02-11 19:30:00-05:00,5083.0,5088.0,5077.10009765625,5081.10009765625,336,0.0,0.0
2026-02-11 19:45:00-05:00,5081.2998046875,5087.7001953125,5080.0,5084.89990234375,400,0.0,0.0
2026-02-11 20:00:00-05:00,5083.0,5084.89990234375,5065.0,5071.0,965,0.0,0.0
2026-02-11 20:15:00-05:00,5070.10009765625,5083.2001953125,5068.0,5080.0,594,0.0,0.0
2026-02-11 20:30:00-05:00,5079.2998046875,5085.7998046875,5076.2001953125,5082.5,579,0.0,0.0
2026-02-11 20:45:00-05:00,5081.89990234375,5084.7998046875,5074.2998046875,5084.7998046875,683,0.0,0.0
2026-02-11 21:00:00-05:00,5084.89990234375,5093.7001953125,5084.2998046875,5089.0,612,0.0,0.0
2026-02-11 21:15:00-05:00,5088.7001953125,5094.0,5082.7998046875,5087.2998046875,482,0.0,0.0
2026-02-11 21:30:00-05:00,5087.39990234375,5090.7001953125,5077.0,5079.2001953125,414,0.0,0.0
2026-02-11 21:45:00-05:00,5078.5,5087.7001953125,5075.5,5086.7001953125,520,0.0,0.0
2026-02-11 22:00:00-05:00,5085.7001953125,5096.0,5083.60009765625,5089.60009765625,433,0.0,0.0
2026-02-11 22:15:00-05:00,5089.10009765625,5092.0,5075.7001953125,5081.2998046875,738,0.0,0.0
2026-02-11 22:30:00-05:00,5081.2001953125,5088.0,5079.7998046875,5086.2998046875,273,0.0,0.0
2026-02-11 22:45:00-05:00,5086.2998046875,5086.2998046875,5076.2001953125,5078.2001953125,353,0.0,0.0
2026-02-11 23:00:00-05:00,5077.7001953125,5080.7998046875,5073.39990234375,5076.2001953125,259,0.0,0.0
2026-02-11 23:15:00-05:00,5076.0,5079.10009765625,5072.2001953125,5077.7001953125,361,0.0,0.0
2026-02-11 23:30:00-05:00,5076.60009765625,5081.7001953125,5075.2001953125,5078.7998046875,146,0.0,0.0
2026-02-11 23:45:00-05:00,5078.7001953125,5091.10009765625,5076.2001953125,5090.39990234375,349,0.0,0.0
2026-02-12 00:00:00-05:00,5090.0,5099.2998046875,5086.2001953125,5095.7998046875,983,0.0,0.0
2026-02-12 00:15:00-05:00,5096.0,5099.10009765625,5091.60009765625,5092.2998046875,441,0.0,0.0
2026-02-12 00:30:00-05:00,5092.7001953125,5093.39990234375,5085.7001953125,5092.7998046875,673,0.0,0.0
2026-02-12 00:45:00-05:00,5093.89990234375,5097.39990234375,5088.60009765625,5096.2998046875,312,0.0,0.0
2026-02-12 01:00:00-05:00,5097.2001953125,5097.7998046875,5083.60009765625,5090.7998046875,460,0.0,0.0
2026-02-12 01:15:00-05:00,5091.0,5092.0,5077.0,5077.0,684,0.0,0.0
2026-02-12 01:30:00-05:00,5076.89990234375,5080.0,5068.89990234375,5080.0,1254,0.0,0.0
2026-02-12 01:45:00-05:00,5080.0,5083.60009765625,5075.10009765625,5081.10009765625,878,0.0,0.0
2026-02-12 02:00:00-05:00,5080.89990234375,5087.5,5073.60009765625,5084.10009765625,840,0.0,0.0
2026-02-12 02:15:00-05:00,5085.0,5086.2998046875,5078.0,5083.60009765625,567,0.0,0.0
2026-02-12 02:30:00-05:00,5083.60009765625,5085.39990234375,5079.2998046875,5079.60009765625,317,0.0,0.0
2026-02-12 02:45:00-05:00,5079.0,5087.0,5078.10009765625,5085.2998046875,474,0.0,0.0
2026-02-12 03:00:00-05:00,5085.7001953125,5095.0,5085.2998046875,5089.2998046875,902,0.0,0.0
2026-02-12 03:15:00-05:00,5090.2001953125,5091.2001953125,5082.0,5082.0,544,0.0,0.0
2026-02-12 03:30:00-05:00,5081.7998046875,5084.89990234375,5073.5,5084.5,769,0.0,0.0
2026-02-12 03:45:00-05:00,5084.60009765625,5093.60009765625,5081.5,5090.0,815,0.0,0.0
2026-02-12 04:00:00-05:00,5089.5,5097.60009765625,5087.2998046875,5094.89990234375,1107,0.0,0.0
2026-02-12 04:15:00-05:00,5094.89990234375,5099.2001953125,5092.60009765625,5092.7998046875,632,0.0,0.0
2026-02-12 04:30:00-05:00,5093.2998046875,5095.89990234375,5090.0,5094.7001953125,528,0.0,0.0
2026-02-12 04:45:00-05:00,5094.89990234375,5102.5,5093.10009765625,5095.0,924,0.0,0.0
2026-02-12 05:00:00-05:00,5094.7998046875,5099.2998046875,5085.60009765625,5088.0,1112,0.0,0.0
2026-02-12 05:15:00-05:00,5087.7001953125,5088.5,5082.5,5083.2001953125,806,0.0,0.0
2026-02-12 05:30:00-05:00,5083.5,5088.0,5082.89990234375,5083.89990234375,1012,0.0,0.0
2026-02-12 05:45:00-05:00,5083.7998046875,5084.5,5077.0,5083.7998046875,1175,0.0,0.0
2026-02-12 06:00:00-05:00,5084.0,5087.2998046875,5080.60009765625,5082.7998046875,492,0.0,0.0
2026-02-12 06:15:00-05:00,5082.89990234375,5087.7998046875,5082.89990234375,5084.7001953125,309,0.0,0.0
2026-02-12 06:30:00-05:00,5084.7001953125,5086.7998046875,5083.0,5085.60009765625,218,0.0,0.0
2026-02-12 06:45:00-05:00,5086.10009765625,5090.2001953125,5083.5,5085.60009765625,534,0.0,0.0
2026-02-12 07:00:00-05:00,5086.5,5088.39990234375,5078.2998046875,5083.7998046875,767,0.0,0.0
2026-02-12 07:15:00-05:00,5083.7998046875,5086.2001953125,5081.89990234375,5084.2998046875,527,0.0,0.0
2026-02-12 07:30:00-05:00,5084.60009765625,5090.7998046875,5076.2001953125,5079.5,849,0.0,0.0
2026-02-12 07:45:00-05:00,5078.89990234375,5080.2001953125,5070.60009765625,5074.2001953125,1530,0.0,0.0
2026-02-12 08:00:00-05:00,5074.39990234375,5087.7001953125,5073.10009765625,5087.5,1396,0.0,0.0
2026-02-12 08:15:00-05:00,5087.10009765625,5096.5,5084.10009765625,5086.7001953125,1931,0.0,0.0
2026-02-12 08:30:00-05:00,5087.10009765625,5100.2998046875,5082.5,5098.5,1810,0.0,0.0
2026-02-12 08:45:00-05:00,5098.60009765625,5106.7001953125,5097.60009765625,5098.2001953125,1718,0.0,0.0
2026-02-12 09:00:00-05:00,5098.2001953125,5101.10009765625,5084.7001953125,5088.7001953125,2879,0.0,0.0
2026-02-12 09:15:00-05:00,5088.89990234375,5092.2001953125,5078.0,5082.60009765625,2232,0.0,0.0
2026-02-12 09:30:00-05:00,5083.10009765625,5094.7998046875,5076.5,5078.2001953125,2796,0.0,0.0
2026-02-12 09:45:00-05:00,5078.89990234375,5084.60009765625,5061.2998046875,5067.0,3804,0.0,0.0
2026-02-12 10:00:00-05:00,5066.39990234375,5090.0,5061.7001953125,5087.5,3910,0.0,0.0
2026-02-12 10:15:00-05:00,5087.10009765625,5092.10009765625,5084.10009765625,5088.39990234375,2258,0.0,0.0
2026-02-12 10:30:00-05:00,5088.2998046875,5095.2001953125,5087.89990234375,5093.2998046875,1966,0.0,0.0
2026-02-12 10:45:00-05:00,5093.89990234375,5098.0,5082.7998046875,5083.89990234375,2320,0.0,0.0
2026-02-12 11:00:00-05:00,5083.5,5091.60009765625,4965.2998046875,4972.89990234375,12350,0.0,0.0
2026-02-12 11:15:00-05:00,4972.89990234375,4987.7998046875,4900.0,4919.2001953125,21295,0.0,0.0
2026-02-12 11:30:00-05:00,4918.0,4990.7998046875,4915.89990234375,4976.0,11949,0.0,0.0
2026-02-12 11:45:00-05:00,4974.2998046875,4983.60009765625,4951.2001953125,4976.2998046875,5918,0.0,0.0
2026-02-12 12:00:00-05:00,4974.5,4988.7998046875,4960.5,4980.10009765625,4353,0.0,0.0
2026-02-12 12:15:00-05:00,4980.0,5004.39990234375,4976.2001953125,4985.5,3822,0.0,0.0
2026-02-12 12:30:00-05:00,4985.2001953125,4996.2001953125,4978.2001953125,4990.0,3127,0.0,0.0
2026-02-12 12:45:00-05:00,4990.60009765625,4992.0,4959.89990234375,4961.5,2665,0.0,0.0
2026-02-12 13:00:00-05:00,4961.7001953125,4972.0,4941.2998046875,4954.0,3664,0.0,0.0
2026-02-12 13:15:00-05:00,4953.39990234375,4955.7998046875,4926.89990234375,4948.5,5490,0.0,0.0
2026-02-12 13:30:00-05:00,4949.2998046875,4967.0,4945.7001953125,4960.39990234375,2516,0.0,0.0
2026-02-12 13:45:00-05:00,4960.7998046875,4972.39990234375,4953.7001953125,4955.89990234375,1444,0.0,0.0
2026-02-12 14:00:00-05:00,4956.10009765625,4962.0,4947.10009765625,4953.2998046875,1159,0.0,0.0
2026-02-12 14:15:00-05:00,4953.39990234375,4965.0,4949.60009765625,4951.5,1105,0.0,0.0
2026-02-12 14:30:00-05:00,4952.10009765625,4971.2001953125,4951.5,4966.89990234375,865,0.0,0.0
2026-02-12 14:45:00-05:00,4966.7001953125,4978.2998046875,4963.89990234375,4965.0,1390,0.0,0.0
2026-02-12 15:00:00-05:00,4965.2998046875,4968.39990234375,4952.0,4960.60009765625,739,0.0,0.0
2026-02-12 15:15:00-05:00,4960.7998046875,4960.7998046875,4941.39990234375,4943.2998046875,1044,0.0,0.0
2026-02-12 15:30:00-05:00,4942.5,4948.7001953125,4931.0,4941.10009765625,1364,0.0,0.0
2026-02-12 15:45:00-05:00,4941.89990234375,4945.7998046875,4931.2001953125,4935.10009765625,1484,0.0,0.0
2026-02-12 16:00:00-05:00,4935.7001953125,4943.60009765625,4932.0,4937.39990234375,885,0.0,0.0
2026-02-12 16:15:00-05:00,4936.7001953125,4945.0,4933.39990234375,4940.60009765625,557,0.0,0.0
2026-02-12 16:30:00-05:00,4940.2001953125,4947.0,4938.0,4939.10009765625,479,0.0,0.0
2026-02-12 16:45:00-05:00,4937.89990234375,4947.2998046875,4935.7998046875,4941.39990234375,393,0.0,0.0
2026-02-12 18:00:00-05:00,4950.0,4951.5,4907.10009765625,4930.7998046875,788,0.0,0.0
2026-02-12 18:15:00-05:00,4931.10009765625,4948.10009765625,4931.10009765625,4940.2998046875,897,0.0,0.0
2026-02-12 18:30:00-05:00,4939.2998046875,4946.0,4925.5,4933.39990234375,910,0.0,0.0
2026-02-12 18:45:00-05:00,4933.89990234375,4939.7001953125,4924.60009765625,4939.7001953125,411,0.0,0.0
2026-02-12 19:00:00-05:00,4938.5,4967.7001953125,4932.10009765625,4960.89990234375,1262,0.0,0.0
2026-02-12 19:15:00-05:00,4960.10009765625,4966.39990234375,4952.7998046875,4955.39990234375,544,0.0,0.0
2026-02-12 19:30:00-05:00,4955.60009765625,4965.0,4950.60009765625,4959.10009765625,755,0.0,0.0
2026-02-12 19:45:00-05:00,4958.7001953125,4963.2001953125,4945.2001953125,4946.7001953125,582,0.0,0.0
2026-02-12 20:00:00-05:00,4946.7001953125,4986.0,4945.60009765625,4983.7998046875,1720,0.0,0.0
2026-02-12 20:15:00-05:00,4984.2001953125,4998.89990234375,4980.7001953125,4988.5,1225,0.0,0.0
2026-02-12 20:30:00-05:00,4987.7001953125,5001.39990234375,4983.0,4998.89990234375,1248,0.0,0.0
2026-02-12 20:45:00-05:00,4999.7001953125,5007.7998046875,4994.10009765625,4999.7998046875,1336,0.0,0.0
2026-02-12 21:00:00-05:00,5000.2998046875,5003.89990234375,4991.10009765625,4997.5,697,0.0,0.0
2026-02-12 21:15:00-05:00,4996.60009765625,5005.2001953125,4994.7998046875,5005.2001953125,344,0.0,0.0
2026-02-12 21:30:00-05:00,5004.60009765625,5008.39990234375,4992.0,5002.60009765625,989,0.0,0.0
2026-02-12 21:45:00-05:00,5002.2001953125,5011.0,4991.0,5008.0,936,0.0,0.0
2026-02-12 22:00:00-05:00,5007.7998046875,5008.5,4999.0,5001.7001953125,516,0.0,0.0
2026-02-12 22:15:00-05:00,5002.0,5003.2001953125,4992.0,4996.2998046875,407,0.0,0.0
2026-02-12 22:30:00-05:00,4996.60009765625,5002.5,4993.7001953125,4996.0,302,0.0,0.0
2026-02-12 22:45:00-05:00,4995.7001953125,5003.39990234375,4994.39990234375,5001.60009765625,258,0.0,0.0
2026-02-12 23:00:00-05:00,5000.0,5006.7001953125,4994.5,5004.89990234375,447,0.0,0.0
2026-02-12 23:15:00-05:00,5005.5,5016.39990234375,5003.60009765625,5004.10009765625,441,0.0,0.0
2026-02-12 23:30:00-05:00,5004.60009765625,5005.0,4994.39990234375,4996.10009765625,314,0.0,0.0
2026-02-12 23:45:00-05:00,4996.7001953125,4997.2001953125,4991.7001953125,4994.0,213,0.0,0.0
2026-02-13 00:00:00-05:00,4996.10009765625,5001.39990234375,4993.10009765625,4997.2001953125,299,0.0,0.0
2026-02-13 00:15:00-05:00,4997.60009765625,5005.39990234375,4984.10009765625,4999.2001953125,787,0.0,0.0
2026-02-13 00:30:00-05:00,4999.10009765625,4999.10009765625,4978.0,4983.0,1126,0.0,0.0
2026-02-13 00:45:00-05:00,4983.60009765625,4984.2001953125,4963.2001953125,4965.39990234375,1272,0.0,0.0
2026-02-13 01:00:00-05:00,4964.60009765625,4980.89990234375,4964.39990234375,4976.7001953125,934,0.0,0.0
2026-02-13 01:15:00-05:00,4977.2998046875,4980.10009765625,4968.0,4972.39990234375,676,0.0,0.0
2026-02-13 01:30:00-05:00,4971.2998046875,4980.7001953125,4969.39990234375,4973.39990234375,491,0.0,0.0
2026-02-13 01:45:00-05:00,4974.60009765625,4988.0,4969.10009765625,4986.7001953125,981,0.0,0.0
2026-02-13 02:00:00-05:00,4985.89990234375,4987.5,4970.0,4979.10009765625,1245,0.0,0.0
2026-02-13 02:15:00-05:00,4978.7001953125,4996.0,4978.0,4987.39990234375,1367,0.0,0.0
2026-02-13 02:30:00-05:00,4988.0,5001.89990234375,4985.2998046875,4990.2001953125,959,0.0,0.0
2026-02-13 02:45:00-05:00,4990.2998046875,5001.60009765625,4988.60009765625,4994.60009765625,674,0.0,0.0
2026-02-13 03:00:00-05:00,4995.0,5009.5,4991.2001953125,4998.7998046875,1087,0.0,0.0
2026-02-13 03:15:00-05:00,4999.2001953125,5005.89990234375,4996.2998046875,5001.7998046875,589,0.0,0.0
2026-02-13 03:30:00-05:00,5001.89990234375,5005.39990234375,4998.2001953125,5002.5,555,0.0,0.0
2026-02-13 03:45:00-05:00,5003.7001953125,5006.60009765625,4990.0,5001.89990234375,942,0.0,0.0
2026-02-13 04:00:00-05:00,5002.7998046875,5002.7998046875,4996.0,4997.39990234375,721,0.0,0.0
2026-02-13 04:15:00-05:00,4997.5,5001.60009765625,4984.0,4984.89990234375,890,0.0,0.0
2026-02-13 04:30:00-05:00,4984.0,4994.39990234375,4981.2001953125,4991.0,586,0.0,0.0
2026-02-13 04:45:00-05:00,4990.39990234375,4997.0,4988.89990234375,4990.10009765625,793,0.0,0.0
2026-02-13 05:00:00-05:00,4990.0,4998.0,4987.39990234375,4992.7001953125,1040,0.0,0.0
2026-02-13 05:15:00-05:00,4993.0,5000.89990234375,4986.7998046875,4997.2001953125,1070,0.0,0.0
2026-02-13 05:30:00-05:00,4998.2001953125,4998.5,4988.10009765625,4989.5,918,0.0,0.0
2026-02-13 05:45:00-05:00,4989.2998046875,4990.7001953125,4967.2001953125,4970.7998046875,1712,0.0,0.0
2026-02-13 06:00:00-05:00,4970.7998046875,4974.2001953125,4961.0,4972.2001953125,1955,0.0,0.0
2026-02-13 06:15:00-05:00,4971.39990234375,4972.2998046875,4952.7998046875,4965.0,1814,0.0,0.0
2026-02-13 06:30:00-05:00,4965.60009765625,4968.7998046875,4955.2998046875,4964.2001953125,1154,0.0,0.0
2026-02-13 06:45:00-05:00,4963.2998046875,4975.0,4959.2998046875,4973.39990234375,760,0.0,0.0
2026-02-13 07:00:00-05:00,4973.10009765625,4984.39990234375,4971.7998046875,4984.0,1383,0.0,0.0
2026-02-13 07:15:00-05:00,4983.10009765625,4993.0,4982.89990234375,4987.5,982,0.0,0.0
2026-02-13 07:30:00-05:00,4987.7001953125,4993.7998046875,4983.60009765625,4985.89990234375,690,0.0,0.0
2026-02-13 07:45:00-05:00,4986.7001953125,4994.0,4983.7001953125,4988.7998046875,871,0.0,0.0
2026-02-13 08:00:00-05:00,4990.0,4996.2998046875,4985.0,4987.5,639,0.0,0.0
2026-02-13 08:15:00-05:00,4987.5,4991.10009765625,4977.10009765625,4988.2001953125,1560,0.0,0.0
2026-02-13 08:30:00-05:00,4988.2001953125,5024.5,4987.0,5005.39990234375,5870,0.0,0.0
2026-02-13 08:45:00-05:00,5005.7001953125,5013.89990234375,4993.5,5008.39990234375,2167,0.0,0.0
2026-02-13 09:00:00-05:00,5007.2001953125,5022.0,5006.10009765625,5020.10009765625,2015,0.0,0.0
2026-02-13 09:15:00-05:00,5020.2998046875,5029.5,5016.39990234375,5024.10009765625,2156,0.0,0.0
2026-02-13 09:30:00-05:00,5024.5,5036.7001953125,4986.10009765625,5012.89990234375,6369,0.0,0.0
2026-02-13 09:45:00-05:00,5012.5,5028.60009765625,5010.0,5017.39990234375,3285,0.0,0.0
2026-02-13 10:00:00-05:00,5017.39990234375,5034.2998046875,5014.0,5025.0,3696,0.0,0.0
2026-02-13 10:15:00-05:00,5026.2001953125,5034.39990234375,5015.7001953125,5032.2998046875,2148,0.0,0.0
2026-02-13 10:30:00-05:00,5032.0,5043.2998046875,5026.7998046875,5028.7998046875,2755,0.0,0.0
2026-02-13 10:45:00-05:00,5029.5,5032.60009765625,4995.2001953125,4998.7001953125,3405,0.0,0.0
2026-02-13 11:00:00-05:00,4999.0,5019.60009765625,4997.39990234375,5019.60009765625,2196,0.0,0.0
2026-02-13 11:15:00-05:00,5019.0,5056.7998046875,5018.2001953125,5050.60009765625,4702,0.0,0.0
2026-02-13 11:30:00-05:00,5050.7001953125,5051.2998046875,5034.2001953125,5039.39990234375,2980,0.0,0.0
2026-02-13 11:45:00-05:00,5039.5,5041.2998046875,5027.2001953125,5030.0,1313,0.0,0.0
2026-02-13 12:00:00-05:00,5030.0,5045.5,5029.89990234375,5037.5,1315,0.0,0.0
2026-02-13 12:15:00-05:00,5037.2998046875,5041.7998046875,5027.7998046875,5039.5,1045,0.0,0.0
2026-02-13 12:30:00-05:00,5039.5,5051.5,5038.0,5044.7998046875,1681,0.0,0.0
2026-02-13 12:45:00-05:00,5045.0,5046.39990234375,5038.7001953125,5043.5,884,0.0,0.0
2026-02-13 13:00:00-05:00,5043.5,5052.60009765625,5038.0,5051.7998046875,1138,0.0,0.0
2026-02-13 13:15:00-05:00,5051.39990234375,5054.0,5042.5,5044.7001953125,2390,0.0,0.0
2026-02-13 13:30:00-05:00,5045.0,5055.2001953125,5042.7001953125,5052.7998046875,1415,0.0,0.0
2026-02-13 13:45:00-05:00,5052.60009765625,5058.89990234375,5049.10009765625,5054.10009765625,1401,0.0,0.0
2026-02-13 14:00:00-05:00,5054.7001953125,5069.10009765625,5053.10009765625,5062.2998046875,1605,0.0,0.0
2026-02-13 14:15:00-05:00,5062.0,5068.0,5059.0,5063.7001953125,863,0.0,0.0
2026-02-13 14:30:00-05:00,5063.89990234375,5065.5,5055.5,5057.2998046875,989,0.0,0.0
2026-02-13 14:45:00-05:00,5057.60009765625,5060.7998046875,5046.39990234375,5046.39990234375,1079,0.0,0.0
2026-02-13 15:00:00-05:00,5046.2001953125,5057.10009765625,5045.10009765625,5051.89990234375,1055,0.0,0.0
2026-02-13 15:15:00-05:00,5051.10009765625,5055.7998046875,5049.10009765625,5051.2998046875,1042,0.0,0.0
2026-02-13 15:30:00-05:00,5050.7998046875,5056.39990234375,5046.7998046875,5052.7001953125,967,0.0,0.0
2026-02-13 15:45:00-05:00,5052.2998046875,5056.2998046875,5043.2998046875,5054.0,1123,0.0,0.0
2026-02-13 16:00:00-05:00,5053.89990234375,5057.89990234375,5051.39990234375,5055.0,495,0.0,0.0
2026-02-13 16:15:00-05:00,5055.10009765625,5056.2001953125,5052.10009765625,5055.0,216,0.0,0.0
2026-02-13 16:30:00-05:00,5054.2001953125,5060.60009765625,5052.60009765625,5060.10009765625,263,0.0,0.0
2026-02-13 16:45:00-05:00,5060.0,5067.39990234375,5046.2998046875,5046.2998046875,738,0.0,0.0
