Datetime,Open,High,Low,Close,Volume,Dividends,Stock Splits
2026-02-06 00:00:00-05:00,4830.39990234375,4833.39990234375,4824.7998046875,4825.5,0,0.0,0.0
2026-02-06 00:01:00-05:00,4826.0,4828.7998046875,4824.5,4827.7001953125,45,0.0,0.0
2026-02-06 00:02:00-05:00,4826.39990234375,4834.7001953125,4826.39990234375,4834.2001953125,21,0.0,0.0
2026-02-06 00:03:00-05:00,4834.39990234375,4841.0,4834.39990234375,4838.0,38,0.0,0.0
2026-02-06 00:04:00-05:00,4839.10009765625,4839.5,4836.60009765625,4836.60009765625,34,0.0,0.0
2026-02-06 00:05:00-05:00,4835.89990234375,4840.10009765625,4835.0,4840.10009765625,61,0.0,0.0
2026-02-06 00:06:00-05:00,4839.5,4839.5,4837.7998046875,4838.60009765625,7,0.0,0.0
2026-02-06 00:07:00-05:00,4836.10009765625,4840.39990234375,4836.10009765625,4839.5,20,0.0,0.0
2026-02-06 00:08:00-05:00,4838.7998046875,4839.7001953125,4838.7998046875,4839.2001953125,6,0.0,0.0
2026-02-06 00:09:00-05:00,4839.0,4843.2001953125,4839.0,4841.89990234375,23,0.0,0.0
2026-02-06 00:10:00-05:00,4841.7998046875,4843.39990234375,4841.0,4841.10009765625,33,0.0,0.0
2026-02-06 00:11:00-05:00,4841.2998046875,4843.2998046875,4841.0,4841.0,12,0.0,0.0
2026-02-06 00:12:00-05:00,4842.2001953125,4843.0,4839.7998046875,4841.7998046875,17,0.0,0.0
2026-02-06 00:13:00-05:00,4839.7998046875,4842.89990234375,4839.2001953125,4842.0,29,0.0,0.0
2026-02-06 00:14:00-05:00,4842.60009765625,4843.10009765625,4840.0,4841.10009765625,31,0.0,0.0
2026-02-06 00:15:00-05:00,4842.7998046875,4842.7998046875,4839.5,4839.7001953125,11,0.0,0.0
2026-02-06 00:16:00-05:00,4838.5,4841.0,4836.89990234375,4838.89990234375,49,0.0,0.0
2026-02-06 00:17:00-05:00,4839.10009765625,4845.60009765625,4839.10009765625,4844.0,51,0.0,0.0
2026-02-06 00:18:00-05:00,4844.0,4848.89990234375,4844.0,4848.39990234375,57,0.0,0.0
2026-02-06 00:19:00-05:00,4848.7998046875,4849.7998046875,4848.0,4849.10009765625,56,0.0,0.0
2026-02-06 00:20:00-05:00,4849.89990234375,4850.0,4845.60009765625,4847.0,60,0.0,0.0
2026-02-06 00:21:00-05:00,4847.10009765625,4849.7998046875,4846.60009765625,4849.7998046875,35,0.0,0.0
2026-02-06 00:22:00-05:00,4848.7001953125,4850.0,4846.2998046875,4850.0,31,0.0,0.0
2026-02-06 00:23:00-05:00,4849.10009765625,4852.7001953125,4849.10009765625,4852.7001953125,153,0.0,0.0
2026-02-06 00:24:00-05:00,4852.7001953125,4853.89990234375,4851.7998046875,4853.89990234375,61,0.0,0.0
2026-02-06 00:25:00-05:00,4853.39990234375,4866.89990234375,4853.0,4861.2001953125,187,0.0,0.0
2026-02-06 00:26:00-05:00,4862.10009765625,4865.2001953125,4861.60009765625,4863.7001953125,87,0.0,0.0
2026-02-06 00:27:00-05:00,4862.7998046875,4864.2001953125,4860.0,4863.39990234375,49,0.0,0.0
2026-02-06 00:28:00-05:00,4862.7001953125,4863.89990234375,4859.7001953125,4861.7001953125,44,0.0,0.0
2026-02-06 00:29:00-05:00,4861.89990234375,4870.0,4861.2998046875,4868.89990234375,163,0.0,0.0
2026-02-06 00:30:00-05:00,4868.7998046875,4869.2998046875,4858.39990234375,4861.39990234375,289,0.0,0.0
2026-02-06 00:31:00-05:00,4862.39990234375,4863.7998046875,4855.0,4855.7998046875,107,0.0,0.0
2026-02-06 00:32:00-05:00,4857.7001953125,4863.7998046875,4853.7001953125,4863.7998046875,60,0.0,0.0
2026-02-06 00:33:00-05:00,4865.39990234375,4872.0,4863.10009765625,4872.0,320,0.0,0.0
2026-02-06 00:34:00-05:00,4872.0,4873.2001953125,4868.0,4873.0,142,0.0,0.0
2026-02-06 00:35:00-05:00,4872.7001953125,4872.7001953125,4867.0,4869.2998046875,45,0.0,0.0
2026-02-06 00:36:00-05:00,4868.0,4872.10009765625,4867.39990234375,4868.7001953125,34,0.0,0.0
2026-02-06 00:37:00-05:00,4868.5,4873.2001953125,4867.60009765625,4873.2001953125,88,0.0,0.0
2026-02-06 00:38:00-05:00,4873.2001953125,4879.10009765625,4866.5,4868.2001953125,224,0.0,0.0
2026-02-06 00:39:00-05:00,4868.2001953125,4878.0,4867.39990234375,4874.89990234375,138,0.0,0.0
2026-02-06 00:40:00-05:00,4876.2001953125,4889.0,4875.7001953125,4884.0,380,0.0,0.0
2026-02-06 00:41:00-05:00,4884.7001953125,4888.0,4882.7001953125,4885.7001953125,92,0.0,0.0
2026-02-06 00:42:00-05:00,4884.2998046875,4887.60009765625,4882.5,4882.5,99,0.0,0.0
2026-02-06 00:43:00-05:00,4883.10009765625,4883.2001953125,4876.0,4879.7001953125,121,0.0,0.0
2026-02-06 00:44:00-05:00,4879.2001953125,4882.89990234375,4876.2001953125,4882.39990234375,78,0.0,0.0
2026-02-06 00:45:00-05:00,4882.2998046875,4883.10009765625,4879.2998046875,4883.0,52,0.0,0.0
2026-02-06 00:46:00-05:00,4883.0,4886.7001953125,4880.2001953125,4881.89990234375,106,0.0,0.0
2026-02-06 00:47:00-05:00,4882.0,4894.89990234375,4882.0,4890.7001953125,270,0.0,0.0
2026-02-06 00:48:00-05:00,4890.60009765625,4891.60009765625,4885.7998046875,4890.39990234375,449,0.0,0.0
2026-02-06 00:49:00-05:00,4890.7001953125,4891.2998046875,4886.7001953125,4890.2998046875,321,0.0,0.0
2026-02-06 00:50:00-05:00,4889.10009765625,4897.60009765625,4888.89990234375,4894.2001953125,487,0.0,0.0
2026-02-06 00:51:00-05:00,4894.7998046875,4896.2998046875,4888.7998046875,4894.0,279,0.0,0.0
2026-02-06 00:52:00-05:00,4893.7001953125,4900.5,4890.5,4898.7998046875,342,0.0,0.0
2026-02-06 00:53:00-05:00,4897.60009765625,4897.89990234375,4893.60009765625,4895.2998046875,302,0.0,0.0
2026-02-06 00:54:00-05:00,4895.0,4906.89990234375,4895.0,4904.10009765625,151,0.0,0.0
2026-02-06 00:55:00-05:00,4904.39990234375,4907.10009765625,4901.2001953125,4905.7001953125,118,0.0,0.0
2026-02-06 00:56:00-05:00,4904.5,4906.7998046875,4901.0,4904.2001953125,125,0.0,0.0
2026-02-06 00:57:00-05:00,4905.2001953125,4912.89990234375,4905.0,4912.2998046875,181,0.0,0.0
2026-02-06 00:58:00-05:00,4910.89990234375,4915.7001953125,4908.89990234375,4912.7998046875,155,0.0,0.0
2026-02-06 00:59:00-05:00,4911.39990234375,4916.2001953125,4910.0,4915.2998046875,209,0.0,0.0
2026-02-06 01:00:00-05:00,4916.2998046875,4921.60009765625,4913.39990234375,4916.10009765625,240,0.0,0.0
2026-02-06 01:01:00-05:00,4915.2001953125,4915.39990234375,4903.7998046875,4907.2001953125,258,0.0,0.0
2026-02-06 01:02:00-05:00,4906.2001953125,4910.39990234375,4905.60009765625,4907.2001953125,174,0.0,0.0
2026-02-06 01:03:00-05:00,4907.5,4907.60009765625,4902.2998046875,4903.10009765625,128,0.0,0.0
2026-02-06 01:04:00-05:00,4903.0,4906.7998046875,4899.89990234375,4904.89990234375,207,0.0,0.0
2026-02-06 01:05:00-05:00,4905.89990234375,4910.0,4899.10009765625,4902.60009765625,238,0.0,0.0
2026-02-06 01:06:00-05:00,4903.2001953125,4904.60009765625,4895.5,4896.5,195,0.0,0.0
2026-02-06 01:07:00-05:00,4895.7001953125,4898.60009765625,4891.0,4895.7001953125,206,0.0,0.0
2026-02-06 01:08:00-05:00,4894.5,4894.5,4886.5,4889.89990234375,121,0.0,0.0
2026-02-06 01:09:00-05:00,4888.7998046875,4892.39990234375,4888.2001953125,4890.60009765625,94,0.0,0.0
2026-02-06 01:10:00-05:00,4889.7998046875,4896.7001953125,4889.7998046875,4894.39990234375,78,0.0,0.0
2026-02-06 01:11:00-05:00,4893.10009765625,4893.10009765625,4887.0,4889.89990234375,67,0.0,0.0
2026-02-06 01:12:00-05:00,4889.5,4893.0,4886.2001953125,4893.0,106,0.0,0.0
2026-02-06 01:13:00-05:00,4893.10009765625,4894.10009765625,4883.2001953125,4884.2998046875,72,0.0,0.0
2026-02-06 01:14:00-05:00,4884.60009765625,4889.39990234375,4882.89990234375,4883.60009765625,78,0.0,0.0
2026-02-06 01:15:00-05:00,4884.2998046875,4889.0,4884.2998046875,4888.5,46,0.0,0.0
2026-02-06 01:16:00-05:00,4889.10009765625,4891.2998046875,4885.0,4885.10009765625,250,0.0,0.0
2026-02-06 01:17:00-05:00,4886.2001953125,4886.2001953125,4879.2001953125,4881.60009765625,180,0.0,0.0
2026-02-06 01:18:00-05:00,4881.0,4883.39990234375,4878.5,4882.2998046875,155,0.0,0.0
2026-02-06 01:19:00-05:00,4883.0,4883.0,4877.60009765625,4879.10009765625,118,0.0,0.0
2026-02-06 01:20:00-05:00,4878.7998046875,4880.5,4874.89990234375,4879.7998046875,112,0.0,0.0
2026-02-06 01:21:00-05:00,4879.5,4882.0,4878.0,4880.2001953125,142,0.0,0.0
2026-02-06 01:22:00-05:00,4881.2998046875,4885.60009765625,4879.89990234375,4880.2998046875,91,0.0,0.0
2026-02-06 01:23:00-05:00,4882.10009765625,4886.7001953125,4881.0,4881.89990234375,129,0.0,0.0
2026-02-06 01:24:00-05:00,4880.5,4881.10009765625,4871.0,4871.7998046875,140,0.0,0.0
2026-02-06 01:25:00-05:00,4871.0,4878.7998046875,4871.0,4876.60009765625,191,0.0,0.0
2026-02-06 01:26:00-05:00,4876.7998046875,4880.39990234375,4868.0,4869.89990234375,235,0.0,0.0
2026-02-06 01:27:00-05:00,4868.89990234375,4877.39990234375,4867.7001953125,4876.0,204,0.0,0.0
2026-02-06 01:28:00-05:00,4875.2998046875,4877.89990234375,4871.7998046875,4876.89990234375,242,0.0,0.0
2026-02-06 01:29:00-05:00,4877.2001953125,4879.39990234375,4872.0,4873.89990234375,48,0.0,0.0
2026-02-06 01:30:00-05:00,4871.89990234375,4881.89990234375,4871.89990234375,4881.0,109,0.0,0.0
2026-02-06 01:31:00-05:00,4879.89990234375,4885.89990234375,4879.7998046875,4882.89990234375,164,0.0,0.0
2026-02-06 01:32:00-05:00,4883.39990234375,4883.60009765625,4875.7998046875,4876.2998046875,75,0.0,0.0
2026-02-06 01:33:00-05:00,4875.7998046875,4878.2001953125,4872.0,4872.5,65,0.0,0.0
2026-02-06 01:34:00-05:00,4872.2998046875,4872.2998046875,4862.39990234375,4866.39990234375,160,0.0,0.0
2026-02-06 01:35:00-05:00,4866.0,4866.2001953125,4860.0,4861.39990234375,191,0.0,0.0
2026-02-06 01:36:00-05:00,4860.89990234375,4866.7001953125,4857.10009765625,4864.7998046875,170,0.0,0.0
2026-02-06 01:37:00-05:00,4866.2001953125,4866.2001953125,4861.7001953125,4865.0,46,0.0,0.0
2026-02-06 01:38:00-05:00,4865.2001953125,4866.60009765625,4856.0,4860.0,95,0.0,0.0
2026-02-06 01:39:00-05:00,4859.0,4863.2998046875,4855.5,4859.39990234375,87,0.0,0.0
2026-02-06 01:40:00-05:00,4860.2001953125,4860.2001953125,4855.7001953125,4856.39990234375,69,0.0,0.0
2026-02-06 01:41:00-05:00,4857.0,4861.2998046875,4855.7001953125,4858.39990234375,95,0.0,0.0
2026-02-06 01:42:00-05:00,4856.39990234375,4862.0,4856.39990234375,4859.10009765625,72,0.0,0.0
2026-02-06 01:43:00-05:00,4858.2998046875,4862.0,4858.10009765625,4860.7001953125,59,0.0,0.0
2026-02-06 01:44:00-05:00,4861.10009765625,4869.0,4860.0,4865.60009765625,150,0.0,0.0
2026-02-06 01:45:00-05:00,4865.0,4865.0,4859.89990234375,4862.0,37,0.0,0.0
2026-02-06 01:46:00-05:00,4860.7998046875,4866.39990234375,4860.7001953125,4866.39990234375,45,0.0,0.0
2026-02-06 01:47:00-05:00,4866.5,4872.89990234375,4866.5,4872.60009765625,117,0.0,0.0
2026-02-06 01:48:00-05:00,4873.39990234375,4875.10009765625,4871.0,4873.0,58,0.0,0.0
2026-02-06 01:49:00-05:00,4873.89990234375,4875.0,4872.7001953125,4873.89990234375,57,0.0,0.0
2026-02-06 01:50:00-05:00,4874.2998046875,4875.2001953125,4872.89990234375,4874.5,36,0.0,0.0
2026-02-06 01:51:00-05:00,4874.89990234375,4875.0,4865.7001953125,4868.60009765625,115,0.0,0.0
2026-02-06 01:52:00-05:00,4867.7998046875,4867.7998046875,4864.2998046875,4864.2998046875,61,0.0,0.0
2026-02-06 01:53:00-05:00,4865.60009765625,4869.60009765625,4865.60009765625,4867.39990234375,34,0.0,0.0
2026-02-06 01:54:00-05:00,4867.89990234375,4870.10009765625,4864.7001953125,4866.39990234375,51,0.0,0.0
2026-02-06 01:55:00-05:00,4866.39990234375,4866.39990234375,4858.7998046875,4859.10009765625,48,0.0,0.0
2026-02-06 01:56:00-05:00,4858.0,4858.0,4841.0,4847.89990234375,433,0.0,0.0
2026-02-06 01:57:00-05:00,4847.5,4853.60009765625,4845.7998046875,4853.60009765625,111,0.0,0.0
2026-02-06 01:58:00-05:00,4854.0,4860.5,4852.7998046875,4859.0,158,0.0,0.0
2026-02-06 01:59:00-05:00,4859.7001953125,4866.39990234375,4858.2001953125,4865.60009765625,111,0.0,0.0
2026-02-06 02:00:00-05:00,4865.0,4865.60009765625,4857.89990234375,4859.7001953125,44,0.0,0.0
2026-02-06 02:01:00-05:00,4859.2998046875,4866.7998046875,4856.7998046875,4866.0,74,0.0,0.0
2026-02-06 02:02:00-05:00,4865.39990234375,4873.60009765625,4865.39990234375,4872.89990234375,136,0.0,0.0
2026-02-06 02:03:00-05:00,4872.2998046875,4873.7001953125,4867.0,4867.0,218,0.0,0.0
2026-02-06 02:04:00-05:00,4867.2001953125,4867.7001953125,4859.60009765625,4860.2001953125,74,0.0,0.0
2026-02-06 02:05:00-05:00,4859.7998046875,4864.89990234375,4859.2998046875,4863.2001953125,70,0.0,0.0
2026-02-06 02:06:00-05:00,4862.7001953125,4865.0,4861.2001953125,4864.10009765625,72,0.0,0.0
2026-02-06 02:07:00-05:00,4863.2001953125,4865.10009765625,4859.7998046875,4860.2998046875,59,0.0,0.0
2026-02-06 02:08:00-05:00,4860.5,4865.0,4859.39990234375,4864.89990234375,73,0.0,0.0
2026-02-06 02:09:00-05:00,4864.2998046875,4866.5,4861.2001953125,4864.39990234375,108,0.0,0.0
2026-02-06 02:10:00-05:00,4865.5,4870.89990234375,4865.5,4868.89990234375,77,0.0,0.0
2026-02-06 02:11:00-05:00,4869.60009765625,4874.10009765625,4866.5,4867.2998046875,94,0.0,0.0
2026-02-06 02:12:00-05:00,4867.2998046875,4869.60009765625,4865.0,4866.10009765625,74,0.0,0.0
2026-02-06 02:13:00-05:00,4865.89990234375,4872.39990234375,4863.7998046875,4867.2998046875,85,0.0,0.0
2026-02-06 02:14:00-05:00,4868.10009765625,4871.10009765625,4866.2998046875,4868.7001953125,62,0.0,0.0
2026-02-06 02:15:00-05:00,4869.10009765625,4872.5,4867.5,4871.0,54,0.0,0.0
2026-02-06 02:16:00-05:00,4870.5,4870.5,4866.7001953125,4867.7998046875,73,0.0,0.0
2026-02-06 02:17:00-05:00,4867.5,4869.7998046875,4866.10009765625,4867.60009765625,65,0.0,0.0
2026-02-06 02:18:00-05:00,4868.89990234375,4870.2001953125,4864.7001953125,4864.7001953125,71,0.0,0.0
2026-02-06 02:19:00-05:00,4862.2998046875,4867.5,4862.0,4866.0,60,0.0,0.0
2026-02-06 02:20:00-05:00,4865.5,4867.10009765625,4865.0,4866.2001953125,38,0.0,0.0
2026-02-06 02:21:00-05:00,4865.60009765625,4869.2001953125,4865.2998046875,4869.2001953125,81,0.0,0.0
2026-02-06 02:22:00-05:00,4868.7998046875,4871.10009765625,4864.7001953125,4866.7998046875,69,0.0,0.0
2026-02-06 02:23:00-05:00,4867.5,4870.0,4865.5,4868.60009765625,95,0.0,0.0
2026-02-06 02:24:00-05:00,4869.10009765625,4871.7001953125,4868.10009765625,4871.7001953125,44,0.0,0.0
2026-02-06 02:25:00-05:00,4872.0,4881.89990234375,4872.0,4880.2001953125,187,0.0,0.0
2026-02-06 02:26:00-05:00,4880.2001953125,4881.60009765625,4877.2998046875,4881.2001953125,86,0.0,0.0
2026-02-06 02:27:00-05:00,4880.39990234375,4880.7001953125,4878.60009765625,4880.0,88,0.0,0.0
2026-02-06 02:28:00-05:00,4880.0,4880.89990234375,4878.0,4879.0,74,0.0,0.0
2026-02-06 02:29:00-05:00,4880.10009765625,4881.10009765625,4877.89990234375,4878.39990234375,63,0.0,0.0
2026-02-06 02:30:00-05:00,4878.2001953125,4879.0,4875.2998046875,4878.2998046875,54,0.0,0.0
2026-02-06 02:31:00-05:00,4878.7998046875,4880.10009765625,4876.2998046875,4878.5,104,0.0,0.0
2026-02-06 02:32:00-05:00,4878.39990234375,4878.5,4875.0,4875.2001953125,39,0.0,0.0
2026-02-06 02:33:00-05:00,4876.10009765625,4876.7001953125,4868.5,4868.5,49,0.0,0.0
2026-02-06 02:34:00-05:00,4868.89990234375,4871.7001953125,4867.39990234375,4871.39990234375,52,0.0,0.0
2026-02-06 02:35:00-05:00,4873.10009765625,4873.7001953125,4870.39990234375,4871.2001953125,47,0.0,0.0
2026-02-06 02:36:00-05:00,4870.60009765625,4873.60009765625,4870.60009765625,4873.0,31,0.0,0.0
2026-02-06 02:37:00-05:00,4873.2001953125,4874.2001953125,4870.0,4871.0,103,0.0,0.0
2026-02-06 02:38:00-05:00,4871.0,4872.7998046875,4870.7001953125,4872.39990234375,29,0.0,0.0
2026-02-06 02:39:00-05:00,4872.7998046875,4876.7001953125,4871.5,4875.5,97,0.0,0.0
2026-02-06 02:40:00-05:00,4875.7001953125,4876.7998046875,4873.2001953125,4873.5,37,0.0,0.0
2026-02-06 02:41:00-05:00,4873.5,4874.0,4872.60009765625,4872.60009765625,21,0.0,0.0
2026-02-06 02:42:00-05:00,4872.60009765625,4877.7001953125,4870.7998046875,4877.7001953125,34,0.0,0.0
2026-02-06 02:43:00-05:00,4878.10009765625,4880.60009765625,4876.60009765625,4878.7998046875,84,0.0,0.0
2026-02-06 02:44:00-05:00,4879.2001953125,4879.2001953125,4877.0,4877.5,16,0.0,0.0
2026-02-06 02:45:00-05:00,4876.89990234375,4877.5,4874.89990234375,4875.60009765625,36,0.0,0.0
2026-02-06 02:52:00-05:00,4873.60009765625,4875.7998046875,4872.89990234375,4873.7998046875,472,0.0,0.0
2026-02-06 02:53:00-05:00,4874.2998046875,4875.60009765625,4871.7001953125,4875.2998046875,34,0.0,0.0
2026-02-06 02:54:00-05:00,4875.60009765625,4875.7001953125,4869.7998046875,4870.7001953125,101,0.0,0.0
2026-02-06 02:55:00-05:00,4869.7001953125,4876.0,4869.7001953125,4873.7998046875,72,0.0,0.0
2026-02-06 02:56:00-05:00,4874.89990234375,4874.89990234375,4869.60009765625,4872.5,22,0.0,0.0
2026-02-06 02:57:00-05:00,4870.89990234375,4872.60009765625,4870.89990234375,4871.39990234375,14,0.0,0.0
2026-02-06 02:58:00-05:00,4870.7001953125,4871.0,4869.2998046875,4869.2998046875,25,0.0,0.0
2026-02-06 02:59:00-05:00,4869.10009765625,4869.10009765625,4861.2001953125,4862.2998046875,115,0.0,0.0
2026-02-06 03:00:00-05:00,4861.60009765625,4865.7001953125,4849.5,4853.5,321,0.0,0.0
2026-02-06 03:01:00-05:00,4853.60009765625,4855.7998046875,4850.2998046875,4852.39990234375,143,0.0,0.0
2026-02-06 03:02:00-05:00,4852.7998046875,4856.10009765625,4851.7001953125,4856.0,110,0.0,0.0
2026-02-06 03:03:00-05:00,4856.5,4856.7998046875,4849.89990234375,4855.7998046875,105,0.0,0.0
2026-02-06 03:04:00-05:00,4856.0,4861.7998046875,4855.2001953125,4858.0,71,0.0,0.0
2026-02-06 03:05:00-05:00,4858.60009765625,4860.0,4854.2001953125,4858.60009765625,124,0.0,0.0
2026-02-06 03:06:00-05:00,4858.7001953125,4859.39990234375,4854.2001953125,4859.39990234375,72,0.0,0.0
2026-02-06 03:07:00-05:00,4860.2001953125,4864.7998046875,4856.10009765625,4863.2001953125,69,0.0,0.0
2026-02-06 03:08:00-05:00,4863.2001953125,4863.7001953125,4860.60009765625,4863.7001953125,36,0.0,0.0
2026-02-06 03:09:00-05:00,4864.0,4864.0,4861.39990234375,4862.2998046875,39,0.0,0.0
2026-02-06 03:10:00-05:00,4862.89990234375,4870.0,4862.89990234375,4869.7001953125,88,0.0,0.0
2026-02-06 03:11:00-05:00,4869.39990234375,4873.2001953125,4867.7998046875,4869.2001953125,194,0.0,0.0
2026-02-06 03:12:00-05:00,4869.39990234375,4874.7998046875,4868.60009765625,4874.2001953125,97,0.0,0.0
2026-02-06 03:13:00-05:00,4873.2001953125,4874.89990234375,4871.5,4872.39990234375,96,0.0,0.0
2026-02-06 03:14:00-05:00,4872.7001953125,4874.5,4869.89990234375,4872.2001953125,298,0.0,0.0
2026-02-06 03:15:00-05:00,4873.7001953125,4879.89990234375,4872.7001953125,4878.7001953125,122,0.0,0.0
2026-02-06 03:16:00-05:00,4879.39990234375,4881.89990234375,4876.5,4876.5,127,0.0,0.0
2026-02-06 03:17:00-05:00,4876.0,4876.10009765625,4870.60009765625,4871.2998046875,108,0.0,0.0
2026-02-06 03:18:00-05:00,4870.60009765625,4874.89990234375,4869.5,4873.7001953125,72,0.0,0.0
2026-02-06 03:19:00-05:00,4873.2998046875,4876.89990234375,4872.7001953125,4876.7998046875,91,0.0,0.0
2026-02-06 03:20:00-05:00,4878.0,4888.60009765625,4877.2998046875,4884.60009765625,315,0.0,0.0
2026-02-06 03:21:00-05:00,4884.0,4887.60009765625,4883.7001953125,4886.2001953125,79,0.0,0.0
2026-02-06 03:22:00-05:00,4886.60009765625,4887.2998046875,4882.39990234375,4882.89990234375,91,0.0,0.0
2026-02-06 03:23:00-05:00,4882.60009765625,4885.60009765625,4882.60009765625,4885.2001953125,58,0.0,0.0
2026-02-06 03:24:00-05:00,4884.60009765625,4889.7998046875,4884.39990234375,4888.0,50,0.0,0.0
2026-02-06 03:25:00-05:00,4888.0,4896.60009765625,4887.7001953125,4894.7001953125,127,0.0,0.0
2026-02-06 03:26:00-05:00,4894.0,4895.0,4887.7001953125,4887.7001953125,115,0.0,0.0
2026-02-06 03:27:00-05:00,4887.7001953125,4893.39990234375,4887.7001953125,4890.60009765625,104,0.0,0.0
2026-02-06 03:28:00-05:00,4891.5,4896.5,4891.0,4891.60009765625,74,0.0,0.0
2026-02-06 03:29:00-05:00,4890.39990234375,4891.39990234375,4887.7001953125,4890.0,78,0.0,0.0
2026-02-06 03:30:00-05:00,4888.7001953125,4894.7001953125,4888.7001953125,4894.0,127,0.0,0.0
2026-02-06 03:31:00-05:00,4894.10009765625,4898.39990234375,4893.0,4895.60009765625,139,0.0,0.0
2026-02-06 03:32:00-05:00,4894.2998046875,4896.2998046875,4894.10009765625,4896.0,35,0.0,0.0
2026-02-06 03:33:00-05:00,4896.10009765625,4901.2001953125,4896.0,4899.2001953125,99,0.0,0.0
2026-02-06 03:34:00-05:00,4900.0,4903.2001953125,4899.5,4902.39990234375,114,0.0,0.0
2026-02-06 03:35:00-05:00,4902.2001953125,4904.5,4901.7998046875,4902.10009765625,78,0.0,0.0
2026-02-06 03:36:00-05:00,4901.5,4901.5,4889.7001953125,4890.60009765625,231,0.0,0.0
2026-02-06 03:37:00-05:00,4890.89990234375,4894.2001953125,4885.10009765625,4886.0,106,0.0,0.0
2026-02-06 03:38:00-05:00,4886.2001953125,4887.0,4881.2001953125,4882.89990234375,125,0.0,0.0
2026-02-06 03:39:00-05:00,4883.5,4887.2001953125,4883.5,4884.89990234375,63,0.0,0.0
2026-02-06 03:40:00-05:00,4885.2998046875,4885.2998046875,4878.89990234375,4880.5,91,0.0,0.0
2026-02-06 03:41:00-05:00,4881.89990234375,4882.0,4879.10009765625,4880.7001953125,63,0.0,0.0
2026-02-06 03:42:00-05:00,4880.89990234375,4882.7998046875,4878.2001953125,4880.5,92,0.0,0.0
2026-02-06 03:43:00-05:00,4879.7998046875,4885.0,4877.10009765625,4880.60009765625,80,0.0,0.0
2026-02-06 03:44:00-05:00,4880.2998046875,4883.60009765625,4879.60009765625,4883.10009765625,77,0.0,0.0
2026-02-06 03:45:00-05:00,4883.10009765625,4883.10009765625,4878.10009765625,4880.7001953125,89,0.0,0.0
2026-02-06 03:46:00-05:00,4880.7001953125,4880.7001953125,4875.0,4876.2998046875,73,0.0,0.0
2026-02-06 03:47:00-05:00,4876.89990234375,4882.2998046875,4876.39990234375,4880.10009765625,59,0.0,0.0
2026-02-06 03:48:00-05:00,4879.7001953125,4879.7001953125,4875.60009765625,4878.2001953125,63,0.0,0.0
2026-02-06 03:49:00-05:00,4878.0,4883.0,4878.0,4882.2998046875,41,0.0,0.0
2026-02-06 03:50:00-05:00,4882.2998046875,4885.7001953125,4881.2001953125,4885.10009765625,116,0.0,0.0
2026-02-06 03:51:00-05:00,4885.10009765625,4886.10009765625,4881.39990234375,4882.89990234375,76,0.0,0.0
2026-02-06 03:52:00-05:00,4882.7001953125,4887.10009765625,4880.7998046875,4884.5,91,0.0,0.0
2026-02-06 03:53:00-05:00,4883.7001953125,4885.2998046875,4882.7998046875,4882.7998046875,18,0.0,0.0
2026-02-06 03:54:00-05:00,4885.10009765625,4886.89990234375,4883.7998046875,4884.5,55,0.0,0.0
2026-02-06 03:55:00-05:00,4884.10009765625,4884.2998046875,4877.7001953125,4880.0,64,0.0,0.0
2026-02-06 03:56:00-05:00,4881.10009765625,4881.5,4878.2001953125,4878.5,111,0.0,0.0
2026-02-06 03:57:00-05:00,4878.10009765625,4883.89990234375,4878.0,4883.89990234375,55,0.0,0.0
2026-02-06 03:58:00-05:00,4883.2998046875,4885.39990234375,4882.10009765625,4884.10009765625,46,0.0,0.0
2026-02-06 03:59:00-05:00,4882.7998046875,4885.2998046875,4882.10009765625,4884.7998046875,47,0.0,0.0
2026-02-06 04:00:00-05:00,4884.10009765625,4894.39990234375,4882.7001953125,4893.60009765625,135,0.0,0.0
2026-02-06 04:01:00-05:00,4893.39990234375,4893.39990234375,4876.39990234375,4877.10009765625,333,0.0,0.0
2026-02-06 04:02:00-05:00,4876.39990234375,4879.89990234375,4875.2001953125,4878.39990234375,89,0.0,0.0
2026-02-06 04:03:00-05:00,4878.2998046875,4879.60009765625,4865.7998046875,4870.7998046875,154,0.0,0.0
2026-02-06 04:04:00-05:00,4871.89990234375,4875.7998046875,4870.2998046875,4873.39990234375,64,0.0,0.0
2026-02-06 04:05:00-05:00,4875.39990234375,4877.7001953125,4871.7998046875,4877.2001953125,77,0.0,0.0
2026-02-06 04:06:00-05:00,4876.60009765625,4877.10009765625,4867.0,4867.7998046875,81,0.0,0.0
2026-02-06 04:07:00-05:00,4867.5,4872.10009765625,4863.0,4871.89990234375,95,0.0,0.0
2026-02-06 04:08:00-05:00,4871.7001953125,4871.89990234375,4868.89990234375,4871.10009765625,33,0.0,0.0
2026-02-06 04:09:00-05:00,4871.60009765625,4872.10009765625,4869.60009765625,4869.60009765625,20,0.0,0.0
2026-02-06 04:10:00-05:00,4870.89990234375,4872.10009765625,4867.0,4867.0,62,0.0,0.0
2026-02-06 04:11:00-05:00,4868.0,4871.2001953125,4867.10009765625,4868.7001953125,70,0.0,0.0
2026-02-06 04:12:00-05:00,4868.5,4873.7998046875,4868.0,4873.5,54,0.0,0.0
2026-02-06 04:13:00-05:00,4873.2001953125,4875.2998046875,4868.0,4869.2001953125,86,0.0,0.0
2026-02-06 04:14:00-05:00,4870.2998046875,4870.39990234375,4862.39990234375,4863.0,53,0.0,0.0
2026-02-06 04:15:00-05:00,4862.39990234375,4871.89990234375,4862.2001953125,4871.89990234375,59,0.0,0.0
2026-02-06 04:16:00-05:00,4871.0,4874.2998046875,4869.5,4873.89990234375,42,0.0,0.0
2026-02-06 04:17:00-05:00,4874.2001953125,4876.0,4871.60009765625,4872.2001953125,49,0.0,0.0
2026-02-06 04:18:00-05:00,4872.60009765625,4872.60009765625,4870.7998046875,4871.60009765625,10,0.0,0.0
2026-02-06 04:19:00-05:00,4870.39990234375,4871.2998046875,4869.0,4870.0,33,0.0,0.0
2026-02-06 04:20:00-05:00,4870.2001953125,4873.7998046875,4869.89990234375,4872.89990234375,46,0.0,0.0
2026-02-06 04:21:00-05:00,4873.60009765625,4877.89990234375,4871.2998046875,4876.60009765625,152,0.0,0.0
2026-02-06 04:22:00-05:00,4877.7998046875,4880.7998046875,4875.2001953125,4878.0,152,0.0,0.0
2026-02-06 04:23:00-05:00,4877.2001953125,4885.2998046875,4877.10009765625,4883.2001953125,327,0.0,0.0
2026-02-06 04:24:00-05:00,4883.0,4891.2001953125,4882.0,4883.7998046875,296,0.0,0.0
2026-02-06 04:25:00-05:00,4883.7001953125,4885.7998046875,4880.0,4882.5,87,0.0,0.0
2026-02-06 04:26:00-05:00,4881.2998046875,4882.2001953125,4880.5,4882.2001953125,13,0.0,0.0
2026-02-06 04:27:00-05:00,4881.2001953125,4882.7998046875,4881.2001953125,4882.7998046875,10,0.0,0.0
2026-02-06 04:28:00-05:00,4883.5,4886.0,4883.5,4885.10009765625,37,0.0,0.0
2026-02-06 04:29:00-05:00,4885.5,4888.10009765625,4885.39990234375,4887.39990234375,39,0.0,0.0
2026-02-06 04:30:00-05:00,4887.2998046875,4889.2001953125,4887.10009765625,4889.2001953125,32,0.0,0.0
2026-02-06 04:31:00-05:00,4888.60009765625,4889.60009765625,4888.2998046875,4888.5,35,0.0,0.0
2026-02-06 04:32:00-05:00,4888.39990234375,4889.2001953125,4884.2998046875,4885.7001953125,37,0.0,0.0
2026-02-06 04:33:00-05:00,4885.89990234375,4889.7998046875,4885.10009765625,4889.0,30,0.0,0.0
2026-02-06 04:34:00-05:00,4888.0,4890.60009765625,4884.60009765625,4888.7998046875,141,0.0,0.0
2026-02-06 04:35:00-05:00,4888.7998046875,4896.5,4887.89990234375,4893.5,129,0.0,0.0
2026-02-06 04:36:00-05:00,4894.60009765625,4895.60009765625,4886.5,4889.7001953125,100,0.0,0.0
2026-02-06 04:37:00-05:00,4888.5,4889.7998046875,4885.7001953125,4885.7001953125,61,0.0,0.0
2026-02-06 04:38:00-05:00,4885.60009765625,4887.39990234375,4883.7998046875,4886.2998046875,43,0.0,0.0
2026-02-06 04:39:00-05:00,4886.39990234375,4887.39990234375,4884.2001953125,4886.7001953125,39,0.0,0.0
2026-02-06 04:40:00-05:00,4885.2998046875,4886.60009765625,4883.2998046875,4885.2001953125,57,0.0,0.0
2026-02-06 04:41:00-05:00,4885.89990234375,4886.2001953125,4882.5,4883.5,41,0.0,0.0
2026-02-06 04:42:00-05:00,4884.10009765625,4885.5,4882.0,4883.10009765625,41,0.0,0.0
2026-02-06 04:43:00-05:00,4884.2998046875,4886.39990234375,4884.2998046875,4885.60009765625,31,0.0,0.0
2026-02-06 04:44:00-05:00,4885.0,4885.2001953125,4880.2001953125,4880.2001953125,76,0.0,0.0
2026-02-06 04:45:00-05:00,4881.2998046875,4882.7998046875,4878.39990234375,4881.2001953125,64,0.0,0.0
2026-02-06 04:46:00-05:00,4882.2001953125,4884.89990234375,4882.2001953125,4884.39990234375,28,0.0,0.0
2026-02-06 04:47:00-05:00,4883.2998046875,4885.5,4881.2001953125,4885.0,70,0.0,0.0
2026-02-06 04:48:00-05:00,4884.7998046875,4889.2001953125,4884.7001953125,4889.10009765625,57,0.0,0.0
2026-02-06 04:49:00-05:00,4888.60009765625,4892.5,4888.5,4891.60009765625,58,0.0,0.0
2026-02-06 04:50:00-05:00,4891.60009765625,4893.39990234375,4889.10009765625,4890.10009765625,63,0.0,0.0
2026-02-06 04:51:00-05:00,4890.5,4892.89990234375,4885.2998046875,4890.39990234375,102,0.0,0.0
2026-02-06 04:52:00-05:00,4889.60009765625,4891.2998046875,4887.2998046875,4887.2998046875,57,0.0,0.0
2026-02-06 04:53:00-05:00,4888.10009765625,4889.7998046875,4884.2998046875,4886.2998046875,44,0.0,0.0
2026-02-06 04:54:00-05:00,4886.0,4887.60009765625,4885.2001953125,4886.7001953125,71,0.0,0.0
2026-02-06 04:55:00-05:00,4886.5,4886.60009765625,4882.60009765625,4882.60009765625,66,0.0,0.0
2026-02-06 04:56:00-05:00,4883.89990234375,4884.5,4882.0,4883.7001953125,38,0.0,0.0
2026-02-06 04:57:00-05:00,4885.10009765625,4888.89990234375,4885.10009765625,4888.2001953125,29,0.0,0.0
2026-02-06 04:58:00-05:00,4889.2998046875,4892.5,4888.10009765625,4891.5,138,0.0,0.0
2026-02-06 04:59:00-05:00,4892.39990234375,4892.39990234375,4887.89990234375,4889.5,47,0.0,0.0
2026-02-06 05:00:00-05:00,4888.0,4890.2998046875,4887.7998046875,4890.0,22,0.0,0.0
2026-02-06 05:01:00-05:00,4890.39990234375,4894.2998046875,4890.2001953125,4894.2998046875,36,0.0,0.0
2026-02-06 05:02:00-05:00,4894.2998046875,4899.10009765625,4892.7998046875,4897.5,177,0.0,0.0
2026-02-06 05:03:00-05:00,4896.89990234375,4896.89990234375,4891.5,4894.39990234375,60,0.0,0.0
2026-02-06 05:04:00-05:00,4893.60009765625,4898.5,4891.10009765625,4893.7998046875,130,0.0,0.0
2026-02-06 05:05:00-05:00,4893.5,4895.2998046875,4893.0,4893.89990234375,37,0.0,0.0
2026-02-06 05:06:00-05:00,4894.2998046875,4897.2001953125,4894.2001953125,4895.89990234375,44,0.0,0.0
2026-02-06 05:07:00-05:00,4895.89990234375,4898.2001953125,4895.0,4896.0,32,0.0,0.0
2026-02-06 05:08:00-05:00,4895.2998046875,4897.2998046875,4894.0,4897.2998046875,40,0.0,0.0
2026-02-06 05:09:00-05:00,4896.5,4900.0,4896.10009765625,4899.89990234375,87,0.0,0.0
2026-02-06 05:10:00-05:00,4899.60009765625,4899.89990234375,4898.60009765625,4899.10009765625,33,0.0,0.0
2026-02-06 05:11:00-05:00,4899.7001953125,4899.7001953125,4898.2001953125,4899.5,16,0.0,0.0
2026-02-06 05:12:00-05:00,4898.7998046875,4899.89990234375,4897.89990234375,4899.5,35,0.0,0.0
2026-02-06 05:13:00-05:00,4898.5,4898.89990234375,4893.7001953125,4896.5,90,0.0,0.0
2026-02-06 05:14:00-05:00,4895.7998046875,4898.7998046875,4892.10009765625,4894.39990234375,75,0.0,0.0
2026-02-06 05:15:00-05:00,4894.2998046875,4894.2998046875,4891.7001953125,4892.60009765625,23,0.0,0.0
2026-02-06 05:16:00-05:00,4891.7001953125,4897.10009765625,4891.7001953125,4897.10009765625,59,0.0,0.0
2026-02-06 05:17:00-05:00,4895.2998046875,4898.39990234375,4894.5,4897.2001953125,23,0.0,0.0
2026-02-06 05:18:00-05:00,4898.60009765625,4898.60009765625,4889.0,4890.39990234375,81,0.0,0.0
2026-02-06 05:19:00-05:00,4890.2998046875,4891.2998046875,4887.10009765625,4887.89990234375,31,0.0,0.0
2026-02-06 05:20:00-05:00,4888.60009765625,4888.60009765625,4883.7001953125,4886.0,123,0.0,0.0
2026-02-06 05:21:00-05:00,4885.89990234375,4886.60009765625,4883.2001953125,4883.2001953125,32,0.0,0.0
2026-02-06 05:22:00-05:00,4884.89990234375,4886.10009765625,4878.60009765625,4878.7998046875,143,0.0,0.0
2026-02-06 05:23:00-05:00,4878.10009765625,4880.0,4875.89990234375,4876.7998046875,69,0.0,0.0
2026-02-06 05:24:00-05:00,4877.39990234375,4882.2998046875,4874.2998046875,4882.10009765625,139,0.0,0.0
2026-02-06 05:25:00-05:00,4882.0,4882.10009765625,4879.39990234375,4879.39990234375,45,0.0,0.0
2026-02-06 05:26:00-05:00,4879.0,4880.60009765625,4878.10009765625,4878.7998046875,28,0.0,0.0
2026-02-06 05:27:00-05:00,4878.2001953125,4878.2998046875,4876.5,4876.5,26,0.0,0.0
2026-02-06 05:28:00-05:00,4876.5,4876.5,4872.60009765625,4875.7998046875,74,0.0,0.0
2026-02-06 05:29:00-05:00,4875.0,4876.60009765625,4873.7998046875,4876.60009765625,40,0.0,0.0
2026-02-06 05:30:00-05:00,4876.0,4878.0,4874.7001953125,4877.0,84,0.0,0.0
2026-02-06 05:31:00-05:00,4877.89990234375,4880.89990234375,4877.89990234375,4878.7001953125,46,0.0,0.0
2026-02-06 05:32:00-05:00,4879.89990234375,4886.10009765625,4878.0,4886.10009765625,95,0.0,0.0
2026-02-06 05:33:00-05:00,4886.0,4888.7998046875,4885.7998046875,4888.7998046875,74,0.0,0.0
2026-02-06 05:34:00-05:00,4888.89990234375,4891.2001953125,4888.0,4890.5,94,0.0,0.0
2026-02-06 05:35:00-05:00,4891.2001953125,4892.89990234375,4889.7001953125,4892.2001953125,84,0.0,0.0
2026-02-06 05:36:00-05:00,4891.7001953125,4892.10009765625,4889.10009765625,4890.2998046875,41,0.0,0.0
2026-02-06 05:37:00-05:00,4891.2001953125,4891.2998046875,4886.2001953125,4889.89990234375,80,0.0,0.0
2026-02-06 05:38:00-05:00,4889.60009765625,4891.0,4889.0,4890.7001953125,26,0.0,0.0
2026-02-06 05:39:00-05:00,4891.2998046875,4894.2001953125,4890.39990234375,4893.89990234375,90,0.0,0.0
2026-02-06 05:40:00-05:00,4895.5,4897.2998046875,4895.10009765625,4895.39990234375,98,0.0,0.0
2026-02-06 05:41:00-05:00,4893.60009765625,4896.5,4893.39990234375,4895.60009765625,54,0.0,0.0
2026-02-06 05:42:00-05:00,4895.60009765625,4898.0,4895.5,4897.89990234375,11,0.0,0.0
2026-02-06 05:43:00-05:00,4897.2998046875,4898.5,4895.0,4897.89990234375,91,0.0,0.0
2026-02-06 05:44:00-05:00,4897.10009765625,4899.89990234375,4896.7998046875,4897.10009765625,90,0.0,0.0
2026-02-06 05:45:00-05:00,4897.2001953125,4897.60009765625,4894.89990234375,4895.0,48,0.0,0.0
2026-02-06 05:46:00-05:00,4895.2001953125,4898.10009765625,4892.5,4892.5,96,0.0,0.0
2026-02-06 05:47:00-05:00,4892.89990234375,4894.2001953125,4891.60009765625,4893.2998046875,26,0.0,0.0
2026-02-06 05:48:00-05:00,4892.39990234375,4892.39990234375,4888.7001953125,4889.89990234375,40,0.0,0.0
2026-02-06 05:49:00-05:00,4889.5,4892.2001953125,4888.7998046875,4891.2001953125,25,0.0,0.0
2026-02-06 05:50:00-05:00,4890.7998046875,4892.2001953125,4890.7998046875,4892.0,26,0.0,0.0
2026-02-06 05:51:00-05:00,4892.60009765625,4896.7998046875,4892.60009765625,4896.10009765625,28,0.0,0.0
2026-02-06 05:52:00-05:00,4896.10009765625,4896.5,4896.0,4896.0,20,0.0,0.0
2026-02-06 05:53:00-05:00,4897.10009765625,4900.0,4896.2998046875,4899.5,85,0.0,0.0
2026-02-06 05:54:00-05:00,4900.0,4901.7001953125,4897.2998046875,4897.2998046875,126,0.0,0.0
2026-02-06 05:55:00-05:00,4897.89990234375,4898.39990234375,4897.5,4898.10009765625,36,0.0,0.0
2026-02-06 05:56:00-05:00,4897.0,4898.39990234375,4896.10009765625,4897.89990234375,50,0.0,0.0
2026-02-06 05:57:00-05:00,4897.39990234375,4898.5,4894.2998046875,4895.39990234375,101,0.0,0.0
2026-02-06 05:58:00-05:00,4895.60009765625,4898.89990234375,4893.7001953125,4898.89990234375,30,0.0,0.0
2026-02-06 05:59:00-05:00,4898.7998046875,4900.10009765625,4898.5,4899.89990234375,51,0.0,0.0
2026-02-06 06:00:00-05:00,4899.7001953125,4905.0,4899.7001953125,4902.5,135,0.0,0.0
2026-02-06 06:01:00-05:00,4903.10009765625,4910.0,4902.60009765625,4909.7001953125,91,0.0,0.0
2026-02-06 06:02:00-05:00,4909.2001953125,4909.39990234375,4905.2998046875,4906.39990234375,124,0.0,0.0
2026-02-06 06:03:00-05:00,4906.39990234375,4907.39990234375,4904.39990234375,4906.10009765625,52,0.0,0.0
2026-02-06 06:04:00-05:00,4907.2998046875,4909.10009765625,4894.39990234375,4894.39990234375,147,0.0,0.0
2026-02-06 06:05:00-05:00,4894.89990234375,4895.60009765625,4885.60009765625,4891.0,222,0.0,0.0
2026-02-06 06:06:00-05:00,4892.2001953125,4893.89990234375,4891.5,4891.89990234375,44,0.0,0.0
2026-02-06 06:07:00-05:00,4892.0,4896.10009765625,4890.2001953125,4895.60009765625,87,0.0,0.0
2026-02-06 06:08:00-05:00,4895.39990234375,4896.60009765625,4894.7998046875,4895.89990234375,34,0.0,0.0
2026-02-06 06:09:00-05:00,4895.60009765625,4895.60009765625,4893.7001953125,4894.10009765625,31,0.0,0.0
2026-02-06 06:10:00-05:00,4895.5,4900.39990234375,4893.89990234375,4900.2001953125,69,0.0,0.0
2026-02-06 06:11:00-05:00,4899.39990234375,4904.2998046875,4899.39990234375,4904.2001953125,56,0.0,0.0
2026-02-06 06:12:00-05:00,4903.5,4903.5,4900.10009765625,4902.7998046875,18,0.0,0.0
2026-02-06 06:13:00-05:00,4903.5,4903.60009765625,4901.7001953125,4901.89990234375,33,0.0,0.0
2026-02-06 06:14:00-05:00,4902.10009765625,4906.0,4902.10009765625,4906.0,39,0.0,0.0
2026-02-06 06:15:00-05:00,4906.89990234375,4908.2998046875,4904.5,4905.39990234375,99,0.0,0.0
2026-02-06 06:16:00-05:00,4905.7001953125,4905.89990234375,4900.2001953125,4900.2001953125,107,0.0,0.0
2026-02-06 06:17:00-05:00,4900.89990234375,4905.2001953125,4900.7001953125,4903.2001953125,36,0.0,0.0
2026-02-06 06:18:00-05:00,4904.5,4909.10009765625,4903.7001953125,4909.10009765625,62,0.0,0.0
2026-02-06 06:19:00-05:00,4908.39990234375,4909.10009765625,4904.7001953125,4904.7001953125,68,0.0,0.0
2026-02-06 06:20:00-05:00,4903.60009765625,4905.7998046875,4903.5,4904.7998046875,53,0.0,0.0
2026-02-06 06:21:00-05:00,4904.2001953125,4906.7001953125,4902.5,4906.5,33,0.0,0.0
2026-02-06 06:22:00-05:00,4906.89990234375,4911.0,4905.60009765625,4911.0,112,0.0,0.0
2026-02-06 06:23:00-05:00,4911.5,4915.89990234375,4910.7998046875,4914.39990234375,181,0.0,0.0
2026-02-06 06:24:00-05:00,4913.10009765625,4913.7998046875,4910.0,4910.5,68,0.0,0.0
2026-02-06 06:25:00-05:00,4912.2001953125,4913.60009765625,4905.10009765625,4910.7001953125,186,0.0,0.0
2026-02-06 06:26:00-05:00,4911.89990234375,4916.2998046875,4911.89990234375,4914.39990234375,104,0.0,0.0
2026-02-06 06:27:00-05:00,4914.0,4914.0,4909.39990234375,4909.39990234375,33,0.0,0.0
2026-02-06 06:28:00-05:00,4909.2001953125,4910.10009765625,4907.89990234375,4907.89990234375,25,0.0,0.0
2026-02-06 06:29:00-05:00,4907.89990234375,4913.10009765625,4907.10009765625,4912.2001953125,69,0.0,0.0
2026-02-06 06:30:00-05:00,4912.60009765625,4914.89990234375,4908.0,4909.89990234375,245,0.0,0.0
2026-02-06 06:31:00-05:00,4908.7998046875,4908.7998046875,4900.2001953125,4904.2001953125,206,0.0,0.0
2026-02-06 06:32:00-05:00,4904.89990234375,4906.5,4904.5,4905.7998046875,31,0.0,0.0
2026-02-06 06:33:00-05:00,4905.5,4906.89990234375,4903.7998046875,4906.7001953125,72,0.0,0.0
2026-02-06 06:34:00-05:00,4905.2998046875,4905.2998046875,4903.0,4904.10009765625,17,0.0,0.0
2026-02-06 06:35:00-05:00,4904.5,4904.5,4901.89990234375,4902.2998046875,24,0.0,0.0
2026-02-06 06:36:00-05:00,4903.2998046875,4906.0,4903.2998046875,4905.5,33,0.0,0.0
2026-02-06 06:37:00-05:00,4906.60009765625,4909.39990234375,4906.60009765625,4909.39990234375,45,0.0,0.0
2026-02-06 06:38:00-05:00,4910.0,4911.60009765625,4909.0,4911.5,92,0.0,0.0
2026-02-06 06:39:00-05:00,4910.39990234375,4912.5,4908.89990234375,4910.0,46,0.0,0.0
2026-02-06 06:40:00-05:00,4909.2001953125,4913.0,4909.10009765625,4913.0,62,0.0,0.0
2026-02-06 06:41:00-05:00,4912.89990234375,4915.0,4912.7998046875,4915.0,67,0.0,0.0
2026-02-06 06:42:00-05:00,4914.10009765625,4915.60009765625,4913.10009765625,4913.10009765625,32,0.0,0.0
2026-02-06 06:43:00-05:00,4912.7998046875,4912.7998046875,4910.89990234375,4910.89990234375,23,0.0,0.0
2026-02-06 06:44:00-05:00,4911.89990234375,4911.89990234375,4906.2001953125,4908.5,91,0.0,0.0
2026-02-06 06:45:00-05:00,4909.2998046875,4909.7001953125,4907.2001953125,4908.2998046875,225,0.0,0.0
2026-02-06 06:46:00-05:00,4908.0,4908.0,4906.7001953125,4907.2998046875,20,0.0,0.0
2026-02-06 06:47:00-05:00,4908.7998046875,4910.89990234375,4904.7001953125,4909.7998046875,59,0.0,0.0
2026-02-06 06:48:00-05:00,4910.89990234375,4911.0,4906.2001953125,4906.2001953125,75,0.0,0.0
2026-02-06 06:49:00-05:00,4905.89990234375,4907.89990234375,4904.5,4906.7001953125,69,0.0,0.0
2026-02-06 06:50:00-05:00,4906.89990234375,4908.2001953125,4904.5,4904.5,26,0.0,0.0
2026-02-06 06:51:00-05:00,4904.7001953125,4909.89990234375,4904.7001953125,4908.2001953125,46,0.0,0.0
2026-02-06 06:52:00-05:00,4909.2998046875,4913.39990234375,4908.7001953125,4909.2001953125,89,0.0,0.0
2026-02-06 06:53:00-05:00,4909.2998046875,4911.89990234375,4909.2998046875,4910.89990234375,8,0.0,0.0
2026-02-06 06:54:00-05:00,4911.89990234375,4915.0,4910.7998046875,4911.2001953125,55,0.0,0.0
2026-02-06 06:55:00-05:00,4911.2001953125,4912.39990234375,4910.7998046875,4912.39990234375,34,0.0,0.0
2026-02-06 06:56:00-05:00,4913.2998046875,4918.7001953125,4913.2001953125,4916.60009765625,121,0.0,0.0
2026-02-06 06:57:00-05:00,4916.39990234375,4917.60009765625,4915.2998046875,4915.7998046875,30,0.0,0.0
2026-02-06 06:58:00-05:00,4916.2001953125,4916.89990234375,4912.7998046875,4915.2001953125,89,0.0,0.0
2026-02-06 06:59:00-05:00,4915.89990234375,4916.5,4909.10009765625,4909.10009765625,109,0.0,0.0
2026-02-06 07:00:00-05:00,4910.10009765625,4911.7998046875,4905.10009765625,4910.39990234375,89,0.0,0.0
2026-02-06 07:01:00-05:00,4912.10009765625,4912.10009765625,4909.2001953125,4910.7001953125,39,0.0,0.0
2026-02-06 07:02:00-05:00,4910.60009765625,4915.0,4907.0,4913.0,150,0.0,0.0
2026-02-06 07:03:00-05:00,4912.7998046875,4915.5,4910.60009765625,4914.39990234375,71,0.0,0.0
2026-02-06 07:04:00-05:00,4914.60009765625,4916.7998046875,4911.5,4911.5,65,0.0,0.0
2026-02-06 07:05:00-05:00,4911.7998046875,4917.5,4911.2001953125,4915.89990234375,70,0.0,0.0
2026-02-06 07:06:00-05:00,4916.39990234375,4919.39990234375,4915.2998046875,4919.39990234375,98,0.0,0.0
2026-02-06 07:07:00-05:00,4919.60009765625,4925.0,4918.39990234375,4921.7998046875,280,0.0,0.0
2026-02-06 07:08:00-05:00,4922.7001953125,4925.7001953125,4920.7001953125,4925.5,135,0.0,0.0
2026-02-06 07:09:00-05:00,4924.39990234375,4925.60009765625,4919.10009765625,4920.2001953125,233,0.0,0.0
2026-02-06 07:10:00-05:00,4919.5,4919.5,4914.60009765625,4914.60009765625,55,0.0,0.0
2026-02-06 07:11:00-05:00,4915.7001953125,4917.7998046875,4912.39990234375,4913.60009765625,50,0.0,0.0
2026-02-06 07:12:00-05:00,4913.89990234375,4921.10009765625,4913.89990234375,4920.2998046875,70,0.0,0.0
2026-02-06 07:13:00-05:00,4920.7001953125,4921.7998046875,4917.2001953125,4917.60009765625,77,0.0,0.0
2026-02-06 07:14:00-05:00,4918.39990234375,4918.89990234375,4916.0,4917.7001953125,50,0.0,0.0
2026-02-06 07:15:00-05:00,4918.2001953125,4918.5,4915.5,4915.89990234375,67,0.0,0.0
2026-02-06 07:16:00-05:00,4915.7998046875,4918.2001953125,4912.60009765625,4918.2001953125,105,0.0,0.0
2026-02-06 07:17:00-05:00,4918.39990234375,4918.39990234375,4913.60009765625,4914.39990234375,45,0.0,0.0
2026-02-06 07:18:00-05:00,4913.60009765625,4915.2998046875,4913.2998046875,4914.5,78,0.0,0.0
2026-02-06 07:19:00-05:00,4914.2998046875,4914.7001953125,4905.7998046875,4906.7001953125,149,0.0,0.0
2026-02-06 07:20:00-05:00,4907.2001953125,4910.0,4906.2998046875,4909.60009765625,95,0.0,0.0
2026-02-06 07:21:00-05:00,4908.2001953125,4908.5,4899.2001953125,4900.7001953125,205,0.0,0.0
2026-02-06 07:22:00-05:00,4901.10009765625,4906.39990234375,4898.2001953125,4900.39990234375,113,0.0,0.0
2026-02-06 07:23:00-05:00,4899.60009765625,4901.39990234375,4898.2001953125,4900.7998046875,88,0.0,0.0
2026-02-06 07:24:00-05:00,4900.2998046875,4902.39990234375,4899.2998046875,4900.5,85,0.0,0.0
2026-02-06 07:25:00-05:00,4899.7998046875,4901.5,4898.0,4901.0,121,0.0,0.0
2026-02-06 07:26:00-05:00,4901.2001953125,4901.60009765625,4898.7001953125,4901.60009765625,54,0.0,0.0
2026-02-06 07:27:00-05:00,4901.0,4901.5,4898.7998046875,4900.89990234375,107,0.0,0.0
2026-02-06 07:28:00-05:00,4900.7998046875,4901.39990234375,4899.2998046875,4900.7001953125,70,0.0,0.0
2026-02-06 07:29:00-05:00,4899.89990234375,4899.89990234375,4892.0,4898.60009765625,265,0.0,0.0
2026-02-06 07:30:00-05:00,4899.5,4905.39990234375,4898.39990234375,4905.39990234375,262,0.0,0.0
2026-02-06 07:31:00-05:00,4905.60009765625,4906.39990234375,4904.39990234375,4905.0,40,0.0,0.0
2026-02-06 07:32:00-05:00,4904.5,4905.5,4901.10009765625,4904.89990234375,146,0.0,0.0
2026-02-06 07:33:00-05:00,4905.2001953125,4907.5,4903.2998046875,4906.0,146,0.0,0.0
2026-02-06 07:34:00-05:00,4906.0,4907.0,4904.7001953125,4905.0,108,0.0,0.0
2026-02-06 07:35:00-05:00,4905.10009765625,4907.0,4905.10009765625,4905.60009765625,75,0.0,0.0
2026-02-06 07:36:00-05:00,4905.7001953125,4906.89990234375,4905.60009765625,4905.60009765625,34,0.0,0.0
2026-02-06 07:37:00-05:00,4905.60009765625,4906.2998046875,4902.7998046875,4905.0,142,0.0,0.0
2026-02-06 07:38:00-05:00,4905.2998046875,4912.2001953125,4905.2001953125,4912.2001953125,107,0.0,0.0
2026-02-06 07:39:00-05:00,4913.0,4915.0,4909.89990234375,4909.89990234375,106,0.0,0.0
2026-02-06 07:40:00-05:00,4910.10009765625,4911.0,4908.10009765625,4909.2998046875,52,0.0,0.0
2026-02-06 07:41:00-05:00,4909.0,4909.60009765625,4907.5,4908.10009765625,61,0.0,0.0
2026-02-06 07:42:00-05:00,4909.10009765625,4910.2001953125,4908.0,4910.2001953125,54,0.0,0.0
2026-02-06 07:43:00-05:00,4909.39990234375,4916.0,4909.39990234375,4915.10009765625,108,0.0,0.0
2026-02-06 07:44:00-05:00,4914.2998046875,4916.89990234375,4913.0,4915.7998046875,192,0.0,0.0
2026-02-06 07:45:00-05:00,4915.2001953125,4919.5,4915.2001953125,4918.2001953125,145,0.0,0.0
2026-02-06 07:46:00-05:00,4918.10009765625,4920.39990234375,4918.10009765625,4919.5,189,0.0,0.0
2026-02-06 07:47:00-05:00,4919.10009765625,4922.2001953125,4918.2001953125,4919.7998046875,241,0.0,0.0
2026-02-06 07:48:00-05:00,4919.39990234375,4923.2001953125,4918.89990234375,4920.89990234375,144,0.0,0.0
2026-02-06 07:49:00-05:00,4921.2001953125,4921.89990234375,4919.2998046875,4919.2998046875,70,0.0,0.0
2026-02-06 07:50:00-05:00,4920.0,4923.60009765625,4920.0,4922.7998046875,70,0.0,0.0
2026-02-06 07:51:00-05:00,4923.39990234375,4926.0,4917.5,4919.2001953125,627,0.0,0.0
2026-02-06 07:52:00-05:00,4918.39990234375,4921.5,4918.39990234375,4920.2001953125,90,0.0,0.0
2026-02-06 07:53:00-05:00,4920.7998046875,4920.7998046875,4918.7998046875,4918.89990234375,44,0.0,0.0
2026-02-06 07:54:00-05:00,4920.0,4921.10009765625,4919.10009765625,4920.5,46,0.0,0.0
2026-02-06 07:55:00-05:00,4920.89990234375,4923.39990234375,4918.7998046875,4920.60009765625,97,0.0,0.0
2026-02-06 07:56:00-05:00,4921.2001953125,4921.89990234375,4919.10009765625,4921.2998046875,146,0.0,0.0
2026-02-06 07:57:00-05:00,4921.10009765625,4922.0,4919.2998046875,4920.7001953125,63,0.0,0.0
2026-02-06 07:58:00-05:00,4920.5,4920.5,4917.7001953125,4918.7001953125,103,0.0,0.0
2026-02-06 07:59:00-05:00,4917.89990234375,4923.89990234375,4917.7001953125,4921.7001953125,154,0.0,0.0
2026-02-06 08:00:00-05:00,4922.0,4936.5,4918.2001953125,4929.2998046875,905,0.0,0.0
2026-02-06 08:01:00-05:00,4928.2001953125,4948.0,4926.5,4945.0,612,0.0,0.0
2026-02-06 08:02:00-05:00,4944.7001953125,4945.39990234375,4938.39990234375,4941.7998046875,353,0.0,0.0
2026-02-06 08:03:00-05:00,4941.39990234375,4944.0,4936.10009765625,4941.39990234375,304,0.0,0.0
2026-02-06 08:04:00-05:00,4942.7001953125,4947.10009765625,4940.7001953125,4946.7001953125,206,0.0,0.0
2026-02-06 08:05:00-05:00,4947.2001953125,4948.7998046875,4941.0,4941.60009765625,287,0.0,0.0
2026-02-06 08:06:00-05:00,4940.5,4941.89990234375,4931.39990234375,4935.2998046875,334,0.0,0.0
2026-02-06 08:07:00-05:00,4936.10009765625,4938.5,4931.2998046875,4936.39990234375,174,0.0,0.0
2026-02-06 08:08:00-05:00,4935.10009765625,4935.7998046875,4931.7001953125,4933.39990234375,152,0.0,0.0
2026-02-06 08:09:00-05:00,4932.60009765625,4941.7001953125,4931.2001953125,4936.10009765625,168,0.0,0.0
2026-02-06 08:10:00-05:00,4934.2998046875,4934.2998046875,4927.0,4933.2001953125,195,0.0,0.0
2026-02-06 08:11:00-05:00,4932.2001953125,4938.7001953125,4931.89990234375,4937.10009765625,125,0.0,0.0
2026-02-06 08:12:00-05:00,4937.2001953125,4938.0,4931.7001953125,4934.2001953125,124,0.0,0.0
2026-02-06 08:13:00-05:00,4932.5,4937.10009765625,4931.10009765625,4935.2998046875,95,0.0,0.0
2026-02-06 08:14:00-05:00,4935.39990234375,4935.39990234375,4930.5,4931.7001953125,106,0.0,0.0
2026-02-06 08:15:00-05:00,4932.0,4936.0,4929.60009765625,4930.89990234375,139,0.0,0.0
2026-02-06 08:16:00-05:00,4929.0,4934.7001953125,4929.0,4933.7001953125,123,0.0,0.0
2026-02-06 08:17:00-05:00,4933.10009765625,4933.39990234375,4928.7001953125,4933.2001953125,99,0.0,0.0
2026-02-06 08:18:00-05:00,4933.89990234375,4938.2998046875,4933.89990234375,4938.2998046875,112,0.0,0.0
2026-02-06 08:19:00-05:00,4938.2998046875,4940.7998046875,4935.0,4935.0,151,0.0,0.0
2026-02-06 08:20:00-05:00,4936.7998046875,4939.7998046875,4934.60009765625,4938.39990234375,186,0.0,0.0
2026-02-06 08:21:00-05:00,4937.89990234375,4943.60009765625,4937.89990234375,4943.5,96,0.0,0.0
2026-02-06 08:22:00-05:00,4943.60009765625,4946.89990234375,4942.7001953125,4944.89990234375,171,0.0,0.0
2026-02-06 08:23:00-05:00,4945.89990234375,4948.7998046875,4944.60009765625,4947.39990234375,109,0.0,0.0
2026-02-06 08:24:00-05:00,4947.2001953125,4950.89990234375,4946.7001953125,4950.10009765625,255,0.0,0.0
2026-02-06 08:25:00-05:00,4949.7001953125,4951.2998046875,4942.2998046875,4943.39990234375,298,0.0,0.0
2026-02-06 08:26:00-05:00,4942.39990234375,4942.7001953125,4927.10009765625,4933.0,534,0.0,0.0
2026-02-06 08:27:00-05:00,4933.0,4935.0,4927.60009765625,4935.0,219,0.0,0.0
2026-02-06 08:28:00-05:00,4935.7998046875,4937.60009765625,4931.0,4931.0,186,0.0,0.0
2026-02-06 08:29:00-05:00,4930.5,4932.10009765625,4927.2001953125,4931.2001953125,126,0.0,0.0
2026-02-06 08:30:00-05:00,4930.10009765625,4940.89990234375,4930.10009765625,4940.2001953125,201,0.0,0.0
2026-02-06 08:31:00-05:00,4940.89990234375,4949.10009765625,4940.89990234375,4949.10009765625,184,0.0,0.0
2026-02-06 08:32:00-05:00,4949.0,4950.60009765625,4946.5,4947.0,238,0.0,0.0
2026-02-06 08:33:00-05:00,4948.60009765625,4949.7001953125,4942.89990234375,4945.60009765625,226,0.0,0.0
2026-02-06 08:34:00-05:00,4945.39990234375,4948.7998046875,4941.7998046875,4946.2998046875,170,0.0,0.0
2026-02-06 08:35:00-05:00,4946.0,4948.2001953125,4943.5,4945.7001953125,97,0.0,0.0
2026-02-06 08:36:00-05:00,4945.5,4948.89990234375,4944.89990234375,4946.10009765625,127,0.0,0.0
2026-02-06 08:37:00-05:00,4945.60009765625,4948.60009765625,4943.2001953125,4944.5,92,0.0,0.0
2026-02-06 08:38:00-05:00,4945.7998046875,4959.5,4945.7998046875,4959.2998046875,396,0.0,0.0
2026-02-06 08:39:00-05:00,4959.5,4960.2998046875,4951.2998046875,4952.60009765625,251,0.0,0.0
2026-02-06 08:40:00-05:00,4953.10009765625,4957.39990234375,4952.39990234375,4956.2001953125,130,0.0,0.0
2026-02-06 08:41:00-05:00,4957.0,4958.2001953125,4953.5,4954.89990234375,230,0.0,0.0
2026-02-06 08:42:00-05:00,4952.60009765625,4961.0,4952.0,4954.10009765625,438,0.0,0.0
2026-02-06 08:43:00-05:00,4954.39990234375,4959.5,4951.60009765625,4957.10009765625,129,0.0,0.0
2026-02-06 08:44:00-05:00,4956.7001953125,4959.89990234375,4952.7998046875,4953.89990234375,99,0.0,0.0
2026-02-06 08:45:00-05:00,4955.10009765625,4955.5,4949.60009765625,4952.2998046875,127,0.0,0.0
2026-02-06 08:46:00-05:00,4953.10009765625,4956.0,4951.89990234375,4953.7998046875,111,0.0,0.0
2026-02-06 08:47:00-05:00,4953.89990234375,4956.10009765625,4952.7001953125,4956.10009765625,78,0.0,0.0
2026-02-06 08:48:00-05:00,4956.7998046875,4957.0,4950.0,4954.60009765625,78,0.0,0.0
2026-02-06 08:49:00-05:00,4954.60009765625,4954.60009765625,4951.0,4952.5,56,0.0,0.0
2026-02-06 08:50:00-05:00,4952.5,4953.5,4944.39990234375,4947.5,145,0.0,0.0
2026-02-06 08:51:00-05:00,4948.0,4949.89990234375,4944.7001953125,4948.10009765625,83,0.0,0.0
2026-02-06 08:52:00-05:00,4949.60009765625,4951.60009765625,4946.0,4951.2001953125,141,0.0,0.0
2026-02-06 08:53:00-05:00,4952.0,4952.7001953125,4948.7001953125,4950.60009765625,69,0.0,0.0
2026-02-06 08:54:00-05:00,4949.60009765625,4951.2998046875,4944.2001953125,4944.60009765625,101,0.0,0.0
2026-02-06 08:55:00-05:00,4944.2998046875,4948.2998046875,4944.2001953125,4947.2998046875,91,0.0,0.0
2026-02-06 08:56:00-05:00,4946.7998046875,4949.2998046875,4944.5,4945.7998046875,124,0.0,0.0
2026-02-06 08:57:00-05:00,4945.7001953125,4947.0,4943.10009765625,4944.89990234375,66,0.0,0.0
2026-02-06 08:58:00-05:00,4944.2998046875,4948.89990234375,4943.2998046875,4948.5,85,0.0,0.0
2026-02-06 08:59:00-05:00,4948.89990234375,4951.0,4946.5,4951.0,157,0.0,0.0
2026-02-06 09:00:00-05:00,4951.7001953125,4955.0,4947.7998046875,4952.7001953125,412,0.0,0.0
2026-02-06 09:01:00-05:00,4953.39990234375,4953.7998046875,4948.10009765625,4948.10009765625,110,0.0,0.0
2026-02-06 09:02:00-05:00,4947.89990234375,4950.0,4943.2001953125,4945.0,217,0.0,0.0
2026-02-06 09:03:00-05:00,4944.39990234375,4951.0,4944.39990234375,4950.10009765625,172,0.0,0.0
2026-02-06 09:04:00-05:00,4950.10009765625,4951.0,4946.89990234375,4948.0,66,0.0,0.0
2026-02-06 09:05:00-05:00,4948.2998046875,4954.0,4946.2001953125,4950.2001953125,134,0.0,0.0
2026-02-06 09:06:00-05:00,4949.7001953125,4950.89990234375,4946.60009765625,4947.7998046875,115,0.0,0.0
2026-02-06 09:07:00-05:00,4947.10009765625,4948.39990234375,4937.7001953125,4941.2001953125,206,0.0,0.0
2026-02-06 09:08:00-05:00,4939.89990234375,4941.60009765625,4935.7001953125,4940.7998046875,197,0.0,0.0
2026-02-06 09:09:00-05:00,4941.5,4944.5,4941.5,4944.0,80,0.0,0.0
2026-02-06 09:10:00-05:00,4944.60009765625,4946.0,4939.2001953125,4939.2001953125,129,0.0,0.0
2026-02-06 09:11:00-05:00,4937.39990234375,4939.2001953125,4931.60009765625,4939.10009765625,223,0.0,0.0
2026-02-06 09:12:00-05:00,4939.2001953125,4945.0,4939.2001953125,4944.60009765625,118,0.0,0.0
2026-02-06 09:13:00-05:00,4944.89990234375,4946.89990234375,4943.0,4946.2001953125,114,0.0,0.0
2026-02-06 09:14:00-05:00,4945.2998046875,4946.39990234375,4942.89990234375,4944.10009765625,160,0.0,0.0
2026-02-06 09:15:00-05:00,4943.60009765625,4946.10009765625,4942.89990234375,4946.10009765625,43,0.0,0.0
2026-02-06 09:16:00-05:00,4946.39990234375,4948.5,4944.89990234375,4945.89990234375,113,0.0,0.0
2026-02-06 09:17:00-05:00,4945.89990234375,4946.10009765625,4942.2001953125,4943.39990234375,56,0.0,0.0
2026-02-06 09:18:00-05:00,4942.89990234375,4945.0,4940.39990234375,4941.39990234375,78,0.0,0.0
2026-02-06 09:19:00-05:00,4941.10009765625,4944.2001953125,4940.7001953125,4943.89990234375,63,0.0,0.0
2026-02-06 09:20:00-05:00,4944.2998046875,4944.7998046875,4936.0,4937.5,163,0.0,0.0
2026-02-06 09:21:00-05:00,4937.2001953125,4938.10009765625,4933.7998046875,4934.5,113,0.0,0.0
2026-02-06 09:22:00-05:00,4934.60009765625,4938.2998046875,4931.10009765625,4931.39990234375,162,0.0,0.0
2026-02-06 09:23:00-05:00,4933.0,4933.89990234375,4925.60009765625,4927.2001953125,248,0.0,0.0
2026-02-06 09:24:00-05:00,4926.7001953125,4928.5,4924.5,4926.7001953125,244,0.0,0.0
2026-02-06 09:25:00-05:00,4925.39990234375,4925.39990234375,4916.2001953125,4921.2001953125,518,0.0,0.0
2026-02-06 09:26:00-05:00,4921.2001953125,4928.39990234375,4921.2001953125,4925.2001953125,285,0.0,0.0
2026-02-06 09:27:00-05:00,4925.2001953125,4927.60009765625,4921.5,4927.60009765625,183,0.0,0.0
2026-02-06 09:28:00-05:00,4928.0,4930.0,4923.5,4928.7001953125,239,0.0,0.0
2026-02-06 09:29:00-05:00,4928.89990234375,4930.10009765625,4924.39990234375,4926.10009765625,239,0.0,0.0
2026-02-06 09:30:00-05:00,4926.7001953125,4936.0,4918.5,4934.39990234375,683,0.0,0.0
2026-02-06 09:31:00-05:00,4934.60009765625,4940.7998046875,4933.60009765625,4940.2998046875,414,0.0,0.0
2026-02-06 09:32:00-05:00,4940.60009765625,4940.60009765625,4938.39990234375,4938.7998046875,30,0.0,0.0
2026-02-06 09:35:00-05:00,4952.7001953125,4953.0,4949.0,4951.0,1770,0.0,0.0
2026-02-06 09:36:00-05:00,4951.7001953125,4953.5,4947.60009765625,4951.2998046875,281,0.0,0.0
2026-02-06 09:37:00-05:00,4951.89990234375,4970.5,4951.10009765625,4969.10009765625,979,0.0,0.0
2026-02-06 09:38:00-05:00,4968.89990234375,4971.0,4964.2001953125,4965.39990234375,418,0.0,0.0
2026-02-06 09:39:00-05:00,4965.89990234375,4966.60009765625,4958.7998046875,4960.0,326,0.0,0.0
2026-02-06 09:40:00-05:00,4960.7001953125,4962.2998046875,4951.60009765625,4953.10009765625,546,0.0,0.0
2026-02-06 09:41:00-05:00,4953.2001953125,4955.2001953125,4948.89990234375,4950.39990234375,268,0.0,0.0
2026-02-06 09:42:00-05:00,4950.39990234375,4955.2998046875,4948.89990234375,4951.60009765625,157,0.0,0.0
2026-02-06 09:43:00-05:00,4951.10009765625,4954.60009765625,4946.2998046875,4954.39990234375,295,0.0,0.0
2026-02-06 09:44:00-05:00,4955.2001953125,4959.5,4954.2001953125,4955.5,274,0.0,0.0
2026-02-06 09:45:00-05:00,4956.39990234375,4956.39990234375,4951.0,4953.10009765625,334,0.0,0.0
2026-02-06 09:46:00-05:00,4953.10009765625,4955.60009765625,4950.7001953125,4955.60009765625,174,0.0,0.0
2026-02-06 09:47:00-05:00,4955.7998046875,4960.39990234375,4954.2998046875,4955.2998046875,147,0.0,0.0
2026-02-06 09:48:00-05:00,4955.0,4960.0,4953.39990234375,4958.7001953125,87,0.0,0.0
2026-02-06 09:49:00-05:00,4959.0,4963.2001953125,4958.2998046875,4961.89990234375,158,0.0,0.0
2026-02-06 09:50:00-05:00,4961.89990234375,4966.60009765625,4959.7998046875,4966.0,212,0.0,0.0
2026-02-06 09:51:00-05:00,4966.0,4966.2998046875,4962.5,4962.7998046875,134,0.0,0.0
2026-02-06 09:52:00-05:00,4962.5,4966.2998046875,4960.5,4965.2001953125,215,0.0,0.0
2026-02-06 09:53:00-05:00,4966.0,4968.0,4964.39990234375,4964.7001953125,176,0.0,0.0
2026-02-06 09:54:00-05:00,4964.7998046875,4965.0,4959.7998046875,4961.7998046875,169,0.0,0.0
2026-02-06 09:55:00-05:00,4961.60009765625,4966.39990234375,4958.2001953125,4962.2998046875,283,0.0,0.0
2026-02-06 09:56:00-05:00,4961.7001953125,4965.89990234375,4960.2001953125,4963.5,193,0.0,0.0
2026-02-06 09:57:00-05:00,4962.7001953125,4973.7001953125,4960.0,4970.89990234375,294,0.0,0.0
2026-02-06 09:58:00-05:00,4971.7001953125,4973.2998046875,4969.10009765625,4972.10009765625,320,0.0,0.0
2026-02-06 09:59:00-05:00,4972.10009765625,4972.5,4966.89990234375,4972.5,175,0.0,0.0
2026-02-06 10:00:00-05:00,4970.7998046875,4983.7001953125,4968.39990234375,4969.0,1037,0.0,0.0
2026-02-06 10:01:00-05:00,4969.2998046875,4975.5,4965.60009765625,4972.2001953125,558,0.0,0.0
2026-02-06 10:02:00-05:00,4971.39990234375,4975.10009765625,4962.60009765625,4967.89990234375,698,0.0,0.0
2026-02-06 10:03:00-05:00,4968.7001953125,4969.60009765625,4967.60009765625,4969.10009765625,75,0.0,0.0
2026-02-06 10:04:00-05:00,4969.10009765625,4969.10009765625,4963.60009765625,4966.10009765625,163,0.0,0.0
2026-02-06 10:05:00-05:00,4966.10009765625,4975.89990234375,4965.60009765625,4969.2998046875,262,0.0,0.0
2026-02-06 10:06:00-05:00,4970.7998046875,4988.7998046875,4970.7998046875,4981.7998046875,587,0.0,0.0
2026-02-06 10:07:00-05:00,4982.5,4983.89990234375,4978.2001953125,4982.7998046875,453,0.0,0.0
2026-02-06 10:08:00-05:00,4982.2998046875,4983.0,4976.7998046875,4978.7998046875,252,0.0,0.0
2026-02-06 10:09:00-05:00,4978.5,4981.2998046875,4976.2998046875,4980.0,159,0.0,0.0
2026-02-06 10:10:00-05:00,4980.60009765625,4983.7998046875,4975.7001953125,4978.39990234375,219,0.0,0.0
2026-02-06 10:11:00-05:00,4979.7001953125,4984.7998046875,4976.10009765625,4977.2001953125,150,0.0,0.0
2026-02-06 10:12:00-05:00,4976.10009765625,4980.89990234375,4974.0,4977.0,135,0.0,0.0
2026-02-06 10:13:00-05:00,4976.2998046875,4977.2998046875,4971.2998046875,4971.2998046875,166,0.0,0.0
2026-02-06 10:14:00-05:00,4971.10009765625,4977.2001953125,4970.60009765625,4972.2998046875,211,0.0,0.0
2026-02-06 10:15:00-05:00,4972.2001953125,4976.0,4972.2001953125,4973.7998046875,106,0.0,0.0
2026-02-06 10:16:00-05:00,4973.0,4973.0,4966.0,4972.39990234375,158,0.0,0.0
2026-02-06 10:17:00-05:00,4971.5,4972.0,4966.10009765625,4968.39990234375,113,0.0,0.0
2026-02-06 10:18:00-05:00,4967.60009765625,4972.5,4966.2001953125,4970.2998046875,264,0.0,0.0
2026-02-06 10:19:00-05:00,4970.89990234375,4973.60009765625,4968.0,4970.2001953125,126,0.0,0.0
2026-02-06 10:20:00-05:00,4969.2998046875,4971.2998046875,4960.0,4965.7998046875,216,0.0,0.0
2026-02-06 10:21:00-05:00,4963.7998046875,4969.39990234375,4962.2001953125,4969.0,101,0.0,0.0
2026-02-06 10:22:00-05:00,4971.0,4975.7001953125,4970.2001953125,4975.7001953125,105,0.0,0.0
2026-02-06 10:23:00-05:00,4975.89990234375,4980.2001953125,4972.5,4975.10009765625,154,0.0,0.0
2026-02-06 10:24:00-05:00,4974.5,4975.2001953125,4967.7001953125,4967.7001953125,111,0.0,0.0
2026-02-06 10:25:00-05:00,4968.7001953125,4977.7998046875,4968.7001953125,4977.2001953125,93,0.0,0.0
2026-02-06 10:26:00-05:00,4977.2001953125,4981.0,4975.7998046875,4980.10009765625,185,0.0,0.0
2026-02-06 10:27:00-05:00,4980.39990234375,4984.2998046875,4973.5,4974.89990234375,301,0.0,0.0
2026-02-06 10:28:00-05:00,4974.60009765625,4976.7998046875,4972.5,4976.60009765625,82,0.0,0.0
2026-02-06 10:29:00-05:00,4976.39990234375,4980.60009765625,4975.60009765625,4980.5,137,0.0,0.0
2026-02-06 10:30:00-05:00,4980.5,4981.10009765625,4975.7998046875,4977.39990234375,95,0.0,0.0
2026-02-06 10:31:00-05:00,4977.39990234375,4977.60009765625,4972.7998046875,4975.7001953125,108,0.0,0.0
2026-02-06 10:32:00-05:00,4975.7001953125,4978.39990234375,4974.7998046875,4976.39990234375,120,0.0,0.0
2026-02-06 10:33:00-05:00,4977.5,4980.10009765625,4975.39990234375,4977.7998046875,119,0.0,0.0
2026-02-06 10:46:00-05:00,4960.39990234375,4967.39990234375,4960.39990234375,4967.2001953125,2565,0.0,0.0
2026-02-06 10:47:00-05:00,4966.39990234375,4970.0,4964.39990234375,4968.7001953125,215,0.0,0.0
2026-02-06 10:48:00-05:00,4968.0,4969.89990234375,4965.7998046875,4968.7001953125,94,0.0,0.0
2026-02-06 10:49:00-05:00,4968.7998046875,4971.39990234375,4964.89990234375,4965.2998046875,173,0.0,0.0
2026-02-06 10:50:00-05:00,4965.2998046875,4967.60009765625,4963.0,4966.39990234375,94,0.0,0.0
2026-02-06 10:51:00-05:00,4965.89990234375,4971.2001953125,4965.89990234375,4970.89990234375,110,0.0,0.0
2026-02-06 10:52:00-05:00,4970.7001953125,4973.39990234375,4968.89990234375,4972.39990234375,95,0.0,0.0
2026-02-06 10:53:00-05:00,4972.7998046875,4974.89990234375,4969.0,4970.2001953125,180,0.0,0.0
2026-02-06 10:54:00-05:00,4969.39990234375,4971.0,4961.2001953125,4961.60009765625,425,0.0,0.0
2026-02-06 10:55:00-05:00,4961.89990234375,4963.2001953125,4959.10009765625,4962.2001953125,190,0.0,0.0
2026-02-06 10:56:00-05:00,4963.7998046875,4967.0,4963.5,4966.2998046875,99,0.0,0.0
2026-02-06 11:04:00-05:00,4972.39990234375,4972.39990234375,4970.0,4971.5,774,0.0,0.0
2026-02-06 11:09:00-05:00,4968.2998046875,4968.7998046875,4966.2998046875,4967.0,532,0.0,0.0
2026-02-06 11:10:00-05:00,4969.2001953125,4971.2998046875,4969.2001953125,4970.39990234375,33,0.0,0.0
2026-02-06 11:11:00-05:00,4972.0,4972.2998046875,4968.2001953125,4970.7001953125,130,0.0,0.0
2026-02-06 11:12:00-05:00,4970.39990234375,4974.39990234375,4970.39990234375,4973.7998046875,46,0.0,0.0
2026-02-06 11:13:00-05:00,4973.39990234375,4973.39990234375,4967.0,4968.7001953125,134,0.0,0.0
2026-02-06 11:14:00-05:00,4968.2001953125,4968.2001953125,4963.2001953125,4964.39990234375,277,0.0,0.0
2026-02-06 11:15:00-05:00,4964.39990234375,4966.10009765625,4961.0,4961.7998046875,204,0.0,0.0
2026-02-06 11:16:00-05:00,4961.89990234375,4963.0,4954.60009765625,4959.10009765625,380,0.0,0.0
2026-02-06 11:17:00-05:00,4959.0,4964.89990234375,4958.5,4963.2998046875,145,0.0,0.0
2026-02-06 11:18:00-05:00,4963.7001953125,4968.0,4963.5,4967.7001953125,112,0.0,0.0
2026-02-06 11:19:00-05:00,4968.2998046875,4970.2001953125,4964.60009765625,4966.2998046875,131,0.0,0.0
2026-02-06 11:20:00-05:00,4966.60009765625,4967.7998046875,4965.60009765625,4966.60009765625,117,0.0,0.0
2026-02-06 11:21:00-05:00,4966.7001953125,4966.7001953125,4960.7001953125,4962.2998046875,106,0.0,0.0
2026-02-06 11:22:00-05:00,4962.39990234375,4962.89990234375,4956.7998046875,4957.89990234375,88,0.0,0.0
2026-02-06 11:23:00-05:00,4958.0,4960.39990234375,4955.2998046875,4955.7001953125,137,0.0,0.0
2026-02-06 11:24:00-05:00,4956.10009765625,4958.89990234375,4953.39990234375,4958.0,161,0.0,0.0
2026-02-06 11:25:00-05:00,4958.89990234375,4960.39990234375,4952.5,4953.39990234375,114,0.0,0.0
2026-02-06 11:26:00-05:00,4953.5,4956.39990234375,4945.0,4954.60009765625,366,0.0,0.0
2026-02-06 11:27:00-05:00,4954.89990234375,4958.39990234375,4954.0,4958.39990234375,82,0.0,0.0
2026-02-06 11:28:00-05:00,4958.5,4963.7001953125,4958.39990234375,4962.2001953125,163,0.0,0.0
2026-02-06 11:29:00-05:00,4961.89990234375,4963.7998046875,4959.10009765625,4962.5,99,0.0,0.0
2026-02-06 11:30:00-05:00,4961.7998046875,4964.89990234375,4958.7001953125,4959.7001953125,74,0.0,0.0
2026-02-06 11:31:00-05:00,4960.10009765625,4962.60009765625,4958.10009765625,4958.2001953125,90,0.0,0.0
2026-02-06 11:32:00-05:00,4958.0,4961.89990234375,4958.0,4958.2998046875,66,0.0,0.0
2026-02-06 11:33:00-05:00,4958.2998046875,4961.7998046875,4956.0,4957.89990234375,66,0.0,0.0
2026-02-06 11:34:00-05:00,4956.5,4958.2998046875,4955.7001953125,4957.5,71,0.0,0.0
2026-02-06 11:35:00-05:00,4956.2998046875,4960.2998046875,4955.39990234375,4957.0,58,0.0,0.0
2026-02-06 11:36:00-05:00,4958.2998046875,4959.7001953125,4955.0,4957.2001953125,182,0.0,0.0
2026-02-06 11:37:00-05:00,4956.2998046875,4956.5,4953.2998046875,4953.7998046875,84,0.0,0.0
2026-02-06 11:38:00-05:00,4954.89990234375,4962.2001953125,4953.7998046875,4961.10009765625,191,0.0,0.0
2026-02-06 11:39:00-05:00,4962.2001953125,4965.60009765625,4959.0,4964.7001953125,108,0.0,0.0
2026-02-06 11:40:00-05:00,4965.39990234375,4971.89990234375,4965.39990234375,4970.39990234375,251,0.0,0.0
2026-02-06 11:41:00-05:00,4970.5,4971.2001953125,4966.10009765625,4967.10009765625,107,0.0,0.0
2026-02-06 11:42:00-05:00,4967.39990234375,4967.39990234375,4964.0,4964.39990234375,99,0.0,0.0
2026-02-06 11:43:00-05:00,4964.39990234375,4966.2001953125,4960.0,4960.0,129,0.0,0.0
2026-02-06 11:44:00-05:00,4959.2998046875,4964.2001953125,4956.7998046875,4963.2998046875,121,0.0,0.0
2026-02-06 11:45:00-05:00,4963.2001953125,4966.60009765625,4962.7998046875,4964.60009765625,83,0.0,0.0
2026-02-06 11:46:00-05:00,4965.39990234375,4965.60009765625,4959.89990234375,4962.7001953125,86,0.0,0.0
2026-02-06 11:47:00-05:00,4963.2001953125,4969.0,4962.89990234375,4968.10009765625,197,0.0,0.0
2026-02-06 11:48:00-05:00,4968.10009765625,4971.7001953125,4967.7998046875,4967.7998046875,157,0.0,0.0
2026-02-06 11:49:00-05:00,4967.7001953125,4971.89990234375,4967.39990234375,4970.39990234375,92,0.0,0.0
2026-02-06 11:50:00-05:00,4970.10009765625,4971.0,4967.89990234375,4968.7001953125,87,0.0,0.0
2026-02-06 11:51:00-05:00,4969.89990234375,4971.7001953125,4969.10009765625,4971.2998046875,77,0.0,0.0
2026-02-06 11:52:00-05:00,4971.89990234375,4972.0,4966.10009765625,4967.2998046875,58,0.0,0.0
2026-02-06 11:53:00-05:00,4967.5,4970.0,4967.0,4967.7998046875,47,0.0,0.0
2026-02-06 11:54:00-05:00,4968.60009765625,4969.39990234375,4966.5,4967.2001953125,71,0.0,0.0
2026-02-06 11:55:00-05:00,4967.10009765625,4971.7001953125,4966.0,4969.5,133,0.0,0.0
2026-02-06 11:56:00-05:00,4969.2001953125,4974.7998046875,4969.2001953125,4974.2001953125,257,0.0,0.0
2026-02-06 11:57:00-05:00,4974.10009765625,4974.5,4971.39990234375,4973.0,98,0.0,0.0
2026-02-06 11:58:00-05:00,4973.7998046875,4978.0,4972.2998046875,4974.10009765625,198,0.0,0.0
2026-02-06 11:59:00-05:00,4973.5,4976.89990234375,4973.5,4975.2998046875,72,0.0,0.0
2026-02-06 12:00:00-05:00,4975.2998046875,4979.5,4973.0,4978.7001953125,212,0.0,0.0
2026-02-06 12:01:00-05:00,4978.89990234375,4980.0,4976.39990234375,4977.39990234375,97,0.0,0.0
2026-02-06 12:02:00-05:00,4978.10009765625,4980.7001953125,4977.2998046875,4979.10009765625,147,0.0,0.0
2026-02-06 12:03:00-05:00,4979.89990234375,4980.7001953125,4977.2998046875,4977.60009765625,80,0.0,0.0
2026-02-06 12:04:00-05:00,4978.0,4983.0,4976.2998046875,4981.7998046875,141,0.0,0.0
2026-02-06 12:05:00-05:00,4982.7998046875,4983.0,4979.10009765625,4979.10009765625,112,0.0,0.0
2026-02-06 12:06:00-05:00,4979.2001953125,4980.7998046875,4977.7001953125,4980.2998046875,88,0.0,0.0
2026-02-06 12:07:00-05:00,4980.5,4980.5,4975.60009765625,4976.7998046875,100,0.0,0.0
2026-02-06 12:08:00-05:00,4978.0,4980.2998046875,4977.5,4979.60009765625,100,0.0,0.0
2026-02-06 12:09:00-05:00,4979.10009765625,4983.5,4979.10009765625,4983.0,81,0.0,0.0
2026-02-06 12:10:00-05:00,4983.60009765625,4984.60009765625,4982.2998046875,4983.39990234375,134,0.0,0.0
2026-02-06 12:11:00-05:00,4984.2001953125,4984.60009765625,4981.0,4982.0,99,0.0,0.0
2026-02-06 12:12:00-05:00,4982.2001953125,4982.5,4979.7998046875,4979.89990234375,141,0.0,0.0
2026-02-06 12:13:00-05:00,4980.60009765625,4984.5,4980.5,4982.89990234375,70,0.0,0.0
2026-02-06 12:14:00-05:00,4982.89990234375,4984.39990234375,4980.5,4981.2001953125,72,0.0,0.0
2026-02-06 12:15:00-05:00,4981.89990234375,4982.2001953125,4979.0,4980.0,112,0.0,0.0
2026-02-06 12:16:00-05:00,4979.2998046875,4979.60009765625,4976.10009765625,4977.60009765625,174,0.0,0.0
2026-02-06 12:17:00-05:00,4978.2001953125,4979.5,4976.39990234375,4979.39990234375,91,0.0,0.0
2026-02-06 12:18:00-05:00,4978.89990234375,4982.0,4978.7001953125,4980.7998046875,115,0.0,0.0
2026-02-06 12:19:00-05:00,4981.0,4983.0,4980.60009765625,4981.7998046875,42,0.0,0.0
2026-02-06 12:20:00-05:00,4982.2998046875,4983.10009765625,4979.0,4979.2001953125,106,0.0,0.0
2026-02-06 12:21:00-05:00,4979.60009765625,4981.10009765625,4978.60009765625,4980.2998046875,83,0.0,0.0
2026-02-06 12:22:00-05:00,4981.2998046875,4981.89990234375,4979.10009765625,4981.7998046875,70,0.0,0.0
2026-02-06 12:23:00-05:00,4981.89990234375,4983.5,4980.89990234375,4983.0,167,0.0,0.0
2026-02-06 12:24:00-05:00,4982.7998046875,4983.5,4981.2001953125,4981.89990234375,95,0.0,0.0
2026-02-06 12:25:00-05:00,4981.89990234375,4982.5,4981.0,4981.60009765625,27,0.0,0.0
2026-02-06 12:26:00-05:00,4981.7998046875,4982.89990234375,4979.7001953125,4980.2001953125,69,0.0,0.0
2026-02-06 12:27:00-05:00,4980.10009765625,4980.89990234375,4978.0,4979.39990234375,32,0.0,0.0
2026-02-06 12:28:00-05:00,4979.60009765625,4979.60009765625,4977.2001953125,4977.7998046875,107,0.0,0.0
2026-02-06 12:29:00-05:00,4978.0,4979.60009765625,4976.60009765625,4978.2998046875,157,0.0,0.0
2026-02-06 12:30:00-05:00,4978.7998046875,4992.89990234375,4978.39990234375,4991.0,594,0.0,0.0
2026-02-06 12:31:00-05:00,4991.10009765625,4992.10009765625,4987.60009765625,4987.89990234375,189,0.0,0.0
2026-02-06 12:32:00-05:00,4988.60009765625,4989.7001953125,4985.0,4985.7998046875,118,0.0,0.0
2026-02-06 12:33:00-05:00,4986.39990234375,4986.60009765625,4982.2998046875,4986.0,133,0.0,0.0
2026-02-06 12:34:00-05:00,4986.2998046875,4986.2998046875,4984.2001953125,4984.39990234375,57,0.0,0.0
2026-02-06 12:35:00-05:00,4984.2998046875,4984.2998046875,4980.7998046875,4982.7998046875,117,0.0,0.0
2026-02-06 12:36:00-05:00,4982.0,4982.0,4972.7001953125,4973.0,298,0.0,0.0
2026-02-06 12:37:00-05:00,4973.60009765625,4976.0,4972.2001953125,4975.5,127,0.0,0.0
2026-02-06 12:38:00-05:00,4975.10009765625,4977.89990234375,4973.39990234375,4975.10009765625,74,0.0,0.0
2026-02-06 12:39:00-05:00,4974.89990234375,4976.0,4973.0,4974.7001953125,51,0.0,0.0
2026-02-06 12:40:00-05:00,4974.5,4978.60009765625,4973.2998046875,4977.7998046875,110,0.0,0.0
2026-02-06 12:41:00-05:00,4977.60009765625,4979.7001953125,4975.5,4977.89990234375,89,0.0,0.0
2026-02-06 12:42:00-05:00,4978.60009765625,4978.89990234375,4977.60009765625,4978.2998046875,91,0.0,0.0
2026-02-06 12:43:00-05:00,4978.7998046875,4979.2998046875,4977.5,4977.7998046875,50,0.0,0.0
2026-02-06 12:44:00-05:00,4978.10009765625,4979.10009765625,4977.39990234375,4977.89990234375,28,0.0,0.0
2026-02-06 12:45:00-05:00,4978.10009765625,4981.89990234375,4978.10009765625,4980.0,106,0.0,0.0
2026-02-06 12:46:00-05:00,4979.89990234375,4982.2998046875,4979.0,4980.0,115,0.0,0.0
2026-02-06 12:47:00-05:00,4979.60009765625,4980.0,4978.7998046875,4979.2998046875,63,0.0,0.0
2026-02-06 12:48:00-05:00,4980.0,4982.39990234375,4979.60009765625,4981.89990234375,57,0.0,0.0
2026-02-06 12:49:00-05:00,4982.2001953125,4983.2001953125,4980.5,4982.7998046875,163,0.0,0.0
2026-02-06 12:50:00-05:00,4982.2001953125,4985.0,4981.39990234375,4982.2001953125,90,0.0,0.0
2026-02-06 12:51:00-05:00,4982.7998046875,4985.39990234375,4982.0,4985.39990234375,119,0.0,0.0
2026-02-06 12:52:00-05:00,4985.2998046875,4985.2998046875,4982.0,4982.7001953125,150,0.0,0.0
2026-02-06 12:53:00-05:00,4983.0,4983.0,4979.89990234375,4980.89990234375,175,0.0,0.0
2026-02-06 12:54:00-05:00,4980.7001953125,4982.5,4980.7001953125,4981.5,50,0.0,0.0
2026-02-06 12:55:00-05:00,4982.2998046875,4985.2998046875,4977.10009765625,4983.39990234375,280,0.0,0.0
2026-02-06 12:56:00-05:00,4984.2001953125,4987.7998046875,4984.10009765625,4987.5,96,0.0,0.0
2026-02-06 12:57:00-05:00,4986.7998046875,4988.0,4985.60009765625,4986.10009765625,113,0.0,0.0
2026-02-06 12:58:00-05:00,4987.10009765625,4988.39990234375,4986.5,4986.5,94,0.0,0.0
2026-02-06 13:00:00-05:00,4986.7001953125,4988.39990234375,4986.5,4987.5,158,0.0,0.0
2026-02-06 13:05:00-05:00,4986.7998046875,4992.2001953125,4986.7998046875,4991.10009765625,536,0.0,0.0
2026-02-06 13:06:00-05:00,4991.60009765625,4991.60009765625,4987.60009765625,4989.7998046875,109,0.0,0.0
2026-02-06 13:07:00-05:00,4989.7001953125,4992.39990234375,4988.7001953125,4988.7001953125,179,0.0,0.0
2026-02-06 13:08:00-05:00,4989.60009765625,4990.10009765625,4986.39990234375,4987.7001953125,101,0.0,0.0
2026-02-06 13:09:00-05:00,4987.10009765625,4989.7001953125,4986.2998046875,4988.0,137,0.0,0.0
2026-02-06 13:10:00-05:00,4988.7001953125,4991.7001953125,4988.10009765625,4990.89990234375,152,0.0,0.0
2026-02-06 13:11:00-05:00,4990.89990234375,4994.0,4990.60009765625,4992.5,105,0.0,0.0
2026-02-06 13:12:00-05:00,4993.10009765625,4995.60009765625,4992.7998046875,4993.2001953125,148,0.0,0.0
2026-02-06 13:13:00-05:00,4992.60009765625,4993.10009765625,4988.60009765625,4989.10009765625,150,0.0,0.0
2026-02-06 13:14:00-05:00,4989.2998046875,4990.7001953125,4987.7998046875,4989.39990234375,89,0.0,0.0
2026-02-06 13:15:00-05:00,4990.0,4990.10009765625,4988.5,4989.60009765625,81,0.0,0.0
2026-02-06 13:16:00-05:00,4989.0,4990.7998046875,4986.60009765625,4987.2001953125,152,0.0,0.0
2026-02-06 13:17:00-05:00,4987.0,4988.7998046875,4985.7998046875,4988.2001953125,125,0.0,0.0
2026-02-06 13:18:00-05:00,4988.2001953125,4989.7998046875,4987.7998046875,4988.2998046875,199,0.0,0.0
2026-02-06 13:19:00-05:00,4988.39990234375,4989.5,4986.7998046875,4987.39990234375,63,0.0,0.0
2026-02-06 13:20:00-05:00,4987.2998046875,4988.10009765625,4985.0,4986.39990234375,182,0.0,0.0
2026-02-06 13:21:00-05:00,4987.2998046875,4988.2998046875,4985.0,4987.7998046875,235,0.0,0.0
2026-02-06 13:22:00-05:00,4986.5,4987.7001953125,4983.10009765625,4984.2001953125,127,0.0,0.0
2026-02-06 13:23:00-05:00,4983.5,4983.60009765625,4978.2001953125,4982.7001953125,257,0.0,0.0
2026-02-06 13:24:00-05:00,4983.0,4983.10009765625,4967.89990234375,4971.7998046875,479,0.0,0.0
2026-02-06 13:25:00-05:00,4973.0,4976.10009765625,4971.0,4974.5,233,0.0,0.0
2026-02-06 13:26:00-05:00,4975.0,4976.60009765625,4971.2001953125,4974.7998046875,222,0.0,0.0
2026-02-06 13:27:00-05:00,4974.7001953125,4975.60009765625,4971.7001953125,4973.10009765625,181,0.0,0.0
2026-02-06 13:28:00-05:00,4973.7998046875,4976.2001953125,4972.5,4974.10009765625,372,0.0,0.0
2026-02-06 13:29:00-05:00,4974.7998046875,4981.89990234375,4974.7001953125,4980.0,1459,0.0,0.0
2026-02-06 13:30:00-05:00,4979.60009765625,4981.2998046875,4976.7998046875,4981.2998046875,199,0.0,0.0
2026-02-06 13:31:00-05:00,4981.2001953125,4982.0,4975.7001953125,4976.39990234375,271,0.0,0.0
2026-02-06 13:32:00-05:00,4976.0,4977.60009765625,4975.5,4977.60009765625,88,0.0,0.0
2026-02-06 13:33:00-05:00,4977.7998046875,4981.0,4977.39990234375,4981.0,68,0.0,0.0
2026-02-06 13:34:00-05:00,4980.89990234375,4984.7998046875,4980.89990234375,4984.10009765625,56,0.0,0.0
2026-02-06 13:35:00-05:00,4984.7001953125,4984.89990234375,4982.7998046875,4984.2001953125,39,0.0,0.0
2026-02-06 13:36:00-05:00,4984.2001953125,4986.0,4983.89990234375,4983.89990234375,63,0.0,0.0
2026-02-06 13:37:00-05:00,4983.89990234375,4987.10009765625,4983.89990234375,4987.10009765625,43,0.0,0.0
2026-02-06 13:38:00-05:00,4987.10009765625,4989.89990234375,4987.10009765625,4988.60009765625,88,0.0,0.0
2026-02-06 13:39:00-05:00,4988.7998046875,4989.2001953125,4987.60009765625,4988.39990234375,31,0.0,0.0
2026-02-06 13:40:00-05:00,4989.10009765625,4989.10009765625,4985.7001953125,4987.0,54,0.0,0.0
2026-02-06 13:41:00-05:00,4986.5,4987.0,4986.2998046875,4987.0,17,0.0,0.0
2026-02-06 13:42:00-05:00,4987.0,4988.2001953125,4986.60009765625,4988.2001953125,22,0.0,0.0
2026-02-06 13:43:00-05:00,4987.7001953125,4988.39990234375,4987.39990234375,4987.7001953125,11,0.0,0.0
2026-02-06 13:44:00-05:00,4987.7998046875,4988.5,4987.7998046875,4988.2001953125,6,0.0,0.0
2026-02-06 13:45:00-05:00,4987.5,4989.2998046875,4986.0,4988.39990234375,89,0.0,0.0
2026-02-06 13:46:00-05:00,4988.60009765625,4989.39990234375,4988.2001953125,4988.39990234375,37,0.0,0.0
2026-02-06 13:47:00-05:00,4988.7001953125,4990.2998046875,4988.2001953125,4988.2001953125,66,0.0,0.0
2026-02-06 13:48:00-05:00,4988.5,4991.2998046875,4988.10009765625,4988.10009765625,44,0.0,0.0
2026-02-06 13:49:00-05:00,4989.39990234375,4990.39990234375,4987.2998046875,4990.39990234375,52,0.0,0.0
2026-02-06 13:50:00-05:00,4989.7998046875,4992.2001953125,4989.7998046875,4990.60009765625,42,0.0,0.0
2026-02-06 13:51:00-05:00,4991.60009765625,4991.60009765625,4988.60009765625,4989.2998046875,20,0.0,0.0
2026-02-06 13:52:00-05:00,4988.7001953125,4988.7001953125,4987.7001953125,4988.10009765625,13,0.0,0.0
2026-02-06 13:53:00-05:00,4988.39990234375,4988.5,4987.0,4988.39990234375,39,0.0,0.0
2026-02-06 13:54:00-05:00,4988.89990234375,4989.7998046875,4988.2001953125,4989.39990234375,32,0.0,0.0
2026-02-06 13:55:00-05:00,4989.2998046875,4990.39990234375,4988.7001953125,4989.39990234375,41,0.0,0.0
2026-02-06 13:56:00-05:00,4989.0,4989.7001953125,4986.7998046875,4988.2001953125,58,0.0,0.0
2026-02-06 13:57:00-05:00,4988.2001953125,4988.89990234375,4985.5,4985.89990234375,39,0.0,0.0
2026-02-06 13:58:00-05:00,4985.2998046875,4985.7998046875,4984.2998046875,4985.0,28,0.0,0.0
2026-02-06 13:59:00-05:00,4984.7998046875,4986.2998046875,4984.0,4986.2998046875,45,0.0,0.0
2026-02-06 14:00:00-05:00,4986.2998046875,4987.0,4985.10009765625,4986.10009765625,95,0.0,0.0
2026-02-06 14:01:00-05:00,4986.2001953125,4986.60009765625,4985.10009765625,4985.39990234375,33,0.0,0.0
2026-02-06 14:02:00-05:00,4986.0,4986.0,4984.2998046875,4985.7998046875,52,0.0,0.0
2026-02-06 14:03:00-05:00,4985.10009765625,4985.39990234375,4983.39990234375,4983.39990234375,44,0.0,0.0
2026-02-06 14:04:00-05:00,4984.0,4984.2001953125,4983.39990234375,4984.0,31,0.0,0.0
2026-02-06 14:05:00-05:00,4983.60009765625,4984.5,4983.10009765625,4983.10009765625,34,0.0,0.0
2026-02-06 14:06:00-05:00,4982.89990234375,4983.2001953125,4979.7001953125,4982.2998046875,81,0.0,0.0
2026-02-06 14:07:00-05:00,4981.5,4982.60009765625,4981.5,4982.5,18,0.0,0.0
2026-02-06 14:08:00-05:00,4982.5,4983.5,4982.2998046875,4983.2001953125,32,0.0,0.0
2026-02-06 14:09:00-05:00,4982.7998046875,4982.7998046875,4981.2998046875,4982.10009765625,30,0.0,0.0
2026-02-06 14:10:00-05:00,4980.89990234375,4981.2001953125,4979.89990234375,4980.5,49,0.0,0.0
2026-02-06 14:11:00-05:00,4980.10009765625,4980.10009765625,4976.89990234375,4980.0,68,0.0,0.0
2026-02-06 14:12:00-05:00,4979.2001953125,4979.5,4977.89990234375,4978.7998046875,27,0.0,0.0
2026-02-06 14:13:00-05:00,4979.0,4981.7998046875,4978.60009765625,4981.7998046875,51,0.0,0.0
2026-02-06 14:14:00-05:00,4981.60009765625,4983.10009765625,4981.39990234375,4982.2001953125,31,0.0,0.0
2026-02-06 14:15:00-05:00,4982.2001953125,4983.10009765625,4982.2001953125,4982.39990234375,44,0.0,0.0
2026-02-06 14:16:00-05:00,4983.2998046875,4984.2001953125,4982.0,4982.0,29,0.0,0.0
2026-02-06 14:17:00-05:00,4981.60009765625,4983.7998046875,4981.60009765625,4983.7998046875,28,0.0,0.0
2026-02-06 14:18:00-05:00,4984.5,4985.10009765625,4980.60009765625,4982.60009765625,107,0.0,0.0
2026-02-06 14:19:00-05:00,4982.2001953125,4983.0,4981.2998046875,4981.60009765625,53,0.0,0.0
2026-02-06 14:20:00-05:00,4981.2998046875,4984.39990234375,4981.2001953125,4982.39990234375,184,0.0,0.0
2026-02-06 14:21:00-05:00,4982.89990234375,4983.2998046875,4981.60009765625,4982.2001953125,28,0.0,0.0
2026-02-06 14:22:00-05:00,4982.2998046875,4983.89990234375,4982.2001953125,4983.2001953125,23,0.0,0.0
2026-02-06 14:23:00-05:00,4982.7998046875,4983.60009765625,4982.2001953125,4983.2998046875,34,0.0,0.0
2026-02-06 14:24:00-05:00,4983.2998046875,4983.2998046875,4982.5,4982.5,16,0.0,0.0
2026-02-06 14:25:00-05:00,4983.0,4983.39990234375,4982.2998046875,4982.5,54,0.0,0.0
2026-02-06 14:26:00-05:00,4982.2001953125,4984.5,4981.7998046875,4983.89990234375,76,0.0,0.0
2026-02-06 14:27:00-05:00,4984.2001953125,4984.2001953125,4983.2001953125,4983.2001953125,19,0.0,0.0
2026-02-06 14:28:00-05:00,4983.0,4983.0,4981.7001953125,4981.89990234375,16,0.0,0.0
2026-02-06 14:29:00-05:00,4981.89990234375,4981.89990234375,4980.7998046875,4980.7998046875,25,0.0,0.0
2026-02-06 14:30:00-05:00,4980.7998046875,4980.7998046875,4978.2001953125,4979.89990234375,65,0.0,0.0
2026-02-06 14:31:00-05:00,4979.89990234375,4980.60009765625,4978.10009765625,4978.10009765625,34,0.0,0.0
2026-02-06 14:32:00-05:00,4977.5,4981.7001953125,4977.5,4980.60009765625,46,0.0,0.0
2026-02-06 14:33:00-05:00,4981.2998046875,4982.5,4980.2001953125,4980.60009765625,36,0.0,0.0
2026-02-06 14:34:00-05:00,4980.89990234375,4980.89990234375,4978.7998046875,4979.60009765625,25,0.0,0.0
2026-02-06 14:35:00-05:00,4978.39990234375,4979.2998046875,4977.39990234375,4978.39990234375,24,0.0,0.0
2026-02-06 14:36:00-05:00,4978.2001953125,4978.2001953125,4977.0,4977.0,55,0.0,0.0
2026-02-06 14:37:00-05:00,4977.39990234375,4979.2001953125,4977.39990234375,4977.89990234375,19,0.0,0.0
2026-02-06 14:38:00-05:00,4977.39990234375,4977.5,4971.7998046875,4973.7001953125,160,0.0,0.0
2026-02-06 14:39:00-05:00,4974.2998046875,4976.5,4973.60009765625,4976.10009765625,55,0.0,0.0
2026-02-06 14:40:00-05:00,4975.7001953125,4975.89990234375,4973.0,4973.5,57,0.0,0.0
2026-02-06 14:41:00-05:00,4973.89990234375,4976.39990234375,4973.2001953125,4975.7998046875,66,0.0,0.0
2026-02-06 14:42:00-05:00,4975.60009765625,4976.5,4974.5,4975.0,26,0.0,0.0
2026-02-06 14:43:00-05:00,4975.5,4976.60009765625,4975.0,4975.5,67,0.0,0.0
2026-02-06 14:44:00-05:00,4975.89990234375,4976.39990234375,4975.7001953125,4975.7001953125,19,0.0,0.0
2026-02-06 14:45:00-05:00,4975.2998046875,4978.0,4975.2001953125,4977.7998046875,40,0.0,0.0
2026-02-06 14:46:00-05:00,4978.0,4980.2001953125,4978.0,4978.7001953125,65,0.0,0.0
2026-02-06 14:47:00-05:00,4979.60009765625,4982.39990234375,4979.0,4981.7001953125,80,0.0,0.0
2026-02-06 14:48:00-05:00,4981.7001953125,4985.2998046875,4981.2998046875,4984.89990234375,126,0.0,0.0
2026-02-06 14:49:00-05:00,4984.89990234375,4985.89990234375,4984.2998046875,4985.2998046875,72,0.0,0.0
2026-02-06 14:50:00-05:00,4985.0,4987.0,4983.7998046875,4984.60009765625,168,0.0,0.0
2026-02-06 14:51:00-05:00,4983.89990234375,4985.0,4982.60009765625,4984.39990234375,72,0.0,0.0
2026-02-06 14:52:00-05:00,4984.2998046875,4984.7998046875,4983.5,4984.7998046875,16,0.0,0.0
2026-02-06 14:53:00-05:00,4984.89990234375,4985.7998046875,4984.2998046875,4985.7001953125,30,0.0,0.0
2026-02-06 14:54:00-05:00,4985.7001953125,4986.0,4984.39990234375,4984.89990234375,26,0.0,0.0
2026-02-06 14:55:00-05:00,4985.0,4985.60009765625,4983.5,4983.5,37,0.0,0.0
2026-02-06 14:56:00-05:00,4983.5,4983.7001953125,4981.89990234375,4981.89990234375,38,0.0,0.0
2026-02-06 14:57:00-05:00,4982.7001953125,4983.5,4980.89990234375,4982.39990234375,71,0.0,0.0
2026-02-06 14:58:00-05:00,4982.10009765625,4982.10009765625,4980.0,4981.10009765625,50,0.0,0.0
2026-02-06 14:59:00-05:00,4981.2001953125,4982.2001953125,4980.5,4980.7001953125,26,0.0,0.0
2026-02-06 15:00:00-05:00,4980.39990234375,4982.60009765625,4979.0,4980.0,91,0.0,0.0
2026-02-06 15:01:00-05:00,4980.10009765625,4980.2001953125,4976.0,4976.2998046875,47,0.0,0.0
2026-02-06 15:02:00-05:00,4976.5,4977.89990234375,4974.39990234375,4975.2001953125,62,0.0,0.0
2026-02-06 15:03:00-05:00,4975.2001953125,4979.7001953125,4975.10009765625,4979.7001953125,25,0.0,0.0
2026-02-06 15:04:00-05:00,4979.60009765625,4980.10009765625,4978.39990234375,4979.2998046875,26,0.0,0.0
2026-02-06 15:05:00-05:00,4979.7998046875,4981.2001953125,4979.7001953125,4981.0,23,0.0,0.0
2026-02-06 15:06:00-05:00,4981.10009765625,4983.0,4980.7001953125,4980.7001953125,53,0.0,0.0
2026-02-06 15:07:00-05:00,4980.7001953125,4980.7001953125,4979.2001953125,4980.60009765625,35,0.0,0.0
2026-02-06 15:08:00-05:00,4980.60009765625,4981.10009765625,4979.60009765625,4980.0,23,0.0,0.0
2026-02-06 15:09:00-05:00,4979.7998046875,4981.2998046875,4978.7998046875,4979.2998046875,27,0.0,0.0
2026-02-06 15:10:00-05:00,4978.5,4978.5,4976.39990234375,4976.5,67,0.0,0.0
2026-02-06 15:11:00-05:00,4976.0,4976.7998046875,4975.39990234375,4975.39990234375,27,0.0,0.0
2026-02-06 15:12:00-05:00,4975.7998046875,4976.7001953125,4975.39990234375,4976.10009765625,16,0.0,0.0
2026-02-06 15:13:00-05:00,4976.60009765625,4977.2998046875,4975.89990234375,4977.2998046875,50,0.0,0.0
2026-02-06 15:14:00-05:00,4977.2001953125,4977.2001953125,4973.7998046875,4977.0,68,0.0,0.0
2026-02-06 15:15:00-05:00,4977.10009765625,4977.10009765625,4975.2001953125,4976.5,37,0.0,0.0
2026-02-06 15:16:00-05:00,4977.10009765625,4977.10009765625,4972.2998046875,4973.2998046875,116,0.0,0.0
2026-02-06 15:17:00-05:00,4972.0,4974.39990234375,4970.0,4974.39990234375,97,0.0,0.0
2026-02-06 15:18:00-05:00,4974.2998046875,4975.60009765625,4972.7001953125,4975.10009765625,96,0.0,0.0
2026-02-06 15:19:00-05:00,4974.2001953125,4977.2998046875,4974.2001953125,4976.60009765625,43,0.0,0.0
2026-02-06 15:20:00-05:00,4977.39990234375,4981.39990234375,4976.39990234375,4980.2001953125,184,0.0,0.0
2026-02-06 15:21:00-05:00,4979.7998046875,4980.2998046875,4977.2001953125,4977.60009765625,56,0.0,0.0
2026-02-06 15:22:00-05:00,4977.60009765625,4977.60009765625,4976.0,4976.2001953125,26,0.0,0.0
2026-02-06 15:23:00-05:00,4976.2001953125,4978.10009765625,4974.10009765625,4977.60009765625,51,0.0,0.0
2026-02-06 15:24:00-05:00,4977.7001953125,4979.2998046875,4975.7001953125,4976.2001953125,43,0.0,0.0
2026-02-06 15:25:00-05:00,4976.2001953125,4978.10009765625,4976.2001953125,4977.7998046875,29,0.0,0.0
2026-02-06 15:26:00-05:00,4978.10009765625,4980.7001953125,4978.10009765625,4980.7001953125,20,0.0,0.0
2026-02-06 15:27:00-05:00,4980.0,4980.10009765625,4978.60009765625,4978.60009765625,51,0.0,0.0
2026-02-06 15:28:00-05:00,4978.2998046875,4978.2998046875,4977.60009765625,4977.89990234375,30,0.0,0.0
2026-02-06 15:29:00-05:00,4977.7998046875,4979.10009765625,4977.7998046875,4979.0,26,0.0,0.0
2026-02-06 15:30:00-05:00,4979.0,4979.0,4971.7001953125,4971.7001953125,135,0.0,0.0
2026-02-06 15:31:00-05:00,4972.0,4974.2001953125,4972.0,4972.89990234375,22,0.0,0.0
2026-02-06 15:32:00-05:00,4973.5,4973.60009765625,4973.10009765625,4973.10009765625,28,0.0,0.0
2026-02-06 15:33:00-05:00,4972.7998046875,4973.0,4964.10009765625,4967.60009765625,245,0.0,0.0
2026-02-06 15:34:00-05:00,4967.7001953125,4968.60009765625,4965.89990234375,4966.89990234375,93,0.0,0.0
2026-02-06 15:35:00-05:00,4966.60009765625,4967.0,4964.5,4965.2001953125,96,0.0,0.0
2026-02-06 15:36:00-05:00,4965.89990234375,4966.0,4960.39990234375,4962.7001953125,186,0.0,0.0
2026-02-06 15:37:00-05:00,4961.7998046875,4964.60009765625,4961.60009765625,4963.2001953125,87,0.0,0.0
2026-02-06 15:38:00-05:00,4963.7001953125,4964.2001953125,4963.39990234375,4963.5,36,0.0,0.0
2026-02-06 15:39:00-05:00,4964.0,4967.2998046875,4963.89990234375,4967.2998046875,54,0.0,0.0
2026-02-06 15:40:00-05:00,4967.2998046875,4972.89990234375,4966.2998046875,4972.2998046875,163,0.0,0.0
2026-02-06 15:41:00-05:00,4971.5,4973.39990234375,4971.5,4971.89990234375,86,0.0,0.0
2026-02-06 15:42:00-05:00,4972.39990234375,4974.60009765625,4972.39990234375,4972.7998046875,38,0.0,0.0
2026-02-06 15:43:00-05:00,4973.0,4973.7001953125,4972.5,4972.5,67,0.0,0.0
2026-02-06 15:44:00-05:00,4973.0,4973.0,4967.5,4967.89990234375,119,0.0,0.0
2026-02-06 15:45:00-05:00,4967.89990234375,4969.5,4966.39990234375,4966.5,74,0.0,0.0
2026-02-06 15:46:00-05:00,4966.2998046875,4968.5,4966.0,4968.2998046875,45,0.0,0.0
2026-02-06 15:47:00-05:00,4968.5,4968.5,4965.0,4965.7998046875,43,0.0,0.0
2026-02-06 15:48:00-05:00,4965.89990234375,4967.2001953125,4964.5,4965.89990234375,61,0.0,0.0
2026-02-06 15:49:00-05:00,4966.39990234375,4968.2998046875,4964.10009765625,4967.7001953125,31,0.0,0.0
2026-02-06 15:50:00-05:00,4967.2001953125,4972.5,4967.10009765625,4972.2998046875,71,0.0,0.0
2026-02-06 15:51:00-05:00,4972.0,4975.0,4971.7998046875,4974.2001953125,69,0.0,0.0
2026-02-06 15:52:00-05:00,4974.89990234375,4977.7001953125,4973.2001953125,4977.10009765625,194,0.0,0.0
2026-02-06 15:53:00-05:00,4976.60009765625,4977.5,4975.2001953125,4977.0,82,0.0,0.0
2026-02-06 15:54:00-05:00,4976.2998046875,4976.39990234375,4974.2001953125,4974.89990234375,95,0.0,0.0
2026-02-06 15:55:00-05:00,4974.89990234375,4976.0,4970.2998046875,4975.7001953125,245,0.0,0.0
2026-02-06 15:56:00-05:00,4975.39990234375,4976.89990234375,4974.7998046875,4976.60009765625,68,0.0,0.0
2026-02-06 15:57:00-05:00,4976.10009765625,4976.89990234375,4974.7998046875,4974.7998046875,78,0.0,0.0
2026-02-06 15:58:00-05:00,4975.39990234375,4976.10009765625,4973.0,4973.2998046875,139,0.0,0.0
2026-02-06 15:59:00-05:00,4973.5,4978.0,4973.2998046875,4977.2001953125,229,0.0,0.0
2026-02-06 16:00:00-05:00,4977.2001953125,4978.7998046875,4972.7998046875,4974.2001953125,171,0.0,0.0
2026-02-06 16:01:00-05:00,4974.0,4974.39990234375,4973.0,4973.2998046875,30,0.0,0.0
2026-02-06 16:02:00-05:00,4974.0,4975.60009765625,4973.60009765625,4975.0,63,0.0,0.0
2026-02-06 16:03:00-05:00,4975.2001953125,4975.2001953125,4974.0,4974.10009765625,11,0.0,0.0
2026-02-06 16:04:00-05:00,4974.2998046875,4975.0,4974.2998046875,4975.0,73,0.0,0.0
2026-02-06 16:05:00-05:00,4975.2998046875,4978.0,4975.2998046875,4977.89990234375,25,0.0,0.0
2026-02-06 16:06:00-05:00,4977.5,4980.7998046875,4977.0,4980.7998046875,51,0.0,0.0
2026-02-06 16:07:00-05:00,4981.2998046875,4981.5,4980.89990234375,4980.89990234375,18,0.0,0.0
2026-02-06 16:08:00-05:00,4980.89990234375,4980.89990234375,4978.60009765625,4979.2998046875,17,0.0,0.0
2026-02-06 16:09:00-05:00,4979.39990234375,4979.39990234375,4976.7998046875,4976.89990234375,14,0.0,0.0
2026-02-06 16:10:00-05:00,4977.7001953125,4979.5,4977.60009765625,4979.39990234375,40,0.0,0.0
2026-02-06 16:11:00-05:00,4978.7998046875,4979.10009765625,4977.0,4977.7998046875,32,0.0,0.0
2026-02-06 16:12:00-05:00,4977.10009765625,4977.10009765625,4970.10009765625,4971.7001953125,87,0.0,0.0
2026-02-06 16:13:00-05:00,4971.2998046875,4973.2998046875,4971.2998046875,4973.2998046875,13,0.0,0.0
2026-02-06 16:14:00-05:00,4972.5,4974.10009765625,4972.10009765625,4973.2001953125,23,0.0,0.0
2026-02-06 16:15:00-05:00,4973.7998046875,4974.5,4972.10009765625,4972.2998046875,57,0.0,0.0
2026-02-06 16:16:00-05:00,4971.39990234375,4973.2998046875,4971.39990234375,4972.7001953125,29,0.0,0.0
2026-02-06 16:17:00-05:00,4972.7001953125,4972.7998046875,4971.89990234375,4972.7998046875,17,0.0,0.0
2026-02-06 16:18:00-05:00,4972.0,4972.2001953125,4971.60009765625,4971.60009765625,10,0.0,0.0
2026-02-06 16:19:00-05:00,4971.5,4973.89990234375,4971.10009765625,4973.89990234375,13,0.0,0.0
2026-02-06 16:20:00-05:00,4973.7001953125,4974.2998046875,4973.2001953125,4974.2001953125,11,0.0,0.0
2026-02-06 16:21:00-05:00,4974.5,4974.89990234375,4973.2998046875,4974.0,8,0.0,0.0
2026-02-06 16:22:00-05:00,4973.60009765625,4973.7001953125,4972.7998046875,4973.7001953125,14,0.0,0.0
2026-02-06 16:23:00-05:00,4974.10009765625,4974.10009765625,4972.7998046875,4973.5,21,0.0,0.0
2026-02-06 16:24:00-05:00,4974.0,4974.0,4974.0,4974.0,1,0.0,0.0
2026-02-06 16:37:00-05:00,4982.7998046875,4983.5,4982.7998046875,4983.5,410,0.0,0.0
2026-02-06 16:38:00-05:00,4983.7001953125,4987.2001953125,4983.60009765625,4987.2001953125,47,0.0,0.0
2026-02-06 16:39:00-05:00,4987.2998046875,4988.0,4984.39990234375,4985.0,73,0.0,0.0
2026-02-06 16:40:00-05:00,4985.89990234375,4986.2998046875,4983.2001953125,4984.39990234375,50,0.0,0.0
2026-02-06 16:41:00-05:00,4984.5,4986.10009765625,4982.7001953125,4985.7998046875,75,0.0,0.0
2026-02-06 16:42:00-05:00,4985.89990234375,4986.2998046875,4982.7998046875,4984.7998046875,53,0.0,0.0
2026-02-06 16:43:00-05:00,4984.89990234375,4984.89990234375,4982.39990234375,4983.7001953125,32,0.0,0.0
2026-02-06 16:44:00-05:00,4983.7001953125,4985.2998046875,4983.7001953125,4984.0,63,0.0,0.0
2026-02-06 16:45:00-05:00,4983.60009765625,4983.7998046875,4982.10009765625,4982.2998046875,41,0.0,0.0
2026-02-06 16:46:00-05:00,4982.89990234375,4984.0,4981.2001953125,4982.39990234375,41,0.0,0.0
2026-02-06 16:47:00-05:00,4981.7998046875,4983.0,4981.10009765625,4983.0,19,0.0,0.0
2026-02-06 16:48:00-05:00,4984.39990234375,4984.39990234375,4982.39990234375,4982.39990234375,13,0.0,0.0
2026-02-06 16:49:00-05:00,4982.5,4984.39990234375,4981.5,4984.39990234375,59,0.0,0.0
2026-02-06 16:50:00-05:00,4984.10009765625,4984.39990234375,4983.2001953125,4984.2998046875,40,0.0,0.0
2026-02-06 16:51:00-05:00,4983.89990234375,4984.2001953125,4982.2998046875,4984.2001953125,40,0.0,0.0
2026-02-06 16:52:00-05:00,4984.5,4985.5,4984.39990234375,4985.5,26,0.0,0.0
2026-02-06 16:53:00-05:00,4986.39990234375,4987.60009765625,4986.39990234375,4986.7998046875,27,0.0,0.0
2026-02-06 16:54:00-05:00,4986.7001953125,4988.0,4986.2998046875,4988.0,62,0.0,0.0
2026-02-06 16:55:00-05:00,4987.39990234375,4988.0,4985.39990234375,4987.7998046875,50,0.0,0.0
2026-02-06 16:56:00-05:00,4987.7001953125,4990.0,4986.2001953125,4989.2001953125,131,0.0,0.0
2026-02-06 16:57:00-05:00,4989.7998046875,4991.0,4988.0,4990.39990234375,63,0.0,0.0
2026-02-06 16:58:00-05:00,4991.0,4992.10009765625,4988.7001953125,4988.89990234375,29,0.0,0.0
2026-02-06 16:59:00-05:00,4988.60009765625,4990.2001953125,4979.7998046875,4979.7998046875,68,0.0,0.0
2026-02-08 18:10:00-05:00,5000.0,5001.0,4993.2998046875,4999.2998046875,0,0.0,0.0
2026-02-08 18:11:00-05:00,4998.0,5006.2998046875,4997.7998046875,5006.2998046875,121,0.0,0.0
2026-02-08 18:12:00-05:00,5005.60009765625,5008.7001953125,4997.7001953125,4998.2001953125,138,0.0,0.0
2026-02-08 18:13:00-05:00,4997.7001953125,4999.39990234375,4994.0,4994.0,80,0.0,0.0
2026-02-08 18:14:00-05:00,4993.0,5004.0,4991.2998046875,5004.0,89,0.0,0.0
2026-02-08 18:15:00-05:00,5004.2998046875,5007.7001953125,5000.89990234375,5003.2998046875,138,0.0,0.0
2026-02-08 18:16:00-05:00,5003.0,5007.5,5001.89990234375,5005.0,65,0.0,0.0
2026-02-08 18:17:00-05:00,5004.10009765625,5010.89990234375,5004.10009765625,5004.89990234375,123,0.0,0.0
2026-02-08 18:18:00-05:00,5005.2001953125,5014.89990234375,5005.2001953125,5012.7001953125,129,0.0,0.0
2026-02-08 18:19:00-05:00,5012.60009765625,5013.10009765625,5008.2998046875,5011.2998046875,72,0.0,0.0
2026-02-08 18:20:00-05:00,5011.2998046875,5014.2001953125,5011.0,5013.60009765625,49,0.0,0.0
2026-02-08 18:21:00-05:00,5013.7001953125,5014.5,5011.39990234375,5012.0,82,0.0,0.0
2026-02-08 18:22:00-05:00,5013.5,5018.89990234375,5013.2998046875,5015.39990234375,181,0.0,0.0
2026-02-08 18:23:00-05:00,5016.0,5019.0,5014.7001953125,5018.2001953125,59,0.0,0.0
2026-02-08 18:24:00-05:00,5018.0,5022.2001953125,5016.2998046875,5020.7998046875,154,0.0,0.0
2026-02-08 18:25:00-05:00,5021.7998046875,5032.7001953125,5020.39990234375,5032.2001953125,369,0.0,0.0
2026-02-08 18:26:00-05:00,5032.39990234375,5040.7998046875,5031.7998046875,5036.2998046875,431,0.0,0.0
2026-02-08 18:27:00-05:00,5036.2998046875,5040.10009765625,5033.2998046875,5040.10009765625,196,0.0,0.0
2026-02-08 18:28:00-05:00,5038.7001953125,5049.10009765625,5035.7001953125,5046.5,273,0.0,0.0
2026-02-08 18:29:00-05:00,5046.5,5048.39990234375,5040.2001953125,5046.7998046875,200,0.0,0.0
2026-02-08 18:30:00-05:00,5046.10009765625,5050.7998046875,5041.7001953125,5050.0,311,0.0,0.0
2026-02-08 18:31:00-05:00,5049.60009765625,5050.2001953125,5042.5,5049.2001953125,249,0.0,0.0
2026-02-08 18:32:00-05:00,5048.5,5058.39990234375,5046.2001953125,5058.2998046875,362,0.0,0.0
2026-02-08 18:33:00-05:00,5058.0,5067.2998046875,5056.2998046875,5061.0,506,0.0,0.0
2026-02-08 18:34:00-05:00,5060.89990234375,5062.5,5056.5,5057.10009765625,135,0.0,0.0
2026-02-08 18:35:00-05:00,5057.0,5058.10009765625,5044.2998046875,5052.2001953125,251,0.0,0.0
2026-02-08 18:36:00-05:00,5052.89990234375,5056.60009765625,5052.7001953125,5056.60009765625,108,0.0,0.0
2026-02-08 18:37:00-05:00,5055.89990234375,5063.89990234375,5055.89990234375,5063.7998046875,118,0.0,0.0
2026-02-08 18:38:00-05:00,5063.5,5065.0,5062.2998046875,5063.60009765625,60,0.0,0.0
2026-02-08 18:39:00-05:00,5061.7998046875,5061.7998046875,5057.0,5057.7998046875,98,0.0,0.0
2026-02-08 18:40:00-05:00,5057.39990234375,5065.0,5057.2998046875,5065.0,60,0.0,0.0
2026-02-08 18:41:00-05:00,5064.5,5064.5,5060.60009765625,5060.89990234375,56,0.0,0.0
2026-02-08 18:42:00-05:00,5061.7001953125,5063.60009765625,5060.2001953125,5062.5,43,0.0,0.0
2026-02-08 18:43:00-05:00,5063.2998046875,5063.5,5055.39990234375,5056.5,75,0.0,0.0
2026-02-08 18:44:00-05:00,5056.0,5064.0,5053.39990234375,5062.5,106,0.0,0.0
2026-02-08 18:45:00-05:00,5062.7001953125,5065.7001953125,5055.5,5055.89990234375,97,0.0,0.0
2026-02-08 18:46:00-05:00,5055.89990234375,5058.5,5055.7001953125,5056.39990234375,28,0.0,0.0
2026-02-08 18:47:00-05:00,5056.89990234375,5059.10009765625,5056.2001953125,5058.10009765625,38,0.0,0.0
2026-02-08 18:48:00-05:00,5058.7001953125,5062.2998046875,5058.2001953125,5061.0,85,0.0,0.0
2026-02-08 18:49:00-05:00,5061.39990234375,5069.0,5060.7998046875,5066.7998046875,131,0.0,0.0
2026-02-08 18:50:00-05:00,5066.7998046875,5066.7998046875,5057.2001953125,5059.89990234375,69,0.0,0.0
2026-02-08 18:51:00-05:00,5060.2001953125,5064.0,5060.2001953125,5063.89990234375,75,0.0,0.0
2026-02-08 18:52:00-05:00,5063.5,5066.2001953125,5059.2001953125,5060.10009765625,129,0.0,0.0
2026-02-08 18:53:00-05:00,5059.60009765625,5063.89990234375,5057.7001953125,5063.10009765625,66,0.0,0.0
2026-02-08 18:54:00-05:00,5060.89990234375,5063.60009765625,5060.2998046875,5062.5,38,0.0,0.0
2026-02-08 18:55:00-05:00,5063.2998046875,5064.7001953125,5061.89990234375,5063.2998046875,38,0.0,0.0
2026-02-08 18:56:00-05:00,5064.7001953125,5066.2998046875,5063.2001953125,5065.2001953125,38,0.0,0.0
2026-02-08 18:57:00-05:00,5065.2001953125,5069.0,5063.0,5063.0,60,0.0,0.0
2026-02-08 18:58:00-05:00,5063.0,5063.2001953125,5060.7001953125,5060.7001953125,29,0.0,0.0
2026-02-08 18:59:00-05:00,5060.39990234375,5060.39990234375,5055.7001953125,5057.39990234375,49,0.0,0.0
2026-02-08 19:00:00-05:00,5057.5,5058.7001953125,5049.10009765625,5050.5,137,0.0,0.0
2026-02-08 19:01:00-05:00,5050.5,5057.5,5050.5,5055.2001953125,67,0.0,0.0
2026-02-08 19:02:00-05:00,5055.10009765625,5055.7998046875,5050.89990234375,5054.0,60,0.0,0.0
2026-02-08 19:03:00-05:00,5056.60009765625,5057.10009765625,5050.7001953125,5050.7001953125,49,0.0,0.0
2026-02-08 19:04:00-05:00,5052.2998046875,5053.7001953125,5046.0,5048.7001953125,119,0.0,0.0
2026-02-08 19:05:00-05:00,5049.5,5058.0,5046.60009765625,5058.0,51,0.0,0.0
2026-02-08 19:06:00-05:00,5056.5,5058.39990234375,5051.7001953125,5055.60009765625,81,0.0,0.0
2026-02-08 19:07:00-05:00,5056.39990234375,5065.0,5055.7998046875,5061.2998046875,102,0.0,0.0
2026-02-08 19:08:00-05:00,5062.7998046875,5066.10009765625,5060.7998046875,5064.2001953125,101,0.0,0.0
2026-02-08 19:09:00-05:00,5066.10009765625,5068.0,5056.89990234375,5056.89990234375,80,0.0,0.0
2026-02-08 19:10:00-05:00,5057.2001953125,5058.0,5052.0,5056.39990234375,61,0.0,0.0
2026-02-08 19:11:00-05:00,5056.5,5057.2001953125,5050.10009765625,5052.2001953125,67,0.0,0.0
2026-02-08 19:12:00-05:00,5052.7998046875,5056.60009765625,5050.0,5055.2998046875,134,0.0,0.0
2026-02-08 19:13:00-05:00,5055.7001953125,5055.7001953125,5050.7001953125,5053.2998046875,39,0.0,0.0
2026-02-08 19:14:00-05:00,5053.39990234375,5055.2001953125,5051.10009765625,5051.39990234375,47,0.0,0.0
2026-02-08 19:15:00-05:00,5051.7001953125,5053.2001953125,5043.60009765625,5053.2001953125,172,0.0,0.0
2026-02-08 19:16:00-05:00,5052.7001953125,5062.0,5052.5,5062.0,159,0.0,0.0
2026-02-08 19:17:00-05:00,5062.5,5063.0,5058.7998046875,5062.0,65,0.0,0.0
2026-02-08 19:18:00-05:00,5061.60009765625,5062.2998046875,5057.60009765625,5062.2001953125,85,0.0,0.0
2026-02-08 19:19:00-05:00,5062.2998046875,5062.7001953125,5054.0,5057.60009765625,71,0.0,0.0
2026-02-08 19:20:00-05:00,5057.2001953125,5060.0,5055.2001953125,5056.39990234375,64,0.0,0.0
2026-02-08 19:21:00-05:00,5056.0,5057.2998046875,5054.10009765625,5054.7001953125,26,0.0,0.0
2026-02-08 19:22:00-05:00,5055.7998046875,5060.0,5051.5,5052.39990234375,154,0.0,0.0
2026-02-08 19:23:00-05:00,5052.39990234375,5056.10009765625,5051.10009765625,5053.2998046875,74,0.0,0.0
2026-02-08 19:24:00-05:00,5052.7001953125,5057.89990234375,5051.2998046875,5056.2998046875,50,0.0,0.0
2026-02-08 19:25:00-05:00,5056.7001953125,5056.7998046875,5052.89990234375,5052.89990234375,33,0.0,0.0
2026-02-08 19:26:00-05:00,5052.2998046875,5052.39990234375,5050.0,5052.39990234375,50,0.0,0.0
2026-02-08 19:27:00-05:00,5052.7001953125,5052.7001953125,5050.2001953125,5051.5,29,0.0,0.0
2026-02-08 19:28:00-05:00,5051.2001953125,5051.2998046875,5048.0,5049.89990234375,92,0.0,0.0
2026-02-08 19:29:00-05:00,5049.0,5056.89990234375,5049.0,5056.89990234375,55,0.0,0.0
2026-02-08 19:30:00-05:00,5057.7001953125,5058.0,5054.2001953125,5054.2001953125,45,0.0,0.0
2026-02-08 19:31:00-05:00,5054.7998046875,5056.7001953125,5052.5,5052.89990234375,46,0.0,0.0
2026-02-08 19:32:00-05:00,5053.7998046875,5054.0,5051.2998046875,5053.2001953125,21,0.0,0.0
2026-02-08 19:33:00-05:00,5054.39990234375,5059.60009765625,5052.7001953125,5057.10009765625,65,0.0,0.0
2026-02-08 19:34:00-05:00,5056.89990234375,5057.2998046875,5053.0,5053.89990234375,124,0.0,0.0
2026-02-08 19:35:00-05:00,5053.2001953125,5055.0,5052.5,5053.7001953125,30,0.0,0.0
2026-02-08 19:36:00-05:00,5053.2998046875,5055.2001953125,5050.7998046875,5053.7001953125,61,0.0,0.0
2026-02-08 19:37:00-05:00,5054.7001953125,5054.7001953125,5051.39990234375,5051.7998046875,27,0.0,0.0
2026-02-08 19:38:00-05:00,5051.89990234375,5052.2001953125,5047.7998046875,5050.60009765625,43,0.0,0.0
2026-02-08 19:39:00-05:00,5051.5,5051.5,5048.2998046875,5050.7001953125,27,0.0,0.0
2026-02-08 19:40:00-05:00,5052.0,5054.0,5048.2001953125,5049.0,65,0.0,0.0
2026-02-08 19:41:00-05:00,5048.10009765625,5048.5,5041.7998046875,5044.39990234375,88,0.0,0.0
2026-02-08 19:42:00-05:00,5045.5,5045.5,5038.0,5041.2001953125,132,0.0,0.0
2026-02-08 19:43:00-05:00,5041.2001953125,5046.0,5041.2001953125,5044.60009765625,33,0.0,0.0
2026-02-08 19:44:00-05:00,5045.0,5050.2998046875,5045.0,5049.10009765625,55,0.0,0.0
2026-02-08 19:45:00-05:00,5048.89990234375,5049.5,5043.7998046875,5043.7998046875,25,0.0,0.0
2026-02-08 19:46:00-05:00,5044.60009765625,5044.60009765625,5039.2001953125,5041.0,44,0.0,0.0
2026-02-08 19:47:00-05:00,5041.2001953125,5041.7001953125,5039.2998046875,5040.10009765625,29,0.0,0.0
2026-02-08 19:48:00-05:00,5040.39990234375,5040.39990234375,5033.10009765625,5034.7001953125,84,0.0,0.0
2026-02-08 19:49:00-05:00,5035.2998046875,5037.60009765625,5033.2001953125,5034.7998046875,74,0.0,0.0
2026-02-08 19:50:00-05:00,5036.7001953125,5039.2998046875,5035.5,5037.7001953125,52,0.0,0.0
2026-02-08 19:51:00-05:00,5039.2001953125,5044.39990234375,5039.2001953125,5042.7998046875,45,0.0,0.0
2026-02-08 19:52:00-05:00,5044.10009765625,5044.2998046875,5043.2001953125,5044.2001953125,17,0.0,0.0
2026-02-08 19:53:00-05:00,5044.0,5044.0,5039.5,5039.5,24,0.0,0.0
2026-02-08 19:54:00-05:00,5040.7998046875,5044.39990234375,5040.7998046875,5041.5,22,0.0,0.0
2026-02-08 19:55:00-05:00,5042.60009765625,5047.60009765625,5041.89990234375,5046.39990234375,65,0.0,0.0
2026-02-08 19:56:00-05:00,5047.89990234375,5048.10009765625,5043.5,5043.5,29,0.0,0.0
2026-02-08 19:57:00-05:00,5044.89990234375,5047.2998046875,5043.10009765625,5044.2998046875,50,0.0,0.0
2026-02-08 19:58:00-05:00,5044.7998046875,5044.7998046875,5042.0,5042.0,27,0.0,0.0
2026-02-08 19:59:00-05:00,5041.7001953125,5043.0,5039.10009765625,5041.2001953125,48,0.0,0.0
2026-02-08 20:00:00-05:00,5042.10009765625,5052.0,5038.2001953125,5047.0,329,0.0,0.0
2026-02-08 20:01:00-05:00,5048.10009765625,5057.60009765625,5047.0,5056.2001953125,195,0.0,0.0
2026-02-08 20:02:00-05:00,5057.2001953125,5062.0,5052.0,5060.7001953125,250,0.0,0.0
2026-02-08 20:03:00-05:00,5061.0,5064.2001953125,5054.0,5054.0,179,0.0,0.0
2026-02-08 20:04:00-05:00,5056.2001953125,5058.10009765625,5044.0,5047.7001953125,119,0.0,0.0
2026-02-08 20:05:00-05:00,5047.5,5048.60009765625,5036.0,5036.0,167,0.0,0.0
2026-02-08 20:06:00-05:00,5036.10009765625,5044.10009765625,5035.10009765625,5039.5,114,0.0,0.0
2026-02-08 20:07:00-05:00,5039.2001953125,5039.2001953125,5026.2001953125,5033.5,213,0.0,0.0
2026-02-08 20:08:00-05:00,5033.2001953125,5043.7998046875,5029.7998046875,5041.10009765625,116,0.0,0.0
2026-02-08 20:09:00-05:00,5043.0,5043.0,5036.2001953125,5036.5,88,0.0,0.0
2026-02-08 20:10:00-05:00,5037.2998046875,5039.2001953125,5031.7001953125,5034.7001953125,75,0.0,0.0
2026-02-08 20:11:00-05:00,5036.7001953125,5037.10009765625,5030.0,5031.7998046875,85,0.0,0.0
2026-02-08 20:12:00-05:00,5031.60009765625,5036.0,5029.2998046875,5033.39990234375,79,0.0,0.0
2026-02-08 20:13:00-05:00,5034.2001953125,5041.39990234375,5031.10009765625,5040.10009765625,99,0.0,0.0
2026-02-08 20:14:00-05:00,5040.7001953125,5043.2998046875,5036.7001953125,5039.7998046875,141,0.0,0.0
2026-02-08 20:15:00-05:00,5041.2998046875,5045.10009765625,5037.7998046875,5042.7001953125,116,0.0,0.0
2026-02-08 20:16:00-05:00,5043.2998046875,5043.60009765625,5033.7001953125,5034.7001953125,74,0.0,0.0
2026-02-08 20:17:00-05:00,5034.2001953125,5047.7998046875,5034.2001953125,5047.7998046875,95,0.0,0.0
2026-02-08 20:18:00-05:00,5047.89990234375,5051.7001953125,5047.2001953125,5048.60009765625,106,0.0,0.0
2026-02-08 20:19:00-05:00,5049.60009765625,5053.89990234375,5048.2001953125,5051.60009765625,77,0.0,0.0
2026-02-08 20:20:00-05:00,5051.2998046875,5051.2998046875,5043.7001953125,5045.0,136,0.0,0.0
2026-02-08 20:21:00-05:00,5044.10009765625,5047.2001953125,5040.5,5047.2001953125,79,0.0,0.0
2026-02-08 20:22:00-05:00,5046.60009765625,5049.10009765625,5044.5,5046.2998046875,79,0.0,0.0
2026-02-08 20:23:00-05:00,5046.10009765625,5046.7001953125,5041.60009765625,5043.0,50,0.0,0.0
2026-02-08 20:24:00-05:00,5044.2001953125,5044.60009765625,5040.0,5041.2001953125,34,0.0,0.0
2026-02-08 20:25:00-05:00,5041.0,5041.0,5034.0,5035.10009765625,42,0.0,0.0
2026-02-08 20:26:00-05:00,5035.7998046875,5039.5,5034.7001953125,5036.89990234375,58,0.0,0.0
2026-02-08 20:27:00-05:00,5036.7001953125,5040.7001953125,5036.60009765625,5039.2998046875,81,0.0,0.0
2026-02-08 20:28:00-05:00,5039.0,5039.0,5033.0,5033.39990234375,86,0.0,0.0
2026-02-08 20:29:00-05:00,5033.0,5039.10009765625,5030.60009765625,5038.5,51,0.0,0.0
2026-02-08 20:30:00-05:00,5038.39990234375,5043.7001953125,5038.2001953125,5043.2998046875,42,0.0,0.0
2026-02-08 20:31:00-05:00,5043.7001953125,5044.2001953125,5035.0,5035.0,36,0.0,0.0
2026-02-08 20:32:00-05:00,5035.89990234375,5037.2998046875,5019.10009765625,5019.7998046875,148,0.0,0.0
2026-02-08 20:33:00-05:00,5021.60009765625,5029.7998046875,5020.7001953125,5026.39990234375,136,0.0,0.0
2026-02-08 20:34:00-05:00,5027.5,5027.7001953125,5023.2001953125,5023.89990234375,53,0.0,0.0
2026-02-08 20:35:00-05:00,5023.2998046875,5023.60009765625,5015.2001953125,5019.0,176,0.0,0.0
2026-02-08 20:36:00-05:00,5019.89990234375,5019.89990234375,5002.0,5007.89990234375,381,0.0,0.0
2026-02-08 20:37:00-05:00,5008.39990234375,5009.2998046875,5001.7001953125,5004.89990234375,297,0.0,0.0
2026-02-08 20:38:00-05:00,5004.0,5009.10009765625,4997.0,5008.0,239,0.0,0.0
2026-02-08 20:39:00-05:00,5006.7998046875,5010.2998046875,5001.0,5004.39990234375,122,0.0,0.0
2026-02-08 20:40:00-05:00,5005.2998046875,5013.7001953125,5004.5,5013.7001953125,112,0.0,0.0
2026-02-08 20:41:00-05:00,5013.89990234375,5019.2998046875,5012.89990234375,5018.5,166,0.0,0.0
2026-02-08 20:42:00-05:00,5017.7998046875,5021.60009765625,5016.60009765625,5017.7998046875,108,0.0,0.0
2026-02-08 20:43:00-05:00,5018.60009765625,5023.60009765625,5017.60009765625,5023.5,159,0.0,0.0
2026-02-08 20:44:00-05:00,5024.10009765625,5030.7998046875,5022.0,5029.7001953125,172,0.0,0.0
2026-02-08 20:45:00-05:00,5030.0,5033.2998046875,5027.5,5028.39990234375,182,0.0,0.0
2026-02-08 20:46:00-05:00,5028.0,5029.0,5015.60009765625,5017.10009765625,197,0.0,0.0
2026-02-08 20:47:00-05:00,5018.0,5019.39990234375,5013.7001953125,5018.39990234375,95,0.0,0.0
2026-02-08 20:48:00-05:00,5017.60009765625,5020.5,5014.89990234375,5016.7998046875,68,0.0,0.0
2026-02-08 20:49:00-05:00,5016.5,5019.10009765625,5015.0,5016.7998046875,74,0.0,0.0
2026-02-08 20:50:00-05:00,5018.2001953125,5018.2001953125,5014.0,5017.39990234375,46,0.0,0.0
2026-02-08 20:51:00-05:00,5017.60009765625,5018.7001953125,5015.39990234375,5018.7001953125,18,0.0,0.0
2026-02-08 20:52:00-05:00,5018.60009765625,5019.39990234375,5015.60009765625,5018.39990234375,63,0.0,0.0
2026-02-08 20:53:00-05:00,5019.0,5023.10009765625,5015.0,5015.0,130,0.0,0.0
2026-02-08 20:54:00-05:00,5014.10009765625,5015.0,5010.39990234375,5014.0,79,0.0,0.0
2026-02-08 20:55:00-05:00,5014.60009765625,5014.7998046875,5008.5,5011.89990234375,30,0.0,0.0
2026-02-08 20:56:00-05:00,5011.2998046875,5020.0,5011.2998046875,5018.89990234375,38,0.0,0.0
2026-02-08 20:57:00-05:00,5018.2998046875,5018.2998046875,5008.2998046875,5008.2998046875,68,0.0,0.0
2026-02-08 20:58:00-05:00,5009.0,5010.2998046875,5000.5,5001.5,159,0.0,0.0
2026-02-08 20:59:00-05:00,5001.2998046875,5005.89990234375,5000.60009765625,5002.2998046875,64,0.0,0.0
2026-02-08 21:00:00-05:00,5002.39990234375,5002.60009765625,4991.10009765625,4999.5,271,0.0,0.0
2026-02-08 21:01:00-05:00,4999.39990234375,5002.89990234375,4998.60009765625,5001.10009765625,89,0.0,0.0
2026-02-08 21:02:00-05:00,5000.7001953125,5002.2998046875,4993.5,4994.7998046875,168,0.0,0.0
2026-02-08 21:03:00-05:00,4994.7998046875,4994.7998046875,4989.2998046875,4993.2998046875,126,0.0,0.0
2026-02-08 21:04:00-05:00,4993.7998046875,4998.89990234375,4993.7998046875,4998.10009765625,137,0.0,0.0
2026-02-08 21:05:00-05:00,4997.2001953125,5002.7998046875,4996.89990234375,4999.2998046875,133,0.0,0.0
2026-02-08 21:06:00-05:00,5000.5,5005.89990234375,4999.2001953125,5005.89990234375,107,0.0,0.0
2026-02-08 21:07:00-05:00,5006.0,5010.60009765625,5003.7998046875,5010.0,126,0.0,0.0
2026-02-08 21:08:00-05:00,5008.7998046875,5008.7998046875,5004.2998046875,5005.60009765625,29,0.0,0.0
2026-02-08 21:09:00-05:00,5005.2998046875,5011.10009765625,5002.60009765625,5010.7001953125,111,0.0,0.0
2026-02-08 21:10:00-05:00,5009.89990234375,5014.2998046875,5009.2001953125,5014.0,67,0.0,0.0
2026-02-08 21:11:00-05:00,5015.10009765625,5017.7998046875,5013.10009765625,5015.7998046875,42,0.0,0.0
2026-02-08 21:12:00-05:00,5016.39990234375,5016.39990234375,5012.0,5014.10009765625,35,0.0,0.0
2026-02-08 21:13:00-05:00,5014.2998046875,5014.2998046875,5010.7998046875,5010.7998046875,32,0.0,0.0
2026-02-08 21:14:00-05:00,5012.39990234375,5021.5,5012.10009765625,5018.60009765625,154,0.0,0.0
2026-02-08 21:15:00-05:00,5017.89990234375,5017.89990234375,5016.39990234375,5016.39990234375,5,0.0,0.0
2026-02-08 21:16:00-05:00,5016.39990234375,5017.5,5015.5,5017.2001953125,67,0.0,0.0
2026-02-08 21:17:00-05:00,5016.2001953125,5016.2001953125,5010.5,5010.5,54,0.0,0.0
2026-02-08 21:18:00-05:00,5011.60009765625,5011.7001953125,5009.89990234375,5010.39990234375,34,0.0,0.0
2026-02-08 21:19:00-05:00,5009.60009765625,5014.89990234375,5009.60009765625,5012.60009765625,35,0.0,0.0
2026-02-08 21:20:00-05:00,5012.2001953125,5015.89990234375,5012.2001953125,5015.2998046875,20,0.0,0.0
2026-02-08 21:21:00-05:00,5016.0,5020.0,5014.2001953125,5014.2001953125,39,0.0,0.0
2026-02-08 21:22:00-05:00,5015.7998046875,5015.89990234375,5012.0,5012.0,31,0.0,0.0
2026-02-08 21:23:00-05:00,5012.60009765625,5018.2001953125,5012.60009765625,5017.2998046875,42,0.0,0.0
2026-02-08 21:24:00-05:00,5017.2998046875,5019.5,5017.2998046875,5018.5,17,0.0,0.0
2026-02-08 21:25:00-05:00,5017.7001953125,5019.5,5014.7998046875,5019.5,57,0.0,0.0
2026-02-08 21:26:00-05:00,5018.89990234375,5022.0,5018.5,5021.7998046875,36,0.0,0.0
2026-02-08 21:27:00-05:00,5021.2001953125,5022.0,5020.10009765625,5020.60009765625,30,0.0,0.0
2026-02-08 21:28:00-05:00,5020.2998046875,5021.2998046875,5019.5,5019.5,29,0.0,0.0
2026-02-08 21:29:00-05:00,5019.5,5022.2998046875,5018.0,5021.2001953125,84,0.0,0.0
2026-02-08 21:30:00-05:00,5021.0,5021.0,5012.7001953125,5014.7998046875,125,0.0,0.0
2026-02-08 21:31:00-05:00,5015.0,5019.7001953125,5014.39990234375,5019.10009765625,68,0.0,0.0
2026-02-08 21:32:00-05:00,5019.2998046875,5024.7998046875,5018.60009765625,5024.7998046875,72,0.0,0.0
2026-02-08 21:33:00-05:00,5025.0,5027.7001953125,5023.2001953125,5025.89990234375,118,0.0,0.0
2026-02-08 21:34:00-05:00,5025.7001953125,5027.60009765625,5023.10009765625,5024.7998046875,95,0.0,0.0
2026-02-08 21:35:00-05:00,5025.10009765625,5025.10009765625,5021.10009765625,5021.60009765625,53,0.0,0.0
2026-02-08 21:36:00-05:00,5021.5,5023.0,5020.0,5021.0,35,0.0,0.0
2026-02-08 21:37:00-05:00,5021.7998046875,5022.10009765625,5020.5,5020.5,9,0.0,0.0
2026-02-08 21:38:00-05:00,5020.0,5021.60009765625,5017.0,5019.0,57,0.0,0.0
2026-02-08 21:39:00-05:00,5019.39990234375,5020.7001953125,5018.89990234375,5019.89990234375,29,0.0,0.0
2026-02-08 21:40:00-05:00,5019.7001953125,5019.7001953125,5010.0,5011.0,155,0.0,0.0
2026-02-08 21:41:00-05:00,5013.0,5016.39990234375,5012.0,5012.0,54,0.0,0.0
2026-02-08 21:42:00-05:00,5011.39990234375,5016.7998046875,5009.60009765625,5015.39990234375,124,0.0,0.0
2026-02-08 21:43:00-05:00,5016.5,5018.2998046875,5010.89990234375,5014.5,83,0.0,0.0
2026-02-08 21:44:00-05:00,5015.7998046875,5019.2001953125,5014.0,5017.2998046875,103,0.0,0.0
2026-02-08 21:45:00-05:00,5017.39990234375,5018.39990234375,5015.0,5015.0,70,0.0,0.0
2026-02-08 21:46:00-05:00,5014.89990234375,5015.10009765625,5009.89990234375,5012.7998046875,87,0.0,0.0
2026-02-08 21:47:00-05:00,5013.89990234375,5014.0,5005.7998046875,5007.2998046875,92,0.0,0.0
2026-02-08 21:48:00-05:00,5008.10009765625,5014.89990234375,5008.10009765625,5014.89990234375,49,0.0,0.0
2026-02-08 21:49:00-05:00,5015.89990234375,5018.0,5013.89990234375,5016.5,108,0.0,0.0
2026-02-08 21:50:00-05:00,5017.60009765625,5023.0,5017.60009765625,5021.7001953125,69,0.0,0.0
2026-02-08 21:51:00-05:00,5021.7001953125,5031.5,5020.7998046875,5029.2998046875,153,0.0,0.0
2026-02-08 21:52:00-05:00,5029.60009765625,5032.7001953125,5029.0,5029.7998046875,65,0.0,0.0
2026-02-08 21:53:00-05:00,5029.2001953125,5032.5,5029.2001953125,5031.10009765625,58,0.0,0.0
2026-02-08 21:54:00-05:00,5031.2998046875,5033.7998046875,5030.60009765625,5031.7998046875,93,0.0,0.0
2026-02-08 21:55:00-05:00,5030.89990234375,5030.89990234375,5025.2998046875,5028.7001953125,193,0.0,0.0
2026-02-08 21:56:00-05:00,5029.10009765625,5037.2001953125,5029.10009765625,5030.2998046875,253,0.0,0.0
2026-02-08 21:57:00-05:00,5029.7001953125,5030.5,5024.60009765625,5024.60009765625,78,0.0,0.0
2026-02-08 21:58:00-05:00,5024.60009765625,5027.5,5024.2001953125,5026.7998046875,64,0.0,0.0
2026-02-08 21:59:00-05:00,5025.89990234375,5027.60009765625,5025.0,5026.60009765625,40,0.0,0.0
2026-02-08 22:00:00-05:00,5026.5,5031.10009765625,5025.7998046875,5031.10009765625,111,0.0,0.0
2026-02-08 22:01:00-05:00,5031.39990234375,5034.89990234375,5031.2001953125,5033.10009765625,82,0.0,0.0
2026-02-08 22:02:00-05:00,5032.7001953125,5034.7998046875,5030.0,5034.7998046875,56,0.0,0.0
2026-02-08 22:03:00-05:00,5034.39990234375,5039.7998046875,5034.39990234375,5039.7998046875,89,0.0,0.0
2026-02-08 22:04:00-05:00,5039.5,5040.10009765625,5035.0,5036.10009765625,57,0.0,0.0
2026-02-08 22:05:00-05:00,5035.60009765625,5040.5,5035.39990234375,5037.89990234375,75,0.0,0.0
2026-02-08 22:06:00-05:00,5037.7998046875,5038.5,5035.0,5035.0,41,0.0,0.0
2026-02-08 22:07:00-05:00,5035.89990234375,5038.7001953125,5035.0,5038.0,59,0.0,0.0
2026-02-08 22:08:00-05:00,5037.89990234375,5039.0,5037.0,5037.0,7,0.0,0.0
2026-02-08 22:09:00-05:00,5036.7001953125,5038.60009765625,5035.39990234375,5038.60009765625,37,0.0,0.0
2026-02-08 22:10:00-05:00,5038.7001953125,5041.5,5038.5,5040.10009765625,65,0.0,0.0
2026-02-08 22:11:00-05:00,5040.10009765625,5041.7998046875,5039.2001953125,5041.5,42,0.0,0.0
2026-02-08 22:12:00-05:00,5040.5,5041.10009765625,5038.7001953125,5039.0,43,0.0,0.0
2026-02-08 22:13:00-05:00,5039.89990234375,5040.2001953125,5039.10009765625,5039.39990234375,8,0.0,0.0
2026-02-08 22:14:00-05:00,5039.89990234375,5040.60009765625,5037.7998046875,5040.60009765625,49,0.0,0.0
2026-02-08 22:15:00-05:00,5040.2001953125,5041.10009765625,5030.89990234375,5040.60009765625,134,0.0,0.0
2026-02-08 22:16:00-05:00,5039.2998046875,5039.7998046875,5035.7001953125,5035.89990234375,33,0.0,0.0
2026-02-08 22:17:00-05:00,5036.0,5039.10009765625,5036.0,5037.89990234375,11,0.0,0.0
2026-02-08 22:18:00-05:00,5036.7998046875,5037.0,5035.2998046875,5036.5,16,0.0,0.0
2026-02-08 22:19:00-05:00,5035.39990234375,5036.7001953125,5034.39990234375,5035.60009765625,23,0.0,0.0
2026-02-08 22:20:00-05:00,5036.0,5038.39990234375,5034.10009765625,5035.2998046875,28,0.0,0.0
2026-02-08 22:21:00-05:00,5036.7001953125,5037.0,5031.7001953125,5036.5,62,0.0,0.0
2026-02-08 22:22:00-05:00,5034.60009765625,5035.89990234375,5034.2998046875,5035.89990234375,17,0.0,0.0
2026-02-08 22:23:00-05:00,5036.89990234375,5040.7001953125,5036.89990234375,5039.5,44,0.0,0.0
2026-02-08 22:24:00-05:00,5040.60009765625,5042.89990234375,5038.60009765625,5042.0,46,0.0,0.0
2026-02-08 22:25:00-05:00,5043.0,5046.60009765625,5042.60009765625,5044.7001953125,89,0.0,0.0
2026-02-08 22:26:00-05:00,5044.0,5044.60009765625,5042.39990234375,5044.10009765625,30,0.0,0.0
2026-02-08 22:27:00-05:00,5043.60009765625,5044.2998046875,5042.0,5044.2998046875,41,0.0,0.0
2026-02-08 22:28:00-05:00,5043.2998046875,5046.7998046875,5040.7001953125,5045.60009765625,113,0.0,0.0
2026-02-08 22:29:00-05:00,5045.60009765625,5045.60009765625,5042.7001953125,5045.10009765625,55,0.0,0.0
2026-02-08 22:30:00-05:00,5044.5,5048.89990234375,5042.60009765625,5047.60009765625,79,0.0,0.0
2026-02-08 22:31:00-05:00,5048.10009765625,5051.7998046875,5044.2001953125,5047.60009765625,156,0.0,0.0
2026-02-08 22:32:00-05:00,5047.2001953125,5049.2001953125,5045.2998046875,5046.2998046875,40,0.0,0.0
2026-02-08 22:33:00-05:00,5046.60009765625,5050.0,5045.7998046875,5048.5,48,0.0,0.0
2026-02-08 22:34:00-05:00,5048.0,5048.0,5042.2001953125,5043.39990234375,68,0.0,0.0
2026-02-08 22:35:00-05:00,5043.2001953125,5045.0,5042.7001953125,5044.10009765625,36,0.0,0.0
2026-02-08 22:36:00-05:00,5043.39990234375,5045.0,5042.89990234375,5043.5,21,0.0,0.0
2026-02-08 22:37:00-05:00,5042.39990234375,5042.39990234375,5038.2998046875,5039.0,97,0.0,0.0
2026-02-08 22:38:00-05:00,5039.39990234375,5043.39990234375,5039.2001953125,5043.39990234375,60,0.0,0.0
2026-02-08 22:39:00-05:00,5044.0,5044.10009765625,5042.2998046875,5042.89990234375,19,0.0,0.0
2026-02-08 22:40:00-05:00,5041.2001953125,5043.60009765625,5041.2001953125,5043.0,15,0.0,0.0
2026-02-08 22:41:00-05:00,5043.5,5043.5,5041.5,5041.5,6,0.0,0.0
2026-02-08 22:42:00-05:00,5041.10009765625,5042.2001953125,5039.7998046875,5039.7998046875,36,0.0,0.0
2026-02-08 22:43:00-05:00,5040.7001953125,5042.5,5040.0,5042.5,15,0.0,0.0
2026-02-08 22:44:00-05:00,5041.39990234375,5046.89990234375,5039.89990234375,5044.89990234375,47,0.0,0.0
2026-02-08 22:45:00-05:00,5044.7998046875,5049.10009765625,5041.39990234375,5041.39990234375,160,0.0,0.0
2026-02-08 22:46:00-05:00,5042.2998046875,5044.10009765625,5038.5,5039.2998046875,61,0.0,0.0
2026-02-08 22:47:00-05:00,5038.89990234375,5041.7001953125,5036.7998046875,5040.5,34,0.0,0.0
2026-02-08 22:48:00-05:00,5041.39990234375,5043.2998046875,5040.0,5040.0,25,0.0,0.0
2026-02-08 22:49:00-05:00,5040.7998046875,5043.89990234375,5040.0,5042.89990234375,37,0.0,0.0
2026-02-08 22:50:00-05:00,5043.0,5043.2998046875,5041.7998046875,5042.5,15,0.0,0.0
2026-02-08 22:51:00-05:00,5042.0,5042.5,5040.39990234375,5041.10009765625,15,0.0,0.0
2026-02-08 22:52:00-05:00,5041.60009765625,5044.0,5038.5,5039.39990234375,24,0.0,0.0
2026-02-08 22:53:00-05:00,5038.5,5041.0,5038.2001953125,5041.0,17,0.0,0.0
2026-02-08 22:54:00-05:00,5040.7001953125,5041.10009765625,5040.0,5041.10009765625,12,0.0,0.0
2026-02-08 22:55:00-05:00,5041.10009765625,5041.10009765625,5037.7998046875,5037.7998046875,9,0.0,0.0
2026-02-08 22:56:00-05:00,5037.60009765625,5037.60009765625,5034.10009765625,5035.10009765625,45,0.0,0.0
2026-02-08 22:57:00-05:00,5036.0,5036.0,5032.2998046875,5033.2998046875,33,0.0,0.0
2026-02-08 22:58:00-05:00,5035.0,5035.89990234375,5034.0,5035.7001953125,13,0.0,0.0
2026-02-08 22:59:00-05:00,5035.10009765625,5037.5,5035.10009765625,5037.10009765625,11,0.0,0.0
2026-02-08 23:00:00-05:00,5036.5,5036.5,5032.7001953125,5033.7001953125,29,0.0,0.0
2026-02-08 23:01:00-05:00,5034.39990234375,5035.2001953125,5033.0,5034.7998046875,22,0.0,0.0
2026-02-08 23:02:00-05:00,5034.0,5035.0,5033.5,5034.89990234375,39,0.0,0.0
2026-02-08 23:03:00-05:00,5034.89990234375,5036.89990234375,5034.89990234375,5035.7998046875,30,0.0,0.0
2026-02-08 23:04:00-05:00,5036.89990234375,5040.7998046875,5036.89990234375,5040.7998046875,15,0.0,0.0
2026-02-08 23:05:00-05:00,5041.2001953125,5042.7001953125,5040.39990234375,5040.39990234375,24,0.0,0.0
2026-02-08 23:06:00-05:00,5041.7001953125,5043.2998046875,5040.7001953125,5043.0,36,0.0,0.0
2026-02-08 23:07:00-05:00,5041.7001953125,5042.60009765625,5041.0,5041.0,11,0.0,0.0
2026-02-08 23:08:00-05:00,5041.5,5044.5,5041.10009765625,5043.89990234375,47,0.0,0.0
2026-02-08 23:09:00-05:00,5043.10009765625,5043.89990234375,5041.5,5043.2001953125,45,0.0,0.0
2026-02-08 23:10:00-05:00,5043.5,5043.5,5038.0,5039.2001953125,21,0.0,0.0
2026-02-08 23:11:00-05:00,5038.10009765625,5038.7001953125,5037.7001953125,5038.10009765625,11,0.0,0.0
2026-02-08 23:12:00-05:00,5039.0,5039.60009765625,5038.7001953125,5038.7001953125,8,0.0,0.0
2026-02-08 23:13:00-05:00,5039.7001953125,5041.2001953125,5039.5,5040.39990234375,23,0.0,0.0
2026-02-08 23:14:00-05:00,5040.39990234375,5040.39990234375,5032.7998046875,5032.7998046875,42,0.0,0.0
2026-02-08 23:15:00-05:00,5033.5,5039.60009765625,5029.2001953125,5038.39990234375,111,0.0,0.0
2026-02-08 23:16:00-05:00,5038.10009765625,5045.60009765625,5037.89990234375,5042.2001953125,60,0.0,0.0
2026-02-08 23:17:00-05:00,5042.0,5043.89990234375,5041.7001953125,5042.10009765625,16,0.0,0.0
2026-02-08 23:18:00-05:00,5040.89990234375,5045.0,5040.89990234375,5042.7998046875,64,0.0,0.0
2026-02-08 23:19:00-05:00,5042.39990234375,5042.39990234375,5039.7001953125,5040.7001953125,24,0.0,0.0
2026-02-08 23:20:00-05:00,5041.0,5041.0,5039.2001953125,5041.0,20,0.0,0.0
2026-02-08 23:21:00-05:00,5041.10009765625,5042.39990234375,5040.0,5042.10009765625,45,0.0,0.0
2026-02-08 23:22:00-05:00,5041.2998046875,5044.0,5041.2998046875,5044.0,16,0.0,0.0
2026-02-08 23:23:00-05:00,5044.0,5044.5,5041.60009765625,5041.60009765625,28,0.0,0.0
2026-02-08 23:24:00-05:00,5041.7001953125,5041.7001953125,5037.7998046875,5039.89990234375,51,0.0,0.0
2026-02-08 23:25:00-05:00,5039.2998046875,5042.0,5038.89990234375,5041.2998046875,15,0.0,0.0
2026-02-08 23:26:00-05:00,5041.0,5041.10009765625,5038.39990234375,5039.39990234375,21,0.0,0.0
2026-02-08 23:27:00-05:00,5038.0,5038.10009765625,5036.10009765625,5037.7001953125,9,0.0,0.0
2026-02-08 23:28:00-05:00,5037.60009765625,5039.2001953125,5037.60009765625,5038.7998046875,28,0.0,0.0
2026-02-08 23:29:00-05:00,5038.2001953125,5038.2001953125,5034.2998046875,5037.89990234375,29,0.0,0.0
2026-02-08 23:30:00-05:00,5038.10009765625,5038.39990234375,5037.0,5038.0,17,0.0,0.0
2026-02-08 23:31:00-05:00,5038.7001953125,5038.7001953125,5036.2998046875,5036.7001953125,12,0.0,0.0
2026-02-08 23:32:00-05:00,5036.2998046875,5038.0,5036.2998046875,5038.0,7,0.0,0.0
2026-02-08 23:33:00-05:00,5037.5,5039.89990234375,5036.0,5039.89990234375,24,0.0,0.0
2026-02-08 23:34:00-05:00,5040.10009765625,5041.5,5039.7001953125,5040.5,18,0.0,0.0
2026-02-08 23:35:00-05:00,5041.10009765625,5041.39990234375,5039.2998046875,5039.2998046875,12,0.0,0.0
2026-02-08 23:36:00-05:00,5038.89990234375,5041.5,5038.7998046875,5041.5,7,0.0,0.0
2026-02-08 23:37:00-05:00,5041.5,5043.10009765625,5041.39990234375,5041.7001953125,17,0.0,0.0
2026-02-08 23:38:00-05:00,5041.2998046875,5041.2998046875,5039.7001953125,5039.7001953125,7,0.0,0.0
2026-02-08 23:39:00-05:00,5039.89990234375,5044.60009765625,5039.89990234375,5044.60009765625,31,0.0,0.0
2026-02-08 23:40:00-05:00,5043.5,5043.5,5041.89990234375,5041.89990234375,19,0.0,0.0
2026-02-08 23:41:00-05:00,5042.7998046875,5042.7998046875,5040.7998046875,5040.7998046875,7,0.0,0.0
2026-02-08 23:42:00-05:00,5040.89990234375,5041.10009765625,5037.7998046875,5038.7998046875,36,0.0,0.0
2026-02-08 23:43:00-05:00,5037.5,5038.7001953125,5036.0,5037.0,21,0.0,0.0
2026-02-08 23:44:00-05:00,5036.7998046875,5042.0,5036.2998046875,5040.5,46,0.0,0.0
2026-02-08 23:45:00-05:00,5040.5,5041.39990234375,5035.0,5037.0,63,0.0,0.0
2026-02-08 23:46:00-05:00,5038.2001953125,5038.2001953125,5035.60009765625,5037.0,31,0.0,0.0
2026-02-08 23:47:00-05:00,5035.39990234375,5037.60009765625,5035.39990234375,5037.60009765625,27,0.0,0.0
2026-02-08 23:48:00-05:00,5036.89990234375,5038.10009765625,5036.7001953125,5038.10009765625,13,0.0,0.0
2026-02-08 23:49:00-05:00,5038.10009765625,5038.39990234375,5034.7001953125,5034.7001953125,26,0.0,0.0
2026-02-08 23:50:00-05:00,5035.0,5035.5,5034.2001953125,5034.2001953125,22,0.0,0.0
2026-02-08 23:51:00-05:00,5033.2001953125,5033.7001953125,5030.10009765625,5031.2001953125,41,0.0,0.0
2026-02-08 23:52:00-05:00,5030.89990234375,5034.60009765625,5030.2998046875,5034.60009765625,33,0.0,0.0
2026-02-08 23:53:00-05:00,5034.7998046875,5038.2998046875,5033.7998046875,5037.10009765625,37,0.0,0.0
2026-02-08 23:54:00-05:00,5037.2001953125,5037.7001953125,5036.0,5036.0,22,0.0,0.0
2026-02-08 23:55:00-05:00,5036.2001953125,5037.5,5033.60009765625,5034.7001953125,21,0.0,0.0
2026-02-08 23:56:00-05:00,5033.89990234375,5033.89990234375,5031.2001953125,5031.2001953125,18,0.0,0.0
2026-02-08 23:57:00-05:00,5031.2001953125,5031.2001953125,5028.7001953125,5028.7001953125,29,0.0,0.0
2026-02-08 23:58:00-05:00,5029.39990234375,5034.7001953125,5029.2998046875,5034.7001953125,34,0.0,0.0
2026-02-09 00:00:00-05:00,5034.0,5034.89990234375,5032.5,5033.7001953125,22,0.0,0.0
2026-02-09 00:01:00-05:00,5033.60009765625,5035.0,5032.39990234375,5033.2998046875,23,0.0,0.0
2026-02-09 00:02:00-05:00,5033.60009765625,5035.0,5033.60009765625,5035.0,10,0.0,0.0
2026-02-09 00:03:00-05:00,5035.10009765625,5036.0,5034.2998046875,5036.0,25,0.0,0.0
2026-02-09 00:04:00-05:00,5035.0,5036.0,5035.0,5035.7998046875,23,0.0,0.0
2026-02-09 00:05:00-05:00,5036.60009765625,5037.7001953125,5035.39990234375,5035.7001953125,30,0.0,0.0
2026-02-09 00:06:00-05:00,5036.2001953125,5036.60009765625,5035.0,5035.2998046875,24,0.0,0.0
2026-02-09 00:07:00-05:00,5034.5,5038.0,5034.5,5038.0,17,0.0,0.0
2026-02-09 00:08:00-05:00,5038.0,5040.10009765625,5037.7001953125,5040.10009765625,53,0.0,0.0
2026-02-09 00:09:00-05:00,5040.60009765625,5041.10009765625,5039.89990234375,5041.10009765625,19,0.0,0.0
2026-02-09 00:10:00-05:00,5040.2001953125,5040.89990234375,5040.2001953125,5040.89990234375,6,0.0,0.0
2026-02-09 00:11:00-05:00,5040.2998046875,5041.5,5039.10009765625,5040.7001953125,27,0.0,0.0
2026-02-09 00:12:00-05:00,5040.60009765625,5040.60009765625,5038.39990234375,5039.39990234375,10,0.0,0.0
2026-02-09 00:13:00-05:00,5039.7998046875,5039.7998046875,5035.0,5036.0,46,0.0,0.0
2026-02-09 00:14:00-05:00,5036.60009765625,5037.60009765625,5035.60009765625,5036.7001953125,26,0.0,0.0
2026-02-09 00:15:00-05:00,5037.2998046875,5040.2001953125,5037.2998046875,5039.7998046875,14,0.0,0.0
2026-02-09 00:16:00-05:00,5040.0,5042.7998046875,5039.7998046875,5042.7998046875,24,0.0,0.0
2026-02-09 00:17:00-05:00,5042.2998046875,5043.0,5040.2001953125,5040.2001953125,21,0.0,0.0
2026-02-09 00:18:00-05:00,5041.39990234375,5042.7001953125,5041.39990234375,5042.2001953125,16,0.0,0.0
2026-02-09 00:19:00-05:00,5042.2998046875,5043.0,5042.10009765625,5043.0,15,0.0,0.0
2026-02-09 00:20:00-05:00,5043.0,5044.2001953125,5042.0,5043.7001953125,27,0.0,0.0
2026-02-09 00:21:00-05:00,5043.89990234375,5044.0,5043.10009765625,5043.2998046875,10,0.0,0.0
2026-02-09 00:22:00-05:00,5043.2001953125,5046.60009765625,5043.2001953125,5044.60009765625,36,0.0,0.0
2026-02-09 00:23:00-05:00,5044.60009765625,5046.10009765625,5042.5,5042.5,22,0.0,0.0
2026-02-09 00:24:00-05:00,5043.10009765625,5046.39990234375,5043.10009765625,5045.5,28,0.0,0.0
2026-02-09 00:25:00-05:00,5045.2998046875,5047.5,5045.2998046875,5047.0,26,0.0,0.0
2026-02-09 00:26:00-05:00,5047.39990234375,5049.39990234375,5047.0,5047.5,51,0.0,0.0
2026-02-09 00:27:00-05:00,5047.2001953125,5049.89990234375,5046.39990234375,5049.7001953125,56,0.0,0.0
2026-02-09 00:28:00-05:00,5050.0,5052.89990234375,5049.5,5051.5,62,0.0,0.0
2026-02-09 00:29:00-05:00,5051.2001953125,5053.0,5050.7998046875,5050.7998046875,49,0.0,0.0
2026-02-09 00:30:00-05:00,5051.10009765625,5054.39990234375,5048.10009765625,5051.7998046875,155,0.0,0.0
2026-02-09 00:31:00-05:00,5050.5,5053.5,5048.7001953125,5049.0,56,0.0,0.0
2026-02-09 00:32:00-05:00,5049.5,5051.10009765625,5048.2001953125,5049.2998046875,52,0.0,0.0
2026-02-09 00:33:00-05:00,5047.2001953125,5049.2001953125,5046.89990234375,5048.7998046875,30,0.0,0.0
2026-02-09 00:34:00-05:00,5049.60009765625,5053.0,5048.89990234375,5053.0,39,0.0,0.0
2026-02-09 00:35:00-05:00,5053.2001953125,5056.39990234375,5052.7001953125,5053.0,65,0.0,0.0
2026-02-09 00:36:00-05:00,5051.7998046875,5054.10009765625,5049.7001953125,5049.7001953125,24,0.0,0.0
2026-02-09 00:37:00-05:00,5050.7998046875,5056.0,5049.7998046875,5054.7001953125,49,0.0,0.0
2026-02-09 00:38:00-05:00,5054.7998046875,5056.5,5054.2998046875,5055.39990234375,34,0.0,0.0
2026-02-09 00:39:00-05:00,5055.60009765625,5056.60009765625,5054.10009765625,5054.2001953125,36,0.0,0.0
2026-02-09 00:40:00-05:00,5053.7001953125,5056.39990234375,5052.7998046875,5056.39990234375,34,0.0,0.0
2026-02-09 00:41:00-05:00,5056.60009765625,5058.7998046875,5055.0,5056.7001953125,115,0.0,0.0
2026-02-09 00:42:00-05:00,5056.39990234375,5063.10009765625,5056.0,5057.7001953125,254,0.0,0.0
2026-02-09 00:43:00-05:00,5059.2998046875,5060.7998046875,5057.7998046875,5058.2998046875,33,0.0,0.0
2026-02-09 00:44:00-05:00,5058.5,5058.89990234375,5054.7998046875,5055.10009765625,25,0.0,0.0
2026-02-09 00:45:00-05:00,5054.89990234375,5055.7001953125,5046.0,5048.2998046875,100,0.0,0.0
2026-02-09 00:46:00-05:00,5048.2001953125,5048.2001953125,5046.2001953125,5047.60009765625,62,0.0,0.0
2026-02-09 00:47:00-05:00,5048.2998046875,5051.0,5048.2998046875,5051.0,50,0.0,0.0
2026-02-09 00:48:00-05:00,5050.7001953125,5050.7998046875,5046.2998046875,5046.39990234375,49,0.0,0.0
2026-02-09 00:49:00-05:00,5046.89990234375,5052.2998046875,5044.2001953125,5052.2998046875,120,0.0,0.0
2026-02-09 00:50:00-05:00,5051.5,5053.60009765625,5050.10009765625,5051.5,68,0.0,0.0
2026-02-09 00:51:00-05:00,5051.60009765625,5055.2998046875,5050.5,5054.0,71,0.0,0.0
2026-02-09 00:52:00-05:00,5054.0,5055.7001953125,5051.89990234375,5054.89990234375,45,0.0,0.0
2026-02-09 00:53:00-05:00,5055.0,5056.0,5054.5,5055.2001953125,22,0.0,0.0
2026-02-09 00:54:00-05:00,5055.5,5056.2001953125,5054.89990234375,5056.2001953125,13,0.0,0.0
2026-02-09 00:55:00-05:00,5056.0,5059.39990234375,5056.0,5059.10009765625,50,0.0,0.0
2026-02-09 00:56:00-05:00,5058.2998046875,5059.60009765625,5057.5,5058.10009765625,87,0.0,0.0
2026-02-09 00:57:00-05:00,5058.5,5058.7998046875,5055.2998046875,5056.2001953125,50,0.0,0.0
2026-02-09 00:58:00-05:00,5055.7998046875,5055.7998046875,5054.89990234375,5055.0,22,0.0,0.0
2026-02-09 00:59:00-05:00,5055.5,5059.0,5054.7001953125,5058.0,27,0.0,0.0
2026-02-09 01:00:00-05:00,5058.60009765625,5063.89990234375,5058.10009765625,5062.89990234375,143,0.0,0.0
2026-02-09 01:01:00-05:00,5062.60009765625,5065.5,5061.39990234375,5061.60009765625,153,0.0,0.0
2026-02-09 01:02:00-05:00,5060.7998046875,5061.2998046875,5056.7998046875,5057.60009765625,50,0.0,0.0
2026-02-09 01:03:00-05:00,5056.60009765625,5064.5,5056.2998046875,5063.10009765625,97,0.0,0.0
2026-02-09 01:04:00-05:00,5064.2001953125,5067.60009765625,5063.2001953125,5066.0,173,0.0,0.0
2026-02-09 01:05:00-05:00,5065.7998046875,5066.7998046875,5064.39990234375,5065.7001953125,77,0.0,0.0
2026-02-09 01:06:00-05:00,5065.10009765625,5066.2998046875,5063.60009765625,5064.89990234375,77,0.0,0.0
2026-02-09 01:07:00-05:00,5064.0,5065.7001953125,5063.2998046875,5063.2998046875,37,0.0,0.0
2026-02-09 01:08:00-05:00,5063.7998046875,5063.7998046875,5060.0,5061.60009765625,70,0.0,0.0
2026-02-09 01:09:00-05:00,5062.10009765625,5062.10009765625,5058.2001953125,5059.2001953125,55,0.0,0.0
2026-02-09 01:10:00-05:00,5058.7001953125,5058.89990234375,5054.0,5055.60009765625,89,0.0,0.0
2026-02-09 01:11:00-05:00,5055.60009765625,5060.39990234375,5055.0,5059.60009765625,28,0.0,0.0
2026-02-09 01:12:00-05:00,5059.2998046875,5060.7001953125,5057.5,5057.5,15,0.0,0.0
2026-02-09 01:13:00-05:00,5058.2998046875,5058.2998046875,5052.89990234375,5053.60009765625,17,0.0,0.0
2026-02-09 01:14:00-05:00,5054.0,5055.7998046875,5053.89990234375,5055.7998046875,24,0.0,0.0
2026-02-09 01:15:00-05:00,5055.2998046875,5057.10009765625,5052.2998046875,5053.10009765625,82,0.0,0.0
2026-02-09 01:16:00-05:00,5052.2001953125,5059.0,5052.2001953125,5057.5,65,0.0,0.0
2026-02-09 01:17:00-05:00,5057.2998046875,5057.2998046875,5050.60009765625,5052.7998046875,105,0.0,0.0
2026-02-09 01:18:00-05:00,5052.0,5053.2001953125,5050.7001953125,5051.89990234375,32,0.0,0.0
2026-02-09 01:19:00-05:00,5052.0,5053.39990234375,5049.2001953125,5049.2001953125,66,0.0,0.0
2026-02-09 01:20:00-05:00,5049.2001953125,5049.89990234375,5045.2001953125,5048.0,74,0.0,0.0
2026-02-09 01:21:00-05:00,5047.89990234375,5048.7998046875,5043.10009765625,5044.2998046875,100,0.0,0.0
2026-02-09 01:22:00-05:00,5043.39990234375,5043.39990234375,5035.10009765625,5040.10009765625,136,0.0,0.0
2026-02-09 01:23:00-05:00,5040.7998046875,5041.89990234375,5038.60009765625,5040.60009765625,75,0.0,0.0
2026-02-09 01:24:00-05:00,5041.2998046875,5045.10009765625,5039.5,5043.39990234375,70,0.0,0.0
2026-02-09 01:25:00-05:00,5043.2998046875,5048.0,5043.2998046875,5046.2998046875,65,0.0,0.0
2026-02-09 01:26:00-05:00,5046.5,5047.89990234375,5045.39990234375,5046.60009765625,51,0.0,0.0
2026-02-09 01:27:00-05:00,5047.0,5049.89990234375,5045.7001953125,5047.5,61,0.0,0.0
2026-02-09 01:28:00-05:00,5048.0,5049.39990234375,5045.2998046875,5045.39990234375,45,0.0,0.0
2026-02-09 01:29:00-05:00,5045.89990234375,5050.60009765625,5045.5,5047.5,76,0.0,0.0
2026-02-09 01:30:00-05:00,5045.60009765625,5051.0,5044.5,5051.0,82,0.0,0.0
2026-02-09 01:31:00-05:00,5050.7001953125,5053.2001953125,5050.5,5052.0,41,0.0,0.0
2026-02-09 01:32:00-05:00,5051.60009765625,5051.60009765625,5045.60009765625,5046.39990234375,33,0.0,0.0
2026-02-09 01:33:00-05:00,5046.2001953125,5047.60009765625,5042.60009765625,5047.0,102,0.0,0.0
2026-02-09 01:34:00-05:00,5046.2998046875,5048.7998046875,5042.60009765625,5047.7001953125,72,0.0,0.0
2026-02-09 01:35:00-05:00,5047.7001953125,5047.89990234375,5044.10009765625,5045.10009765625,54,0.0,0.0
2026-02-09 01:36:00-05:00,5045.10009765625,5050.5,5045.10009765625,5050.5,54,0.0,0.0
2026-02-09 01:37:00-05:00,5051.89990234375,5052.10009765625,5048.89990234375,5049.60009765625,60,0.0,0.0
2026-02-09 01:38:00-05:00,5050.0,5054.0,5050.0,5054.0,39,0.0,0.0
2026-02-09 01:39:00-05:00,5053.89990234375,5054.10009765625,5052.7998046875,5053.0,25,0.0,0.0
2026-02-09 01:40:00-05:00,5052.39990234375,5052.39990234375,5048.89990234375,5049.10009765625,26,0.0,0.0
2026-02-09 01:41:00-05:00,5049.60009765625,5050.0,5047.7998046875,5047.89990234375,32,0.0,0.0
2026-02-09 01:42:00-05:00,5048.2998046875,5054.10009765625,5048.2998046875,5053.7998046875,49,0.0,0.0
2026-02-09 01:43:00-05:00,5054.2998046875,5056.10009765625,5053.89990234375,5053.89990234375,36,0.0,0.0
2026-02-09 01:44:00-05:00,5053.60009765625,5058.0,5053.5,5057.0,34,0.0,0.0
2026-02-09 01:45:00-05:00,5057.2998046875,5058.2998046875,5055.2998046875,5056.2998046875,31,0.0,0.0
2026-02-09 01:46:00-05:00,5056.7001953125,5057.39990234375,5053.89990234375,5055.89990234375,48,0.0,0.0
2026-02-09 01:47:00-05:00,5056.10009765625,5058.0,5054.7998046875,5057.7998046875,84,0.0,0.0
2026-02-09 01:48:00-05:00,5057.0,5058.0,5051.2001953125,5052.89990234375,97,0.0,0.0
2026-02-09 01:49:00-05:00,5053.10009765625,5054.89990234375,5051.89990234375,5051.89990234375,69,0.0,0.0
2026-02-09 01:50:00-05:00,5051.7001953125,5053.5,5048.2998046875,5050.2001953125,153,0.0,0.0
2026-02-09 01:51:00-05:00,5050.2001953125,5053.7001953125,5048.89990234375,5053.0,24,0.0,0.0
2026-02-09 01:52:00-05:00,5053.7998046875,5057.5,5052.89990234375,5056.5,32,0.0,0.0
2026-02-09 01:53:00-05:00,5056.39990234375,5059.0,5055.7998046875,5058.0,34,0.0,0.0
2026-02-09 01:54:00-05:00,5059.2001953125,5059.2998046875,5058.2001953125,5059.10009765625,36,0.0,0.0
2026-02-09 01:55:00-05:00,5058.39990234375,5058.39990234375,5055.2998046875,5055.2998046875,35,0.0,0.0
2026-02-09 01:56:00-05:00,5055.89990234375,5062.0,5055.5,5060.89990234375,92,0.0,0.0
2026-02-09 01:57:00-05:00,5060.7998046875,5061.2998046875,5056.10009765625,5056.10009765625,60,0.0,0.0
2026-02-09 01:58:00-05:00,5057.10009765625,5057.10009765625,5053.7998046875,5054.39990234375,112,0.0,0.0
2026-02-09 01:59:00-05:00,5053.5,5053.7998046875,5051.0,5052.39990234375,68,0.0,0.0
2026-02-09 02:00:00-05:00,5052.5,5052.5,5044.10009765625,5050.39990234375,116,0.0,0.0
2026-02-09 02:01:00-05:00,5048.7998046875,5050.2001953125,5046.7998046875,5046.7998046875,56,0.0,0.0
2026-02-09 02:02:00-05:00,5046.0,5047.89990234375,5045.0,5046.0,57,0.0,0.0
2026-02-09 02:03:00-05:00,5045.7001953125,5051.2001953125,5045.0,5049.5,60,0.0,0.0
2026-02-09 02:04:00-05:00,5049.60009765625,5052.5,5049.60009765625,5051.2998046875,64,0.0,0.0
2026-02-09 02:05:00-05:00,5051.39990234375,5051.39990234375,5041.2998046875,5046.60009765625,202,0.0,0.0
2026-02-09 02:06:00-05:00,5047.10009765625,5047.89990234375,5045.2998046875,5047.89990234375,84,0.0,0.0
2026-02-09 02:07:00-05:00,5046.7998046875,5047.10009765625,5044.7001953125,5044.7001953125,36,0.0,0.0
2026-02-09 02:08:00-05:00,5045.60009765625,5045.7998046875,5041.5,5042.7001953125,34,0.0,0.0
2026-02-09 02:09:00-05:00,5042.7001953125,5042.89990234375,5039.7998046875,5041.39990234375,53,0.0,0.0
2026-02-09 02:10:00-05:00,5042.39990234375,5042.60009765625,5040.10009765625,5042.60009765625,47,0.0,0.0
2026-02-09 02:11:00-05:00,5042.39990234375,5042.39990234375,5038.0,5040.7001953125,100,0.0,0.0
2026-02-09 02:12:00-05:00,5041.2001953125,5041.7001953125,5037.5,5037.7998046875,57,0.0,0.0
2026-02-09 02:13:00-05:00,5038.89990234375,5039.2001953125,5035.7001953125,5035.7001953125,53,0.0,0.0
2026-02-09 02:14:00-05:00,5035.0,5036.39990234375,5029.7998046875,5033.5,137,0.0,0.0
2026-02-09 02:15:00-05:00,5035.2998046875,5035.60009765625,5032.0,5033.0,72,0.0,0.0
2026-02-09 02:16:00-05:00,5033.0,5034.0,5031.60009765625,5034.0,66,0.0,0.0
2026-02-09 02:17:00-05:00,5033.5,5035.39990234375,5031.0,5032.7998046875,46,0.0,0.0
2026-02-09 02:18:00-05:00,5031.7998046875,5035.89990234375,5028.60009765625,5035.10009765625,83,0.0,0.0
2026-02-09 02:19:00-05:00,5035.60009765625,5036.60009765625,5032.89990234375,5035.0,61,0.0,0.0
2026-02-09 02:20:00-05:00,5034.60009765625,5034.7001953125,5032.5,5033.7998046875,34,0.0,0.0
2026-02-09 02:21:00-05:00,5032.89990234375,5032.89990234375,5028.89990234375,5032.2998046875,72,0.0,0.0
2026-02-09 02:22:00-05:00,5031.5,5031.5,5015.2001953125,5025.5,451,0.0,0.0
2026-02-09 02:23:00-05:00,5025.39990234375,5026.2998046875,5018.60009765625,5023.5,206,0.0,0.0
2026-02-09 02:24:00-05:00,5023.39990234375,5029.7001953125,5023.10009765625,5025.7001953125,101,0.0,0.0
2026-02-09 02:25:00-05:00,5025.2998046875,5025.60009765625,5019.60009765625,5023.0,108,0.0,0.0
2026-02-09 02:26:00-05:00,5021.2998046875,5024.89990234375,5020.7001953125,5021.7001953125,55,0.0,0.0
2026-02-09 02:27:00-05:00,5022.5,5028.10009765625,5022.0,5028.10009765625,52,0.0,0.0
2026-02-09 02:28:00-05:00,5028.39990234375,5030.10009765625,5023.7001953125,5025.2998046875,83,0.0,0.0
2026-02-09 02:29:00-05:00,5025.2001953125,5031.10009765625,5024.60009765625,5030.0,59,0.0,0.0
2026-02-09 02:30:00-05:00,5029.0,5034.2998046875,5029.0,5034.10009765625,113,0.0,0.0
2026-02-09 02:31:00-05:00,5033.5,5036.2001953125,5030.89990234375,5034.0,72,0.0,0.0
2026-02-09 02:32:00-05:00,5034.7998046875,5036.5,5031.7001953125,5031.7001953125,62,0.0,0.0
2026-02-09 02:33:00-05:00,5032.60009765625,5034.39990234375,5030.89990234375,5032.0,48,0.0,0.0
2026-02-09 02:34:00-05:00,5031.89990234375,5033.39990234375,5030.39990234375,5030.39990234375,28,0.0,0.0
2026-02-09 02:35:00-05:00,5030.7001953125,5032.5,5030.0,5031.7001953125,33,0.0,0.0
2026-02-09 02:36:00-05:00,5031.39990234375,5031.7001953125,5029.2001953125,5030.10009765625,31,0.0,0.0
2026-02-09 02:37:00-05:00,5029.39990234375,5032.89990234375,5029.39990234375,5032.2001953125,37,0.0,0.0
2026-02-09 02:38:00-05:00,5032.0,5032.0,5029.39990234375,5030.2001953125,42,0.0,0.0
2026-02-09 02:39:00-05:00,5029.39990234375,5031.39990234375,5028.39990234375,5031.39990234375,51,0.0,0.0
2026-02-09 02:40:00-05:00,5030.60009765625,5034.7998046875,5030.10009765625,5034.5,31,0.0,0.0
2026-02-09 02:41:00-05:00,5034.89990234375,5034.89990234375,5033.10009765625,5033.2998046875,15,0.0,0.0
2026-02-09 02:42:00-05:00,5032.39990234375,5035.60009765625,5030.89990234375,5033.7001953125,26,0.0,0.0
2026-02-09 02:43:00-05:00,5031.89990234375,5034.39990234375,5030.10009765625,5033.89990234375,54,0.0,0.0
2026-02-09 02:44:00-05:00,5032.7998046875,5034.39990234375,5032.7001953125,5033.7001953125,25,0.0,0.0
2026-02-09 02:45:00-05:00,5033.39990234375,5033.39990234375,5030.0,5030.0,13,0.0,0.0
2026-02-09 02:46:00-05:00,5030.0,5030.60009765625,5027.2998046875,5030.0,91,0.0,0.0
2026-02-09 02:47:00-05:00,5029.7001953125,5029.7001953125,5026.10009765625,5027.0,59,0.0,0.0
2026-02-09 02:48:00-05:00,5027.60009765625,5027.60009765625,5024.5,5025.0,33,0.0,0.0
2026-02-09 02:49:00-05:00,5024.10009765625,5024.7998046875,5022.39990234375,5024.7998046875,50,0.0,0.0
2026-02-09 02:50:00-05:00,5023.89990234375,5026.89990234375,5023.0,5026.10009765625,67,0.0,0.0
2026-02-09 02:51:00-05:00,5025.2001953125,5026.0,5024.10009765625,5025.39990234375,52,0.0,0.0
2026-02-09 02:52:00-05:00,5024.89990234375,5025.39990234375,5023.0,5024.5,45,0.0,0.0
2026-02-09 02:53:00-05:00,5024.5,5029.10009765625,5022.89990234375,5023.2001953125,95,0.0,0.0
2026-02-09 02:54:00-05:00,5023.2001953125,5025.60009765625,5021.7998046875,5025.60009765625,45,0.0,0.0
2026-02-09 02:55:00-05:00,5026.2001953125,5026.2001953125,5024.60009765625,5025.10009765625,34,0.0,0.0
2026-02-09 02:56:00-05:00,5024.7998046875,5028.5,5024.39990234375,5028.0,52,0.0,0.0
2026-02-09 02:57:00-05:00,5028.60009765625,5028.89990234375,5026.89990234375,5028.89990234375,37,0.0,0.0
2026-02-09 02:58:00-05:00,5028.2998046875,5028.89990234375,5027.0,5027.0,27,0.0,0.0
2026-02-09 02:59:00-05:00,5026.7998046875,5027.39990234375,5025.60009765625,5027.2001953125,16,0.0,0.0
2026-02-09 03:00:00-05:00,5026.7998046875,5027.39990234375,5023.89990234375,5025.7998046875,70,0.0,0.0
2026-02-09 03:01:00-05:00,5028.0,5031.2001953125,5028.0,5028.60009765625,61,0.0,0.0
2026-02-09 03:02:00-05:00,5028.7001953125,5032.39990234375,5027.5,5030.5,75,0.0,0.0
2026-02-09 03:03:00-05:00,5031.5,5036.39990234375,5029.89990234375,5035.2998046875,58,0.0,0.0
2026-02-09 03:04:00-05:00,5034.5,5039.0,5034.39990234375,5037.10009765625,91,0.0,0.0
2026-02-09 03:05:00-05:00,5038.0,5038.39990234375,5033.89990234375,5038.2001953125,125,0.0,0.0
2026-02-09 03:06:00-05:00,5037.10009765625,5042.0,5036.7001953125,5041.7001953125,91,0.0,0.0
2026-02-09 03:07:00-05:00,5041.2001953125,5042.10009765625,5038.2001953125,5038.60009765625,50,0.0,0.0
2026-02-09 03:08:00-05:00,5039.60009765625,5040.60009765625,5037.10009765625,5040.60009765625,61,0.0,0.0
2026-02-09 03:09:00-05:00,5040.0,5040.5,5038.10009765625,5038.2998046875,33,0.0,0.0
2026-02-09 03:10:00-05:00,5038.89990234375,5039.5,5037.2998046875,5038.89990234375,34,0.0,0.0
2026-02-09 03:11:00-05:00,5038.7998046875,5039.39990234375,5037.2001953125,5038.5,28,0.0,0.0
2026-02-09 03:12:00-05:00,5038.2001953125,5038.89990234375,5037.10009765625,5037.89990234375,24,0.0,0.0
2026-02-09 03:13:00-05:00,5037.7998046875,5039.2998046875,5037.10009765625,5038.39990234375,41,0.0,0.0
2026-02-09 03:14:00-05:00,5037.89990234375,5041.2998046875,5037.10009765625,5040.7001953125,69,0.0,0.0
2026-02-09 03:15:00-05:00,5041.10009765625,5043.39990234375,5041.10009765625,5042.7998046875,46,0.0,0.0
2026-02-09 03:16:00-05:00,5043.0,5046.7998046875,5043.0,5046.7998046875,52,0.0,0.0
2026-02-09 03:17:00-05:00,5046.5,5052.2998046875,5045.2998046875,5052.0,200,0.0,0.0
2026-02-09 03:18:00-05:00,5051.2998046875,5053.10009765625,5045.2998046875,5047.0,206,0.0,0.0
2026-02-09 03:19:00-05:00,5047.60009765625,5048.7001953125,5047.0,5048.2001953125,61,0.0,0.0
2026-02-09 03:20:00-05:00,5048.0,5048.7001953125,5044.0,5045.2998046875,55,0.0,0.0
2026-02-09 03:21:00-05:00,5045.7001953125,5051.10009765625,5044.2001953125,5048.60009765625,131,0.0,0.0
2026-02-09 03:22:00-05:00,5048.39990234375,5051.39990234375,5046.7998046875,5050.7998046875,37,0.0,0.0
2026-02-09 03:23:00-05:00,5050.2001953125,5050.7998046875,5047.2998046875,5050.7998046875,59,0.0,0.0
2026-02-09 03:24:00-05:00,5050.5,5051.39990234375,5046.7998046875,5046.7998046875,37,0.0,0.0
2026-02-09 03:25:00-05:00,5047.2001953125,5048.89990234375,5045.89990234375,5048.5,58,0.0,0.0
2026-02-09 03:26:00-05:00,5049.2001953125,5050.7998046875,5045.0,5048.89990234375,98,0.0,0.0
2026-02-09 03:27:00-05:00,5049.7001953125,5050.2998046875,5044.39990234375,5046.60009765625,70,0.0,0.0
2026-02-09 03:28:00-05:00,5046.39990234375,5048.5,5046.0,5048.5,25,0.0,0.0
2026-02-09 03:29:00-05:00,5047.7001953125,5048.0,5046.0,5046.2001953125,30,0.0,0.0
2026-02-09 03:30:00-05:00,5046.10009765625,5048.60009765625,5042.89990234375,5043.60009765625,116,0.0,0.0
2026-02-09 03:31:00-05:00,5043.7998046875,5045.2998046875,5042.0,5043.2001953125,31,0.0,0.0
2026-02-09 03:32:00-05:00,5043.2998046875,5046.7998046875,5043.0,5045.0,88,0.0,0.0
2026-02-09 03:33:00-05:00,5045.10009765625,5046.60009765625,5044.10009765625,5045.89990234375,73,0.0,0.0
2026-02-09 03:34:00-05:00,5046.7998046875,5049.10009765625,5046.7001953125,5048.89990234375,36,0.0,0.0
2026-02-09 03:35:00-05:00,5049.0,5049.2001953125,5044.10009765625,5044.10009765625,63,0.0,0.0
2026-02-09 03:36:00-05:00,5043.5,5046.2998046875,5043.39990234375,5046.2001953125,17,0.0,0.0
2026-02-09 03:37:00-05:00,5046.10009765625,5046.89990234375,5045.39990234375,5046.89990234375,23,0.0,0.0
2026-02-09 03:38:00-05:00,5045.7998046875,5046.89990234375,5044.60009765625,5045.2998046875,55,0.0,0.0
2026-02-09 03:39:00-05:00,5045.2998046875,5048.39990234375,5044.7998046875,5048.39990234375,51,0.0,0.0
2026-02-09 03:40:00-05:00,5048.2998046875,5048.2998046875,5044.60009765625,5046.0,46,0.0,0.0
2026-02-09 03:41:00-05:00,5046.89990234375,5048.7001953125,5046.60009765625,5048.7001953125,14,0.0,0.0
2026-02-09 03:42:00-05:00,5049.2998046875,5050.7998046875,5047.7001953125,5050.7998046875,43,0.0,0.0
2026-02-09 03:43:00-05:00,5051.0,5053.10009765625,5050.5,5050.5,81,0.0,0.0
2026-02-09 03:44:00-05:00,5051.2001953125,5051.7001953125,5050.7998046875,5050.89990234375,21,0.0,0.0
2026-02-09 03:45:00-05:00,5050.89990234375,5053.0,5050.89990234375,5052.0,33,0.0,0.0
2026-02-09 03:46:00-05:00,5052.5,5054.7998046875,5051.89990234375,5054.10009765625,69,0.0,0.0
2026-02-09 03:47:00-05:00,5054.10009765625,5054.10009765625,5049.5,5051.7001953125,55,0.0,0.0
2026-02-09 03:48:00-05:00,5052.10009765625,5057.0,5048.60009765625,5049.2001953125,192,0.0,0.0
2026-02-09 03:49:00-05:00,5049.2001953125,5049.60009765625,5048.7001953125,5049.2998046875,26,0.0,0.0
2026-02-09 03:50:00-05:00,5049.89990234375,5052.39990234375,5049.39990234375,5051.89990234375,25,0.0,0.0
2026-02-09 03:51:00-05:00,5051.2998046875,5051.2998046875,5049.5,5050.60009765625,25,0.0,0.0
2026-02-09 03:52:00-05:00,5050.10009765625,5050.60009765625,5045.5,5046.39990234375,67,0.0,0.0
2026-02-09 03:53:00-05:00,5046.5,5047.60009765625,5045.2998046875,5045.7998046875,36,0.0,0.0
2026-02-09 03:54:00-05:00,5045.89990234375,5046.2001953125,5045.5,5046.2001953125,5,0.0,0.0
2026-02-09 03:55:00-05:00,5046.10009765625,5047.5,5045.2998046875,5047.5,31,0.0,0.0
2026-02-09 03:56:00-05:00,5047.60009765625,5049.5,5046.89990234375,5048.39990234375,77,0.0,0.0
2026-02-09 03:57:00-05:00,5048.5,5048.7001953125,5048.5,5048.7001953125,7,0.0,0.0
2026-02-09 03:58:00-05:00,5047.89990234375,5048.10009765625,5047.7001953125,5048.10009765625,24,0.0,0.0
2026-02-09 03:59:00-05:00,5047.7998046875,5048.10009765625,5047.2001953125,5048.10009765625,10,0.0,0.0
2026-02-09 04:00:00-05:00,5048.7001953125,5050.60009765625,5047.2998046875,5047.2998046875,83,0.0,0.0
2026-02-09 04:01:00-05:00,5046.89990234375,5050.2998046875,5046.2001953125,5049.7001953125,39,0.0,0.0
2026-02-09 04:02:00-05:00,5049.5,5055.89990234375,5049.39990234375,5055.89990234375,51,0.0,0.0
2026-02-09 04:03:00-05:00,5055.89990234375,5062.60009765625,5055.89990234375,5056.39990234375,201,0.0,0.0
2026-02-09 04:04:00-05:00,5056.5,5056.7001953125,5053.7001953125,5053.89990234375,19,0.0,0.0
2026-02-09 04:05:00-05:00,5055.2001953125,5057.2998046875,5055.10009765625,5056.0,41,0.0,0.0
2026-02-09 04:06:00-05:00,5056.7001953125,5057.5,5053.7001953125,5054.89990234375,35,0.0,0.0
2026-02-09 04:07:00-05:00,5055.10009765625,5055.10009765625,5051.89990234375,5053.89990234375,120,0.0,0.0
2026-02-09 04:08:00-05:00,5053.39990234375,5053.89990234375,5048.0,5048.5,282,0.0,0.0
2026-02-09 04:09:00-05:00,5048.2998046875,5049.7001953125,5048.2001953125,5048.89990234375,28,0.0,0.0
2026-02-09 04:10:00-05:00,5048.7998046875,5050.89990234375,5048.7998046875,5050.0,66,0.0,0.0
2026-02-09 04:11:00-05:00,5049.2998046875,5051.2998046875,5049.2001953125,5049.7998046875,50,0.0,0.0
2026-02-09 04:12:00-05:00,5050.2998046875,5050.2998046875,5045.60009765625,5045.7001953125,81,0.0,0.0
2026-02-09 04:13:00-05:00,5046.10009765625,5048.89990234375,5043.5,5048.5,67,0.0,0.0
2026-02-09 04:14:00-05:00,5048.0,5048.89990234375,5045.7998046875,5046.7998046875,32,0.0,0.0
2026-02-09 04:15:00-05:00,5046.7001953125,5046.7001953125,5043.0,5044.7001953125,72,0.0,0.0
2026-02-09 04:16:00-05:00,5044.89990234375,5047.2998046875,5044.89990234375,5047.0,22,0.0,0.0
2026-02-09 04:17:00-05:00,5045.2001953125,5045.89990234375,5044.0,5045.0,36,0.0,0.0
2026-02-09 04:18:00-05:00,5045.0,5045.2001953125,5044.60009765625,5044.7001953125,18,0.0,0.0
2026-02-09 04:19:00-05:00,5043.7998046875,5048.0,5043.2001953125,5048.0,65,0.0,0.0
2026-02-09 04:20:00-05:00,5047.10009765625,5048.89990234375,5047.10009765625,5048.0,19,0.0,0.0
2026-02-09 04:21:00-05:00,5048.7998046875,5049.0,5046.89990234375,5048.39990234375,30,0.0,0.0
2026-02-09 04:22:00-05:00,5047.7001953125,5047.7001953125,5047.39990234375,5047.7001953125,6,0.0,0.0
2026-02-09 04:23:00-05:00,5047.39990234375,5047.60009765625,5046.7001953125,5047.2001953125,27,0.0,0.0
2026-02-09 04:24:00-05:00,5047.60009765625,5047.60009765625,5044.39990234375,5046.2001953125,71,0.0,0.0
2026-02-09 04:25:00-05:00,5046.7001953125,5048.39990234375,5046.0,5048.39990234375,19,0.0,0.0
2026-02-09 04:26:00-05:00,5047.2001953125,5047.2001953125,5038.2001953125,5041.7001953125,143,0.0,0.0
2026-02-09 04:27:00-05:00,5041.0,5041.7998046875,5038.0,5040.0,161,0.0,0.0
2026-02-09 04:28:00-05:00,5041.2001953125,5045.0,5041.2001953125,5045.0,59,0.0,0.0
2026-02-09 04:29:00-05:00,5045.10009765625,5046.7998046875,5044.2998046875,5044.7998046875,42,0.0,0.0
2026-02-09 04:30:00-05:00,5044.7998046875,5046.0,5044.60009765625,5045.89990234375,18,0.0,0.0
2026-02-09 04:31:00-05:00,5046.0,5048.5,5046.0,5047.2001953125,56,0.0,0.0
2026-02-09 04:32:00-05:00,5045.7001953125,5046.0,5041.2001953125,5042.0,63,0.0,0.0
2026-02-09 04:33:00-05:00,5042.0,5042.7998046875,5039.0,5039.89990234375,38,0.0,0.0
2026-02-09 04:34:00-05:00,5039.39990234375,5042.2998046875,5038.39990234375,5038.89990234375,56,0.0,0.0
2026-02-09 04:35:00-05:00,5038.89990234375,5040.0,5037.2998046875,5039.39990234375,44,0.0,0.0
2026-02-09 04:36:00-05:00,5039.0,5039.5,5037.5,5037.7001953125,25,0.0,0.0
2026-02-09 04:37:00-05:00,5037.2998046875,5037.5,5035.2001953125,5036.7998046875,67,0.0,0.0
2026-02-09 04:38:00-05:00,5037.5,5040.0,5036.89990234375,5037.2998046875,43,0.0,0.0
2026-02-09 04:39:00-05:00,5037.2998046875,5037.2998046875,5033.0,5034.7998046875,114,0.0,0.0
2026-02-09 04:40:00-05:00,5035.7001953125,5036.2998046875,5034.89990234375,5035.2001953125,28,0.0,0.0
2026-02-09 04:41:00-05:00,5035.2001953125,5038.39990234375,5035.2001953125,5037.89990234375,22,0.0,0.0
2026-02-09 04:42:00-05:00,5037.89990234375,5038.60009765625,5033.5,5035.2001953125,46,0.0,0.0
2026-02-09 04:43:00-05:00,5035.60009765625,5036.7001953125,5035.60009765625,5036.60009765625,11,0.0,0.0
2026-02-09 04:44:00-05:00,5037.5,5037.60009765625,5035.0,5035.39990234375,44,0.0,0.0
2026-02-09 04:45:00-05:00,5035.5,5036.2001953125,5035.10009765625,5035.7001953125,13,0.0,0.0
2026-02-09 04:46:00-05:00,5035.5,5036.89990234375,5032.7001953125,5033.10009765625,58,0.0,0.0
2026-02-09 04:47:00-05:00,5032.0,5033.39990234375,5029.7001953125,5033.39990234375,72,0.0,0.0
2026-02-09 04:48:00-05:00,5033.60009765625,5034.7001953125,5031.5,5032.2001953125,89,0.0,0.0
2026-02-09 04:49:00-05:00,5033.39990234375,5034.10009765625,5032.60009765625,5033.7998046875,13,0.0,0.0
2026-02-09 04:50:00-05:00,5032.7998046875,5033.2998046875,5032.0,5032.60009765625,34,0.0,0.0
2026-02-09 04:51:00-05:00,5032.0,5033.2001953125,5030.39990234375,5031.5,121,0.0,0.0
2026-02-09 04:52:00-05:00,5031.60009765625,5036.2001953125,5029.39990234375,5036.2001953125,99,0.0,0.0
2026-02-09 04:53:00-05:00,5035.7001953125,5035.7998046875,5030.10009765625,5030.89990234375,96,0.0,0.0
2026-02-09 04:54:00-05:00,5030.5,5030.5,5026.39990234375,5027.60009765625,76,0.0,0.0
2026-02-09 04:55:00-05:00,5028.2998046875,5031.10009765625,5028.2001953125,5029.2998046875,83,0.0,0.0
2026-02-09 04:56:00-05:00,5030.2001953125,5035.10009765625,5028.7998046875,5030.89990234375,68,0.0,0.0
2026-02-09 04:57:00-05:00,5030.7001953125,5030.7001953125,5025.7998046875,5028.5,177,0.0,0.0
2026-02-09 04:58:00-05:00,5028.0,5029.0,5023.60009765625,5027.0,108,0.0,0.0
2026-02-09 04:59:00-05:00,5026.7001953125,5030.7001953125,5025.60009765625,5028.2001953125,47,0.0,0.0
2026-02-09 05:00:00-05:00,5028.5,5028.5,5025.0,5025.7998046875,132,0.0,0.0
2026-02-09 05:01:00-05:00,5025.2998046875,5025.2998046875,5020.60009765625,5021.5,155,0.0,0.0
2026-02-09 05:02:00-05:00,5021.2998046875,5022.2998046875,5017.0,5020.60009765625,181,0.0,0.0
2026-02-09 05:03:00-05:00,5021.5,5021.60009765625,5017.60009765625,5019.5,172,0.0,0.0
2026-02-09 05:04:00-05:00,5019.7001953125,5027.2998046875,5019.0,5026.60009765625,96,0.0,0.0
2026-02-09 05:05:00-05:00,5026.60009765625,5031.89990234375,5026.60009765625,5031.89990234375,52,0.0,0.0
2026-02-09 05:06:00-05:00,5031.60009765625,5034.7998046875,5031.0,5031.0,135,0.0,0.0
2026-02-09 05:07:00-05:00,5030.7001953125,5033.7998046875,5030.7001953125,5032.60009765625,71,0.0,0.0
2026-02-09 05:08:00-05:00,5033.0,5034.39990234375,5032.0,5032.5,67,0.0,0.0
2026-02-09 05:09:00-05:00,5032.89990234375,5032.89990234375,5029.7998046875,5030.2998046875,80,0.0,0.0
2026-02-09 05:10:00-05:00,5029.7001953125,5030.7998046875,5029.2001953125,5029.2001953125,16,0.0,0.0
2026-02-09 05:11:00-05:00,5029.5,5033.60009765625,5029.5,5032.39990234375,50,0.0,0.0
2026-02-09 05:12:00-05:00,5031.2998046875,5031.89990234375,5030.60009765625,5031.0,25,0.0,0.0
2026-02-09 05:13:00-05:00,5030.5,5032.2001953125,5029.10009765625,5030.2001953125,79,0.0,0.0
2026-02-09 05:14:00-05:00,5030.7001953125,5032.2001953125,5030.7001953125,5031.10009765625,16,0.0,0.0
2026-02-09 05:15:00-05:00,5030.7998046875,5036.89990234375,5029.10009765625,5035.39990234375,111,0.0,0.0
2026-02-09 05:16:00-05:00,5036.10009765625,5036.10009765625,5031.0,5031.10009765625,49,0.0,0.0
2026-02-09 05:17:00-05:00,5031.10009765625,5032.39990234375,5030.0,5031.60009765625,31,0.0,0.0
2026-02-09 05:18:00-05:00,5030.7998046875,5030.7998046875,5027.5,5027.5,19,0.0,0.0
2026-02-09 05:19:00-05:00,5027.5,5030.10009765625,5027.10009765625,5028.7998046875,55,0.0,0.0
2026-02-09 05:20:00-05:00,5029.5,5033.2998046875,5029.5,5033.0,31,0.0,0.0
2026-02-09 05:21:00-05:00,5033.7998046875,5033.89990234375,5032.2001953125,5033.2998046875,21,0.0,0.0
2026-02-09 05:22:00-05:00,5034.5,5035.7001953125,5032.39990234375,5034.89990234375,43,0.0,0.0
2026-02-09 05:23:00-05:00,5034.89990234375,5034.89990234375,5031.5,5031.5,45,0.0,0.0
2026-02-09 05:24:00-05:00,5032.2001953125,5032.2001953125,5027.2001953125,5027.2001953125,54,0.0,0.0
2026-02-09 05:25:00-05:00,5027.2001953125,5027.2001953125,5019.60009765625,5021.60009765625,145,0.0,0.0
2026-02-09 05:26:00-05:00,5021.2001953125,5022.7998046875,5019.10009765625,5019.5,139,0.0,0.0
2026-02-09 05:27:00-05:00,5019.5,5020.0,5006.5,5009.7001953125,418,0.0,0.0
2026-02-09 05:28:00-05:00,5009.10009765625,5015.0,5008.5,5009.89990234375,205,0.0,0.0
2026-02-09 05:29:00-05:00,5010.7001953125,5015.39990234375,5009.2998046875,5012.5,118,0.0,0.0
2026-02-09 05:30:00-05:00,5012.7998046875,5014.5,5002.60009765625,5011.0,644,0.0,0.0
2026-02-09 05:31:00-05:00,5011.0,5011.5,5007.2001953125,5009.89990234375,125,0.0,0.0
2026-02-09 05:32:00-05:00,5009.0,5013.7998046875,5008.60009765625,5011.2998046875,146,0.0,0.0
2026-02-09 05:33:00-05:00,5010.5,5014.39990234375,5009.10009765625,5010.60009765625,162,0.0,0.0
2026-02-09 05:34:00-05:00,5010.7998046875,5013.2998046875,5010.0,5013.2998046875,44,0.0,0.0
2026-02-09 05:35:00-05:00,5013.2998046875,5014.2001953125,5012.0,5013.2001953125,54,0.0,0.0
2026-02-09 05:36:00-05:00,5011.7998046875,5018.0,5011.2998046875,5017.39990234375,107,0.0,0.0
2026-02-09 05:37:00-05:00,5017.7998046875,5020.2001953125,5017.0,5019.2001953125,88,0.0,0.0
2026-02-09 05:38:00-05:00,5019.2998046875,5020.39990234375,5016.7998046875,5017.2998046875,67,0.0,0.0
2026-02-09 05:39:00-05:00,5016.7001953125,5016.7001953125,5010.5,5010.7001953125,35,0.0,0.0
2026-02-09 05:40:00-05:00,5011.2998046875,5014.0,5010.60009765625,5012.2001953125,52,0.0,0.0
2026-02-09 05:41:00-05:00,5013.10009765625,5017.0,5012.0,5012.0,157,0.0,0.0
2026-02-09 05:42:00-05:00,5011.0,5011.60009765625,5006.60009765625,5009.0,143,0.0,0.0
2026-02-09 05:43:00-05:00,5009.2001953125,5009.5,5005.60009765625,5008.2001953125,62,0.0,0.0
2026-02-09 05:44:00-05:00,5007.7001953125,5009.39990234375,5005.0,5007.0,58,0.0,0.0
2026-02-09 05:45:00-05:00,5006.89990234375,5013.2001953125,5003.5,5012.10009765625,160,0.0,0.0
2026-02-09 05:46:00-05:00,5012.39990234375,5018.0,5012.39990234375,5018.0,86,0.0,0.0
2026-02-09 05:47:00-05:00,5018.39990234375,5020.0,5015.2001953125,5015.2001953125,63,0.0,0.0
2026-02-09 05:48:00-05:00,5016.2998046875,5016.7998046875,5014.7001953125,5015.2998046875,33,0.0,0.0
2026-02-09 05:49:00-05:00,5015.5,5015.5,5013.2001953125,5013.7998046875,25,0.0,0.0
2026-02-09 05:50:00-05:00,5014.0,5015.0,5012.89990234375,5015.0,38,0.0,0.0
2026-02-09 05:51:00-05:00,5014.60009765625,5020.0,5014.60009765625,5019.0,76,0.0,0.0
2026-02-09 05:52:00-05:00,5018.7001953125,5018.7001953125,5016.0,5016.7998046875,26,0.0,0.0
2026-02-09 05:53:00-05:00,5016.2998046875,5018.10009765625,5015.89990234375,5015.89990234375,13,0.0,0.0
2026-02-09 05:54:00-05:00,5017.0,5017.2001953125,5015.2001953125,5016.2001953125,33,0.0,0.0
2026-02-09 05:55:00-05:00,5016.5,5016.5,5012.89990234375,5014.7998046875,61,0.0,0.0
2026-02-09 05:56:00-05:00,5014.89990234375,5020.0,5014.39990234375,5019.10009765625,60,0.0,0.0
2026-02-09 05:57:00-05:00,5018.10009765625,5018.5,5015.2001953125,5015.2001953125,26,0.0,0.0
2026-02-09 05:58:00-05:00,5014.7998046875,5014.7998046875,5009.89990234375,5010.39990234375,64,0.0,0.0
2026-02-09 05:59:00-05:00,5010.39990234375,5012.5,5010.39990234375,5011.2998046875,41,0.0,0.0
2026-02-09 06:00:00-05:00,5011.5,5014.0,5009.2001953125,5013.7998046875,103,0.0,0.0
2026-02-09 06:01:00-05:00,5014.0,5015.7001953125,5010.0,5015.10009765625,85,0.0,0.0
2026-02-09 06:02:00-05:00,5015.10009765625,5020.0,5015.10009765625,5016.7998046875,82,0.0,0.0
2026-02-09 06:03:00-05:00,5017.10009765625,5017.10009765625,5017.0,5017.0,3,0.0,0.0
2026-02-09 06:04:00-05:00,5017.2998046875,5018.7001953125,5016.7001953125,5018.7001953125,13,0.0,0.0
2026-02-09 06:05:00-05:00,5018.2998046875,5019.39990234375,5017.5,5018.2001953125,20,0.0,0.0
2026-02-09 06:06:00-05:00,5018.7001953125,5018.7001953125,5016.5,5017.60009765625,49,0.0,0.0
2026-02-09 06:07:00-05:00,5017.60009765625,5018.0,5015.7001953125,5015.7001953125,26,0.0,0.0
2026-02-09 06:08:00-05:00,5016.2998046875,5018.10009765625,5014.60009765625,5015.5,133,0.0,0.0
2026-02-09 06:09:00-05:00,5015.5,5016.7001953125,5012.7998046875,5016.7001953125,59,0.0,0.0
2026-02-09 06:10:00-05:00,5016.89990234375,5018.0,5016.2001953125,5016.39990234375,27,0.0,0.0
2026-02-09 06:11:00-05:00,5016.0,5016.7001953125,5012.2998046875,5012.2998046875,17,0.0,0.0
2026-02-09 06:12:00-05:00,5011.7998046875,5017.5,5011.7998046875,5016.60009765625,64,0.0,0.0
2026-02-09 06:13:00-05:00,5016.2001953125,5016.89990234375,5012.0,5013.60009765625,70,0.0,0.0
2026-02-09 06:14:00-05:00,5014.39990234375,5014.89990234375,5011.0,5012.7998046875,116,0.0,0.0
2026-02-09 06:15:00-05:00,5015.10009765625,5017.0,5012.5,5016.0,68,0.0,0.0
2026-02-09 06:16:00-05:00,5016.10009765625,5018.10009765625,5012.10009765625,5013.10009765625,191,0.0,0.0
2026-02-09 06:17:00-05:00,5013.5,5015.60009765625,5013.39990234375,5015.10009765625,28,0.0,0.0
2026-02-09 06:18:00-05:00,5014.2001953125,5019.2001953125,5014.2001953125,5018.2001953125,30,0.0,0.0
2026-02-09 06:19:00-05:00,5018.2001953125,5019.7001953125,5017.7001953125,5018.39990234375,63,0.0,0.0
2026-02-09 06:20:00-05:00,5017.7998046875,5019.0,5016.89990234375,5019.0,22,0.0,0.0
2026-02-09 06:21:00-05:00,5017.89990234375,5018.10009765625,5015.5,5018.10009765625,22,0.0,0.0
2026-02-09 06:22:00-05:00,5017.2001953125,5020.0,5016.39990234375,5020.0,32,0.0,0.0
2026-02-09 06:23:00-05:00,5019.0,5020.0,5017.89990234375,5019.0,16,0.0,0.0
2026-02-09 06:24:00-05:00,5019.5,5024.7998046875,5019.5,5023.0,70,0.0,0.0
2026-02-09 06:25:00-05:00,5023.39990234375,5025.0,5021.7001953125,5021.7998046875,61,0.0,0.0
2026-02-09 06:26:00-05:00,5021.2998046875,5021.2998046875,5020.2998046875,5020.2998046875,8,0.0,0.0
2026-02-09 06:27:00-05:00,5021.39990234375,5025.7998046875,5021.0,5024.5,59,0.0,0.0
2026-02-09 06:28:00-05:00,5025.39990234375,5025.7998046875,5022.7001953125,5023.7998046875,48,0.0,0.0
2026-02-09 06:29:00-05:00,5023.10009765625,5028.10009765625,5023.10009765625,5026.7001953125,67,0.0,0.0
2026-02-09 06:30:00-05:00,5027.39990234375,5029.0,5026.39990234375,5026.7998046875,54,0.0,0.0
2026-02-09 06:31:00-05:00,5027.60009765625,5029.10009765625,5026.2001953125,5026.7998046875,68,0.0,0.0
2026-02-09 06:32:00-05:00,5026.39990234375,5026.39990234375,5025.0,5026.0,15,0.0,0.0
2026-02-09 06:33:00-05:00,5025.0,5026.10009765625,5024.60009765625,5025.2998046875,26,0.0,0.0
2026-02-09 06:34:00-05:00,5024.39990234375,5025.0,5024.2998046875,5025.0,9,0.0,0.0
2026-02-09 06:35:00-05:00,5024.10009765625,5026.5,5022.5,5026.5,17,0.0,0.0
2026-02-09 06:36:00-05:00,5027.2001953125,5027.2001953125,5026.0,5026.0,8,0.0,0.0
2026-02-09 06:37:00-05:00,5025.5,5025.89990234375,5025.5,5025.89990234375,3,0.0,0.0
2026-02-09 06:38:00-05:00,5026.2001953125,5029.7001953125,5026.2001953125,5029.7001953125,23,0.0,0.0
2026-02-09 06:39:00-05:00,5029.7001953125,5030.0,5025.7998046875,5026.7001953125,49,0.0,0.0
2026-02-09 06:40:00-05:00,5026.10009765625,5028.5,5026.10009765625,5028.2001953125,19,0.0,0.0
2026-02-09 06:41:00-05:00,5029.10009765625,5031.89990234375,5029.10009765625,5030.7001953125,78,0.0,0.0
2026-02-09 06:42:00-05:00,5030.60009765625,5034.2001953125,5029.7001953125,5033.2998046875,85,0.0,0.0
2026-02-09 06:43:00-05:00,5033.89990234375,5034.2001953125,5029.0,5030.89990234375,116,0.0,0.0
2026-02-09 06:44:00-05:00,5030.89990234375,5030.89990234375,5028.7001953125,5029.5,22,0.0,0.0
2026-02-09 06:45:00-05:00,5029.7998046875,5030.5,5028.5,5029.0,23,0.0,0.0
2026-02-09 06:46:00-05:00,5029.7001953125,5032.60009765625,5029.7001953125,5031.89990234375,40,0.0,0.0
2026-02-09 06:47:00-05:00,5030.60009765625,5031.0,5028.7998046875,5029.0,35,0.0,0.0
2026-02-09 06:48:00-05:00,5029.39990234375,5032.39990234375,5028.7001953125,5031.0,65,0.0,0.0
2026-02-09 06:49:00-05:00,5029.89990234375,5030.5,5028.39990234375,5029.2998046875,30,0.0,0.0
2026-02-09 06:50:00-05:00,5028.89990234375,5032.0,5028.5,5032.0,40,0.0,0.0
2026-02-09 06:51:00-05:00,5031.2001953125,5035.89990234375,5030.7001953125,5033.5,121,0.0,0.0
2026-02-09 06:52:00-05:00,5034.0,5035.0,5033.89990234375,5034.7998046875,11,0.0,0.0
2026-02-09 06:53:00-05:00,5035.0,5036.7001953125,5032.7998046875,5036.7001953125,47,0.0,0.0
2026-02-09 06:54:00-05:00,5035.89990234375,5040.0,5031.7001953125,5034.0,185,0.0,0.0
2026-02-09 06:55:00-05:00,5033.7998046875,5036.10009765625,5033.2001953125,5034.2998046875,26,0.0,0.0
2026-02-09 06:56:00-05:00,5034.60009765625,5035.89990234375,5034.0,5035.7998046875,10,0.0,0.0
2026-02-09 06:57:00-05:00,5036.10009765625,5036.10009765625,5033.2998046875,5033.7998046875,26,0.0,0.0
2026-02-09 06:58:00-05:00,5034.10009765625,5034.10009765625,5033.2998046875,5034.10009765625,16,0.0,0.0
2026-02-09 06:59:00-05:00,5033.0,5033.60009765625,5030.0,5031.10009765625,44,0.0,0.0
2026-02-09 07:00:00-05:00,5032.0,5035.0,5031.10009765625,5033.0,83,0.0,0.0
2026-02-09 07:01:00-05:00,5034.39990234375,5036.60009765625,5031.2998046875,5032.39990234375,57,0.0,0.0
2026-02-09 07:02:00-05:00,5032.7998046875,5033.2001953125,5031.10009765625,5033.2001953125,33,0.0,0.0
2026-02-09 07:03:00-05:00,5033.0,5033.2998046875,5028.39990234375,5029.2001953125,44,0.0,0.0
2026-02-09 07:04:00-05:00,5029.5,5033.60009765625,5028.2998046875,5033.60009765625,46,0.0,0.0
2026-02-09 07:05:00-05:00,5034.2001953125,5038.5,5034.2001953125,5036.2001953125,39,0.0,0.0
2026-02-09 07:06:00-05:00,5036.10009765625,5037.39990234375,5032.7998046875,5035.0,56,0.0,0.0
2026-02-09 07:07:00-05:00,5034.2001953125,5036.10009765625,5033.60009765625,5035.2001953125,38,0.0,0.0
2026-02-09 07:08:00-05:00,5035.10009765625,5037.2998046875,5032.0,5036.7998046875,51,0.0,0.0
2026-02-09 07:09:00-05:00,5037.7998046875,5037.7998046875,5035.39990234375,5035.89990234375,49,0.0,0.0
2026-02-09 07:10:00-05:00,5036.7001953125,5038.5,5036.39990234375,5036.39990234375,31,0.0,0.0
2026-02-09 07:11:00-05:00,5036.39990234375,5038.89990234375,5035.2001953125,5036.2001953125,36,0.0,0.0
2026-02-09 07:12:00-05:00,5036.7001953125,5038.2001953125,5036.10009765625,5036.5,36,0.0,0.0
2026-02-09 07:13:00-05:00,5036.7001953125,5039.0,5036.0,5038.10009765625,45,0.0,0.0
2026-02-09 07:14:00-05:00,5038.2998046875,5038.7001953125,5036.39990234375,5037.2998046875,30,0.0,0.0
2026-02-09 07:15:00-05:00,5038.2001953125,5039.7001953125,5036.0,5036.7001953125,46,0.0,0.0
2026-02-09 07:16:00-05:00,5036.2001953125,5037.60009765625,5036.2001953125,5037.0,22,0.0,0.0
2026-02-09 07:17:00-05:00,5036.39990234375,5036.39990234375,5032.5,5033.0,39,0.0,0.0
2026-02-09 07:18:00-05:00,5033.0,5034.2998046875,5031.89990234375,5034.10009765625,49,0.0,0.0
2026-02-09 07:19:00-05:00,5034.10009765625,5035.2998046875,5032.2998046875,5034.89990234375,96,0.0,0.0
2026-02-09 07:20:00-05:00,5035.7998046875,5036.39990234375,5035.2001953125,5035.2001953125,15,0.0,0.0
2026-02-09 07:21:00-05:00,5034.7001953125,5034.7001953125,5032.2001953125,5032.60009765625,18,0.0,0.0
2026-02-09 07:22:00-05:00,5032.0,5033.0,5031.89990234375,5032.5,15,0.0,0.0
2026-02-09 07:23:00-05:00,5032.7001953125,5036.89990234375,5032.7001953125,5036.60009765625,37,0.0,0.0
2026-02-09 07:24:00-05:00,5037.5,5038.0,5034.7001953125,5035.89990234375,78,0.0,0.0
2026-02-09 07:25:00-05:00,5036.2998046875,5036.39990234375,5035.0,5035.0,21,0.0,0.0
2026-02-09 07:26:00-05:00,5035.7001953125,5036.10009765625,5033.5,5035.2998046875,33,0.0,0.0
2026-02-09 07:27:00-05:00,5034.60009765625,5036.2998046875,5034.5,5034.5,24,0.0,0.0
2026-02-09 07:28:00-05:00,5034.2001953125,5034.60009765625,5033.5,5033.5,21,0.0,0.0
2026-02-09 07:29:00-05:00,5033.2001953125,5036.2998046875,5032.7001953125,5035.5,72,0.0,0.0
2026-02-09 07:30:00-05:00,5035.39990234375,5039.5,5035.39990234375,5038.2998046875,52,0.0,0.0
2026-02-09 07:31:00-05:00,5038.7001953125,5041.60009765625,5035.2998046875,5035.89990234375,99,0.0,0.0
2026-02-09 07:32:00-05:00,5035.5,5035.5,5032.5,5032.60009765625,35,0.0,0.0
2026-02-09 07:33:00-05:00,5032.10009765625,5036.2001953125,5031.0,5035.2001953125,80,0.0,0.0
2026-02-09 07:34:00-05:00,5035.0,5037.0,5034.0,5037.0,55,0.0,0.0
2026-02-09 07:35:00-05:00,5036.7998046875,5038.60009765625,5036.5,5037.0,43,0.0,0.0
2026-02-09 07:36:00-05:00,5037.39990234375,5041.7998046875,5037.39990234375,5041.60009765625,152,0.0,0.0
2026-02-09 07:37:00-05:00,5042.5,5043.60009765625,5039.89990234375,5040.2001953125,69,0.0,0.0
2026-02-09 07:38:00-05:00,5040.7001953125,5041.5,5036.10009765625,5036.89990234375,55,0.0,0.0
2026-02-09 07:39:00-05:00,5037.7998046875,5038.0,5037.2998046875,5038.0,8,0.0,0.0
2026-02-09 07:40:00-05:00,5037.2001953125,5037.2001953125,5036.5,5037.2001953125,20,0.0,0.0
2026-02-09 07:41:00-05:00,5037.10009765625,5041.10009765625,5037.10009765625,5040.39990234375,68,0.0,0.0
2026-02-09 07:42:00-05:00,5041.39990234375,5041.39990234375,5037.89990234375,5037.89990234375,16,0.0,0.0
2026-02-09 07:43:00-05:00,5037.89990234375,5040.0,5037.89990234375,5039.10009765625,18,0.0,0.0
2026-02-09 07:44:00-05:00,5039.10009765625,5039.39990234375,5037.2001953125,5037.2001953125,29,0.0,0.0
2026-02-09 07:45:00-05:00,5038.0,5039.5,5036.89990234375,5039.10009765625,72,0.0,0.0
2026-02-09 07:46:00-05:00,5038.7998046875,5041.39990234375,5038.7001953125,5039.2998046875,35,0.0,0.0
2026-02-09 07:47:00-05:00,5038.89990234375,5039.39990234375,5036.89990234375,5039.39990234375,35,0.0,0.0
2026-02-09 07:48:00-05:00,5038.89990234375,5040.10009765625,5037.5,5038.60009765625,28,0.0,0.0
2026-02-09 07:49:00-05:00,5038.5,5038.5,5033.2001953125,5034.0,53,0.0,0.0
2026-02-09 07:50:00-05:00,5034.0,5036.60009765625,5032.7998046875,5036.2998046875,78,0.0,0.0
2026-02-09 07:51:00-05:00,5035.7998046875,5039.39990234375,5035.5,5039.39990234375,50,0.0,0.0
2026-02-09 07:52:00-05:00,5039.5,5039.89990234375,5038.60009765625,5039.7001953125,30,0.0,0.0
2026-02-09 07:53:00-05:00,5040.0,5040.60009765625,5038.5,5040.60009765625,34,0.0,0.0
2026-02-09 07:54:00-05:00,5039.7998046875,5040.7998046875,5038.7998046875,5039.2001953125,41,0.0,0.0
2026-02-09 07:55:00-05:00,5040.0,5040.0,5036.7001953125,5037.0,66,0.0,0.0
2026-02-09 07:56:00-05:00,5037.0,5037.10009765625,5029.5,5030.2998046875,55,0.0,0.0
2026-02-09 07:57:00-05:00,5030.10009765625,5035.89990234375,5030.10009765625,5034.89990234375,71,0.0,0.0
2026-02-09 07:58:00-05:00,5035.2998046875,5035.39990234375,5033.2998046875,5033.2998046875,33,0.0,0.0
2026-02-09 07:59:00-05:00,5034.10009765625,5036.7001953125,5034.10009765625,5035.7001953125,69,0.0,0.0
2026-02-09 08:00:00-05:00,5035.39990234375,5037.2001953125,5030.0,5033.0,281,0.0,0.0
2026-02-09 08:01:00-05:00,5032.89990234375,5039.39990234375,5031.39990234375,5033.10009765625,129,0.0,0.0
2026-02-09 08:02:00-05:00,5033.7001953125,5037.39990234375,5031.0,5035.89990234375,60,0.0,0.0
2026-02-09 08:03:00-05:00,5034.7001953125,5040.89990234375,5033.10009765625,5039.2001953125,110,0.0,0.0
2026-02-09 08:04:00-05:00,5039.7998046875,5042.5,5038.5,5041.2998046875,70,0.0,0.0
2026-02-09 08:05:00-05:00,5041.2998046875,5044.39990234375,5039.7998046875,5041.5,94,0.0,0.0
2026-02-09 08:06:00-05:00,5042.2001953125,5044.60009765625,5041.2001953125,5044.60009765625,189,0.0,0.0
2026-02-09 08:07:00-05:00,5045.0,5045.0,5042.0,5043.7001953125,70,0.0,0.0
2026-02-09 08:08:00-05:00,5043.2998046875,5045.0,5042.7998046875,5044.60009765625,157,0.0,0.0
2026-02-09 08:09:00-05:00,5044.7998046875,5046.5,5043.2998046875,5045.0,73,0.0,0.0
2026-02-09 08:10:00-05:00,5045.0,5046.7998046875,5042.5,5045.7001953125,92,0.0,0.0
2026-02-09 08:11:00-05:00,5045.7001953125,5045.7998046875,5039.60009765625,5042.7001953125,100,0.0,0.0
2026-02-09 08:12:00-05:00,5042.0,5043.0,5036.5,5040.10009765625,149,0.0,0.0
2026-02-09 08:13:00-05:00,5039.2998046875,5043.2001953125,5037.7001953125,5043.2001953125,61,0.0,0.0
2026-02-09 08:14:00-05:00,5043.7001953125,5044.39990234375,5041.0,5043.2998046875,105,0.0,0.0
2026-02-09 08:15:00-05:00,5044.5,5046.60009765625,5042.0,5042.0,116,0.0,0.0
2026-02-09 08:16:00-05:00,5040.89990234375,5043.10009765625,5038.2998046875,5039.5,82,0.0,0.0
2026-02-09 08:17:00-05:00,5040.39990234375,5040.89990234375,5038.0,5038.0,25,0.0,0.0
2026-02-09 08:18:00-05:00,5038.89990234375,5041.0,5037.7998046875,5037.7998046875,65,0.0,0.0
2026-02-09 08:19:00-05:00,5038.2998046875,5040.60009765625,5035.5,5039.10009765625,129,0.0,0.0
2026-02-09 08:20:00-05:00,5039.10009765625,5041.60009765625,5036.39990234375,5038.7001953125,195,0.0,0.0
2026-02-09 08:21:00-05:00,5038.7998046875,5038.7998046875,5033.60009765625,5036.89990234375,95,0.0,0.0
2026-02-09 08:22:00-05:00,5036.89990234375,5037.39990234375,5033.2001953125,5033.2001953125,107,0.0,0.0
2026-02-09 08:23:00-05:00,5033.10009765625,5034.39990234375,5028.2001953125,5033.7001953125,215,0.0,0.0
2026-02-09 08:24:00-05:00,5033.5,5040.0,5031.89990234375,5038.0,170,0.0,0.0
2026-02-09 08:25:00-05:00,5038.89990234375,5041.2001953125,5029.2998046875,5031.7001953125,194,0.0,0.0
2026-02-09 08:26:00-05:00,5030.5,5035.10009765625,5029.0,5029.0,104,0.0,0.0
2026-02-09 08:27:00-05:00,5029.0,5033.39990234375,5029.0,5031.10009765625,172,0.0,0.0
2026-02-09 08:28:00-05:00,5030.7998046875,5032.7001953125,5030.2001953125,5031.2001953125,85,0.0,0.0
2026-02-09 08:29:00-05:00,5031.60009765625,5032.0,5025.10009765625,5026.39990234375,192,0.0,0.0
2026-02-09 08:30:00-05:00,5027.0,5035.0,5026.2001953125,5035.0,122,0.0,0.0
2026-02-09 08:31:00-05:00,5035.2001953125,5037.2001953125,5031.5,5031.7998046875,152,0.0,0.0
2026-02-09 08:32:00-05:00,5032.39990234375,5033.2998046875,5029.7001953125,5032.7001953125,73,0.0,0.0
2026-02-09 08:33:00-05:00,5033.2001953125,5033.2001953125,5026.0,5026.0,111,0.0,0.0
2026-02-09 08:34:00-05:00,5025.5,5033.0,5025.2001953125,5030.10009765625,106,0.0,0.0
2026-02-09 08:35:00-05:00,5029.2998046875,5031.60009765625,5028.60009765625,5030.7001953125,44,0.0,0.0
2026-02-09 08:36:00-05:00,5030.5,5030.89990234375,5025.7001953125,5025.7001953125,84,0.0,0.0
2026-02-09 08:37:00-05:00,5026.0,5030.2001953125,5025.10009765625,5030.2001953125,111,0.0,0.0
2026-02-09 08:38:00-05:00,5030.0,5031.39990234375,5027.7001953125,5027.7001953125,61,0.0,0.0
2026-02-09 08:39:00-05:00,5027.7001953125,5027.7001953125,5022.39990234375,5023.7998046875,116,0.0,0.0
2026-02-09 08:40:00-05:00,5024.39990234375,5026.7998046875,5022.2001953125,5026.5,103,0.0,0.0
2026-02-09 08:41:00-05:00,5026.60009765625,5026.60009765625,5018.89990234375,5021.2001953125,155,0.0,0.0
2026-02-09 08:42:00-05:00,5021.0,5021.7001953125,5018.0,5018.89990234375,169,0.0,0.0
2026-02-09 08:43:00-05:00,5018.0,5020.10009765625,5016.89990234375,5018.2998046875,101,0.0,0.0
2026-02-09 08:44:00-05:00,5017.2998046875,5022.60009765625,5017.2998046875,5021.0,61,0.0,0.0
2026-02-09 08:45:00-05:00,5020.2001953125,5021.89990234375,5017.7001953125,5019.0,103,0.0,0.0
2026-02-09 08:46:00-05:00,5019.10009765625,5024.2001953125,5018.7001953125,5020.7998046875,123,0.0,0.0
2026-02-09 08:47:00-05:00,5020.5,5023.2998046875,5020.5,5022.0,49,0.0,0.0
2026-02-09 08:48:00-05:00,5022.0,5024.2998046875,5020.7998046875,5024.2998046875,111,0.0,0.0
2026-02-09 08:49:00-05:00,5025.0,5027.10009765625,5024.39990234375,5024.7998046875,77,0.0,0.0
2026-02-09 08:50:00-05:00,5025.2998046875,5028.60009765625,5025.2998046875,5025.89990234375,50,0.0,0.0
2026-02-09 08:51:00-05:00,5025.7998046875,5028.2001953125,5025.7998046875,5028.2001953125,73,0.0,0.0
2026-02-09 08:52:00-05:00,5027.7998046875,5030.60009765625,5027.39990234375,5029.60009765625,141,0.0,0.0
2026-02-09 08:53:00-05:00,5029.0,5032.10009765625,5028.0,5031.5,97,0.0,0.0
2026-02-09 08:54:00-05:00,5030.7998046875,5032.7998046875,5029.2998046875,5030.2998046875,66,0.0,0.0
2026-02-09 08:55:00-05:00,5030.2998046875,5032.2998046875,5029.2998046875,5032.10009765625,57,0.0,0.0
2026-02-09 08:56:00-05:00,5032.2998046875,5032.7001953125,5027.10009765625,5027.2001953125,69,0.0,0.0
2026-02-09 08:57:00-05:00,5027.10009765625,5027.10009765625,5024.10009765625,5025.39990234375,92,0.0,0.0
2026-02-09 08:58:00-05:00,5026.2998046875,5027.2998046875,5025.89990234375,5026.39990234375,24,0.0,0.0
2026-02-09 08:59:00-05:00,5027.10009765625,5030.89990234375,5025.39990234375,5028.89990234375,113,0.0,0.0
2026-02-09 09:00:00-05:00,5028.39990234375,5032.0,5023.7998046875,5031.60009765625,99,0.0,0.0
2026-02-09 09:01:00-05:00,5031.5,5034.0,5031.2001953125,5033.89990234375,77,0.0,0.0
2026-02-09 09:02:00-05:00,5034.2998046875,5034.2998046875,5031.2998046875,5032.2998046875,55,0.0,0.0
2026-02-09 09:03:00-05:00,5031.60009765625,5031.60009765625,5027.2001953125,5028.39990234375,70,0.0,0.0
2026-02-09 09:04:00-05:00,5028.39990234375,5035.0,5027.39990234375,5031.7001953125,82,0.0,0.0
2026-02-09 09:05:00-05:00,5031.89990234375,5035.0,5031.89990234375,5033.5,56,0.0,0.0
2026-02-09 09:06:00-05:00,5032.89990234375,5032.89990234375,5030.5,5031.5,44,0.0,0.0
2026-02-09 09:07:00-05:00,5031.7001953125,5034.39990234375,5030.7001953125,5034.39990234375,38,0.0,0.0
2026-02-09 09:08:00-05:00,5034.0,5039.60009765625,5033.89990234375,5036.60009765625,141,0.0,0.0
2026-02-09 09:09:00-05:00,5037.2001953125,5037.5,5032.10009765625,5032.60009765625,58,0.0,0.0
2026-02-09 09:10:00-05:00,5031.5,5033.60009765625,5031.2001953125,5032.60009765625,41,0.0,0.0
2026-02-09 09:11:00-05:00,5032.7998046875,5038.0,5032.7998046875,5037.2998046875,129,0.0,0.0
2026-02-09 09:12:00-05:00,5037.89990234375,5038.0,5033.10009765625,5036.5,143,0.0,0.0
2026-02-09 09:13:00-05:00,5035.7001953125,5035.7001953125,5032.10009765625,5032.89990234375,65,0.0,0.0
2026-02-09 09:14:00-05:00,5033.7001953125,5037.60009765625,5033.39990234375,5036.60009765625,40,0.0,0.0
2026-02-09 09:15:00-05:00,5037.7001953125,5039.10009765625,5036.2001953125,5036.5,98,0.0,0.0
2026-02-09 09:16:00-05:00,5036.5,5038.7001953125,5036.39990234375,5038.7001953125,68,0.0,0.0
2026-02-09 09:17:00-05:00,5039.0,5041.0,5036.89990234375,5040.89990234375,75,0.0,0.0
2026-02-09 09:18:00-05:00,5041.0,5042.39990234375,5037.10009765625,5037.10009765625,164,0.0,0.0
2026-02-09 09:19:00-05:00,5037.2998046875,5038.5,5035.7001953125,5037.2001953125,69,0.0,0.0
2026-02-09 09:20:00-05:00,5037.10009765625,5039.2998046875,5036.10009765625,5038.10009765625,62,0.0,0.0
2026-02-09 09:21:00-05:00,5038.10009765625,5038.10009765625,5031.39990234375,5035.7001953125,115,0.0,0.0
2026-02-09 09:22:00-05:00,5035.89990234375,5037.2001953125,5034.5,5035.5,103,0.0,0.0
2026-02-09 09:23:00-05:00,5036.2998046875,5040.2998046875,5036.2998046875,5039.7998046875,88,0.0,0.0
2026-02-09 09:24:00-05:00,5039.60009765625,5042.0,5039.5,5039.5,129,0.0,0.0
2026-02-09 09:25:00-05:00,5039.5,5039.5,5036.0,5037.39990234375,63,0.0,0.0
2026-02-09 09:26:00-05:00,5036.5,5038.0,5036.2998046875,5037.5,33,0.0,0.0
2026-02-09 09:27:00-05:00,5038.39990234375,5046.10009765625,5038.39990234375,5044.5,169,0.0,0.0
2026-02-09 09:28:00-05:00,5044.5,5046.39990234375,5044.10009765625,5044.7998046875,179,0.0,0.0
2026-02-09 09:29:00-05:00,5044.39990234375,5044.39990234375,5042.39990234375,5042.89990234375,72,0.0,0.0
2026-02-09 09:30:00-05:00,5042.89990234375,5049.2001953125,5036.0,5044.7998046875,468,0.0,0.0
2026-02-09 09:31:00-05:00,5045.2001953125,5054.5,5044.0,5052.7001953125,399,0.0,0.0
2026-02-09 09:32:00-05:00,5053.10009765625,5055.89990234375,5051.0,5054.60009765625,354,0.0,0.0
2026-02-09 09:33:00-05:00,5055.2998046875,5056.7998046875,5052.60009765625,5054.2998046875,219,0.0,0.0
2026-02-09 09:34:00-05:00,5054.39990234375,5058.5,5053.2001953125,5058.10009765625,554,0.0,0.0
2026-02-09 09:35:00-05:00,5057.7001953125,5058.60009765625,5051.39990234375,5051.5,319,0.0,0.0
2026-02-09 09:36:00-05:00,5051.60009765625,5053.7998046875,5048.10009765625,5052.5,198,0.0,0.0
2026-02-09 09:37:00-05:00,5052.10009765625,5055.2001953125,5050.7998046875,5052.0,229,0.0,0.0
2026-02-09 09:38:00-05:00,5051.5,5055.0,5049.5,5050.7001953125,221,0.0,0.0
2026-02-09 09:39:00-05:00,5051.2998046875,5053.39990234375,5049.89990234375,5053.39990234375,93,0.0,0.0
2026-02-09 09:40:00-05:00,5053.39990234375,5055.2001953125,5051.0,5053.39990234375,187,0.0,0.0
2026-02-09 09:41:00-05:00,5053.2998046875,5053.7001953125,5048.2001953125,5051.2998046875,117,0.0,0.0
2026-02-09 09:42:00-05:00,5051.39990234375,5056.7998046875,5049.2998046875,5056.7998046875,219,0.0,0.0
2026-02-09 09:43:00-05:00,5057.2998046875,5060.0,5056.5,5058.7001953125,777,0.0,0.0
2026-02-09 09:44:00-05:00,5059.0,5060.0,5057.60009765625,5059.10009765625,348,0.0,0.0
2026-02-09 09:45:00-05:00,5059.60009765625,5062.89990234375,5057.7001953125,5060.2001953125,372,0.0,0.0
2026-02-09 09:46:00-05:00,5060.60009765625,5062.5,5056.0,5058.2998046875,356,0.0,0.0
2026-02-09 09:47:00-05:00,5058.0,5059.10009765625,5053.60009765625,5056.60009765625,236,0.0,0.0
2026-02-09 09:48:00-05:00,5056.2998046875,5058.39990234375,5054.10009765625,5054.10009765625,133,0.0,0.0
2026-02-09 09:49:00-05:00,5054.0,5056.5,5054.0,5055.39990234375,54,0.0,0.0
2026-02-09 09:50:00-05:00,5055.39990234375,5057.5,5053.39990234375,5056.7998046875,63,0.0,0.0
2026-02-09 09:51:00-05:00,5057.60009765625,5058.39990234375,5055.0,5057.5,105,0.0,0.0
2026-02-09 09:52:00-05:00,5057.2001953125,5058.10009765625,5054.7001953125,5057.5,130,0.0,0.0
2026-02-09 09:53:00-05:00,5057.60009765625,5061.60009765625,5057.60009765625,5061.60009765625,203,0.0,0.0
2026-02-09 09:54:00-05:00,5061.89990234375,5062.89990234375,5059.89990234375,5062.2001953125,100,0.0,0.0
2026-02-09 09:55:00-05:00,5062.60009765625,5063.2998046875,5060.7998046875,5061.5,166,0.0,0.0
2026-02-09 09:56:00-05:00,5060.60009765625,5063.10009765625,5060.5,5062.60009765625,95,0.0,0.0
2026-02-09 09:57:00-05:00,5062.10009765625,5062.5,5058.7998046875,5059.5,201,0.0,0.0
2026-02-09 09:58:00-05:00,5059.89990234375,5061.89990234375,5059.2998046875,5061.89990234375,126,0.0,0.0
2026-02-09 09:59:00-05:00,5062.2998046875,5063.10009765625,5059.60009765625,5059.60009765625,150,0.0,0.0
2026-02-09 10:00:00-05:00,5059.5,5063.0,5059.2998046875,5062.7998046875,316,0.0,0.0
2026-02-09 10:01:00-05:00,5062.7998046875,5064.5,5060.5,5062.7998046875,376,0.0,0.0
2026-02-09 10:02:00-05:00,5063.2001953125,5063.89990234375,5056.2998046875,5057.7998046875,251,0.0,0.0
2026-02-09 10:03:00-05:00,5057.7001953125,5059.89990234375,5056.39990234375,5057.39990234375,108,0.0,0.0
2026-02-09 10:04:00-05:00,5057.5,5061.7998046875,5057.2998046875,5060.2998046875,80,0.0,0.0
2026-02-09 10:05:00-05:00,5061.10009765625,5062.2001953125,5057.10009765625,5059.2001953125,201,0.0,0.0
2026-02-09 10:06:00-05:00,5058.7998046875,5058.89990234375,5056.7001953125,5058.2001953125,85,0.0,0.0
2026-02-09 10:07:00-05:00,5058.2998046875,5060.0,5058.0,5058.0,81,0.0,0.0
2026-02-09 10:08:00-05:00,5058.10009765625,5059.60009765625,5054.7001953125,5055.89990234375,120,0.0,0.0
2026-02-09 10:09:00-05:00,5056.0,5058.10009765625,5052.2001953125,5058.10009765625,152,0.0,0.0
2026-02-09 10:10:00-05:00,5058.10009765625,5059.89990234375,5057.7998046875,5058.60009765625,69,0.0,0.0
2026-02-09 10:11:00-05:00,5058.5,5058.5,5053.2998046875,5054.5,110,0.0,0.0
2026-02-09 10:12:00-05:00,5054.39990234375,5054.7001953125,5050.0,5054.60009765625,150,0.0,0.0
2026-02-09 10:13:00-05:00,5053.89990234375,5056.60009765625,5052.60009765625,5056.0,117,0.0,0.0
2026-02-09 10:14:00-05:00,5055.89990234375,5055.89990234375,5051.2998046875,5052.0,196,0.0,0.0
2026-02-09 10:15:00-05:00,5052.39990234375,5053.5,5047.60009765625,5048.10009765625,424,0.0,0.0
2026-02-09 10:16:00-05:00,5048.2998046875,5052.7998046875,5046.2001953125,5049.7998046875,251,0.0,0.0
2026-02-09 10:17:00-05:00,5049.60009765625,5050.5,5045.7001953125,5046.0,192,0.0,0.0
2026-02-09 10:18:00-05:00,5045.7001953125,5048.89990234375,5045.60009765625,5047.89990234375,152,0.0,0.0
2026-02-09 10:19:00-05:00,5047.89990234375,5049.7998046875,5046.5,5049.60009765625,89,0.0,0.0
2026-02-09 10:20:00-05:00,5049.60009765625,5055.60009765625,5049.10009765625,5054.60009765625,155,0.0,0.0
2026-02-09 10:21:00-05:00,5055.39990234375,5055.39990234375,5051.2998046875,5051.2998046875,130,0.0,0.0
2026-02-09 10:22:00-05:00,5052.2998046875,5054.39990234375,5049.39990234375,5054.39990234375,153,0.0,0.0
2026-02-09 10:23:00-05:00,5053.89990234375,5056.10009765625,5053.7998046875,5054.5,109,0.0,0.0
2026-02-09 10:24:00-05:00,5055.2998046875,5058.7001953125,5055.0,5055.10009765625,101,0.0,0.0
2026-02-09 10:25:00-05:00,5055.7001953125,5056.2998046875,5052.39990234375,5053.2001953125,141,0.0,0.0
2026-02-09 10:26:00-05:00,5053.0,5055.2001953125,5052.7998046875,5053.7001953125,67,0.0,0.0
2026-02-09 10:27:00-05:00,5054.2001953125,5055.0,5053.10009765625,5054.5,63,0.0,0.0
2026-02-09 10:28:00-05:00,5055.10009765625,5056.39990234375,5053.39990234375,5056.0,50,0.0,0.0
2026-02-09 10:29:00-05:00,5055.5,5056.2001953125,5053.89990234375,5056.0,78,0.0,0.0
2026-02-09 10:30:00-05:00,5056.0,5062.5,5056.0,5062.39990234375,177,0.0,0.0
2026-02-09 10:31:00-05:00,5062.2998046875,5063.7001953125,5061.2998046875,5061.7998046875,166,0.0,0.0
2026-02-09 10:32:00-05:00,5062.5,5065.0,5062.0,5064.89990234375,232,0.0,0.0
2026-02-09 10:33:00-05:00,5065.0,5076.7998046875,5064.10009765625,5072.7001953125,1295,0.0,0.0
2026-02-09 10:34:00-05:00,5072.2001953125,5079.5,5070.7998046875,5077.2001953125,401,0.0,0.0
2026-02-09 10:35:00-05:00,5077.2998046875,5077.7998046875,5073.60009765625,5074.7998046875,163,0.0,0.0
2026-02-09 10:36:00-05:00,5075.39990234375,5076.0,5072.10009765625,5073.7001953125,201,0.0,0.0
2026-02-09 10:37:00-05:00,5074.60009765625,5074.60009765625,5071.10009765625,5072.0,126,0.0,0.0
2026-02-09 10:38:00-05:00,5072.0,5076.0,5072.0,5074.2001953125,221,0.0,0.0
2026-02-09 10:39:00-05:00,5075.0,5076.2001953125,5073.7998046875,5075.2001953125,71,0.0,0.0
2026-02-09 10:40:00-05:00,5074.7001953125,5076.2998046875,5071.2998046875,5073.39990234375,159,0.0,0.0
2026-02-09 10:41:00-05:00,5073.0,5074.7001953125,5070.10009765625,5071.2998046875,203,0.0,0.0
2026-02-09 10:42:00-05:00,5070.7001953125,5075.7998046875,5070.7001953125,5075.0,101,0.0,0.0
2026-02-09 10:43:00-05:00,5075.5,5077.2998046875,5072.5,5075.7998046875,144,0.0,0.0
2026-02-09 10:44:00-05:00,5076.0,5079.60009765625,5075.7998046875,5079.5,116,0.0,0.0
2026-02-09 10:45:00-05:00,5079.60009765625,5082.7001953125,5077.60009765625,5079.39990234375,314,0.0,0.0
2026-02-09 10:46:00-05:00,5079.2998046875,5079.2998046875,5075.7001953125,5076.89990234375,107,0.0,0.0
2026-02-09 10:47:00-05:00,5077.10009765625,5080.0,5076.5,5079.7001953125,77,0.0,0.0
2026-02-09 10:48:00-05:00,5079.60009765625,5083.39990234375,5079.60009765625,5080.89990234375,104,0.0,0.0
2026-02-09 10:49:00-05:00,5080.7001953125,5084.39990234375,5080.60009765625,5084.10009765625,209,0.0,0.0
2026-02-09 10:50:00-05:00,5083.89990234375,5083.89990234375,5080.0,5080.2001953125,121,0.0,0.0
2026-02-09 10:51:00-05:00,5080.60009765625,5082.39990234375,5080.2001953125,5080.2001953125,103,0.0,0.0
2026-02-09 10:52:00-05:00,5080.7998046875,5082.7998046875,5080.0,5080.5,133,0.0,0.0
2026-02-09 10:53:00-05:00,5080.0,5081.39990234375,5079.2001953125,5081.0,104,0.0,0.0
2026-02-09 10:54:00-05:00,5081.0,5082.60009765625,5080.0,5081.89990234375,100,0.0,0.0
2026-02-09 10:55:00-05:00,5081.60009765625,5083.2001953125,5081.10009765625,5081.60009765625,104,0.0,0.0
2026-02-09 10:56:00-05:00,5081.60009765625,5082.2001953125,5077.7001953125,5079.2998046875,211,0.0,0.0
2026-02-09 10:57:00-05:00,5079.2998046875,5082.0,5079.2998046875,5080.89990234375,132,0.0,0.0
2026-02-09 10:58:00-05:00,5080.89990234375,5081.7001953125,5080.0,5081.7001953125,60,0.0,0.0
2026-02-09 10:59:00-05:00,5080.89990234375,5082.2001953125,5079.60009765625,5082.2001953125,89,0.0,0.0
2026-02-09 11:00:00-05:00,5082.60009765625,5084.7001953125,5079.7998046875,5083.0,322,0.0,0.0
2026-02-09 11:01:00-05:00,5082.2998046875,5084.39990234375,5082.2998046875,5084.0,114,0.0,0.0
2026-02-09 11:02:00-05:00,5083.39990234375,5086.89990234375,5082.5,5086.5,217,0.0,0.0
2026-02-09 11:03:00-05:00,5086.39990234375,5089.7001953125,5085.39990234375,5088.7998046875,236,0.0,0.0
2026-02-09 11:04:00-05:00,5088.60009765625,5094.7001953125,5088.60009765625,5090.7001953125,379,0.0,0.0
2026-02-09 11:05:00-05:00,5090.39990234375,5091.2001953125,5086.89990234375,5089.10009765625,222,0.0,0.0
2026-02-09 11:06:00-05:00,5089.2998046875,5090.89990234375,5088.2001953125,5088.2001953125,113,0.0,0.0
2026-02-09 11:07:00-05:00,5088.5,5089.89990234375,5087.7001953125,5087.89990234375,82,0.0,0.0
2026-02-09 11:08:00-05:00,5087.7001953125,5089.7001953125,5087.0,5089.7001953125,116,0.0,0.0
2026-02-09 11:09:00-05:00,5089.7001953125,5091.39990234375,5088.7998046875,5088.7998046875,114,0.0,0.0
2026-02-09 11:10:00-05:00,5089.2998046875,5089.60009765625,5086.0,5086.89990234375,110,0.0,0.0
2026-02-09 11:11:00-05:00,5087.39990234375,5088.2998046875,5085.7998046875,5088.2001953125,46,0.0,0.0
2026-02-09 11:12:00-05:00,5088.7998046875,5088.7998046875,5086.60009765625,5087.2998046875,45,0.0,0.0
2026-02-09 11:13:00-05:00,5087.60009765625,5088.0,5086.2998046875,5086.2998046875,60,0.0,0.0
2026-02-09 11:14:00-05:00,5086.2998046875,5088.2001953125,5086.2998046875,5086.7998046875,100,0.0,0.0
2026-02-09 11:15:00-05:00,5087.5,5094.7998046875,5087.5,5094.0,294,0.0,0.0
2026-02-09 11:16:00-05:00,5094.10009765625,5094.2001953125,5091.89990234375,5092.60009765625,195,0.0,0.0
2026-02-09 11:17:00-05:00,5092.60009765625,5095.0,5092.2998046875,5093.7001953125,131,0.0,0.0
2026-02-09 11:18:00-05:00,5094.10009765625,5094.10009765625,5090.89990234375,5091.39990234375,150,0.0,0.0
2026-02-09 11:19:00-05:00,5091.10009765625,5092.5,5089.60009765625,5091.0,179,0.0,0.0
2026-02-09 11:20:00-05:00,5090.89990234375,5094.5,5090.39990234375,5093.5,137,0.0,0.0
2026-02-09 11:21:00-05:00,5094.0,5094.7001953125,5092.7001953125,5094.0,111,0.0,0.0
2026-02-09 11:22:00-05:00,5094.0,5098.39990234375,5094.0,5097.89990234375,280,0.0,0.0
2026-02-09 11:23:00-05:00,5098.5,5099.0,5097.7001953125,5098.39990234375,257,0.0,0.0
2026-02-09 11:24:00-05:00,5098.10009765625,5099.0,5097.7998046875,5098.10009765625,247,0.0,0.0
2026-02-09 11:25:00-05:00,5098.0,5105.10009765625,5096.10009765625,5102.5,926,0.0,0.0
2026-02-09 11:26:00-05:00,5102.5,5104.2001953125,5099.5,5100.5,587,0.0,0.0
2026-02-09 11:27:00-05:00,5099.60009765625,5099.60009765625,5094.2998046875,5098.10009765625,265,0.0,0.0
2026-02-09 11:28:00-05:00,5098.0,5099.7998046875,5096.7001953125,5098.0,424,0.0,0.0
2026-02-09 11:29:00-05:00,5097.2998046875,5098.2001953125,5095.0,5096.2998046875,185,0.0,0.0
2026-02-09 11:30:00-05:00,5096.60009765625,5101.2001953125,5096.60009765625,5100.7998046875,174,0.0,0.0
2026-02-09 11:31:00-05:00,5101.2001953125,5101.5,5096.39990234375,5096.39990234375,144,0.0,0.0
2026-02-09 11:32:00-05:00,5095.7998046875,5096.2001953125,5092.2998046875,5092.7998046875,196,0.0,0.0
2026-02-09 11:33:00-05:00,5093.0,5096.2998046875,5092.39990234375,5093.2001953125,289,0.0,0.0
2026-02-09 11:34:00-05:00,5093.2998046875,5093.2998046875,5090.60009765625,5090.60009765625,105,0.0,0.0
2026-02-09 11:35:00-05:00,5090.7998046875,5094.7001953125,5090.7001953125,5094.10009765625,198,0.0,0.0
2026-02-09 11:36:00-05:00,5093.2998046875,5094.7998046875,5093.2001953125,5094.39990234375,56,0.0,0.0
2026-02-09 11:37:00-05:00,5094.0,5096.60009765625,5093.5,5096.60009765625,58,0.0,0.0
2026-02-09 11:38:00-05:00,5096.10009765625,5096.89990234375,5095.2001953125,5096.39990234375,74,0.0,0.0
2026-02-09 11:39:00-05:00,5096.39990234375,5100.0,5096.39990234375,5099.5,104,0.0,0.0
2026-02-09 11:40:00-05:00,5099.5,5100.39990234375,5096.39990234375,5097.10009765625,149,0.0,0.0
2026-02-09 11:41:00-05:00,5097.39990234375,5098.60009765625,5097.10009765625,5097.5,49,0.0,0.0
2026-02-09 11:42:00-05:00,5097.7001953125,5100.7001953125,5097.7001953125,5100.60009765625,179,0.0,0.0
2026-02-09 11:43:00-05:00,5100.2998046875,5102.39990234375,5098.89990234375,5101.7001953125,138,0.0,0.0
2026-02-09 11:44:00-05:00,5101.5,5103.39990234375,5100.7998046875,5102.0,147,0.0,0.0
2026-02-09 11:45:00-05:00,5102.60009765625,5106.7998046875,5100.7998046875,5104.39990234375,341,0.0,0.0
2026-02-09 11:46:00-05:00,5104.39990234375,5104.39990234375,5099.7998046875,5100.2998046875,168,0.0,0.0
2026-02-09 11:47:00-05:00,5099.60009765625,5101.0,5098.7998046875,5100.39990234375,52,0.0,0.0
2026-02-09 11:48:00-05:00,5101.0,5101.10009765625,5099.0,5100.2001953125,49,0.0,0.0
2026-02-09 11:49:00-05:00,5100.2001953125,5100.7998046875,5099.39990234375,5100.7001953125,43,0.0,0.0
2026-02-09 11:50:00-05:00,5100.60009765625,5101.0,5098.60009765625,5098.7001953125,82,0.0,0.0
2026-02-09 11:51:00-05:00,5099.0,5100.0,5097.0,5097.89990234375,155,0.0,0.0
2026-02-09 11:52:00-05:00,5098.2998046875,5101.0,5097.39990234375,5101.0,132,0.0,0.0
2026-02-09 11:53:00-05:00,5101.0,5101.2001953125,5097.0,5098.0,95,0.0,0.0
2026-02-09 11:54:00-05:00,5098.5,5099.60009765625,5097.39990234375,5098.10009765625,48,0.0,0.0
2026-02-09 11:55:00-05:00,5097.89990234375,5099.2998046875,5097.0,5097.2998046875,87,0.0,0.0
2026-02-09 11:56:00-05:00,5097.7998046875,5098.10009765625,5094.39990234375,5098.0,116,0.0,0.0
2026-02-09 11:57:00-05:00,5097.7001953125,5101.60009765625,5097.7001953125,5100.10009765625,165,0.0,0.0
2026-02-09 11:58:00-05:00,5100.0,5100.7998046875,5098.5,5098.60009765625,70,0.0,0.0
2026-02-09 11:59:00-05:00,5098.60009765625,5099.2001953125,5096.39990234375,5096.89990234375,119,0.0,0.0
2026-02-09 12:00:00-05:00,5097.7998046875,5099.7001953125,5096.39990234375,5098.60009765625,125,0.0,0.0
2026-02-09 12:01:00-05:00,5098.2998046875,5098.2998046875,5095.2998046875,5095.5,104,0.0,0.0
2026-02-09 12:02:00-05:00,5094.7001953125,5096.0,5094.7001953125,5094.7998046875,60,0.0,0.0
2026-02-09 12:03:00-05:00,5095.7001953125,5095.7001953125,5093.2998046875,5093.2998046875,127,0.0,0.0
2026-02-09 12:04:00-05:00,5092.60009765625,5092.60009765625,5088.5,5091.10009765625,470,0.0,0.0
2026-02-09 12:05:00-05:00,5091.5,5095.5,5090.89990234375,5095.10009765625,120,0.0,0.0
2026-02-09 12:06:00-05:00,5095.39990234375,5096.7998046875,5090.7001953125,5090.7001953125,142,0.0,0.0
2026-02-09 12:07:00-05:00,5091.0,5095.2001953125,5090.60009765625,5095.2001953125,53,0.0,0.0
2026-02-09 12:08:00-05:00,5095.10009765625,5095.10009765625,5089.2001953125,5089.5,90,0.0,0.0
2026-02-09 12:09:00-05:00,5089.7998046875,5089.89990234375,5085.0,5087.2998046875,260,0.0,0.0
2026-02-09 12:10:00-05:00,5087.2998046875,5089.2998046875,5086.7998046875,5088.7998046875,81,0.0,0.0
2026-02-09 12:11:00-05:00,5089.2001953125,5090.89990234375,5088.5,5089.2998046875,138,0.0,0.0
2026-02-09 12:12:00-05:00,5089.7001953125,5090.2001953125,5088.2001953125,5089.60009765625,82,0.0,0.0
2026-02-09 12:13:00-05:00,5089.7998046875,5089.89990234375,5087.5,5088.0,69,0.0,0.0
2026-02-09 12:14:00-05:00,5088.0,5088.0,5086.7001953125,5087.2001953125,70,0.0,0.0
2026-02-09 12:15:00-05:00,5087.39990234375,5092.0,5087.39990234375,5091.2001953125,64,0.0,0.0
2026-02-09 12:16:00-05:00,5091.10009765625,5094.60009765625,5090.89990234375,5094.0,69,0.0,0.0
2026-02-09 12:17:00-05:00,5093.7001953125,5095.7001953125,5092.7998046875,5093.0,80,0.0,0.0
2026-02-09 12:18:00-05:00,5092.89990234375,5093.60009765625,5091.89990234375,5093.5,30,0.0,0.0
2026-02-09 12:19:00-05:00,5093.2998046875,5094.89990234375,5092.7998046875,5093.39990234375,58,0.0,0.0
2026-02-09 12:20:00-05:00,5093.0,5094.10009765625,5092.60009765625,5092.60009765625,36,0.0,0.0
2026-02-09 12:21:00-05:00,5092.89990234375,5095.0,5092.60009765625,5093.7998046875,80,0.0,0.0
2026-02-09 12:22:00-05:00,5093.89990234375,5095.60009765625,5093.89990234375,5094.7998046875,46,0.0,0.0
2026-02-09 12:23:00-05:00,5094.60009765625,5095.2001953125,5094.0,5094.2998046875,33,0.0,0.0
2026-02-09 12:24:00-05:00,5095.0,5096.0,5094.10009765625,5094.5,59,0.0,0.0
2026-02-09 12:25:00-05:00,5094.5,5094.5,5093.2001953125,5093.39990234375,36,0.0,0.0
2026-02-09 12:26:00-05:00,5093.0,5093.0,5092.10009765625,5092.60009765625,43,0.0,0.0
2026-02-09 12:27:00-05:00,5093.10009765625,5093.7998046875,5092.39990234375,5092.89990234375,111,0.0,0.0
2026-02-09 12:28:00-05:00,5092.60009765625,5093.10009765625,5091.10009765625,5091.7998046875,63,0.0,0.0
2026-02-09 12:29:00-05:00,5091.89990234375,5093.10009765625,5091.7001953125,5092.7001953125,30,0.0,0.0
2026-02-09 12:30:00-05:00,5092.60009765625,5093.39990234375,5091.2001953125,5091.5,33,0.0,0.0
2026-02-09 12:31:00-05:00,5092.10009765625,5092.39990234375,5091.89990234375,5092.39990234375,30,0.0,0.0
2026-02-09 12:32:00-05:00,5092.39990234375,5094.7001953125,5092.39990234375,5094.2001953125,37,0.0,0.0
2026-02-09 12:33:00-05:00,5094.39990234375,5094.7001953125,5093.39990234375,5094.10009765625,44,0.0,0.0
2026-02-09 12:34:00-05:00,5094.10009765625,5094.7001953125,5093.39990234375,5094.0,38,0.0,0.0
2026-02-09 12:35:00-05:00,5093.2998046875,5094.5,5093.2998046875,5093.7998046875,25,0.0,0.0
2026-02-09 12:36:00-05:00,5094.10009765625,5094.89990234375,5090.39990234375,5091.7998046875,138,0.0,0.0
2026-02-09 12:37:00-05:00,5092.0,5092.7998046875,5090.5,5091.5,65,0.0,0.0
2026-02-09 12:38:00-05:00,5091.60009765625,5092.5,5091.0,5092.5,26,0.0,0.0
2026-02-09 12:39:00-05:00,5091.89990234375,5092.5,5090.0,5090.7998046875,57,0.0,0.0
2026-02-09 12:40:00-05:00,5090.60009765625,5092.0,5089.7998046875,5090.2998046875,32,0.0,0.0
2026-02-09 12:41:00-05:00,5090.39990234375,5090.7998046875,5087.5,5088.0,95,0.0,0.0
2026-02-09 12:42:00-05:00,5087.7001953125,5089.39990234375,5087.5,5088.0,42,0.0,0.0
2026-02-09 12:43:00-05:00,5087.5,5088.2001953125,5086.0,5086.2998046875,56,0.0,0.0
2026-02-09 12:44:00-05:00,5086.7998046875,5086.7998046875,5085.0,5086.60009765625,64,0.0,0.0
2026-02-09 12:45:00-05:00,5086.7998046875,5087.60009765625,5082.2001953125,5082.2998046875,161,0.0,0.0
2026-02-09 12:46:00-05:00,5082.89990234375,5085.5,5082.5,5083.0,115,0.0,0.0
2026-02-09 12:47:00-05:00,5083.2001953125,5085.60009765625,5082.2001953125,5082.7001953125,129,0.0,0.0
2026-02-09 12:48:00-05:00,5082.7998046875,5083.7998046875,5081.10009765625,5083.5,115,0.0,0.0
2026-02-09 12:49:00-05:00,5083.7998046875,5088.10009765625,5083.7998046875,5085.89990234375,73,0.0,0.0
2026-02-09 12:50:00-05:00,5086.10009765625,5086.10009765625,5083.39990234375,5083.5,35,0.0,0.0
2026-02-09 12:51:00-05:00,5084.0,5084.0,5070.0,5075.7001953125,623,0.0,0.0
2026-02-09 12:52:00-05:00,5076.10009765625,5079.0,5074.7998046875,5078.10009765625,138,0.0,0.0
2026-02-09 12:53:00-05:00,5078.39990234375,5078.39990234375,5075.60009765625,5076.5,87,0.0,0.0
2026-02-09 12:54:00-05:00,5076.5,5081.2001953125,5075.89990234375,5078.7998046875,147,0.0,0.0
2026-02-09 12:55:00-05:00,5078.5,5079.5,5077.60009765625,5077.60009765625,62,0.0,0.0
2026-02-09 12:56:00-05:00,5077.2998046875,5077.89990234375,5075.0,5075.5,86,0.0,0.0
2026-02-09 12:57:00-05:00,5076.2001953125,5076.2998046875,5070.7998046875,5071.7001953125,185,0.0,0.0
2026-02-09 12:58:00-05:00,5072.2001953125,5073.7001953125,5066.2001953125,5067.10009765625,299,0.0,0.0
2026-02-09 12:59:00-05:00,5067.10009765625,5071.39990234375,5064.39990234375,5069.7998046875,261,0.0,0.0
2026-02-09 13:00:00-05:00,5070.60009765625,5074.39990234375,5070.0,5071.60009765625,148,0.0,0.0
2026-02-09 13:01:00-05:00,5071.5,5075.10009765625,5071.5,5075.10009765625,119,0.0,0.0
2026-02-09 13:02:00-05:00,5074.60009765625,5076.60009765625,5073.89990234375,5076.2001953125,104,0.0,0.0
2026-02-09 13:03:00-05:00,5075.5,5078.89990234375,5075.5,5077.7998046875,115,0.0,0.0
2026-02-09 13:04:00-05:00,5077.7001953125,5078.89990234375,5077.0,5077.39990234375,44,0.0,0.0
2026-02-09 13:05:00-05:00,5077.7001953125,5080.0,5076.0,5080.0,81,0.0,0.0
2026-02-09 13:06:00-05:00,5080.0,5082.10009765625,5079.10009765625,5079.2998046875,150,0.0,0.0
2026-02-09 13:07:00-05:00,5079.2998046875,5079.7998046875,5075.5,5076.2998046875,124,0.0,0.0
2026-02-09 13:08:00-05:00,5076.39990234375,5078.7998046875,5075.89990234375,5078.7998046875,333,0.0,0.0
2026-02-09 13:09:00-05:00,5078.5,5080.7001953125,5077.89990234375,5080.7001953125,137,0.0,0.0
2026-02-09 13:10:00-05:00,5080.7001953125,5081.0,5079.2998046875,5080.7998046875,83,0.0,0.0
2026-02-09 13:11:00-05:00,5080.7001953125,5081.7998046875,5080.2998046875,5081.0,56,0.0,0.0
2026-02-09 13:12:00-05:00,5080.7001953125,5081.60009765625,5079.39990234375,5080.0,83,0.0,0.0
2026-02-09 13:13:00-05:00,5079.5,5082.7001953125,5079.39990234375,5081.7998046875,99,0.0,0.0
2026-02-09 13:14:00-05:00,5082.0,5083.5,5081.89990234375,5082.39990234375,91,0.0,0.0
2026-02-09 13:15:00-05:00,5082.39990234375,5084.10009765625,5082.39990234375,5083.0,130,0.0,0.0
2026-02-09 13:16:00-05:00,5083.39990234375,5083.5,5080.5,5081.60009765625,92,0.0,0.0
2026-02-09 13:17:00-05:00,5081.2001953125,5082.0,5079.39990234375,5079.60009765625,96,0.0,0.0
2026-02-09 13:18:00-05:00,5079.89990234375,5080.7001953125,5078.89990234375,5079.39990234375,67,0.0,0.0
2026-02-09 13:19:00-05:00,5078.7001953125,5078.7001953125,5075.0,5076.2001953125,183,0.0,0.0
2026-02-09 13:20:00-05:00,5076.60009765625,5079.39990234375,5076.2998046875,5076.2998046875,90,0.0,0.0
2026-02-09 13:21:00-05:00,5076.60009765625,5076.7998046875,5068.5,5071.0,303,0.0,0.0
2026-02-09 13:22:00-05:00,5070.60009765625,5080.5,5070.39990234375,5079.89990234375,459,0.0,0.0
2026-02-09 13:23:00-05:00,5079.7998046875,5080.7998046875,5076.39990234375,5077.10009765625,170,0.0,0.0
2026-02-09 13:24:00-05:00,5077.39990234375,5078.39990234375,5073.89990234375,5073.89990234375,153,0.0,0.0
2026-02-09 13:25:00-05:00,5073.2001953125,5079.7998046875,5073.2001953125,5077.2001953125,162,0.0,0.0
2026-02-09 13:26:00-05:00,5076.89990234375,5078.5,5075.2001953125,5075.2001953125,148,0.0,0.0
2026-02-09 13:27:00-05:00,5075.7001953125,5078.7001953125,5075.7001953125,5077.39990234375,155,0.0,0.0
2026-02-09 13:28:00-05:00,5077.39990234375,5079.39990234375,5076.60009765625,5079.39990234375,256,0.0,0.0
2026-02-09 13:29:00-05:00,5079.2998046875,5081.2001953125,5077.89990234375,5078.7998046875,908,0.0,0.0
2026-02-09 13:30:00-05:00,5078.5,5079.89990234375,5074.10009765625,5074.10009765625,227,0.0,0.0
2026-02-09 13:31:00-05:00,5074.39990234375,5076.7998046875,5073.10009765625,5075.5,83,0.0,0.0
2026-02-09 13:32:00-05:00,5075.2001953125,5078.0,5075.2001953125,5077.39990234375,121,0.0,0.0
2026-02-09 13:33:00-05:00,5076.5,5076.7001953125,5072.7001953125,5076.7001953125,124,0.0,0.0
2026-02-09 13:34:00-05:00,5077.0,5079.39990234375,5076.89990234375,5078.89990234375,73,0.0,0.0
2026-02-09 13:35:00-05:00,5079.5,5081.7998046875,5079.5,5081.7998046875,66,0.0,0.0
2026-02-09 13:36:00-05:00,5081.7998046875,5082.60009765625,5080.5,5080.5,75,0.0,0.0
2026-02-09 13:37:00-05:00,5080.39990234375,5081.2998046875,5079.7001953125,5081.10009765625,67,0.0,0.0
2026-02-09 13:38:00-05:00,5080.89990234375,5081.7001953125,5080.10009765625,5081.10009765625,63,0.0,0.0
2026-02-09 13:39:00-05:00,5080.60009765625,5082.39990234375,5080.60009765625,5081.2998046875,44,0.0,0.0
2026-02-09 13:40:00-05:00,5082.2001953125,5083.0,5081.2998046875,5082.7001953125,33,0.0,0.0
2026-02-09 13:41:00-05:00,5082.5,5083.2001953125,5081.0,5082.7998046875,76,0.0,0.0
2026-02-09 13:42:00-05:00,5083.2001953125,5083.5,5079.0,5079.0,80,0.0,0.0
2026-02-09 13:43:00-05:00,5079.0,5080.89990234375,5078.7001953125,5080.7998046875,23,0.0,0.0
2026-02-09 13:44:00-05:00,5081.10009765625,5082.10009765625,5080.2998046875,5080.5,62,0.0,0.0
2026-02-09 13:45:00-05:00,5080.7998046875,5082.39990234375,5080.10009765625,5080.2001953125,23,0.0,0.0
2026-02-09 13:46:00-05:00,5080.0,5080.0,5077.89990234375,5079.60009765625,74,0.0,0.0
2026-02-09 13:47:00-05:00,5079.0,5079.0,5075.2998046875,5076.89990234375,51,0.0,0.0
2026-02-09 13:48:00-05:00,5077.2001953125,5077.89990234375,5076.89990234375,5077.89990234375,12,0.0,0.0
2026-02-09 13:49:00-05:00,5078.2001953125,5080.60009765625,5078.2001953125,5079.60009765625,23,0.0,0.0
2026-02-09 13:50:00-05:00,5079.2998046875,5080.7998046875,5078.7998046875,5080.7998046875,43,0.0,0.0
2026-02-09 13:51:00-05:00,5080.60009765625,5081.2001953125,5079.5,5081.2001953125,17,0.0,0.0
2026-02-09 13:52:00-05:00,5081.2001953125,5081.39990234375,5079.7001953125,5080.0,31,0.0,0.0
2026-02-09 13:53:00-05:00,5079.7001953125,5081.0,5078.2001953125,5081.0,24,0.0,0.0
2026-02-09 13:54:00-05:00,5081.5,5082.5,5080.5,5080.60009765625,64,0.0,0.0
2026-02-09 13:55:00-05:00,5080.2001953125,5081.39990234375,5079.7001953125,5080.89990234375,32,0.0,0.0
2026-02-09 13:56:00-05:00,5081.5,5085.60009765625,5081.2998046875,5085.0,132,0.0,0.0
2026-02-09 13:57:00-05:00,5085.2998046875,5088.2998046875,5085.0,5087.7001953125,87,0.0,0.0
2026-02-09 13:58:00-05:00,5087.7998046875,5088.39990234375,5086.0,5087.0,67,0.0,0.0
2026-02-09 13:59:00-05:00,5086.39990234375,5087.0,5085.7998046875,5087.0,29,0.0,0.0
2026-02-09 14:00:00-05:00,5086.89990234375,5088.89990234375,5086.5,5087.10009765625,90,0.0,0.0
2026-02-09 14:01:00-05:00,5087.7001953125,5088.5,5087.10009765625,5087.2001953125,50,0.0,0.0
2026-02-09 14:02:00-05:00,5086.89990234375,5089.7001953125,5086.89990234375,5089.10009765625,62,0.0,0.0
2026-02-09 14:03:00-05:00,5088.5,5090.0,5088.5,5090.0,44,0.0,0.0
2026-02-09 14:04:00-05:00,5089.2998046875,5090.0,5088.7001953125,5090.0,53,0.0,0.0
2026-02-09 14:05:00-05:00,5090.39990234375,5090.60009765625,5088.89990234375,5089.2001953125,38,0.0,0.0
2026-02-09 14:06:00-05:00,5089.0,5090.0,5088.0,5089.89990234375,64,0.0,0.0
2026-02-09 14:07:00-05:00,5090.0,5091.5,5089.39990234375,5090.60009765625,79,0.0,0.0
2026-02-09 14:08:00-05:00,5090.39990234375,5090.7998046875,5089.7998046875,5090.2998046875,157,0.0,0.0
2026-02-09 14:09:00-05:00,5090.39990234375,5091.89990234375,5090.10009765625,5091.89990234375,37,0.0,0.0
2026-02-09 14:10:00-05:00,5092.0,5092.60009765625,5089.7998046875,5091.2001953125,83,0.0,0.0
2026-02-09 14:11:00-05:00,5090.7001953125,5093.10009765625,5090.7001953125,5092.89990234375,59,0.0,0.0
2026-02-09 14:12:00-05:00,5092.60009765625,5092.60009765625,5089.10009765625,5091.0,80,0.0,0.0
2026-02-09 14:13:00-05:00,5091.0,5091.60009765625,5089.7998046875,5091.0,46,0.0,0.0
2026-02-09 14:14:00-05:00,5090.7001953125,5090.7998046875,5089.0,5090.60009765625,102,0.0,0.0
2026-02-09 14:15:00-05:00,5090.2001953125,5090.7001953125,5088.2998046875,5088.39990234375,42,0.0,0.0
2026-02-09 14:16:00-05:00,5088.7998046875,5092.60009765625,5088.7998046875,5092.2998046875,76,0.0,0.0
2026-02-09 14:17:00-05:00,5092.39990234375,5094.39990234375,5092.2001953125,5093.5,88,0.0,0.0
2026-02-09 14:18:00-05:00,5093.2001953125,5094.7998046875,5093.2001953125,5093.5,62,0.0,0.0
2026-02-09 14:19:00-05:00,5093.5,5093.5,5091.0,5091.10009765625,48,0.0,0.0
2026-02-09 14:20:00-05:00,5091.5,5092.2001953125,5091.5,5091.60009765625,28,0.0,0.0
2026-02-09 14:21:00-05:00,5091.39990234375,5091.39990234375,5089.60009765625,5090.2001953125,26,0.0,0.0
2026-02-09 14:22:00-05:00,5090.2998046875,5091.0,5090.2998046875,5090.89990234375,20,0.0,0.0
2026-02-09 14:23:00-05:00,5091.2998046875,5092.89990234375,5091.2998046875,5092.89990234375,31,0.0,0.0
2026-02-09 14:24:00-05:00,5093.5,5093.60009765625,5092.7001953125,5093.0,21,0.0,0.0
2026-02-09 14:25:00-05:00,5093.5,5095.89990234375,5093.5,5095.89990234375,69,0.0,0.0
2026-02-09 14:26:00-05:00,5095.89990234375,5096.39990234375,5095.2998046875,5095.39990234375,33,0.0,0.0
2026-02-09 14:27:00-05:00,5095.7001953125,5096.7001953125,5095.7001953125,5096.60009765625,29,0.0,0.0
2026-02-09 14:28:00-05:00,5096.7001953125,5097.60009765625,5096.10009765625,5097.2998046875,52,0.0,0.0
2026-02-09 14:29:00-05:00,5097.10009765625,5098.7001953125,5097.10009765625,5098.10009765625,47,0.0,0.0
2026-02-09 14:30:00-05:00,5098.89990234375,5101.39990234375,5098.89990234375,5100.89990234375,113,0.0,0.0
2026-02-09 14:31:00-05:00,5101.39990234375,5101.60009765625,5098.2998046875,5098.7001953125,95,0.0,0.0
2026-02-09 14:32:00-05:00,5098.2998046875,5099.10009765625,5098.2001953125,5098.7998046875,19,0.0,0.0
2026-02-09 14:33:00-05:00,5099.10009765625,5102.5,5098.60009765625,5102.2998046875,67,0.0,0.0
2026-02-09 14:34:00-05:00,5102.2998046875,5103.60009765625,5102.10009765625,5102.5,73,0.0,0.0
2026-02-09 14:35:00-05:00,5102.39990234375,5104.0,5102.2001953125,5102.2001953125,69,0.0,0.0
2026-02-09 14:36:00-05:00,5102.10009765625,5102.2001953125,5100.0,5100.7998046875,114,0.0,0.0
2026-02-09 14:37:00-05:00,5101.5,5101.5,5100.0,5100.89990234375,58,0.0,0.0
2026-02-09 14:38:00-05:00,5100.60009765625,5100.89990234375,5100.0,5100.89990234375,36,0.0,0.0
2026-02-09 14:39:00-05:00,5100.5,5101.10009765625,5099.5,5100.2998046875,78,0.0,0.0
2026-02-09 14:40:00-05:00,5100.2001953125,5100.5,5097.0,5097.2001953125,69,0.0,0.0
2026-02-09 14:41:00-05:00,5097.5,5098.60009765625,5096.89990234375,5097.89990234375,80,0.0,0.0
2026-02-09 14:42:00-05:00,5097.7001953125,5098.5,5097.39990234375,5098.39990234375,28,0.0,0.0
2026-02-09 14:43:00-05:00,5097.7998046875,5100.89990234375,5097.7998046875,5099.7001953125,52,0.0,0.0
2026-02-09 14:44:00-05:00,5099.39990234375,5100.7001953125,5099.39990234375,5099.7998046875,27,0.0,0.0
2026-02-09 14:45:00-05:00,5100.0,5100.2998046875,5098.39990234375,5100.10009765625,40,0.0,0.0
2026-02-09 14:46:00-05:00,5099.89990234375,5100.7998046875,5099.5,5100.5,37,0.0,0.0
2026-02-09 14:47:00-05:00,5100.7998046875,5101.10009765625,5099.10009765625,5100.0,38,0.0,0.0
2026-02-09 14:48:00-05:00,5099.7001953125,5099.7001953125,5097.39990234375,5098.89990234375,47,0.0,0.0
2026-02-09 14:49:00-05:00,5098.39990234375,5099.39990234375,5098.0,5098.5,25,0.0,0.0
2026-02-09 14:50:00-05:00,5098.2001953125,5098.60009765625,5097.7001953125,5097.89990234375,13,0.0,0.0
2026-02-09 14:51:00-05:00,5098.2001953125,5099.5,5097.10009765625,5099.10009765625,44,0.0,0.0
2026-02-09 14:52:00-05:00,5099.2998046875,5100.7001953125,5099.0,5099.0,54,0.0,0.0
2026-02-09 14:53:00-05:00,5098.7001953125,5099.2998046875,5098.2998046875,5099.0,24,0.0,0.0
2026-02-09 14:54:00-05:00,5099.39990234375,5099.7001953125,5098.7998046875,5099.7001953125,15,0.0,0.0
2026-02-09 14:55:00-05:00,5099.7998046875,5101.89990234375,5099.2998046875,5101.89990234375,64,0.0,0.0
2026-02-09 14:56:00-05:00,5102.0,5102.10009765625,5100.10009765625,5100.7001953125,42,0.0,0.0
2026-02-09 14:57:00-05:00,5100.60009765625,5100.7001953125,5099.0,5099.2001953125,34,0.0,0.0
2026-02-09 14:58:00-05:00,5099.7001953125,5099.7001953125,5098.10009765625,5098.5,24,0.0,0.0
2026-02-09 14:59:00-05:00,5098.5,5098.89990234375,5098.2998046875,5098.39990234375,15,0.0,0.0
2026-02-09 15:00:00-05:00,5098.2998046875,5099.10009765625,5097.60009765625,5098.60009765625,34,0.0,0.0
2026-02-09 15:01:00-05:00,5099.7001953125,5100.39990234375,5099.0,5099.89990234375,26,0.0,0.0
2026-02-09 15:02:00-05:00,5099.60009765625,5101.60009765625,5099.60009765625,5101.10009765625,41,0.0,0.0
2026-02-09 15:03:00-05:00,5101.60009765625,5102.2001953125,5101.2998046875,5101.2998046875,23,0.0,0.0
2026-02-09 15:04:00-05:00,5101.7001953125,5101.7998046875,5100.0,5101.0,56,0.0,0.0
2026-02-09 15:05:00-05:00,5101.2001953125,5102.39990234375,5100.10009765625,5100.10009765625,64,0.0,0.0
2026-02-09 15:06:00-05:00,5100.2998046875,5100.7001953125,5099.0,5099.89990234375,52,0.0,0.0
2026-02-09 15:07:00-05:00,5099.7001953125,5100.5,5098.2001953125,5098.7998046875,69,0.0,0.0
2026-02-09 15:08:00-05:00,5098.7998046875,5099.2998046875,5097.89990234375,5099.2998046875,21,0.0,0.0
2026-02-09 15:09:00-05:00,5099.7001953125,5100.2998046875,5099.7001953125,5100.10009765625,20,0.0,0.0
2026-02-09 15:10:00-05:00,5100.2001953125,5101.7998046875,5100.2001953125,5101.2001953125,21,0.0,0.0
2026-02-09 15:11:00-05:00,5102.10009765625,5104.7001953125,5102.10009765625,5104.2001953125,62,0.0,0.0
2026-02-09 15:12:00-05:00,5103.60009765625,5105.0,5103.39990234375,5104.10009765625,54,0.0,0.0
2026-02-09 15:13:00-05:00,5104.5,5105.0,5102.5,5102.7001953125,59,0.0,0.0
2026-02-09 15:14:00-05:00,5102.60009765625,5105.0,5102.60009765625,5103.5,146,0.0,0.0
2026-02-09 15:15:00-05:00,5103.60009765625,5104.0,5100.2998046875,5102.2001953125,129,0.0,0.0
2026-02-09 15:16:00-05:00,5102.39990234375,5103.60009765625,5101.10009765625,5101.10009765625,58,0.0,0.0
2026-02-09 15:17:00-05:00,5101.2998046875,5103.5,5100.39990234375,5102.5,85,0.0,0.0
2026-02-09 15:18:00-05:00,5102.89990234375,5102.89990234375,5099.39990234375,5101.0,45,0.0,0.0
2026-02-09 15:19:00-05:00,5101.39990234375,5103.7998046875,5101.39990234375,5103.39990234375,53,0.0,0.0
2026-02-09 15:20:00-05:00,5103.7998046875,5105.60009765625,5101.39990234375,5105.39990234375,131,0.0,0.0
2026-02-09 15:21:00-05:00,5105.2001953125,5105.89990234375,5104.10009765625,5104.7001953125,50,0.0,0.0
2026-02-09 15:22:00-05:00,5104.60009765625,5105.2001953125,5104.2998046875,5104.2998046875,38,0.0,0.0
2026-02-09 15:23:00-05:00,5104.10009765625,5105.10009765625,5103.5,5104.5,66,0.0,0.0
2026-02-09 15:24:00-05:00,5104.7001953125,5105.2998046875,5103.5,5104.7001953125,71,0.0,0.0
2026-02-09 15:25:00-05:00,5104.60009765625,5104.60009765625,5103.60009765625,5104.5,16,0.0,0.0
2026-02-09 15:26:00-05:00,5104.60009765625,5105.2998046875,5104.2001953125,5105.2998046875,43,0.0,0.0
2026-02-09 15:27:00-05:00,5105.39990234375,5105.5,5104.5,5104.60009765625,30,0.0,0.0
2026-02-09 15:28:00-05:00,5104.39990234375,5104.89990234375,5103.89990234375,5104.10009765625,31,0.0,0.0
2026-02-09 15:29:00-05:00,5104.5,5104.89990234375,5104.0,5104.0,28,0.0,0.0
2026-02-09 15:30:00-05:00,5104.0,5104.7998046875,5103.60009765625,5104.2998046875,27,0.0,0.0
2026-02-09 15:31:00-05:00,5104.60009765625,5105.0,5104.2998046875,5105.0,23,0.0,0.0
2026-02-09 15:32:00-05:00,5105.2001953125,5106.7998046875,5105.10009765625,5106.0,63,0.0,0.0
2026-02-09 15:33:00-05:00,5106.2998046875,5111.10009765625,5105.89990234375,5106.39990234375,288,0.0,0.0
2026-02-09 15:34:00-05:00,5107.10009765625,5107.5,5100.39990234375,5101.10009765625,171,0.0,0.0
2026-02-09 15:35:00-05:00,5100.7001953125,5102.7998046875,5100.7001953125,5101.7001953125,54,0.0,0.0
2026-02-09 15:36:00-05:00,5101.7998046875,5102.2001953125,5096.60009765625,5098.2998046875,188,0.0,0.0
2026-02-09 15:37:00-05:00,5097.89990234375,5100.7998046875,5097.2998046875,5100.5,82,0.0,0.0
2026-02-09 15:38:00-05:00,5100.2001953125,5102.0,5099.60009765625,5102.0,35,0.0,0.0
2026-02-09 15:39:00-05:00,5101.7998046875,5101.7998046875,5099.39990234375,5101.7001953125,60,0.0,0.0
2026-02-09 15:40:00-05:00,5102.10009765625,5104.0,5102.0,5103.2998046875,64,0.0,0.0
2026-02-09 15:41:00-05:00,5103.5,5103.60009765625,5101.7001953125,5102.89990234375,54,0.0,0.0
2026-02-09 15:42:00-05:00,5103.5,5104.7998046875,5103.5,5104.60009765625,30,0.0,0.0
2026-02-09 15:43:00-05:00,5104.2001953125,5105.89990234375,5103.39990234375,5104.0,66,0.0,0.0
2026-02-09 15:44:00-05:00,5104.2998046875,5104.7001953125,5102.10009765625,5102.10009765625,37,0.0,0.0
2026-02-09 15:45:00-05:00,5102.7998046875,5102.7998046875,5099.7001953125,5099.7001953125,33,0.0,0.0
2026-02-09 15:46:00-05:00,5100.2001953125,5100.89990234375,5098.0,5098.89990234375,74,0.0,0.0
2026-02-09 15:47:00-05:00,5098.7001953125,5100.0,5098.2998046875,5100.0,39,0.0,0.0
2026-02-09 15:48:00-05:00,5100.2998046875,5101.5,5100.10009765625,5100.10009765625,47,0.0,0.0
2026-02-09 15:49:00-05:00,5100.7998046875,5100.7998046875,5099.7998046875,5100.7998046875,17,0.0,0.0
2026-02-09 15:50:00-05:00,5100.0,5102.39990234375,5099.89990234375,5102.10009765625,65,0.0,0.0
2026-02-09 15:51:00-05:00,5102.10009765625,5103.10009765625,5101.89990234375,5102.89990234375,40,0.0,0.0
2026-02-09 15:52:00-05:00,5102.89990234375,5103.10009765625,5102.2001953125,5102.7001953125,31,0.0,0.0
2026-02-09 15:53:00-05:00,5102.60009765625,5104.0,5102.2001953125,5104.0,57,0.0,0.0
2026-02-09 15:54:00-05:00,5104.0,5106.0,5104.0,5105.10009765625,89,0.0,0.0
2026-02-09 15:55:00-05:00,5105.10009765625,5105.7998046875,5100.0,5104.39990234375,225,0.0,0.0
2026-02-09 15:56:00-05:00,5104.5,5104.89990234375,5103.2998046875,5103.2998046875,71,0.0,0.0
2026-02-09 15:57:00-05:00,5103.2001953125,5104.2001953125,5102.39990234375,5102.89990234375,85,0.0,0.0
2026-02-09 15:58:00-05:00,5103.39990234375,5106.2998046875,5103.39990234375,5105.10009765625,83,0.0,0.0
2026-02-09 15:59:00-05:00,5105.7998046875,5105.89990234375,5101.89990234375,5102.89990234375,195,0.0,0.0
2026-02-09 16:00:00-05:00,5103.60009765625,5107.10009765625,5103.60009765625,5106.0,102,0.0,0.0
2026-02-09 16:01:00-05:00,5106.0,5106.2998046875,5103.7998046875,5103.89990234375,33,0.0,0.0
2026-02-09 16:02:00-05:00,5103.7001953125,5103.7001953125,5101.7001953125,5101.7001953125,43,0.0,0.0
2026-02-09 16:03:00-05:00,5101.7001953125,5102.0,5098.7998046875,5098.89990234375,73,0.0,0.0
2026-02-09 16:04:00-05:00,5098.7001953125,5100.2001953125,5098.7001953125,5099.5,34,0.0,0.0
2026-02-09 16:05:00-05:00,5099.39990234375,5100.2998046875,5099.39990234375,5099.39990234375,15,0.0,0.0
2026-02-09 16:06:00-05:00,5099.10009765625,5099.60009765625,5090.39990234375,5094.60009765625,136,0.0,0.0
2026-02-09 16:07:00-05:00,5094.7001953125,5096.0,5092.7998046875,5095.39990234375,54,0.0,0.0
2026-02-09 16:08:00-05:00,5095.7001953125,5096.5,5091.0,5091.5,60,0.0,0.0
2026-02-09 16:09:00-05:00,5090.89990234375,5093.2998046875,5090.89990234375,5093.2998046875,43,0.0,0.0
2026-02-09 16:10:00-05:00,5092.7001953125,5093.60009765625,5092.39990234375,5092.39990234375,15,0.0,0.0
2026-02-09 16:11:00-05:00,5092.7998046875,5095.10009765625,5091.5,5094.39990234375,45,0.0,0.0
2026-02-09 16:12:00-05:00,5094.2998046875,5094.2998046875,5094.0,5094.0,5,0.0,0.0
2026-02-09 16:13:00-05:00,5093.5,5093.60009765625,5091.7001953125,5091.7998046875,14,0.0,0.0
2026-02-09 16:14:00-05:00,5092.10009765625,5092.10009765625,5085.89990234375,5086.7001953125,113,0.0,0.0
2026-02-09 16:15:00-05:00,5087.39990234375,5087.39990234375,5086.5,5086.7001953125,37,0.0,0.0
2026-02-09 16:16:00-05:00,5087.0,5089.39990234375,5086.89990234375,5086.89990234375,43,0.0,0.0
2026-02-09 16:17:00-05:00,5087.7998046875,5090.10009765625,5087.7998046875,5089.2001953125,41,0.0,0.0
2026-02-09 16:18:00-05:00,5090.2001953125,5090.2001953125,5085.10009765625,5086.2998046875,24,0.0,0.0
2026-02-09 16:19:00-05:00,5086.10009765625,5089.10009765625,5086.10009765625,5088.89990234375,35,0.0,0.0
2026-02-09 16:20:00-05:00,5088.5,5089.2998046875,5087.60009765625,5088.7998046875,25,0.0,0.0
2026-02-09 16:21:00-05:00,5088.2001953125,5088.39990234375,5087.39990234375,5087.39990234375,12,0.0,0.0
2026-02-09 16:22:00-05:00,5087.39990234375,5089.0,5087.39990234375,5088.7001953125,14,0.0,0.0
2026-02-09 16:23:00-05:00,5089.10009765625,5090.2998046875,5088.5,5089.2998046875,36,0.0,0.0
2026-02-09 16:24:00-05:00,5089.39990234375,5090.0,5089.39990234375,5089.39990234375,15,0.0,0.0
2026-02-09 16:25:00-05:00,5089.7998046875,5089.89990234375,5087.39990234375,5087.7998046875,25,0.0,0.0
2026-02-09 16:26:00-05:00,5088.5,5088.5,5084.7001953125,5084.7001953125,23,0.0,0.0
2026-02-09 16:27:00-05:00,5085.5,5086.39990234375,5084.2998046875,5085.5,22,0.0,0.0
2026-02-09 16:28:00-05:00,5085.0,5085.2001953125,5072.5,5074.5,239,0.0,0.0
2026-02-09 16:29:00-05:00,5075.39990234375,5079.2998046875,5074.10009765625,5079.2998046875,87,0.0,0.0
2026-02-09 16:30:00-05:00,5079.7001953125,5083.89990234375,5079.39990234375,5083.10009765625,75,0.0,0.0
2026-02-09 16:31:00-05:00,5083.5,5084.7001953125,5082.5,5084.2001953125,49,0.0,0.0
2026-02-09 16:32:00-05:00,5084.2001953125,5084.2001953125,5081.39990234375,5081.5,40,0.0,0.0
2026-02-09 16:33:00-05:00,5081.0,5081.7998046875,5078.7998046875,5079.0,63,0.0,0.0
2026-02-09 16:34:00-05:00,5079.60009765625,5083.10009765625,5079.60009765625,5082.10009765625,34,0.0,0.0
2026-02-09 16:35:00-05:00,5081.60009765625,5081.60009765625,5078.2998046875,5079.5,25,0.0,0.0
2026-02-09 16:36:00-05:00,5079.89990234375,5081.60009765625,5079.89990234375,5080.10009765625,46,0.0,0.0
2026-02-09 16:37:00-05:00,5080.2001953125,5080.7001953125,5079.60009765625,5080.5,13,0.0,0.0
2026-02-09 16:38:00-05:00,5079.7998046875,5082.2001953125,5079.5,5082.2001953125,25,0.0,0.0
2026-02-09 16:39:00-05:00,5083.10009765625,5084.7998046875,5082.39990234375,5084.0,19,0.0,0.0
2026-02-09 16:40:00-05:00,5083.89990234375,5086.0,5083.89990234375,5084.10009765625,40,0.0,0.0
2026-02-09 16:41:00-05:00,5084.2001953125,5089.0,5084.0,5089.0,40,0.0,0.0
2026-02-09 16:42:00-05:00,5088.89990234375,5089.39990234375,5086.7001953125,5088.0,69,0.0,0.0
2026-02-09 16:43:00-05:00,5088.0,5088.7998046875,5086.0,5086.0,37,0.0,0.0
2026-02-09 16:44:00-05:00,5086.10009765625,5086.5,5085.7998046875,5085.89990234375,8,0.0,0.0
2026-02-09 16:45:00-05:00,5086.39990234375,5087.5,5086.2001953125,5087.10009765625,9,0.0,0.0
2026-02-09 16:46:00-05:00,5086.60009765625,5086.60009765625,5085.7998046875,5085.7998046875,4,0.0,0.0
2026-02-09 16:47:00-05:00,5085.89990234375,5085.89990234375,5084.39990234375,5084.39990234375,10,0.0,0.0
2026-02-09 16:48:00-05:00,5085.0,5086.5,5085.0,5085.89990234375,12,0.0,0.0
2026-02-09 16:49:00-05:00,5086.2998046875,5091.10009765625,5086.10009765625,5090.0,39,0.0,0.0
2026-02-09 16:50:00-05:00,5089.2001953125,5089.60009765625,5086.60009765625,5087.10009765625,20,0.0,0.0
2026-02-09 16:51:00-05:00,5087.5,5088.10009765625,5086.7998046875,5088.10009765625,7,0.0,0.0
2026-02-09 16:52:00-05:00,5088.0,5089.7998046875,5088.0,5089.7998046875,18,0.0,0.0
2026-02-09 16:53:00-05:00,5089.7001953125,5089.7001953125,5088.89990234375,5088.89990234375,14,0.0,0.0
2026-02-09 16:54:00-05:00,5089.0,5089.0,5086.60009765625,5086.7001953125,24,0.0,0.0
2026-02-09 16:55:00-05:00,5087.10009765625,5087.10009765625,5085.39990234375,5086.2001953125,27,0.0,0.0
2026-02-09 16:56:00-05:00,5086.10009765625,5087.0,5085.7001953125,5087.0,20,0.0,0.0
2026-02-09 16:57:00-05:00,5086.2998046875,5086.2998046875,5083.10009765625,5084.5,27,0.0,0.0
2026-02-09 16:58:00-05:00,5084.5,5084.5,5081.5,5081.7001953125,54,0.0,0.0
2026-02-09 16:59:00-05:00,5081.2998046875,5084.2001953125,5080.10009765625,5084.2001953125,20,0.0,0.0
2026-02-09 18:00:00-05:00,5084.2998046875,5094.2998046875,5080.10009765625,5093.2001953125,0,0.0,0.0
2026-02-09 18:01:00-05:00,5092.39990234375,5100.89990234375,5091.60009765625,5099.39990234375,82,0.0,0.0
2026-02-09 18:02:00-05:00,5099.60009765625,5099.60009765625,5093.5,5098.0,34,0.0,0.0
2026-02-09 18:03:00-05:00,5096.10009765625,5099.7001953125,5086.2001953125,5090.10009765625,97,0.0,0.0
2026-02-09 18:04:00-05:00,5089.7998046875,5089.7998046875,5079.7998046875,5080.10009765625,60,0.0,0.0
2026-02-09 18:05:00-05:00,5081.2998046875,5089.39990234375,5080.89990234375,5087.2998046875,54,0.0,0.0
2026-02-09 18:06:00-05:00,5087.2001953125,5087.7001953125,5081.60009765625,5084.5,66,0.0,0.0
2026-02-09 18:07:00-05:00,5084.7998046875,5085.39990234375,5077.0,5078.0,61,0.0,0.0
2026-02-09 18:08:00-05:00,5078.89990234375,5081.2998046875,5071.5,5072.5,91,0.0,0.0
2026-02-09 18:09:00-05:00,5073.2998046875,5076.39990234375,5047.89990234375,5047.89990234375,270,0.0,0.0
2026-02-09 18:10:00-05:00,5042.2001953125,5063.7001953125,5024.2998046875,5047.2001953125,742,0.0,0.0
2026-02-09 18:11:00-05:00,5047.10009765625,5050.2001953125,5033.0,5034.60009765625,174,0.0,0.0
2026-02-09 18:12:00-05:00,5034.5,5036.0,5011.0,5034.7001953125,425,0.0,0.0
2026-02-09 18:13:00-05:00,5035.39990234375,5048.89990234375,5035.39990234375,5046.2001953125,204,0.0,0.0
2026-02-09 18:14:00-05:00,5049.2001953125,5049.2001953125,5034.2001953125,5038.10009765625,120,0.0,0.0
2026-02-09 18:15:00-05:00,5039.10009765625,5047.89990234375,5038.0,5046.2998046875,89,0.0,0.0
2026-02-09 18:16:00-05:00,5043.2001953125,5047.7998046875,5039.5,5042.7001953125,67,0.0,0.0
2026-02-09 18:17:00-05:00,5045.60009765625,5048.60009765625,5044.5,5048.60009765625,80,0.0,0.0
2026-02-09 18:18:00-05:00,5048.0,5049.2001953125,5041.7998046875,5041.7998046875,48,0.0,0.0
2026-02-09 18:19:00-05:00,5041.0,5041.0,5034.0,5037.10009765625,76,0.0,0.0
2026-02-09 18:20:00-05:00,5036.2001953125,5043.2001953125,5035.2001953125,5041.7998046875,51,0.0,0.0
2026-02-09 18:21:00-05:00,5041.2001953125,5054.5,5040.2998046875,5052.7001953125,80,0.0,0.0
2026-02-09 18:22:00-05:00,5051.39990234375,5051.39990234375,5041.0,5042.39990234375,97,0.0,0.0
2026-02-09 18:23:00-05:00,5042.39990234375,5042.39990234375,5025.60009765625,5036.7998046875,154,0.0,0.0
2026-02-09 18:24:00-05:00,5035.0,5042.2001953125,5035.0,5036.7998046875,64,0.0,0.0
2026-02-09 18:25:00-05:00,5038.89990234375,5040.39990234375,5032.2001953125,5036.7001953125,76,0.0,0.0
2026-02-09 18:26:00-05:00,5038.0,5039.60009765625,5034.2001953125,5034.2001953125,38,0.0,0.0
2026-02-09 18:27:00-05:00,5033.7998046875,5041.0,5031.10009765625,5041.0,61,0.0,0.0
2026-02-09 18:28:00-05:00,5040.60009765625,5053.7998046875,5040.60009765625,5047.89990234375,121,0.0,0.0
2026-02-09 18:29:00-05:00,5046.10009765625,5049.2998046875,5046.10009765625,5047.0,25,0.0,0.0
2026-02-09 18:30:00-05:00,5046.7998046875,5049.10009765625,5037.89990234375,5038.89990234375,56,0.0,0.0
2026-02-09 18:31:00-05:00,5040.0,5043.7998046875,5038.5,5040.10009765625,38,0.0,0.0
2026-02-09 18:32:00-05:00,5039.7998046875,5043.2998046875,5039.7998046875,5040.5,26,0.0,0.0
2026-02-09 18:33:00-05:00,5041.60009765625,5047.2001953125,5041.5,5047.2001953125,52,0.0,0.0
2026-02-09 18:34:00-05:00,5046.2001953125,5047.2998046875,5045.7998046875,5046.2001953125,31,0.0,0.0
2026-02-09 18:35:00-05:00,5045.7998046875,5046.89990234375,5040.10009765625,5046.0,46,0.0,0.0
2026-02-09 18:36:00-05:00,5047.10009765625,5051.39990234375,5043.7998046875,5044.7998046875,74,0.0,0.0
2026-02-09 18:37:00-05:00,5044.89990234375,5047.0,5040.0,5040.0,33,0.0,0.0
2026-02-09 18:38:00-05:00,5041.2001953125,5045.60009765625,5040.5,5043.5,41,0.0,0.0
2026-02-09 18:39:00-05:00,5043.7998046875,5048.7001953125,5043.7998046875,5048.0,17,0.0,0.0
2026-02-09 18:40:00-05:00,5045.2998046875,5052.0,5045.2998046875,5052.0,40,0.0,0.0
2026-02-09 18:41:00-05:00,5051.2001953125,5052.60009765625,5045.10009765625,5050.39990234375,58,0.0,0.0
2026-02-09 18:42:00-05:00,5049.5,5055.0,5049.5,5052.89990234375,26,0.0,0.0
2026-02-09 18:43:00-05:00,5053.7998046875,5063.39990234375,5052.7001953125,5060.2998046875,161,0.0,0.0
2026-02-09 18:44:00-05:00,5057.7998046875,5066.0,5056.2001953125,5064.0,101,0.0,0.0
2026-02-09 18:45:00-05:00,5063.60009765625,5068.10009765625,5060.0,5061.0,103,0.0,0.0
2026-02-09 18:46:00-05:00,5060.0,5061.7001953125,5057.2001953125,5061.0,72,0.0,0.0
2026-02-09 18:47:00-05:00,5059.60009765625,5060.89990234375,5054.10009765625,5056.5,89,0.0,0.0
2026-02-09 18:48:00-05:00,5056.2998046875,5059.0,5055.0,5056.0,27,0.0,0.0
2026-02-09 18:49:00-05:00,5056.10009765625,5061.0,5055.39990234375,5059.2998046875,48,0.0,0.0
2026-02-09 18:50:00-05:00,5059.60009765625,5060.60009765625,5056.89990234375,5056.89990234375,24,0.0,0.0
2026-02-09 18:51:00-05:00,5056.7998046875,5059.0,5056.7998046875,5057.2001953125,27,0.0,0.0
2026-02-09 18:52:00-05:00,5057.0,5059.7001953125,5055.39990234375,5056.89990234375,33,0.0,0.0
2026-02-09 18:53:00-05:00,5058.2001953125,5062.2001953125,5058.2001953125,5060.2001953125,22,0.0,0.0
2026-02-09 18:54:00-05:00,5061.7001953125,5061.7001953125,5058.89990234375,5058.89990234375,19,0.0,0.0
2026-02-09 18:55:00-05:00,5058.89990234375,5060.89990234375,5058.89990234375,5060.89990234375,9,0.0,0.0
2026-02-09 18:56:00-05:00,5060.0,5060.39990234375,5054.2998046875,5057.7998046875,57,0.0,0.0
2026-02-09 18:57:00-05:00,5054.2998046875,5057.0,5053.5,5057.0,16,0.0,0.0
2026-02-09 18:58:00-05:00,5057.2001953125,5057.2001953125,5055.5,5057.0,6,0.0,0.0
2026-02-09 18:59:00-05:00,5055.7998046875,5056.2001953125,5054.7998046875,5055.2998046875,21,0.0,0.0
2026-02-09 19:00:00-05:00,5056.39990234375,5069.0,5056.39990234375,5067.39990234375,83,0.0,0.0
2026-02-09 19:01:00-05:00,5067.2998046875,5067.2998046875,5057.89990234375,5065.60009765625,104,0.0,0.0
2026-02-09 19:02:00-05:00,5066.7998046875,5069.0,5065.39990234375,5065.39990234375,52,0.0,0.0
2026-02-09 19:03:00-05:00,5064.7998046875,5066.0,5063.60009765625,5066.0,22,0.0,0.0
2026-02-09 19:04:00-05:00,5066.89990234375,5073.0,5064.39990234375,5064.60009765625,154,0.0,0.0
2026-02-09 19:05:00-05:00,5064.2998046875,5066.60009765625,5062.5,5066.60009765625,24,0.0,0.0
2026-02-09 19:06:00-05:00,5066.39990234375,5069.2001953125,5066.39990234375,5067.89990234375,25,0.0,0.0
2026-02-09 19:07:00-05:00,5069.2998046875,5069.7001953125,5065.5,5068.0,32,0.0,0.0
2026-02-09 19:08:00-05:00,5067.60009765625,5070.7001953125,5066.2998046875,5067.60009765625,29,0.0,0.0
2026-02-09 19:09:00-05:00,5066.7001953125,5066.7001953125,5065.7998046875,5066.0,5,0.0,0.0
2026-02-09 19:10:00-05:00,5065.60009765625,5065.60009765625,5063.5,5063.7001953125,14,0.0,0.0
2026-02-09 19:11:00-05:00,5063.5,5063.5,5056.10009765625,5059.2001953125,97,0.0,0.0
2026-02-09 19:12:00-05:00,5060.60009765625,5061.5,5057.7001953125,5060.89990234375,30,0.0,0.0
2026-02-09 19:13:00-05:00,5060.0,5060.0,5057.0,5057.39990234375,36,0.0,0.0
2026-02-09 19:14:00-05:00,5057.2998046875,5060.89990234375,5056.60009765625,5058.60009765625,25,0.0,0.0
2026-02-09 19:15:00-05:00,5058.89990234375,5060.89990234375,5057.39990234375,5057.39990234375,28,0.0,0.0
2026-02-09 19:16:00-05:00,5058.7001953125,5061.60009765625,5058.7001953125,5059.2998046875,31,0.0,0.0
2026-02-09 19:17:00-05:00,5060.10009765625,5061.10009765625,5057.60009765625,5060.7998046875,12,0.0,0.0
2026-02-09 19:18:00-05:00,5060.7001953125,5060.7001953125,5060.60009765625,5060.7001953125,4,0.0,0.0
2026-02-09 19:19:00-05:00,5060.60009765625,5060.60009765625,5057.60009765625,5057.60009765625,22,0.0,0.0
2026-02-09 19:20:00-05:00,5058.7001953125,5060.2001953125,5058.7001953125,5060.2001953125,9,0.0,0.0
2026-02-09 19:21:00-05:00,5059.89990234375,5060.7998046875,5059.2998046875,5059.2998046875,11,0.0,0.0
2026-02-09 19:22:00-05:00,5059.0,5062.60009765625,5058.0,5058.5,29,0.0,0.0
2026-02-09 19:23:00-05:00,5057.7001953125,5062.0,5057.5,5062.0,16,0.0,0.0
2026-02-09 19:24:00-05:00,5062.0,5069.0,5062.0,5067.60009765625,42,0.0,0.0
2026-02-09 19:25:00-05:00,5068.7001953125,5068.7001953125,5061.5,5063.2001953125,44,0.0,0.0
2026-02-09 19:26:00-05:00,5064.2001953125,5065.0,5062.7001953125,5063.5,11,0.0,0.0
2026-02-09 19:27:00-05:00,5062.5,5063.39990234375,5059.10009765625,5061.10009765625,38,0.0,0.0
2026-02-09 19:28:00-05:00,5062.7001953125,5062.7001953125,5060.2001953125,5061.7998046875,6,0.0,0.0
2026-02-09 19:29:00-05:00,5060.2001953125,5060.7001953125,5055.0,5057.2001953125,58,0.0,0.0
2026-02-09 19:30:00-05:00,5058.5,5064.0,5058.5,5059.60009765625,52,0.0,0.0
2026-02-09 19:31:00-05:00,5059.10009765625,5061.2998046875,5059.0,5060.60009765625,22,0.0,0.0
2026-02-09 19:32:00-05:00,5060.60009765625,5062.0,5060.60009765625,5061.60009765625,5,0.0,0.0
2026-02-09 19:33:00-05:00,5061.0,5064.2998046875,5061.0,5064.2998046875,6,0.0,0.0
2026-02-09 19:34:00-05:00,5062.89990234375,5064.5,5059.7998046875,5061.2998046875,33,0.0,0.0
2026-02-09 19:35:00-05:00,5061.10009765625,5061.10009765625,5041.0,5052.10009765625,226,0.0,0.0
2026-02-09 19:36:00-05:00,5050.89990234375,5058.7998046875,5050.89990234375,5053.89990234375,70,0.0,0.0
2026-02-09 19:37:00-05:00,5054.7998046875,5055.7998046875,5046.5,5047.7001953125,46,0.0,0.0
2026-02-09 19:38:00-05:00,5047.7998046875,5048.10009765625,5043.0,5045.39990234375,82,0.0,0.0
2026-02-09 19:39:00-05:00,5045.5,5046.7998046875,5039.2998046875,5042.2998046875,91,0.0,0.0
2026-02-09 19:40:00-05:00,5041.5,5047.60009765625,5039.0,5047.0,93,0.0,0.0
2026-02-09 19:41:00-05:00,5046.5,5047.2001953125,5043.39990234375,5046.89990234375,26,0.0,0.0
2026-02-09 19:42:00-05:00,5047.7001953125,5049.2001953125,5045.60009765625,5048.10009765625,20,0.0,0.0
2026-02-09 19:43:00-05:00,5047.0,5048.39990234375,5046.7001953125,5048.0,14,0.0,0.0
2026-02-09 19:44:00-05:00,5049.2001953125,5050.7001953125,5046.89990234375,5047.39990234375,40,0.0,0.0
2026-02-09 19:45:00-05:00,5047.39990234375,5048.39990234375,5043.7001953125,5043.7001953125,61,0.0,0.0
2026-02-09 19:46:00-05:00,5043.60009765625,5043.60009765625,5037.60009765625,5037.60009765625,78,0.0,0.0
2026-02-09 19:47:00-05:00,5039.5,5039.5,5031.0,5034.89990234375,124,0.0,0.0
2026-02-09 19:48:00-05:00,5035.10009765625,5038.0,5033.5,5037.89990234375,87,0.0,0.0
2026-02-09 19:49:00-05:00,5039.10009765625,5044.89990234375,5038.10009765625,5040.7998046875,82,0.0,0.0
2026-02-09 19:50:00-05:00,5041.39990234375,5043.2001953125,5039.5,5041.5,56,0.0,0.0
2026-02-09 19:51:00-05:00,5041.10009765625,5044.89990234375,5039.2998046875,5042.5,57,0.0,0.0
2026-02-09 19:52:00-05:00,5044.0,5046.5,5043.2001953125,5044.7001953125,42,0.0,0.0
2026-02-09 19:53:00-05:00,5045.7001953125,5045.7001953125,5042.5,5042.7998046875,41,0.0,0.0
2026-02-09 19:54:00-05:00,5042.89990234375,5042.89990234375,5037.7998046875,5040.0,34,0.0,0.0
2026-02-09 19:55:00-05:00,5038.39990234375,5043.0,5038.0,5041.7001953125,33,0.0,0.0
2026-02-09 19:56:00-05:00,5040.7998046875,5043.7998046875,5040.0,5042.5,21,0.0,0.0
2026-02-09 19:57:00-05:00,5041.5,5041.5,5038.10009765625,5040.2998046875,30,0.0,0.0
2026-02-09 19:58:00-05:00,5041.7001953125,5043.0,5040.10009765625,5041.2001953125,18,0.0,0.0
2026-02-09 19:59:00-05:00,5042.10009765625,5045.39990234375,5039.2998046875,5042.60009765625,46,0.0,0.0
2026-02-09 20:00:00-05:00,5042.89990234375,5050.0,5035.5,5043.89990234375,213,0.0,0.0
2026-02-09 20:01:00-05:00,5046.2001953125,5049.2001953125,5038.5,5044.2998046875,42,0.0,0.0
2026-02-09 20:02:00-05:00,5044.89990234375,5048.7001953125,5042.2001953125,5046.10009765625,102,0.0,0.0
2026-02-09 20:03:00-05:00,5044.10009765625,5052.0,5044.10009765625,5049.89990234375,61,0.0,0.0
2026-02-09 20:04:00-05:00,5049.5,5050.39990234375,5046.0,5047.5,21,0.0,0.0
2026-02-09 20:05:00-05:00,5046.39990234375,5046.7001953125,5036.2998046875,5041.2998046875,79,0.0,0.0
2026-02-09 20:06:00-05:00,5043.0,5047.10009765625,5042.60009765625,5047.10009765625,59,0.0,0.0
2026-02-09 20:07:00-05:00,5047.89990234375,5051.0,5046.7001953125,5051.0,60,0.0,0.0
2026-02-09 20:08:00-05:00,5051.10009765625,5055.2998046875,5049.5,5050.2001953125,52,0.0,0.0
2026-02-09 20:09:00-05:00,5051.10009765625,5055.10009765625,5051.10009765625,5054.2001953125,67,0.0,0.0
2026-02-09 20:10:00-05:00,5055.2998046875,5058.89990234375,5051.10009765625,5052.2998046875,160,0.0,0.0
2026-02-09 20:11:00-05:00,5051.89990234375,5054.10009765625,5047.39990234375,5053.39990234375,105,0.0,0.0
2026-02-09 20:12:00-05:00,5054.0,5058.2998046875,5054.0,5057.7001953125,63,0.0,0.0
2026-02-09 20:13:00-05:00,5057.7001953125,5058.2001953125,5054.39990234375,5054.89990234375,46,0.0,0.0
2026-02-09 20:14:00-05:00,5055.89990234375,5057.0,5054.2998046875,5054.2998046875,56,0.0,0.0
2026-02-09 20:15:00-05:00,5055.5,5062.0,5053.5,5058.89990234375,72,0.0,0.0
2026-02-09 20:16:00-05:00,5059.7001953125,5060.2001953125,5058.2001953125,5058.7001953125,22,0.0,0.0
2026-02-09 20:17:00-05:00,5060.60009765625,5060.60009765625,5057.0,5057.89990234375,18,0.0,0.0
2026-02-09 20:18:00-05:00,5057.7998046875,5057.7998046875,5054.10009765625,5054.7998046875,18,0.0,0.0
2026-02-09 20:19:00-05:00,5054.89990234375,5055.89990234375,5050.10009765625,5054.89990234375,58,0.0,0.0
2026-02-09 20:20:00-05:00,5053.7998046875,5056.89990234375,5050.89990234375,5050.89990234375,29,0.0,0.0
2026-02-09 20:21:00-05:00,5050.89990234375,5050.89990234375,5042.89990234375,5044.89990234375,96,0.0,0.0
2026-02-09 20:22:00-05:00,5044.7998046875,5048.7001953125,5043.7001953125,5044.60009765625,161,0.0,0.0
2026-02-09 20:23:00-05:00,5044.39990234375,5045.7001953125,5041.39990234375,5042.10009765625,33,0.0,0.0
2026-02-09 20:24:00-05:00,5043.10009765625,5048.39990234375,5042.2001953125,5047.10009765625,101,0.0,0.0
2026-02-09 20:25:00-05:00,5046.10009765625,5047.89990234375,5045.0,5047.60009765625,15,0.0,0.0
2026-02-09 20:26:00-05:00,5047.2001953125,5047.2001953125,5041.2001953125,5041.2001953125,15,0.0,0.0
2026-02-09 20:27:00-05:00,5041.2001953125,5044.10009765625,5040.0,5040.2001953125,23,0.0,0.0
2026-02-09 20:28:00-05:00,5039.60009765625,5043.39990234375,5036.7001953125,5038.7998046875,86,0.0,0.0
2026-02-09 20:29:00-05:00,5038.2001953125,5041.89990234375,5036.89990234375,5040.60009765625,27,0.0,0.0
2026-02-09 20:30:00-05:00,5037.5,5044.10009765625,5037.5,5043.5,61,0.0,0.0
2026-02-09 20:31:00-05:00,5041.60009765625,5042.89990234375,5040.0,5042.89990234375,22,0.0,0.0
2026-02-09 20:32:00-05:00,5043.0,5045.2998046875,5043.0,5044.2998046875,26,0.0,0.0
2026-02-09 20:33:00-05:00,5045.2998046875,5047.89990234375,5043.2001953125,5045.89990234375,34,0.0,0.0
2026-02-09 20:34:00-05:00,5045.2998046875,5049.5,5043.39990234375,5047.7998046875,38,0.0,0.0
2026-02-09 20:35:00-05:00,5048.39990234375,5048.39990234375,5043.2998046875,5043.60009765625,14,0.0,0.0
2026-02-09 20:36:00-05:00,5045.39990234375,5045.39990234375,5041.5,5041.5,24,0.0,0.0
2026-02-09 20:37:00-05:00,5041.2001953125,5044.2998046875,5041.2001953125,5042.5,42,0.0,0.0
2026-02-09 20:38:00-05:00,5043.5,5047.7001953125,5043.5,5046.89990234375,22,0.0,0.0
2026-02-09 20:39:00-05:00,5047.10009765625,5049.0,5046.2001953125,5047.7001953125,26,0.0,0.0
2026-02-09 20:40:00-05:00,5047.7001953125,5055.0,5047.39990234375,5053.5,159,0.0,0.0
2026-02-09 20:41:00-05:00,5052.5,5056.2998046875,5052.5,5054.60009765625,65,0.0,0.0
2026-02-09 20:42:00-05:00,5054.0,5055.10009765625,5050.10009765625,5050.89990234375,59,0.0,0.0
2026-02-09 20:43:00-05:00,5050.2998046875,5050.89990234375,5047.39990234375,5047.60009765625,19,0.0,0.0
2026-02-09 20:44:00-05:00,5047.0,5051.7998046875,5047.0,5051.39990234375,39,0.0,0.0
2026-02-09 20:45:00-05:00,5051.39990234375,5055.0,5050.39990234375,5052.7001953125,105,0.0,0.0
2026-02-09 20:46:00-05:00,5051.2998046875,5054.2001953125,5049.39990234375,5049.60009765625,58,0.0,0.0
2026-02-09 20:47:00-05:00,5051.39990234375,5059.2001953125,5051.39990234375,5056.10009765625,140,0.0,0.0
2026-02-09 20:48:00-05:00,5055.60009765625,5057.60009765625,5053.7001953125,5054.60009765625,61,0.0,0.0
2026-02-09 20:49:00-05:00,5055.0,5058.60009765625,5052.2998046875,5057.0,108,0.0,0.0
2026-02-09 20:50:00-05:00,5057.0,5058.2001953125,5050.89990234375,5052.7998046875,88,0.0,0.0
2026-02-09 20:51:00-05:00,5053.2998046875,5053.89990234375,5051.60009765625,5052.0,26,0.0,0.0
2026-02-09 20:52:00-05:00,5052.2998046875,5057.60009765625,5052.2998046875,5054.0,70,0.0,0.0
2026-02-09 20:53:00-05:00,5055.0,5055.2998046875,5053.2001953125,5054.5,16,0.0,0.0
2026-02-09 20:54:00-05:00,5053.89990234375,5055.10009765625,5052.89990234375,5054.0,18,0.0,0.0
2026-02-09 20:55:00-05:00,5054.2998046875,5056.0,5051.7998046875,5054.5,80,0.0,0.0
2026-02-09 20:56:00-05:00,5054.0,5057.7001953125,5053.5,5056.2001953125,73,0.0,0.0
2026-02-09 20:57:00-05:00,5056.10009765625,5057.2001953125,5045.60009765625,5048.10009765625,89,0.0,0.0
2026-02-09 20:58:00-05:00,5048.39990234375,5051.89990234375,5048.39990234375,5050.7001953125,35,0.0,0.0
2026-02-09 20:59:00-05:00,5049.89990234375,5055.60009765625,5049.89990234375,5054.89990234375,32,0.0,0.0
2026-02-09 21:00:00-05:00,5055.10009765625,5057.39990234375,5053.60009765625,5054.7001953125,68,0.0,0.0
2026-02-09 21:01:00-05:00,5055.0,5056.5,5053.2001953125,5054.7001953125,62,0.0,0.0
2026-02-09 21:02:00-05:00,5055.39990234375,5055.5,5053.60009765625,5054.39990234375,22,0.0,0.0
2026-02-09 21:03:00-05:00,5054.39990234375,5063.0,5053.89990234375,5059.2001953125,127,0.0,0.0
2026-02-09 21:04:00-05:00,5059.89990234375,5061.39990234375,5057.7001953125,5059.2001953125,46,0.0,0.0
2026-02-09 21:05:00-05:00,5060.10009765625,5062.0,5058.89990234375,5061.2998046875,44,0.0,0.0
2026-02-09 21:06:00-05:00,5062.10009765625,5064.0,5061.10009765625,5062.39990234375,50,0.0,0.0
2026-02-09 21:07:00-05:00,5063.2998046875,5067.10009765625,5063.2998046875,5063.7001953125,62,0.0,0.0
2026-02-09 21:08:00-05:00,5064.89990234375,5068.0,5062.2001953125,5066.39990234375,53,0.0,0.0
2026-02-09 21:09:00-05:00,5066.5,5069.0,5064.2001953125,5067.2998046875,83,0.0,0.0
2026-02-09 21:10:00-05:00,5066.0,5066.7998046875,5063.5,5064.89990234375,38,0.0,0.0
2026-02-09 21:11:00-05:00,5064.89990234375,5067.2001953125,5064.0,5065.7998046875,29,0.0,0.0
2026-02-09 21:12:00-05:00,5065.39990234375,5067.0,5065.39990234375,5066.7998046875,19,0.0,0.0
2026-02-09 21:13:00-05:00,5067.60009765625,5069.0,5066.10009765625,5066.89990234375,18,0.0,0.0
2026-02-09 21:14:00-05:00,5066.7998046875,5067.39990234375,5064.7001953125,5064.89990234375,17,0.0,0.0
2026-02-09 21:15:00-05:00,5064.89990234375,5069.2001953125,5063.7998046875,5068.0,28,0.0,0.0
2026-02-09 21:16:00-05:00,5066.89990234375,5066.89990234375,5064.2998046875,5064.5,47,0.0,0.0
2026-02-09 21:17:00-05:00,5065.7001953125,5068.2001953125,5065.7001953125,5067.7998046875,23,0.0,0.0
2026-02-09 21:18:00-05:00,5066.89990234375,5066.89990234375,5064.5,5064.5,22,0.0,0.0
2026-02-09 21:19:00-05:00,5064.89990234375,5065.7998046875,5062.0,5064.2998046875,35,0.0,0.0
2026-02-09 21:20:00-05:00,5064.39990234375,5069.2001953125,5064.39990234375,5067.10009765625,43,0.0,0.0
2026-02-09 21:21:00-05:00,5067.2001953125,5068.0,5064.89990234375,5067.10009765625,71,0.0,0.0
2026-02-09 21:22:00-05:00,5066.0,5075.89990234375,5063.7998046875,5071.7998046875,187,0.0,0.0
2026-02-09 21:23:00-05:00,5072.0,5075.2001953125,5071.2001953125,5073.7998046875,63,0.0,0.0
2026-02-09 21:24:00-05:00,5074.39990234375,5076.60009765625,5073.89990234375,5076.2001953125,60,0.0,0.0
2026-02-09 21:25:00-05:00,5077.10009765625,5077.2001953125,5073.5,5074.2001953125,38,0.0,0.0
2026-02-09 21:26:00-05:00,5074.0,5079.0,5074.0,5076.10009765625,55,0.0,0.0
2026-02-09 21:27:00-05:00,5076.2998046875,5077.39990234375,5068.89990234375,5068.89990234375,72,0.0,0.0
2026-02-09 21:28:00-05:00,5069.60009765625,5072.10009765625,5068.89990234375,5071.2001953125,66,0.0,0.0
2026-02-09 21:29:00-05:00,5071.89990234375,5071.89990234375,5069.39990234375,5069.39990234375,21,0.0,0.0
2026-02-09 21:30:00-05:00,5070.10009765625,5073.2001953125,5068.5,5071.10009765625,42,0.0,0.0
2026-02-09 21:31:00-05:00,5071.2001953125,5073.5,5071.2001953125,5072.2001953125,13,0.0,0.0
2026-02-09 21:32:00-05:00,5071.10009765625,5072.60009765625,5068.7001953125,5071.89990234375,34,0.0,0.0
2026-02-09 21:33:00-05:00,5069.7001953125,5070.60009765625,5067.0,5067.89990234375,47,0.0,0.0
2026-02-09 21:34:00-05:00,5067.89990234375,5069.5,5067.89990234375,5069.5,9,0.0,0.0
2026-02-09 21:35:00-05:00,5069.2001953125,5071.0,5064.2001953125,5064.39990234375,54,0.0,0.0
2026-02-09 21:36:00-05:00,5064.2998046875,5066.7998046875,5064.2998046875,5064.7998046875,33,0.0,0.0
2026-02-09 21:37:00-05:00,5064.7998046875,5067.0,5064.5,5065.0,21,0.0,0.0
2026-02-09 21:38:00-05:00,5065.10009765625,5066.7998046875,5064.7001953125,5066.0,26,0.0,0.0
2026-02-09 21:39:00-05:00,5067.39990234375,5070.10009765625,5067.39990234375,5067.7001953125,15,0.0,0.0
2026-02-09 21:40:00-05:00,5068.60009765625,5071.5,5068.60009765625,5069.0,24,0.0,0.0
2026-02-09 21:41:00-05:00,5068.39990234375,5070.39990234375,5068.39990234375,5070.39990234375,14,0.0,0.0
2026-02-09 21:42:00-05:00,5070.39990234375,5071.60009765625,5070.39990234375,5071.10009765625,11,0.0,0.0
2026-02-09 21:43:00-05:00,5069.7001953125,5074.7998046875,5069.7001953125,5073.60009765625,42,0.0,0.0
2026-02-09 21:44:00-05:00,5073.2998046875,5075.60009765625,5071.60009765625,5073.2001953125,82,0.0,0.0
2026-02-09 21:45:00-05:00,5073.89990234375,5075.0,5072.7998046875,5075.0,48,0.0,0.0
2026-02-09 21:46:00-05:00,5075.0,5075.0,5071.89990234375,5071.89990234375,21,0.0,0.0
2026-02-09 21:47:00-05:00,5071.0,5071.2998046875,5067.0,5067.39990234375,57,0.0,0.0
2026-02-09 21:48:00-05:00,5067.2001953125,5070.2998046875,5067.2001953125,5067.2001953125,37,0.0,0.0
2026-02-09 21:49:00-05:00,5068.10009765625,5068.10009765625,5064.39990234375,5065.0,29,0.0,0.0
2026-02-09 21:50:00-05:00,5064.5,5064.89990234375,5060.39990234375,5062.7998046875,144,0.0,0.0
2026-02-09 21:51:00-05:00,5061.89990234375,5061.89990234375,5056.7001953125,5060.0,103,0.0,0.0
2026-02-09 21:52:00-05:00,5060.0,5062.2001953125,5059.60009765625,5062.2001953125,65,0.0,0.0
2026-02-09 21:53:00-05:00,5061.60009765625,5063.89990234375,5061.5,5061.5,28,0.0,0.0
2026-02-09 21:54:00-05:00,5062.2998046875,5069.89990234375,5062.2001953125,5066.10009765625,92,0.0,0.0
2026-02-09 21:55:00-05:00,5065.2998046875,5067.2001953125,5063.7001953125,5066.2001953125,54,0.0,0.0
2026-02-09 21:56:00-05:00,5065.89990234375,5069.7001953125,5065.7001953125,5068.2998046875,95,0.0,0.0
2026-02-09 21:57:00-05:00,5067.7998046875,5071.5,5066.7998046875,5066.7998046875,59,0.0,0.0
2026-02-09 21:58:00-05:00,5066.2998046875,5067.0,5063.2998046875,5063.7998046875,23,0.0,0.0
2026-02-09 21:59:00-05:00,5063.39990234375,5063.39990234375,5059.7001953125,5061.2001953125,48,0.0,0.0
2026-02-09 22:00:00-05:00,5059.0,5059.2998046875,5055.2001953125,5056.89990234375,41,0.0,0.0
2026-02-09 22:01:00-05:00,5056.89990234375,5060.7001953125,5056.7001953125,5058.10009765625,42,0.0,0.0
2026-02-09 22:02:00-05:00,5059.5,5060.0,5058.5,5058.5,16,0.0,0.0
2026-02-09 22:03:00-05:00,5059.2001953125,5060.2998046875,5059.10009765625,5059.10009765625,10,0.0,0.0
2026-02-09 22:04:00-05:00,5058.10009765625,5059.39990234375,5056.39990234375,5056.39990234375,19,0.0,0.0
2026-02-09 22:05:00-05:00,5056.0,5056.0,5050.89990234375,5053.7998046875,69,0.0,0.0
2026-02-09 22:06:00-05:00,5053.2998046875,5060.10009765625,5053.2998046875,5055.2998046875,92,0.0,0.0
2026-02-09 22:07:00-05:00,5054.2001953125,5056.7001953125,5054.0,5054.0,33,0.0,0.0
2026-02-09 22:08:00-05:00,5053.7998046875,5055.0,5050.7001953125,5052.60009765625,46,0.0,0.0
2026-02-09 22:09:00-05:00,5051.7998046875,5053.10009765625,5051.5,5052.60009765625,26,0.0,0.0
2026-02-09 22:10:00-05:00,5053.0,5056.10009765625,5052.10009765625,5054.60009765625,52,0.0,0.0
2026-02-09 22:11:00-05:00,5055.0,5055.0,5051.7998046875,5054.89990234375,34,0.0,0.0
2026-02-09 22:12:00-05:00,5054.2998046875,5054.2998046875,5052.0,5052.60009765625,21,0.0,0.0
2026-02-09 22:13:00-05:00,5051.89990234375,5055.0,5051.89990234375,5054.5,14,0.0,0.0
2026-02-09 22:14:00-05:00,5053.2998046875,5054.2998046875,5047.2998046875,5049.10009765625,63,0.0,0.0
2026-02-09 22:15:00-05:00,5048.7001953125,5049.10009765625,5042.39990234375,5042.89990234375,163,0.0,0.0
2026-02-09 22:16:00-05:00,5042.89990234375,5047.7998046875,5042.89990234375,5047.5,45,0.0,0.0
2026-02-09 22:17:00-05:00,5047.2998046875,5047.5,5043.10009765625,5043.5,53,0.0,0.0
2026-02-09 22:18:00-05:00,5043.39990234375,5044.5,5040.0,5041.2998046875,94,0.0,0.0
2026-02-09 22:19:00-05:00,5041.2998046875,5042.89990234375,5039.0,5042.89990234375,89,0.0,0.0
2026-02-09 22:20:00-05:00,5042.60009765625,5044.39990234375,5041.5,5044.39990234375,43,0.0,0.0
2026-02-09 22:21:00-05:00,5044.2001953125,5046.7998046875,5042.2001953125,5045.0,49,0.0,0.0
2026-02-09 22:22:00-05:00,5045.7998046875,5047.60009765625,5043.39990234375,5046.7998046875,42,0.0,0.0
2026-02-09 22:23:00-05:00,5047.2001953125,5048.10009765625,5045.2998046875,5048.10009765625,29,0.0,0.0
2026-02-09 22:24:00-05:00,5048.10009765625,5048.89990234375,5046.0,5047.2998046875,21,0.0,0.0
2026-02-09 22:25:00-05:00,5048.0,5051.2001953125,5046.7001953125,5046.89990234375,93,0.0,0.0
2026-02-09 22:26:00-05:00,5047.10009765625,5049.2998046875,5047.0,5048.2001953125,29,0.0,0.0
2026-02-09 22:27:00-05:00,5048.2001953125,5048.7001953125,5045.7998046875,5045.7998046875,38,0.0,0.0
2026-02-09 22:28:00-05:00,5045.10009765625,5046.60009765625,5043.7998046875,5044.7001953125,29,0.0,0.0
2026-02-09 22:29:00-05:00,5045.2998046875,5045.2998046875,5043.5,5044.2001953125,23,0.0,0.0
2026-02-09 22:30:00-05:00,5043.89990234375,5045.7998046875,5042.39990234375,5045.7998046875,61,0.0,0.0
2026-02-09 22:31:00-05:00,5045.39990234375,5047.2001953125,5042.2001953125,5044.2998046875,68,0.0,0.0
2026-02-09 22:32:00-05:00,5043.89990234375,5053.2998046875,5043.89990234375,5053.2998046875,76,0.0,0.0
2026-02-09 22:33:00-05:00,5053.2998046875,5054.10009765625,5051.39990234375,5051.7001953125,68,0.0,0.0
2026-02-09 22:34:00-05:00,5051.89990234375,5052.0,5048.60009765625,5048.60009765625,25,0.0,0.0
2026-02-09 22:35:00-05:00,5048.7998046875,5051.60009765625,5048.7998046875,5051.5,13,0.0,0.0
2026-02-09 22:36:00-05:00,5051.39990234375,5053.2998046875,5050.60009765625,5051.5,19,0.0,0.0
2026-02-09 22:37:00-05:00,5051.60009765625,5051.60009765625,5050.2001953125,5050.89990234375,9,0.0,0.0
2026-02-09 22:38:00-05:00,5051.89990234375,5053.0,5051.0,5052.10009765625,25,0.0,0.0
2026-02-09 22:39:00-05:00,5052.2998046875,5052.7998046875,5049.0,5051.10009765625,22,0.0,0.0
2026-02-09 22:40:00-05:00,5051.7001953125,5051.7001953125,5051.0,5051.0,3,0.0,0.0
2026-02-09 22:41:00-05:00,5050.10009765625,5050.39990234375,5048.7001953125,5048.89990234375,20,0.0,0.0
2026-02-09 22:42:00-05:00,5048.2998046875,5048.39990234375,5045.2001953125,5045.2998046875,45,0.0,0.0
2026-02-09 22:43:00-05:00,5046.0,5046.89990234375,5044.5,5046.89990234375,17,0.0,0.0
2026-02-09 22:44:00-05:00,5045.7001953125,5047.2001953125,5045.7001953125,5047.2001953125,20,0.0,0.0
2026-02-09 22:45:00-05:00,5047.2001953125,5049.0,5046.7998046875,5048.7998046875,12,0.0,0.0
2026-02-09 22:46:00-05:00,5049.2001953125,5049.2001953125,5047.5,5047.5,6,0.0,0.0
2026-02-09 22:47:00-05:00,5046.60009765625,5046.60009765625,5045.2998046875,5046.60009765625,11,0.0,0.0
2026-02-09 22:48:00-05:00,5047.10009765625,5049.2001953125,5046.7998046875,5047.10009765625,16,0.0,0.0
2026-02-09 22:49:00-05:00,5047.89990234375,5052.2998046875,5047.89990234375,5052.2998046875,48,0.0,0.0
2026-02-09 22:50:00-05:00,5051.2001953125,5051.5,5050.60009765625,5050.60009765625,13,0.0,0.0
2026-02-09 22:51:00-05:00,5050.39990234375,5051.2998046875,5050.0,5051.2998046875,9,0.0,0.0
2026-02-09 22:52:00-05:00,5050.0,5050.0,5045.7001953125,5047.39990234375,36,0.0,0.0
2026-02-09 22:53:00-05:00,5046.7001953125,5047.5,5046.7001953125,5047.39990234375,3,0.0,0.0
2026-02-09 22:54:00-05:00,5047.2998046875,5049.2998046875,5046.7998046875,5047.89990234375,72,0.0,0.0
2026-02-09 22:55:00-05:00,5047.60009765625,5051.0,5047.10009765625,5050.7998046875,58,0.0,0.0
2026-02-09 22:56:00-05:00,5050.7001953125,5050.7001953125,5049.10009765625,5049.89990234375,5,0.0,0.0
2026-02-09 22:57:00-05:00,5049.2001953125,5049.2001953125,5036.5,5044.2998046875,173,0.0,0.0
2026-02-09 22:58:00-05:00,5044.10009765625,5049.5,5043.0,5049.5,57,0.0,0.0
2026-02-09 22:59:00-05:00,5049.2001953125,5052.0,5048.5,5051.5,23,0.0,0.0
2026-02-09 23:00:00-05:00,5052.39990234375,5052.89990234375,5049.7998046875,5049.7998046875,35,0.0,0.0
2026-02-09 23:01:00-05:00,5049.7001953125,5050.60009765625,5047.0,5048.10009765625,22,0.0,0.0
2026-02-09 23:02:00-05:00,5048.2998046875,5049.7998046875,5048.2998046875,5048.7001953125,23,0.0,0.0
2026-02-09 23:03:00-05:00,5048.2001953125,5048.2001953125,5045.60009765625,5045.60009765625,17,0.0,0.0
2026-02-09 23:04:00-05:00,5044.7998046875,5045.0,5043.2001953125,5044.7001953125,17,0.0,0.0
2026-02-09 23:05:00-05:00,5043.5,5043.5,5039.5,5039.89990234375,50,0.0,0.0
2026-02-09 23:06:00-05:00,5040.7998046875,5047.0,5040.7998046875,5046.7001953125,56,0.0,0.0
2026-02-09 23:07:00-05:00,5046.5,5046.5,5044.7001953125,5045.5,20,0.0,0.0
2026-02-09 23:08:00-05:00,5045.39990234375,5045.7001953125,5044.5,5045.5,9,0.0,0.0
2026-02-09 23:09:00-05:00,5044.89990234375,5047.2001953125,5044.7998046875,5047.2001953125,9,0.0,0.0
2026-02-09 23:10:00-05:00,5046.2001953125,5047.5,5044.10009765625,5044.10009765625,17,0.0,0.0
2026-02-09 23:11:00-05:00,5043.2998046875,5045.7001953125,5041.5,5045.7001953125,43,0.0,0.0
2026-02-09 23:12:00-05:00,5044.60009765625,5048.89990234375,5044.60009765625,5046.10009765625,72,0.0,0.0
2026-02-09 23:13:00-05:00,5046.5,5048.0,5045.89990234375,5047.60009765625,17,0.0,0.0
2026-02-09 23:14:00-05:00,5047.0,5047.0,5044.7998046875,5045.89990234375,17,0.0,0.0
2026-02-09 23:15:00-05:00,5045.5,5049.10009765625,5044.7998046875,5048.89990234375,35,0.0,0.0
2026-02-09 23:16:00-05:00,5049.0,5050.0,5047.60009765625,5048.7001953125,27,0.0,0.0
2026-02-09 23:17:00-05:00,5048.7001953125,5049.0,5048.2001953125,5048.2001953125,7,0.0,0.0
2026-02-09 23:18:00-05:00,5047.39990234375,5048.7998046875,5047.39990234375,5048.2001953125,15,0.0,0.0
2026-02-09 23:19:00-05:00,5049.2001953125,5051.2998046875,5049.2001953125,5049.2001953125,69,0.0,0.0
2026-02-09 23:20:00-05:00,5049.0,5049.0,5046.0,5046.10009765625,21,0.0,0.0
2026-02-09 23:21:00-05:00,5046.89990234375,5047.10009765625,5046.60009765625,5046.60009765625,6,0.0,0.0
2026-02-09 23:22:00-05:00,5046.2998046875,5046.2998046875,5046.0,5046.0,2,0.0,0.0
2026-02-09 23:23:00-05:00,5045.39990234375,5047.5,5045.39990234375,5046.5,13,0.0,0.0
2026-02-09 23:24:00-05:00,5047.60009765625,5048.0,5046.7001953125,5048.0,5,0.0,0.0
2026-02-09 23:25:00-05:00,5048.60009765625,5049.5,5048.60009765625,5049.2998046875,5,0.0,0.0
2026-02-09 23:26:00-05:00,5048.5,5050.2998046875,5048.5,5049.2998046875,8,0.0,0.0
2026-02-09 23:27:00-05:00,5049.2001953125,5049.2001953125,5048.7998046875,5048.7998046875,4,0.0,0.0
2026-02-09 23:28:00-05:00,5048.5,5049.7998046875,5048.0,5049.7998046875,12,0.0,0.0
2026-02-09 23:29:00-05:00,5050.0,5052.7001953125,5049.0,5050.60009765625,72,0.0,0.0
2026-02-09 23:30:00-05:00,5049.89990234375,5050.0,5048.0,5048.7001953125,18,0.0,0.0
2026-02-09 23:31:00-05:00,5048.2998046875,5049.10009765625,5047.7998046875,5048.2998046875,24,0.0,0.0
2026-02-09 23:32:00-05:00,5047.89990234375,5048.2001953125,5046.0,5046.7998046875,15,0.0,0.0
2026-02-09 23:33:00-05:00,5047.89990234375,5047.89990234375,5046.7998046875,5047.39990234375,18,0.0,0.0
2026-02-09 23:34:00-05:00,5046.60009765625,5048.60009765625,5046.60009765625,5048.10009765625,7,0.0,0.0
2026-02-09 23:35:00-05:00,5048.0,5048.10009765625,5048.0,5048.10009765625,2,0.0,0.0
2026-02-09 23:36:00-05:00,5048.2998046875,5048.60009765625,5048.0,5048.60009765625,3,0.0,0.0
2026-02-09 23:37:00-05:00,5047.7998046875,5047.7998046875,5044.2001953125,5045.2998046875,37,0.0,0.0
2026-02-09 23:38:00-05:00,5045.60009765625,5045.60009765625,5045.60009765625,5045.60009765625,1,0.0,0.0
2026-02-09 23:39:00-05:00,5045.60009765625,5046.5,5045.60009765625,5046.5,4,0.0,0.0
2026-02-09 23:40:00-05:00,5045.7998046875,5047.10009765625,5045.7998046875,5046.5,5,0.0,0.0
2026-02-09 23:41:00-05:00,5047.0,5047.2998046875,5044.0,5044.0,35,0.0,0.0
2026-02-09 23:42:00-05:00,5045.60009765625,5047.60009765625,5044.5,5047.10009765625,37,0.0,0.0
2026-02-09 23:43:00-05:00,5047.60009765625,5051.0,5047.39990234375,5047.39990234375,27,0.0,0.0
2026-02-09 23:44:00-05:00,5047.39990234375,5049.2001953125,5047.39990234375,5049.0,9,0.0,0.0
2026-02-09 23:45:00-05:00,5048.0,5050.0,5046.89990234375,5049.7001953125,19,0.0,0.0
2026-02-09 23:46:00-05:00,5049.10009765625,5049.10009765625,5047.7001953125,5048.39990234375,7,0.0,0.0
2026-02-09 23:47:00-05:00,5048.60009765625,5048.89990234375,5048.60009765625,5048.89990234375,2,0.0,0.0
2026-02-09 23:48:00-05:00,5050.60009765625,5053.2998046875,5050.60009765625,5052.7998046875,36,0.0,0.0
2026-02-09 23:49:00-05:00,5053.2998046875,5055.2998046875,5053.2998046875,5055.0,52,0.0,0.0
2026-02-09 23:50:00-05:00,5054.39990234375,5054.39990234375,5050.89990234375,5053.2998046875,73,0.0,0.0
2026-02-09 23:51:00-05:00,5053.60009765625,5056.2998046875,5053.60009765625,5056.0,41,0.0,0.0
2026-02-09 23:52:00-05:00,5054.89990234375,5055.5,5054.10009765625,5054.2998046875,9,0.0,0.0
2026-02-09 23:53:00-05:00,5053.7001953125,5055.2001953125,5053.39990234375,5053.60009765625,19,0.0,0.0
2026-02-09 23:54:00-05:00,5053.39990234375,5054.2998046875,5052.60009765625,5053.2998046875,12,0.0,0.0
2026-02-09 23:55:00-05:00,5053.7998046875,5055.5,5053.7998046875,5055.2998046875,13,0.0,0.0
2026-02-09 23:56:00-05:00,5055.10009765625,5055.7998046875,5054.10009765625,5054.89990234375,17,0.0,0.0
2026-02-09 23:57:00-05:00,5054.7998046875,5055.2998046875,5054.2001953125,5054.2001953125,11,0.0,0.0
2026-02-09 23:58:00-05:00,5053.2001953125,5053.60009765625,5052.7001953125,5052.7998046875,6,0.0,0.0
2026-02-10 00:00:00-05:00,5052.89990234375,5057.39990234375,5051.7001953125,5055.39990234375,35,0.0,0.0
2026-02-10 00:01:00-05:00,5055.0,5055.0,5053.2998046875,5053.7998046875,4,0.0,0.0
2026-02-10 00:02:00-05:00,5052.39990234375,5052.39990234375,5052.39990234375,5052.39990234375,1,0.0,0.0
2026-02-10 00:03:00-05:00,5052.2001953125,5053.39990234375,5051.89990234375,5053.39990234375,9,0.0,0.0
2026-02-10 00:04:00-05:00,5054.0,5054.60009765625,5053.5,5053.60009765625,8,0.0,0.0
2026-02-10 00:05:00-05:00,5052.7998046875,5052.89990234375,5050.60009765625,5050.89990234375,14,0.0,0.0
2026-02-10 00:06:00-05:00,5050.60009765625,5051.5,5049.10009765625,5051.2998046875,26,0.0,0.0
2026-02-10 00:07:00-05:00,5051.7998046875,5053.5,5051.39990234375,5053.39990234375,13,0.0,0.0
2026-02-10 00:08:00-05:00,5054.10009765625,5055.5,5053.2998046875,5053.2998046875,13,0.0,0.0
2026-02-10 00:09:00-05:00,5052.39990234375,5052.39990234375,5052.39990234375,5052.39990234375,1,0.0,0.0
2026-02-10 00:10:00-05:00,5052.7001953125,5052.89990234375,5052.10009765625,5052.10009765625,4,0.0,0.0
2026-02-10 00:11:00-05:00,5053.2998046875,5053.2998046875,5052.7998046875,5053.2998046875,4,0.0,0.0
2026-02-10 00:12:00-05:00,5053.10009765625,5053.10009765625,5052.60009765625,5053.0,5,0.0,0.0
2026-02-10 00:13:00-05:00,5052.0,5053.10009765625,5051.60009765625,5052.2001953125,15,0.0,0.0
2026-02-10 00:14:00-05:00,5051.7998046875,5052.0,5051.10009765625,5052.0,10,0.0,0.0
2026-02-10 00:15:00-05:00,5050.5,5051.5,5044.7998046875,5047.2001953125,61,0.0,0.0
2026-02-10 00:16:00-05:00,5046.60009765625,5048.39990234375,5045.10009765625,5048.2998046875,109,0.0,0.0
2026-02-10 00:17:00-05:00,5047.7998046875,5048.2001953125,5045.60009765625,5045.89990234375,15,0.0,0.0
2026-02-10 00:18:00-05:00,5045.10009765625,5046.2998046875,5045.10009765625,5045.2998046875,9,0.0,0.0
2026-02-10 00:19:00-05:00,5046.60009765625,5046.60009765625,5044.0,5045.89990234375,18,0.0,0.0
2026-02-10 00:20:00-05:00,5044.89990234375,5047.7998046875,5044.10009765625,5046.89990234375,45,0.0,0.0
2026-02-10 00:21:00-05:00,5046.60009765625,5047.7998046875,5045.60009765625,5045.60009765625,21,0.0,0.0
2026-02-10 00:22:00-05:00,5045.5,5046.39990234375,5044.89990234375,5045.0,15,0.0,0.0
2026-02-10 00:23:00-05:00,5044.89990234375,5046.0,5044.10009765625,5044.2998046875,34,0.0,0.0
2026-02-10 00:24:00-05:00,5044.39990234375,5045.39990234375,5041.2998046875,5041.2998046875,32,0.0,0.0
2026-02-10 00:25:00-05:00,5041.7998046875,5042.7998046875,5041.10009765625,5041.39990234375,27,0.0,0.0
2026-02-10 00:26:00-05:00,5040.5,5041.10009765625,5040.0,5040.2998046875,18,0.0,0.0
2026-02-10 00:27:00-05:00,5040.10009765625,5040.2998046875,5032.7998046875,5035.7998046875,123,0.0,0.0
2026-02-10 00:28:00-05:00,5035.7001953125,5038.10009765625,5033.10009765625,5037.7001953125,153,0.0,0.0
2026-02-10 00:29:00-05:00,5038.0,5041.2998046875,5037.7001953125,5041.2998046875,81,0.0,0.0
2026-02-10 00:30:00-05:00,5040.5,5042.2998046875,5034.5,5041.2998046875,81,0.0,0.0
2026-02-10 00:31:00-05:00,5042.2998046875,5045.2998046875,5040.7998046875,5045.2998046875,92,0.0,0.0
2026-02-10 00:32:00-05:00,5045.60009765625,5047.2998046875,5044.7001953125,5044.7001953125,54,0.0,0.0
2026-02-10 00:33:00-05:00,5045.5,5046.5,5044.2001953125,5044.2001953125,32,0.0,0.0
2026-02-10 00:34:00-05:00,5044.2998046875,5046.10009765625,5042.2001953125,5042.7998046875,55,0.0,0.0
2026-02-10 00:35:00-05:00,5042.39990234375,5047.7001953125,5042.0,5047.0,46,0.0,0.0
2026-02-10 00:36:00-05:00,5046.60009765625,5049.10009765625,5046.60009765625,5048.7001953125,72,0.0,0.0
2026-02-10 00:37:00-05:00,5047.5,5047.5,5044.39990234375,5045.0,28,0.0,0.0
2026-02-10 00:38:00-05:00,5044.7998046875,5047.0,5042.39990234375,5046.10009765625,108,0.0,0.0
2026-02-10 00:39:00-05:00,5046.2998046875,5052.39990234375,5045.0,5050.7998046875,85,0.0,0.0
2026-02-10 00:40:00-05:00,5050.39990234375,5050.7998046875,5048.10009765625,5050.5,29,0.0,0.0
2026-02-10 00:41:00-05:00,5050.10009765625,5051.7001953125,5049.2001953125,5049.2001953125,54,0.0,0.0
2026-02-10 00:42:00-05:00,5050.60009765625,5050.89990234375,5048.39990234375,5050.0,36,0.0,0.0
2026-02-10 00:43:00-05:00,5049.2998046875,5051.7998046875,5049.2998046875,5051.39990234375,31,0.0,0.0
2026-02-10 00:44:00-05:00,5051.10009765625,5054.60009765625,5050.39990234375,5054.5,56,0.0,0.0
2026-02-10 00:45:00-05:00,5054.89990234375,5055.7001953125,5053.89990234375,5055.7001953125,52,0.0,0.0
2026-02-10 00:46:00-05:00,5055.89990234375,5057.60009765625,5055.0,5055.7001953125,94,0.0,0.0
2026-02-10 00:47:00-05:00,5056.0,5059.0,5055.7001953125,5059.0,41,0.0,0.0
2026-02-10 00:48:00-05:00,5058.10009765625,5058.2001953125,5056.10009765625,5057.10009765625,67,0.0,0.0
2026-02-10 00:49:00-05:00,5057.0,5058.2998046875,5056.0,5056.0,28,0.0,0.0
2026-02-10 00:50:00-05:00,5056.60009765625,5056.60009765625,5054.10009765625,5054.5,71,0.0,0.0
2026-02-10 00:51:00-05:00,5055.0,5055.7998046875,5052.89990234375,5055.2998046875,54,0.0,0.0
2026-02-10 00:52:00-05:00,5056.0,5059.2001953125,5056.0,5058.5,35,0.0,0.0
2026-02-10 00:53:00-05:00,5059.2001953125,5064.0,5059.2001953125,5059.39990234375,150,0.0,0.0
2026-02-10 00:54:00-05:00,5060.0,5061.39990234375,5060.0,5060.10009765625,23,0.0,0.0
2026-02-10 00:55:00-05:00,5059.89990234375,5061.60009765625,5059.89990234375,5060.89990234375,21,0.0,0.0
2026-02-10 00:56:00-05:00,5060.7998046875,5061.39990234375,5059.5,5061.0,25,0.0,0.0
2026-02-10 00:57:00-05:00,5061.0,5062.2001953125,5060.7001953125,5062.2001953125,20,0.0,0.0
2026-02-10 00:58:00-05:00,5061.7998046875,5062.5,5061.7998046875,5061.7998046875,18,0.0,0.0
2026-02-10 00:59:00-05:00,5061.0,5061.89990234375,5060.5,5061.89990234375,19,0.0,0.0
2026-02-10 01:00:00-05:00,5061.39990234375,5061.89990234375,5058.10009765625,5061.0,32,0.0,0.0
2026-02-10 01:01:00-05:00,5061.2998046875,5063.60009765625,5059.7998046875,5061.39990234375,45,0.0,0.0
2026-02-10 01:02:00-05:00,5060.7001953125,5062.0,5060.2001953125,5062.0,5,0.0,0.0
2026-02-10 01:03:00-05:00,5062.7001953125,5063.2998046875,5061.0,5061.0,15,0.0,0.0
2026-02-10 01:04:00-05:00,5061.0,5061.60009765625,5061.0,5061.60009765625,5,0.0,0.0
2026-02-10 01:05:00-05:00,5061.39990234375,5063.10009765625,5061.39990234375,5062.0,12,0.0,0.0
2026-02-10 01:06:00-05:00,5062.10009765625,5063.5,5062.0,5062.2001953125,37,0.0,0.0
2026-02-10 01:07:00-05:00,5062.2998046875,5068.39990234375,5062.2998046875,5067.0,86,0.0,0.0
2026-02-10 01:08:00-05:00,5067.7001953125,5067.7998046875,5063.89990234375,5065.5,34,0.0,0.0
2026-02-10 01:09:00-05:00,5064.5,5064.5,5061.5,5061.5,17,0.0,0.0
2026-02-10 01:10:00-05:00,5062.2998046875,5062.2998046875,5060.39990234375,5061.2001953125,37,0.0,0.0
2026-02-10 01:11:00-05:00,5061.2001953125,5062.39990234375,5059.0,5059.0,65,0.0,0.0
2026-02-10 01:12:00-05:00,5058.60009765625,5059.2998046875,5056.60009765625,5058.2001953125,36,0.0,0.0
2026-02-10 01:13:00-05:00,5059.39990234375,5060.0,5058.0,5058.7001953125,57,0.0,0.0
2026-02-10 01:14:00-05:00,5057.7001953125,5060.2998046875,5055.60009765625,5058.60009765625,57,0.0,0.0
2026-02-10 01:15:00-05:00,5058.7998046875,5059.2998046875,5058.39990234375,5058.39990234375,7,0.0,0.0
2026-02-10 01:16:00-05:00,5058.60009765625,5059.7998046875,5057.5,5059.2001953125,25,0.0,0.0
2026-02-10 01:17:00-05:00,5057.7998046875,5059.2001953125,5055.0,5055.2001953125,45,0.0,0.0
2026-02-10 01:18:00-05:00,5055.7001953125,5058.0,5055.5,5058.0,21,0.0,0.0
2026-02-10 01:19:00-05:00,5057.60009765625,5057.60009765625,5055.39990234375,5055.7998046875,13,0.0,0.0
2026-02-10 01:20:00-05:00,5055.0,5055.7998046875,5054.39990234375,5054.7998046875,17,0.0,0.0
2026-02-10 01:21:00-05:00,5054.10009765625,5057.39990234375,5053.0,5057.39990234375,27,0.0,0.0
2026-02-10 01:22:00-05:00,5058.2001953125,5058.7001953125,5058.0,5058.0,7,0.0,0.0
2026-02-10 01:23:00-05:00,5057.7001953125,5058.60009765625,5057.60009765625,5057.89990234375,12,0.0,0.0
2026-02-10 01:24:00-05:00,5057.0,5058.7998046875,5056.5,5056.5,9,0.0,0.0
2026-02-10 01:25:00-05:00,5055.7001953125,5057.0,5053.5,5054.89990234375,28,0.0,0.0
2026-02-10 01:26:00-05:00,5054.0,5058.7998046875,5052.7001953125,5057.0,51,0.0,0.0
2026-02-10 01:27:00-05:00,5056.60009765625,5059.39990234375,5054.7001953125,5056.0,40,0.0,0.0
2026-02-10 01:28:00-05:00,5054.89990234375,5054.89990234375,5054.89990234375,5054.89990234375,1,0.0,0.0
2026-02-10 01:29:00-05:00,5055.0,5055.0,5053.60009765625,5053.60009765625,9,0.0,0.0
2026-02-10 01:30:00-05:00,5053.39990234375,5055.2998046875,5052.39990234375,5053.89990234375,26,0.0,0.0
2026-02-10 01:31:00-05:00,5054.2998046875,5054.2998046875,5052.0,5052.7001953125,38,0.0,0.0
2026-02-10 01:32:00-05:00,5052.5,5052.7998046875,5050.2001953125,5052.7001953125,31,0.0,0.0
2026-02-10 01:33:00-05:00,5052.2001953125,5055.10009765625,5052.2001953125,5055.10009765625,15,0.0,0.0
2026-02-10 01:34:00-05:00,5054.89990234375,5060.0,5054.89990234375,5060.0,54,0.0,0.0
2026-02-10 01:35:00-05:00,5060.0,5060.89990234375,5056.7998046875,5058.2001953125,102,0.0,0.0
2026-02-10 01:36:00-05:00,5058.7001953125,5060.2001953125,5056.7998046875,5057.10009765625,60,0.0,0.0
2026-02-10 01:37:00-05:00,5057.0,5057.60009765625,5055.7998046875,5057.0,21,0.0,0.0
2026-02-10 01:40:00-05:00,5056.0,5056.0,5054.7998046875,5054.7998046875,29,0.0,0.0
2026-02-10 01:41:00-05:00,5054.7998046875,5054.7998046875,5054.0,5054.0,5,0.0,0.0
2026-02-10 01:42:00-05:00,5053.2998046875,5053.2998046875,5052.10009765625,5052.7001953125,8,0.0,0.0
2026-02-10 01:43:00-05:00,5052.10009765625,5053.10009765625,5051.2001953125,5051.2001953125,24,0.0,0.0
2026-02-10 01:44:00-05:00,5050.7998046875,5051.5,5048.60009765625,5051.2001953125,46,0.0,0.0
2026-02-10 01:45:00-05:00,5050.39990234375,5052.89990234375,5049.2998046875,5052.89990234375,30,0.0,0.0
2026-02-10 01:46:00-05:00,5053.5,5056.7998046875,5052.7001953125,5056.10009765625,47,0.0,0.0
2026-02-10 01:47:00-05:00,5056.2998046875,5058.7001953125,5056.2998046875,5057.5,75,0.0,0.0
2026-02-10 01:48:00-05:00,5057.5,5057.5,5052.0,5052.0,33,0.0,0.0
2026-02-10 01:49:00-05:00,5051.5,5052.7998046875,5050.0,5052.0,41,0.0,0.0
2026-02-10 01:50:00-05:00,5051.60009765625,5051.60009765625,5049.10009765625,5049.89990234375,29,0.0,0.0
2026-02-10 01:51:00-05:00,5050.0,5050.0,5047.0,5048.7998046875,30,0.0,0.0
2026-02-10 01:52:00-05:00,5048.7998046875,5048.7998046875,5045.5,5045.89990234375,28,0.0,0.0
2026-02-10 01:53:00-05:00,5045.0,5047.0,5042.7001953125,5043.2001953125,115,0.0,0.0
2026-02-10 01:54:00-05:00,5042.5,5045.0,5041.0,5044.10009765625,99,0.0,0.0
2026-02-10 01:55:00-05:00,5044.39990234375,5048.2001953125,5043.60009765625,5046.89990234375,182,0.0,0.0
2026-02-10 01:56:00-05:00,5046.2001953125,5049.10009765625,5045.7998046875,5048.2998046875,39,0.0,0.0
2026-02-10 01:57:00-05:00,5047.2998046875,5049.7001953125,5046.7998046875,5048.0,50,0.0,0.0
2026-02-10 01:58:00-05:00,5047.7001953125,5047.7001953125,5044.7998046875,5046.60009765625,43,0.0,0.0
2026-02-10 01:59:00-05:00,5046.2001953125,5046.5,5044.89990234375,5045.7998046875,38,0.0,0.0
2026-02-10 02:00:00-05:00,5045.7001953125,5046.5,5040.0,5046.0,158,0.0,0.0
2026-02-10 02:01:00-05:00,5045.5,5046.60009765625,5042.0,5046.60009765625,79,0.0,0.0
2026-02-10 02:02:00-05:00,5046.60009765625,5048.7001953125,5045.89990234375,5047.7001953125,62,0.0,0.0
2026-02-10 02:03:00-05:00,5048.5,5050.0,5047.7998046875,5049.0,50,0.0,0.0
2026-02-10 02:04:00-05:00,5049.2998046875,5050.89990234375,5047.7001953125,5050.89990234375,16,0.0,0.0
2026-02-10 02:05:00-05:00,5050.5,5050.89990234375,5049.0,5050.89990234375,35,0.0,0.0
2026-02-10 02:06:00-05:00,5051.0,5051.2998046875,5049.60009765625,5049.7998046875,23,0.0,0.0
2026-02-10 02:07:00-05:00,5049.7001953125,5050.10009765625,5049.10009765625,5049.39990234375,11,0.0,0.0
2026-02-10 02:08:00-05:00,5049.39990234375,5050.10009765625,5048.7001953125,5049.39990234375,19,0.0,0.0
2026-02-10 02:09:00-05:00,5050.39990234375,5051.7998046875,5050.10009765625,5050.10009765625,27,0.0,0.0
2026-02-10 02:10:00-05:00,5050.10009765625,5051.7998046875,5050.10009765625,5051.0,17,0.0,0.0
2026-02-10 02:11:00-05:00,5051.0,5052.39990234375,5051.0,5052.0,20,0.0,0.0
2026-02-10 02:12:00-05:00,5052.89990234375,5055.5,5052.2001953125,5055.2998046875,29,0.0,0.0
2026-02-10 02:13:00-05:00,5055.7001953125,5055.7001953125,5053.0,5053.0,27,0.0,0.0
2026-02-10 02:14:00-05:00,5052.10009765625,5052.10009765625,5050.0,5050.0,12,0.0,0.0
2026-02-10 02:15:00-05:00,5049.7001953125,5052.0,5048.7001953125,5051.7998046875,20,0.0,0.0
2026-02-10 02:16:00-05:00,5052.60009765625,5052.89990234375,5052.10009765625,5052.60009765625,10,0.0,0.0
2026-02-10 02:17:00-05:00,5052.89990234375,5053.5,5051.60009765625,5052.0,25,0.0,0.0
2026-02-10 02:18:00-05:00,5052.5,5052.5,5052.2998046875,5052.2998046875,3,0.0,0.0
2026-02-10 02:19:00-05:00,5052.0,5052.7001953125,5050.7001953125,5051.39990234375,14,0.0,0.0
2026-02-10 02:20:00-05:00,5051.89990234375,5052.39990234375,5051.2998046875,5051.2998046875,14,0.0,0.0
2026-02-10 02:21:00-05:00,5052.0,5052.0,5048.39990234375,5049.60009765625,16,0.0,0.0
2026-02-10 02:22:00-05:00,5049.7001953125,5049.89990234375,5042.60009765625,5044.2001953125,128,0.0,0.0
2026-02-10 02:23:00-05:00,5044.60009765625,5045.5,5043.2998046875,5043.2998046875,37,0.0,0.0
2026-02-10 02:24:00-05:00,5043.2998046875,5044.2998046875,5042.60009765625,5044.10009765625,54,0.0,0.0
2026-02-10 02:25:00-05:00,5043.5,5044.2001953125,5041.7998046875,5042.39990234375,42,0.0,0.0
2026-02-10 02:26:00-05:00,5042.5,5044.39990234375,5040.7998046875,5044.39990234375,52,0.0,0.0
2026-02-10 02:27:00-05:00,5043.39990234375,5044.2001953125,5042.0,5042.7998046875,29,0.0,0.0
2026-02-10 02:28:00-05:00,5042.60009765625,5047.5,5042.60009765625,5046.7001953125,90,0.0,0.0
2026-02-10 02:29:00-05:00,5047.0,5047.7001953125,5045.7001953125,5046.2998046875,23,0.0,0.0
2026-02-10 02:30:00-05:00,5046.7998046875,5047.2998046875,5046.0,5047.0,20,0.0,0.0
2026-02-10 02:31:00-05:00,5046.89990234375,5048.10009765625,5046.7001953125,5048.10009765625,21,0.0,0.0
2026-02-10 02:32:00-05:00,5048.2001953125,5049.5,5048.10009765625,5049.5,24,0.0,0.0
2026-02-10 02:33:00-05:00,5049.7998046875,5053.10009765625,5049.2998046875,5052.0,52,0.0,0.0
2026-02-10 02:34:00-05:00,5052.10009765625,5052.10009765625,5049.5,5050.2001953125,53,0.0,0.0
2026-02-10 02:35:00-05:00,5049.89990234375,5054.89990234375,5049.39990234375,5053.89990234375,88,0.0,0.0
2026-02-10 02:36:00-05:00,5053.7998046875,5056.2001953125,5053.7998046875,5054.2998046875,33,0.0,0.0
2026-02-10 02:37:00-05:00,5054.7001953125,5054.7001953125,5053.2998046875,5053.2998046875,31,0.0,0.0
2026-02-10 02:38:00-05:00,5052.7998046875,5052.7998046875,5049.10009765625,5049.89990234375,11,0.0,0.0
2026-02-10 02:39:00-05:00,5049.2001953125,5049.39990234375,5047.5,5049.39990234375,37,0.0,0.0
2026-02-10 02:40:00-05:00,5048.7001953125,5048.7001953125,5047.7998046875,5048.10009765625,6,0.0,0.0
2026-02-10 02:41:00-05:00,5047.7998046875,5048.7001953125,5047.7998046875,5047.89990234375,11,0.0,0.0
2026-02-10 02:42:00-05:00,5048.2998046875,5048.89990234375,5047.7998046875,5048.89990234375,11,0.0,0.0
2026-02-10 02:43:00-05:00,5048.5,5053.2001953125,5048.5,5052.7998046875,21,0.0,0.0
2026-02-10 02:44:00-05:00,5053.10009765625,5053.89990234375,5049.7001953125,5050.39990234375,36,0.0,0.0
2026-02-10 02:45:00-05:00,5050.89990234375,5051.2001953125,5049.2998046875,5049.2998046875,26,0.0,0.0
2026-02-10 02:46:00-05:00,5048.89990234375,5049.60009765625,5048.89990234375,5049.2001953125,12,0.0,0.0
2026-02-10 02:47:00-05:00,5049.0,5051.5,5048.5,5049.2998046875,88,0.0,0.0
2026-02-10 02:48:00-05:00,5049.0,5050.0,5047.5,5049.2001953125,42,0.0,0.0
2026-02-10 02:49:00-05:00,5049.7998046875,5052.10009765625,5049.7001953125,5051.89990234375,30,0.0,0.0
2026-02-10 02:50:00-05:00,5051.89990234375,5054.60009765625,5051.89990234375,5052.5,48,0.0,0.0
2026-02-10 02:51:00-05:00,5053.5,5055.2998046875,5053.5,5055.2998046875,33,0.0,0.0
2026-02-10 02:52:00-05:00,5054.89990234375,5056.7998046875,5054.10009765625,5054.2001953125,42,0.0,0.0
2026-02-10 02:53:00-05:00,5054.7001953125,5057.10009765625,5053.5,5056.2998046875,45,0.0,0.0
2026-02-10 02:54:00-05:00,5056.2998046875,5056.5,5052.60009765625,5052.89990234375,24,0.0,0.0
2026-02-10 02:55:00-05:00,5052.39990234375,5053.2998046875,5051.7001953125,5051.7998046875,13,0.0,0.0
2026-02-10 02:56:00-05:00,5051.7001953125,5052.2998046875,5051.7001953125,5052.2998046875,5,0.0,0.0
2026-02-10 02:57:00-05:00,5053.89990234375,5054.60009765625,5053.5,5053.7998046875,24,0.0,0.0
2026-02-10 02:58:00-05:00,5053.39990234375,5054.60009765625,5052.7001953125,5054.60009765625,27,0.0,0.0
2026-02-10 02:59:00-05:00,5054.2001953125,5055.60009765625,5054.10009765625,5055.2998046875,18,0.0,0.0
2026-02-10 03:00:00-05:00,5054.5,5054.7998046875,5049.60009765625,5051.10009765625,99,0.0,0.0
2026-02-10 03:01:00-05:00,5051.0,5053.2001953125,5051.0,5053.2001953125,21,0.0,0.0
2026-02-10 03:02:00-05:00,5051.7998046875,5056.2998046875,5051.10009765625,5055.7001953125,35,0.0,0.0
2026-02-10 03:03:00-05:00,5056.10009765625,5059.5,5056.10009765625,5056.7001953125,57,0.0,0.0
2026-02-10 03:04:00-05:00,5057.0,5060.10009765625,5056.5,5060.10009765625,49,0.0,0.0
2026-02-10 03:05:00-05:00,5060.2998046875,5062.10009765625,5058.60009765625,5058.7998046875,91,0.0,0.0
2026-02-10 03:06:00-05:00,5058.0,5063.0,5058.0,5060.5,63,0.0,0.0
2026-02-10 03:07:00-05:00,5060.7998046875,5060.7998046875,5055.2001953125,5055.7001953125,26,0.0,0.0
2026-02-10 03:08:00-05:00,5055.7001953125,5058.2001953125,5055.7001953125,5058.2001953125,17,0.0,0.0
2026-02-10 03:09:00-05:00,5057.89990234375,5057.89990234375,5056.7998046875,5057.39990234375,8,0.0,0.0
2026-02-10 03:10:00-05:00,5058.2998046875,5059.7001953125,5056.7998046875,5057.2001953125,40,0.0,0.0
2026-02-10 03:11:00-05:00,5057.5,5057.5,5055.0,5055.0,33,0.0,0.0
2026-02-10 03:12:00-05:00,5054.39990234375,5059.2001953125,5054.0,5057.7998046875,97,0.0,0.0
2026-02-10 03:13:00-05:00,5057.89990234375,5060.5,5052.89990234375,5055.7998046875,60,0.0,0.0
2026-02-10 03:14:00-05:00,5056.60009765625,5057.2001953125,5053.7998046875,5054.39990234375,50,0.0,0.0
2026-02-10 03:15:00-05:00,5054.7998046875,5057.0,5054.2001953125,5056.39990234375,23,0.0,0.0
2026-02-10 03:16:00-05:00,5056.60009765625,5058.89990234375,5055.60009765625,5057.39990234375,16,0.0,0.0
2026-02-10 03:17:00-05:00,5056.2998046875,5060.0,5056.2998046875,5059.2001953125,25,0.0,0.0
2026-02-10 03:18:00-05:00,5059.7001953125,5061.0,5059.0,5061.0,13,0.0,0.0
2026-02-10 03:19:00-05:00,5061.0,5062.39990234375,5060.7998046875,5061.5,33,0.0,0.0
2026-02-10 03:20:00-05:00,5061.7998046875,5063.0,5060.7001953125,5063.0,59,0.0,0.0
2026-02-10 03:21:00-05:00,5063.0,5063.0,5058.7001953125,5060.5,43,0.0,0.0
2026-02-10 03:22:00-05:00,5060.5,5061.39990234375,5058.0,5058.0,15,0.0,0.0
2026-02-10 03:23:00-05:00,5058.5,5059.2001953125,5058.5,5059.2001953125,12,0.0,0.0
2026-02-10 03:24:00-05:00,5058.7001953125,5059.89990234375,5057.39990234375,5059.89990234375,24,0.0,0.0
2026-02-10 03:25:00-05:00,5060.0,5060.0,5057.10009765625,5057.7001953125,21,0.0,0.0
2026-02-10 03:26:00-05:00,5058.39990234375,5059.7001953125,5057.7998046875,5058.2998046875,18,0.0,0.0
2026-02-10 03:27:00-05:00,5058.2001953125,5060.10009765625,5057.39990234375,5060.0,31,0.0,0.0
2026-02-10 03:28:00-05:00,5060.0,5062.0,5058.60009765625,5059.89990234375,19,0.0,0.0
2026-02-10 03:29:00-05:00,5058.7001953125,5058.7001953125,5056.60009765625,5057.2998046875,10,0.0,0.0
2026-02-10 03:30:00-05:00,5057.5,5057.5,5056.0,5056.89990234375,21,0.0,0.0
2026-02-10 03:31:00-05:00,5057.5,5061.7998046875,5056.5,5061.39990234375,30,0.0,0.0
2026-02-10 03:32:00-05:00,5060.5,5060.5,5058.89990234375,5059.60009765625,16,0.0,0.0
2026-02-10 03:33:00-05:00,5059.60009765625,5059.60009765625,5058.0,5058.0,15,0.0,0.0
2026-02-10 03:34:00-05:00,5057.2001953125,5060.2001953125,5056.0,5060.0,29,0.0,0.0
2026-02-10 03:35:00-05:00,5060.10009765625,5061.0,5059.7001953125,5060.2001953125,17,0.0,0.0
2026-02-10 03:36:00-05:00,5060.0,5060.10009765625,5059.89990234375,5060.10009765625,7,0.0,0.0
2026-02-10 03:37:00-05:00,5060.7998046875,5064.10009765625,5060.60009765625,5062.7001953125,33,0.0,0.0
2026-02-10 03:38:00-05:00,5062.89990234375,5067.2001953125,5062.10009765625,5065.2001953125,66,0.0,0.0
2026-02-10 03:39:00-05:00,5064.5,5065.7998046875,5063.2998046875,5065.60009765625,54,0.0,0.0
2026-02-10 03:40:00-05:00,5066.2001953125,5066.5,5064.7998046875,5066.2001953125,30,0.0,0.0
2026-02-10 03:41:00-05:00,5065.60009765625,5069.2001953125,5065.5,5068.5,53,0.0,0.0
2026-02-10 03:42:00-05:00,5069.0,5070.2998046875,5068.5,5068.5,122,0.0,0.0
2026-02-10 03:43:00-05:00,5068.60009765625,5071.0,5068.2001953125,5069.2998046875,66,0.0,0.0
2026-02-10 03:44:00-05:00,5068.5,5071.0,5067.7998046875,5070.89990234375,91,0.0,0.0
2026-02-10 03:45:00-05:00,5070.2998046875,5075.10009765625,5068.7998046875,5075.10009765625,119,0.0,0.0
2026-02-10 03:46:00-05:00,5075.2001953125,5077.10009765625,5073.39990234375,5075.0,144,0.0,0.0
2026-02-10 03:47:00-05:00,5075.39990234375,5075.5,5072.7998046875,5073.7998046875,53,0.0,0.0
2026-02-10 03:48:00-05:00,5074.0,5074.7001953125,5073.2001953125,5074.10009765625,18,0.0,0.0
2026-02-10 03:49:00-05:00,5073.2001953125,5075.0,5072.2001953125,5072.7001953125,82,0.0,0.0
2026-02-10 03:50:00-05:00,5072.89990234375,5072.89990234375,5070.60009765625,5070.60009765625,33,0.0,0.0
2026-02-10 03:51:00-05:00,5070.2998046875,5070.89990234375,5068.5,5068.60009765625,49,0.0,0.0
2026-02-10 03:52:00-05:00,5068.2998046875,5071.0,5067.2998046875,5071.0,57,0.0,0.0
2026-02-10 03:53:00-05:00,5070.60009765625,5071.7998046875,5069.2001953125,5070.7998046875,75,0.0,0.0
2026-02-10 03:54:00-05:00,5070.89990234375,5070.89990234375,5069.5,5069.5,29,0.0,0.0
2026-02-10 03:55:00-05:00,5069.10009765625,5069.10009765625,5066.0,5066.2998046875,70,0.0,0.0
2026-02-10 03:56:00-05:00,5066.2001953125,5067.0,5062.89990234375,5063.2001953125,92,0.0,0.0
2026-02-10 03:57:00-05:00,5063.10009765625,5063.89990234375,5061.10009765625,5063.2998046875,118,0.0,0.0
2026-02-10 03:58:00-05:00,5062.39990234375,5066.0,5062.39990234375,5066.0,228,0.0,0.0
2026-02-10 03:59:00-05:00,5065.10009765625,5065.39990234375,5060.2001953125,5063.7998046875,190,0.0,0.0
2026-02-10 04:00:00-05:00,5063.60009765625,5065.10009765625,5062.60009765625,5064.89990234375,69,0.0,0.0
2026-02-10 04:01:00-05:00,5064.89990234375,5068.39990234375,5064.60009765625,5067.60009765625,45,0.0,0.0
2026-02-10 04:02:00-05:00,5067.7998046875,5070.39990234375,5067.39990234375,5070.10009765625,53,0.0,0.0
2026-02-10 04:03:00-05:00,5070.10009765625,5073.39990234375,5069.60009765625,5071.10009765625,109,0.0,0.0
2026-02-10 04:04:00-05:00,5071.0,5072.7001953125,5069.2001953125,5071.5,47,0.0,0.0
2026-02-10 04:05:00-05:00,5071.7001953125,5072.39990234375,5070.7001953125,5070.7001953125,21,0.0,0.0
2026-02-10 04:06:00-05:00,5071.2998046875,5073.0,5069.7998046875,5072.10009765625,94,0.0,0.0
2026-02-10 04:07:00-05:00,5072.7001953125,5075.39990234375,5072.7001953125,5075.2001953125,52,0.0,0.0
2026-02-10 04:08:00-05:00,5074.39990234375,5077.10009765625,5074.10009765625,5077.10009765625,75,0.0,0.0
2026-02-10 04:09:00-05:00,5077.39990234375,5085.2998046875,5077.39990234375,5079.60009765625,164,0.0,0.0
2026-02-10 04:10:00-05:00,5079.7998046875,5080.2998046875,5076.39990234375,5079.60009765625,93,0.0,0.0
2026-02-10 04:11:00-05:00,5080.5,5080.5,5078.7001953125,5078.89990234375,32,0.0,0.0
2026-02-10 04:12:00-05:00,5079.10009765625,5079.2998046875,5075.7998046875,5076.39990234375,37,0.0,0.0
2026-02-10 04:13:00-05:00,5076.0,5076.0,5073.5,5074.2001953125,37,0.0,0.0
2026-02-10 04:14:00-05:00,5074.0,5074.7001953125,5073.0,5073.60009765625,31,0.0,0.0
2026-02-10 04:15:00-05:00,5074.10009765625,5075.39990234375,5073.60009765625,5074.2998046875,58,0.0,0.0
2026-02-10 04:16:00-05:00,5073.7998046875,5074.2001953125,5071.39990234375,5071.39990234375,69,0.0,0.0
2026-02-10 04:17:00-05:00,5071.7998046875,5071.89990234375,5068.7998046875,5069.7001953125,62,0.0,0.0
2026-02-10 04:18:00-05:00,5069.2998046875,5071.2998046875,5067.39990234375,5070.60009765625,64,0.0,0.0
2026-02-10 04:19:00-05:00,5071.39990234375,5071.39990234375,5070.0,5070.89990234375,31,0.0,0.0
2026-02-10 04:20:00-05:00,5070.10009765625,5070.2998046875,5068.60009765625,5070.10009765625,61,0.0,0.0
2026-02-10 04:21:00-05:00,5070.39990234375,5075.2998046875,5070.2998046875,5075.2998046875,84,0.0,0.0
2026-02-10 04:22:00-05:00,5075.10009765625,5076.60009765625,5074.7998046875,5075.7001953125,39,0.0,0.0
2026-02-10 04:23:00-05:00,5076.2001953125,5077.39990234375,5073.89990234375,5077.0,34,0.0,0.0
2026-02-10 04:24:00-05:00,5077.39990234375,5077.7001953125,5075.5,5075.7998046875,34,0.0,0.0
2026-02-10 04:25:00-05:00,5075.60009765625,5076.2001953125,5074.2001953125,5074.2001953125,36,0.0,0.0
2026-02-10 04:26:00-05:00,5074.5,5075.5,5074.5,5074.7998046875,21,0.0,0.0
2026-02-10 04:27:00-05:00,5075.10009765625,5076.2998046875,5075.0,5075.7001953125,62,0.0,0.0
2026-02-10 04:28:00-05:00,5076.2001953125,5077.0,5074.5,5075.7998046875,25,0.0,0.0
2026-02-10 04:29:00-05:00,5077.10009765625,5077.7998046875,5074.2001953125,5074.5,84,0.0,0.0
2026-02-10 04:30:00-05:00,5074.5,5075.5,5074.39990234375,5074.7998046875,65,0.0,0.0
2026-02-10 04:31:00-05:00,5074.2998046875,5074.2998046875,5070.2998046875,5070.2998046875,55,0.0,0.0
2026-02-10 04:32:00-05:00,5070.2001953125,5070.39990234375,5067.60009765625,5068.7998046875,79,0.0,0.0
2026-02-10 04:33:00-05:00,5068.2001953125,5071.0,5067.7998046875,5071.0,41,0.0,0.0
2026-02-10 04:34:00-05:00,5071.0,5071.39990234375,5069.0,5069.0,44,0.0,0.0
2026-02-10 04:35:00-05:00,5067.7998046875,5071.7998046875,5067.5,5070.7001953125,40,0.0,0.0
2026-02-10 04:36:00-05:00,5070.7998046875,5071.2001953125,5068.89990234375,5069.0,28,0.0,0.0
2026-02-10 04:37:00-05:00,5068.60009765625,5069.5,5068.10009765625,5069.5,12,0.0,0.0
2026-02-10 04:38:00-05:00,5069.89990234375,5071.7001953125,5067.5,5069.60009765625,81,0.0,0.0
2026-02-10 04:39:00-05:00,5069.60009765625,5069.89990234375,5068.7998046875,5069.5,20,0.0,0.0
2026-02-10 04:40:00-05:00,5068.89990234375,5071.60009765625,5067.7001953125,5071.10009765625,43,0.0,0.0
2026-02-10 04:41:00-05:00,5070.89990234375,5071.5,5067.89990234375,5071.5,33,0.0,0.0
2026-02-10 04:42:00-05:00,5070.5,5071.7001953125,5069.89990234375,5071.2998046875,9,0.0,0.0
2026-02-10 04:43:00-05:00,5071.0,5071.2001953125,5068.2001953125,5070.10009765625,91,0.0,0.0
2026-02-10 04:44:00-05:00,5069.89990234375,5071.2001953125,5069.7998046875,5071.2001953125,35,0.0,0.0
2026-02-10 04:45:00-05:00,5071.2001953125,5072.0,5066.60009765625,5066.7001953125,106,0.0,0.0
2026-02-10 04:46:00-05:00,5066.7001953125,5068.89990234375,5066.10009765625,5068.5,33,0.0,0.0
2026-02-10 04:47:00-05:00,5069.2001953125,5069.2001953125,5066.39990234375,5067.2998046875,73,0.0,0.0
2026-02-10 04:48:00-05:00,5067.0,5068.7001953125,5066.60009765625,5067.89990234375,33,0.0,0.0
2026-02-10 04:49:00-05:00,5068.0,5069.39990234375,5068.0,5068.39990234375,45,0.0,0.0
2026-02-10 04:50:00-05:00,5068.39990234375,5069.60009765625,5066.7001953125,5068.60009765625,129,0.0,0.0
2026-02-10 04:51:00-05:00,5068.5,5071.0,5067.0,5070.7998046875,164,0.0,0.0
2026-02-10 04:52:00-05:00,5070.7001953125,5070.7998046875,5069.2001953125,5070.7998046875,68,0.0,0.0
2026-02-10 04:53:00-05:00,5070.5,5070.7001953125,5068.0,5069.0,64,0.0,0.0
2026-02-10 04:54:00-05:00,5068.7001953125,5068.7001953125,5066.2998046875,5067.0,47,0.0,0.0
2026-02-10 04:55:00-05:00,5067.7001953125,5068.2001953125,5063.39990234375,5064.5,97,0.0,0.0
2026-02-10 04:56:00-05:00,5064.0,5066.7001953125,5064.0,5066.5,113,0.0,0.0
2026-02-10 04:57:00-05:00,5066.0,5067.60009765625,5064.89990234375,5067.39990234375,55,0.0,0.0
2026-02-10 04:58:00-05:00,5067.2998046875,5067.89990234375,5067.2001953125,5067.2001953125,22,0.0,0.0
2026-02-10 04:59:00-05:00,5066.7998046875,5069.2001953125,5066.5,5068.5,66,0.0,0.0
2026-02-10 05:00:00-05:00,5068.60009765625,5072.7001953125,5067.89990234375,5072.2998046875,116,0.0,0.0
2026-02-10 05:01:00-05:00,5072.2001953125,5074.7998046875,5070.89990234375,5070.89990234375,156,0.0,0.0
2026-02-10 05:02:00-05:00,5071.2001953125,5073.2998046875,5070.39990234375,5072.39990234375,49,0.0,0.0
2026-02-10 05:03:00-05:00,5072.7998046875,5075.0,5071.10009765625,5071.10009765625,134,0.0,0.0
2026-02-10 05:04:00-05:00,5071.0,5071.7998046875,5069.89990234375,5071.7998046875,46,0.0,0.0
2026-02-10 05:05:00-05:00,5071.7001953125,5072.2998046875,5070.89990234375,5072.2998046875,44,0.0,0.0
2026-02-10 05:06:00-05:00,5071.7998046875,5071.7998046875,5070.0,5071.2998046875,65,0.0,0.0
2026-02-10 05:07:00-05:00,5071.2998046875,5071.60009765625,5070.2001953125,5070.89990234375,55,0.0,0.0
2026-02-10 05:08:00-05:00,5070.89990234375,5071.7001953125,5070.7001953125,5070.89990234375,35,0.0,0.0
2026-02-10 05:09:00-05:00,5071.2001953125,5073.39990234375,5070.10009765625,5071.10009765625,105,0.0,0.0
2026-02-10 05:10:00-05:00,5071.7001953125,5071.7001953125,5065.7001953125,5066.7998046875,110,0.0,0.0
2026-02-10 05:11:00-05:00,5066.2998046875,5068.7001953125,5065.2001953125,5066.2001953125,57,0.0,0.0
2026-02-10 05:12:00-05:00,5065.7001953125,5066.0,5065.0,5065.0,51,0.0,0.0
2026-02-10 05:13:00-05:00,5065.10009765625,5065.10009765625,5063.39990234375,5064.39990234375,55,0.0,0.0
2026-02-10 05:14:00-05:00,5064.60009765625,5065.2001953125,5063.7001953125,5063.89990234375,60,0.0,0.0
2026-02-10 05:15:00-05:00,5063.2998046875,5063.2998046875,5059.89990234375,5062.7998046875,129,0.0,0.0
2026-02-10 05:16:00-05:00,5062.5,5062.7001953125,5060.2001953125,5062.39990234375,61,0.0,0.0
2026-02-10 05:17:00-05:00,5062.39990234375,5064.7001953125,5061.89990234375,5064.10009765625,134,0.0,0.0
2026-02-10 05:18:00-05:00,5063.89990234375,5064.39990234375,5062.0,5063.10009765625,72,0.0,0.0
2026-02-10 05:19:00-05:00,5063.2998046875,5064.39990234375,5063.0,5063.7001953125,45,0.0,0.0
2026-02-10 05:20:00-05:00,5063.39990234375,5064.2001953125,5061.5,5062.2001953125,74,0.0,0.0
2026-02-10 05:21:00-05:00,5061.7001953125,5067.2001953125,5061.7001953125,5066.0,184,0.0,0.0
2026-02-10 05:22:00-05:00,5065.2001953125,5067.39990234375,5064.7998046875,5067.10009765625,27,0.0,0.0
2026-02-10 05:23:00-05:00,5067.2001953125,5070.2998046875,5067.2001953125,5069.39990234375,67,0.0,0.0
2026-02-10 05:24:00-05:00,5069.7998046875,5071.60009765625,5069.2998046875,5071.60009765625,62,0.0,0.0
2026-02-10 05:25:00-05:00,5071.0,5073.2998046875,5070.89990234375,5072.7001953125,54,0.0,0.0
2026-02-10 05:26:00-05:00,5072.10009765625,5073.10009765625,5070.5,5070.5,128,0.0,0.0
2026-02-10 05:27:00-05:00,5071.10009765625,5072.0,5069.39990234375,5069.60009765625,81,0.0,0.0
2026-02-10 05:28:00-05:00,5069.60009765625,5071.5,5069.10009765625,5070.2998046875,75,0.0,0.0
2026-02-10 05:29:00-05:00,5070.2998046875,5072.39990234375,5069.2998046875,5069.7998046875,77,0.0,0.0
2026-02-10 05:30:00-05:00,5069.7998046875,5072.0,5068.10009765625,5070.10009765625,263,0.0,0.0
2026-02-10 05:31:00-05:00,5070.2998046875,5073.7001953125,5069.7001953125,5072.2001953125,400,0.0,0.0
2026-02-10 05:32:00-05:00,5071.7998046875,5076.7998046875,5071.7998046875,5075.89990234375,70,0.0,0.0
2026-02-10 05:33:00-05:00,5076.7001953125,5078.0,5073.89990234375,5075.7998046875,153,0.0,0.0
2026-02-10 05:34:00-05:00,5076.0,5076.60009765625,5073.5,5075.10009765625,96,0.0,0.0
2026-02-10 05:35:00-05:00,5075.2998046875,5075.60009765625,5073.5,5074.2998046875,60,0.0,0.0
2026-02-10 05:36:00-05:00,5073.7001953125,5075.60009765625,5073.7001953125,5075.2001953125,50,0.0,0.0
2026-02-10 05:37:00-05:00,5074.5,5076.39990234375,5073.2998046875,5075.7998046875,66,0.0,0.0
2026-02-10 05:38:00-05:00,5076.2001953125,5077.0,5074.7001953125,5076.39990234375,83,0.0,0.0
2026-02-10 05:39:00-05:00,5076.7998046875,5079.7998046875,5076.7998046875,5077.39990234375,72,0.0,0.0
2026-02-10 05:40:00-05:00,5078.2001953125,5081.0,5077.60009765625,5080.89990234375,103,0.0,0.0
2026-02-10 05:41:00-05:00,5080.7998046875,5081.2998046875,5079.0,5080.60009765625,38,0.0,0.0
2026-02-10 05:42:00-05:00,5080.60009765625,5080.60009765625,5079.2001953125,5080.2001953125,44,0.0,0.0
2026-02-10 05:43:00-05:00,5080.60009765625,5080.60009765625,5079.0,5079.0,45,0.0,0.0
2026-02-10 05:44:00-05:00,5078.7998046875,5079.2998046875,5076.5,5077.2001953125,78,0.0,0.0
2026-02-10 05:45:00-05:00,5077.7998046875,5079.7001953125,5077.0,5078.10009765625,84,0.0,0.0
2026-02-10 05:46:00-05:00,5078.89990234375,5078.89990234375,5076.7998046875,5077.39990234375,55,0.0,0.0
2026-02-10 05:47:00-05:00,5076.7998046875,5077.39990234375,5076.39990234375,5076.60009765625,28,0.0,0.0
2026-02-10 05:48:00-05:00,5076.7001953125,5078.10009765625,5076.2001953125,5076.2001953125,68,0.0,0.0
2026-02-10 05:49:00-05:00,5076.39990234375,5077.60009765625,5076.2001953125,5077.60009765625,23,0.0,0.0
2026-02-10 05:50:00-05:00,5077.39990234375,5080.0,5077.39990234375,5079.5,53,0.0,0.0
2026-02-10 05:51:00-05:00,5079.5,5080.2001953125,5077.2001953125,5077.5,102,0.0,0.0
2026-02-10 05:52:00-05:00,5078.2998046875,5078.5,5076.60009765625,5077.7001953125,34,0.0,0.0
2026-02-10 05:53:00-05:00,5078.2001953125,5079.10009765625,5076.10009765625,5076.10009765625,41,0.0,0.0
2026-02-10 05:54:00-05:00,5076.0,5076.2998046875,5072.60009765625,5072.89990234375,70,0.0,0.0
2026-02-10 05:55:00-05:00,5072.10009765625,5073.2001953125,5071.60009765625,5072.0,28,0.0,0.0
2026-02-10 05:56:00-05:00,5072.0,5072.89990234375,5070.7998046875,5070.7998046875,41,0.0,0.0
2026-02-10 05:57:00-05:00,5070.7998046875,5070.7998046875,5066.89990234375,5067.7001953125,52,0.0,0.0
2026-02-10 05:58:00-05:00,5067.60009765625,5069.39990234375,5066.7998046875,5068.7001953125,44,0.0,0.0
2026-02-10 05:59:00-05:00,5069.0,5071.39990234375,5068.5,5070.2001953125,94,0.0,0.0
2026-02-10 06:00:00-05:00,5069.5,5070.60009765625,5068.2998046875,5069.5,49,0.0,0.0
2026-02-10 06:01:00-05:00,5069.60009765625,5071.2001953125,5068.5,5070.7998046875,38,0.0,0.0
2026-02-10 06:02:00-05:00,5070.10009765625,5070.89990234375,5070.10009765625,5070.7001953125,18,0.0,0.0
2026-02-10 06:03:00-05:00,5070.0,5070.60009765625,5067.7001953125,5068.0,42,0.0,0.0
2026-02-10 06:04:00-05:00,5068.10009765625,5069.39990234375,5067.39990234375,5069.39990234375,49,0.0,0.0
2026-02-10 06:05:00-05:00,5069.10009765625,5072.60009765625,5069.0,5072.60009765625,46,0.0,0.0
2026-02-10 06:06:00-05:00,5072.0,5072.7998046875,5071.89990234375,5072.39990234375,41,0.0,0.0
2026-02-10 06:07:00-05:00,5072.89990234375,5073.39990234375,5072.60009765625,5073.2001953125,20,0.0,0.0
2026-02-10 06:08:00-05:00,5073.2001953125,5074.89990234375,5073.2001953125,5074.7001953125,32,0.0,0.0
2026-02-10 06:09:00-05:00,5074.5,5076.0,5074.5,5076.0,48,0.0,0.0
2026-02-10 06:10:00-05:00,5076.2001953125,5076.2001953125,5074.5,5074.5,17,0.0,0.0
2026-02-10 06:11:00-05:00,5074.2001953125,5074.2001953125,5072.89990234375,5073.60009765625,7,0.0,0.0
2026-02-10 06:12:00-05:00,5075.0,5075.0,5074.5,5074.5,10,0.0,0.0
2026-02-10 06:13:00-05:00,5074.7001953125,5075.10009765625,5073.10009765625,5073.39990234375,40,0.0,0.0
2026-02-10 06:14:00-05:00,5073.0,5073.7001953125,5072.2998046875,5073.7001953125,17,0.0,0.0
2026-02-10 06:15:00-05:00,5073.7998046875,5074.7001953125,5072.5,5074.7001953125,33,0.0,0.0
2026-02-10 06:16:00-05:00,5074.7998046875,5074.7998046875,5073.10009765625,5073.7998046875,13,0.0,0.0
2026-02-10 06:17:00-05:00,5074.0,5074.2998046875,5072.7998046875,5073.39990234375,19,0.0,0.0
2026-02-10 06:18:00-05:00,5072.2998046875,5072.2998046875,5069.10009765625,5069.2001953125,28,0.0,0.0
2026-02-10 06:19:00-05:00,5070.10009765625,5071.0,5069.10009765625,5071.0,26,0.0,0.0
2026-02-10 06:20:00-05:00,5070.5,5070.5,5068.60009765625,5069.2998046875,19,0.0,0.0
2026-02-10 06:21:00-05:00,5068.7001953125,5070.0,5068.5,5069.7001953125,28,0.0,0.0
2026-02-10 06:22:00-05:00,5068.89990234375,5071.0,5068.89990234375,5071.0,15,0.0,0.0
2026-02-10 06:23:00-05:00,5071.2001953125,5071.2001953125,5070.10009765625,5070.2998046875,11,0.0,0.0
2026-02-10 06:24:00-05:00,5070.2001953125,5070.2001953125,5068.39990234375,5069.7001953125,11,0.0,0.0
2026-02-10 06:25:00-05:00,5069.39990234375,5070.10009765625,5069.10009765625,5069.5,16,0.0,0.0
2026-02-10 06:26:00-05:00,5069.39990234375,5070.5,5069.0,5069.60009765625,39,0.0,0.0
2026-02-10 06:27:00-05:00,5069.5,5070.39990234375,5069.39990234375,5070.39990234375,27,0.0,0.0
2026-02-10 06:28:00-05:00,5070.0,5071.2001953125,5070.0,5071.2001953125,17,0.0,0.0
2026-02-10 06:29:00-05:00,5071.39990234375,5071.7001953125,5071.2998046875,5071.7001953125,6,0.0,0.0
2026-02-10 06:30:00-05:00,5070.39990234375,5072.5,5070.39990234375,5072.5,28,0.0,0.0
2026-02-10 06:31:00-05:00,5072.0,5072.0,5071.2998046875,5071.89990234375,9,0.0,0.0
2026-02-10 06:32:00-05:00,5071.89990234375,5072.2998046875,5070.39990234375,5071.60009765625,18,0.0,0.0
2026-02-10 06:33:00-05:00,5071.0,5071.7001953125,5070.7998046875,5070.7998046875,13,0.0,0.0
2026-02-10 06:34:00-05:00,5071.10009765625,5073.5,5071.10009765625,5073.5,36,0.0,0.0
2026-02-10 06:35:00-05:00,5073.89990234375,5073.89990234375,5073.2001953125,5073.2998046875,23,0.0,0.0
2026-02-10 06:36:00-05:00,5073.2998046875,5074.60009765625,5072.7998046875,5074.10009765625,66,0.0,0.0
2026-02-10 06:37:00-05:00,5074.2998046875,5074.39990234375,5072.60009765625,5072.89990234375,31,0.0,0.0
2026-02-10 06:38:00-05:00,5072.5,5073.5,5069.7001953125,5073.5,62,0.0,0.0
2026-02-10 06:39:00-05:00,5073.2001953125,5077.0,5072.39990234375,5073.7001953125,70,0.0,0.0
2026-02-10 06:40:00-05:00,5074.0,5076.5,5072.5,5073.2998046875,143,0.0,0.0
2026-02-10 06:41:00-05:00,5074.0,5074.2001953125,5072.39990234375,5072.39990234375,23,0.0,0.0
2026-02-10 06:42:00-05:00,5072.60009765625,5072.60009765625,5072.60009765625,5072.60009765625,4,0.0,0.0
2026-02-10 06:43:00-05:00,5073.0,5073.0,5069.0,5070.5,144,0.0,0.0
2026-02-10 06:44:00-05:00,5070.89990234375,5072.89990234375,5069.7001953125,5070.7001953125,136,0.0,0.0
2026-02-10 06:45:00-05:00,5070.39990234375,5071.2001953125,5069.2998046875,5070.2001953125,39,0.0,0.0
2026-02-10 06:46:00-05:00,5069.5,5070.5,5069.2001953125,5069.89990234375,56,0.0,0.0
2026-02-10 06:47:00-05:00,5069.2998046875,5069.7001953125,5068.2001953125,5069.7001953125,23,0.0,0.0
2026-02-10 06:48:00-05:00,5069.60009765625,5071.7001953125,5069.2998046875,5071.2001953125,63,0.0,0.0
2026-02-10 06:49:00-05:00,5071.89990234375,5075.10009765625,5071.89990234375,5074.7998046875,79,0.0,0.0
2026-02-10 06:50:00-05:00,5074.7998046875,5078.0,5074.7998046875,5076.7998046875,114,0.0,0.0
2026-02-10 06:51:00-05:00,5076.7001953125,5077.60009765625,5076.2001953125,5077.0,43,0.0,0.0
2026-02-10 06:52:00-05:00,5076.5,5078.60009765625,5075.39990234375,5078.0,93,0.0,0.0
2026-02-10 06:53:00-05:00,5077.7998046875,5080.2998046875,5077.39990234375,5079.2001953125,78,0.0,0.0
2026-02-10 06:54:00-05:00,5079.7001953125,5080.0,5078.0,5078.60009765625,35,0.0,0.0
2026-02-10 06:55:00-05:00,5078.5,5079.5,5075.2001953125,5075.2001953125,56,0.0,0.0
2026-02-10 06:56:00-05:00,5075.7998046875,5077.60009765625,5075.7998046875,5077.0,15,0.0,0.0
2026-02-10 06:57:00-05:00,5077.2998046875,5081.0,5077.2998046875,5080.10009765625,71,0.0,0.0
2026-02-10 06:58:00-05:00,5079.89990234375,5080.10009765625,5077.7998046875,5077.7998046875,50,0.0,0.0
2026-02-10 06:59:00-05:00,5077.5,5079.0,5077.5,5079.0,7,0.0,0.0
2026-02-10 07:00:00-05:00,5079.7001953125,5079.7001953125,5075.7001953125,5077.0,91,0.0,0.0
2026-02-10 07:01:00-05:00,5077.2001953125,5077.60009765625,5075.60009765625,5076.2998046875,34,0.0,0.0
2026-02-10 07:02:00-05:00,5077.0,5079.2001953125,5077.0,5079.2001953125,16,0.0,0.0
2026-02-10 07:03:00-05:00,5079.2001953125,5080.7001953125,5077.89990234375,5078.7998046875,104,0.0,0.0
2026-02-10 07:04:00-05:00,5078.2998046875,5078.2998046875,5074.7998046875,5075.5,69,0.0,0.0
2026-02-10 07:05:00-05:00,5075.7001953125,5075.7998046875,5072.7001953125,5072.7001953125,53,0.0,0.0
2026-02-10 07:06:00-05:00,5073.2998046875,5073.2998046875,5070.39990234375,5070.5,94,0.0,0.0
2026-02-10 07:07:00-05:00,5070.60009765625,5070.7998046875,5064.39990234375,5067.7998046875,178,0.0,0.0
2026-02-10 07:08:00-05:00,5068.2001953125,5069.10009765625,5067.7001953125,5069.0,53,0.0,0.0
2026-02-10 07:09:00-05:00,5068.2001953125,5069.60009765625,5067.7998046875,5069.0,46,0.0,0.0
2026-02-10 07:10:00-05:00,5068.89990234375,5069.7998046875,5068.0,5068.0,68,0.0,0.0
2026-02-10 07:11:00-05:00,5067.39990234375,5067.89990234375,5065.10009765625,5065.10009765625,75,0.0,0.0
2026-02-10 07:12:00-05:00,5065.0,5066.39990234375,5064.39990234375,5066.0,91,0.0,0.0
2026-02-10 07:13:00-05:00,5065.7001953125,5067.0,5065.5,5066.39990234375,48,0.0,0.0
2026-02-10 07:14:00-05:00,5066.7998046875,5068.7001953125,5066.7001953125,5067.2001953125,57,0.0,0.0
2026-02-10 07:15:00-05:00,5066.7998046875,5069.7001953125,5066.0,5069.2998046875,81,0.0,0.0
2026-02-10 07:16:00-05:00,5069.2001953125,5069.7001953125,5068.2001953125,5069.2998046875,43,0.0,0.0
2026-02-10 07:17:00-05:00,5069.89990234375,5072.89990234375,5069.89990234375,5072.89990234375,76,0.0,0.0
2026-02-10 07:18:00-05:00,5072.89990234375,5073.7001953125,5071.2998046875,5073.7001953125,67,0.0,0.0
2026-02-10 07:19:00-05:00,5073.7998046875,5075.0,5071.60009765625,5072.0,54,0.0,0.0
2026-02-10 07:20:00-05:00,5071.2998046875,5071.2998046875,5065.7001953125,5066.39990234375,121,0.0,0.0
2026-02-10 07:21:00-05:00,5066.39990234375,5067.89990234375,5066.2998046875,5067.2001953125,28,0.0,0.0
2026-02-10 07:22:00-05:00,5066.89990234375,5069.60009765625,5065.39990234375,5069.10009765625,91,0.0,0.0
2026-02-10 07:23:00-05:00,5069.89990234375,5072.60009765625,5068.0,5071.89990234375,89,0.0,0.0
2026-02-10 07:24:00-05:00,5072.60009765625,5072.7001953125,5068.7998046875,5069.10009765625,73,0.0,0.0
2026-02-10 07:25:00-05:00,5068.7998046875,5070.60009765625,5068.5,5070.2001953125,21,0.0,0.0
2026-02-10 07:26:00-05:00,5069.7001953125,5070.2001953125,5069.0,5069.7998046875,22,0.0,0.0
2026-02-10 07:27:00-05:00,5069.0,5069.10009765625,5068.60009765625,5068.60009765625,10,0.0,0.0
2026-02-10 07:28:00-05:00,5069.10009765625,5069.7998046875,5066.2001953125,5067.0,43,0.0,0.0
2026-02-10 07:29:00-05:00,5067.0,5069.5,5066.60009765625,5069.0,62,0.0,0.0
2026-02-10 07:30:00-05:00,5070.0,5070.89990234375,5069.7001953125,5069.7001953125,37,0.0,0.0
2026-02-10 07:31:00-05:00,5070.60009765625,5070.7001953125,5069.2001953125,5069.89990234375,48,0.0,0.0
2026-02-10 07:32:00-05:00,5070.10009765625,5070.60009765625,5066.5,5066.5,66,0.0,0.0
2026-02-10 07:33:00-05:00,5066.60009765625,5067.2998046875,5064.5,5065.89990234375,67,0.0,0.0
2026-02-10 07:34:00-05:00,5066.5,5068.7998046875,5066.5,5067.60009765625,67,0.0,0.0
2026-02-10 07:35:00-05:00,5067.39990234375,5069.2998046875,5067.2001953125,5069.2998046875,33,0.0,0.0
2026-02-10 07:36:00-05:00,5068.89990234375,5069.10009765625,5068.2001953125,5069.10009765625,11,0.0,0.0
2026-02-10 07:37:00-05:00,5068.89990234375,5070.0,5068.89990234375,5069.2998046875,98,0.0,0.0
2026-02-10 07:38:00-05:00,5070.0,5070.0,5068.2998046875,5069.2998046875,86,0.0,0.0
2026-02-10 07:39:00-05:00,5068.89990234375,5068.89990234375,5068.5,5068.5,2,0.0,0.0
2026-02-10 07:40:00-05:00,5067.7998046875,5067.7998046875,5065.60009765625,5067.39990234375,81,0.0,0.0
2026-02-10 07:41:00-05:00,5066.7001953125,5066.89990234375,5065.0,5065.7998046875,27,0.0,0.0
2026-02-10 07:42:00-05:00,5066.0,5066.0,5062.2998046875,5062.5,129,0.0,0.0
2026-02-10 07:43:00-05:00,5062.7001953125,5063.2998046875,5057.5,5058.7998046875,298,0.0,0.0
2026-02-10 07:44:00-05:00,5059.0,5059.5,5044.7001953125,5051.7998046875,353,0.0,0.0
2026-02-10 07:45:00-05:00,5051.7998046875,5051.7998046875,5046.60009765625,5047.89990234375,246,0.0,0.0
2026-02-10 07:46:00-05:00,5047.39990234375,5051.2001953125,5044.7998046875,5045.2001953125,206,0.0,0.0
2026-02-10 07:47:00-05:00,5045.7998046875,5048.60009765625,5043.10009765625,5048.60009765625,121,0.0,0.0
2026-02-10 07:48:00-05:00,5048.89990234375,5049.5,5045.7998046875,5047.0,104,0.0,0.0
2026-02-10 07:49:00-05:00,5047.60009765625,5048.7998046875,5046.5,5048.10009765625,57,0.0,0.0
2026-02-10 07:50:00-05:00,5048.2998046875,5051.5,5047.39990234375,5050.0,74,0.0,0.0
2026-02-10 07:51:00-05:00,5050.0,5053.60009765625,5049.0,5051.7001953125,183,0.0,0.0
2026-02-10 07:52:00-05:00,5051.2001953125,5058.0,5049.2001953125,5050.2998046875,241,0.0,0.0
2026-02-10 07:53:00-05:00,5050.2998046875,5050.7998046875,5042.0,5045.60009765625,307,0.0,0.0
2026-02-10 07:54:00-05:00,5045.89990234375,5051.7001953125,5044.60009765625,5050.7998046875,96,0.0,0.0
2026-02-10 07:55:00-05:00,5051.7001953125,5056.0,5050.0,5055.0,159,0.0,0.0
2026-02-10 07:56:00-05:00,5055.0,5057.0,5055.0,5055.10009765625,113,0.0,0.0
2026-02-10 07:57:00-05:00,5055.2998046875,5056.7001953125,5053.5,5054.0,52,0.0,0.0
2026-02-10 07:58:00-05:00,5054.7998046875,5056.0,5054.0,5056.0,32,0.0,0.0
2026-02-10 07:59:00-05:00,5056.0,5056.2001953125,5054.0,5054.89990234375,40,0.0,0.0
2026-02-10 08:00:00-05:00,5055.0,5055.39990234375,5050.89990234375,5053.0,192,0.0,0.0
2026-02-10 08:01:00-05:00,5053.10009765625,5057.2001953125,5048.60009765625,5052.2001953125,206,0.0,0.0
2026-02-10 08:02:00-05:00,5051.39990234375,5055.39990234375,5050.2001953125,5054.7001953125,96,0.0,0.0
2026-02-10 08:03:00-05:00,5055.5,5055.7001953125,5053.5,5054.7001953125,76,0.0,0.0
2026-02-10 08:04:00-05:00,5053.7998046875,5053.7998046875,5051.7001953125,5052.7998046875,67,0.0,0.0
2026-02-10 08:05:00-05:00,5053.10009765625,5058.0,5052.7001953125,5057.39990234375,107,0.0,0.0
2026-02-10 08:06:00-05:00,5057.0,5058.5,5056.0,5056.7998046875,137,0.0,0.0
2026-02-10 08:07:00-05:00,5056.0,5058.7998046875,5055.89990234375,5058.10009765625,109,0.0,0.0
2026-02-10 08:08:00-05:00,5057.2998046875,5060.0,5055.89990234375,5056.0,156,0.0,0.0
2026-02-10 08:09:00-05:00,5056.39990234375,5058.39990234375,5055.7998046875,5056.2001953125,87,0.0,0.0
2026-02-10 08:10:00-05:00,5056.10009765625,5057.2001953125,5055.2001953125,5055.7998046875,75,0.0,0.0
2026-02-10 08:11:00-05:00,5055.7998046875,5060.7001953125,5055.2001953125,5058.39990234375,163,0.0,0.0
2026-02-10 08:12:00-05:00,5057.7001953125,5063.2998046875,5057.10009765625,5062.7001953125,129,0.0,0.0
2026-02-10 08:13:00-05:00,5062.5,5064.2998046875,5058.89990234375,5063.5,138,0.0,0.0
2026-02-10 08:14:00-05:00,5063.39990234375,5064.89990234375,5063.2998046875,5064.7998046875,69,0.0,0.0
2026-02-10 08:15:00-05:00,5064.2001953125,5065.5,5062.5,5063.7001953125,97,0.0,0.0
2026-02-10 08:16:00-05:00,5063.2998046875,5065.2998046875,5062.2998046875,5064.60009765625,49,0.0,0.0
2026-02-10 08:17:00-05:00,5064.5,5068.2001953125,5064.39990234375,5068.2001953125,164,0.0,0.0
2026-02-10 08:18:00-05:00,5067.5,5069.0,5065.2001953125,5066.60009765625,121,0.0,0.0
2026-02-10 08:19:00-05:00,5067.0,5068.7001953125,5066.2001953125,5067.5,53,0.0,0.0
2026-02-10 08:20:00-05:00,5068.2001953125,5069.0,5066.10009765625,5067.7998046875,100,0.0,0.0
2026-02-10 08:21:00-05:00,5068.10009765625,5068.10009765625,5062.5,5062.5,117,0.0,0.0
2026-02-10 08:22:00-05:00,5063.2001953125,5065.5,5062.10009765625,5065.2001953125,80,0.0,0.0
2026-02-10 08:23:00-05:00,5065.0,5065.5,5063.7001953125,5063.7001953125,47,0.0,0.0
2026-02-10 08:24:00-05:00,5063.7001953125,5063.89990234375,5060.2001953125,5060.89990234375,84,0.0,0.0
2026-02-10 08:25:00-05:00,5061.5,5061.5,5056.60009765625,5057.2998046875,127,0.0,0.0
2026-02-10 08:26:00-05:00,5056.7998046875,5058.7001953125,5055.5,5057.2998046875,65,0.0,0.0
2026-02-10 08:27:00-05:00,5058.0,5061.10009765625,5058.0,5059.89990234375,120,0.0,0.0
2026-02-10 08:28:00-05:00,5060.7001953125,5060.7001953125,5059.2001953125,5059.60009765625,33,0.0,0.0
2026-02-10 08:29:00-05:00,5060.2001953125,5060.60009765625,5059.2998046875,5059.2998046875,13,0.0,0.0
2026-02-10 08:30:00-05:00,5060.7001953125,5070.0,5060.7001953125,5066.0,244,0.0,0.0
2026-02-10 08:31:00-05:00,5065.7001953125,5073.0,5065.7001953125,5072.89990234375,261,0.0,0.0
2026-02-10 08:32:00-05:00,5072.89990234375,5078.7998046875,5070.7998046875,5075.5,419,0.0,0.0
2026-02-10 08:33:00-05:00,5075.60009765625,5082.39990234375,5075.60009765625,5079.89990234375,363,0.0,0.0
2026-02-10 08:34:00-05:00,5080.7001953125,5081.2001953125,5074.60009765625,5075.2998046875,199,0.0,0.0
2026-02-10 08:35:00-05:00,5075.0,5077.60009765625,5074.7001953125,5075.7001953125,171,0.0,0.0
2026-02-10 08:36:00-05:00,5076.0,5079.2998046875,5074.39990234375,5077.0,169,0.0,0.0
2026-02-10 08:37:00-05:00,5077.0,5077.0,5071.5,5072.89990234375,157,0.0,0.0
2026-02-10 08:38:00-05:00,5071.60009765625,5072.5,5069.0,5070.7001953125,148,0.0,0.0
2026-02-10 08:39:00-05:00,5070.2001953125,5072.39990234375,5069.89990234375,5071.7001953125,79,0.0,0.0
2026-02-10 08:40:00-05:00,5071.0,5074.7998046875,5070.7998046875,5072.60009765625,97,0.0,0.0
2026-02-10 08:41:00-05:00,5071.7001953125,5073.7998046875,5071.39990234375,5073.7998046875,32,0.0,0.0
2026-02-10 08:42:00-05:00,5074.10009765625,5076.0,5073.0,5074.89990234375,41,0.0,0.0
2026-02-10 08:43:00-05:00,5074.5,5075.60009765625,5073.5,5074.89990234375,65,0.0,0.0
2026-02-10 08:44:00-05:00,5074.7998046875,5075.7998046875,5074.39990234375,5074.89990234375,23,0.0,0.0
2026-02-10 08:45:00-05:00,5075.89990234375,5075.89990234375,5071.89990234375,5074.2998046875,76,0.0,0.0
2026-02-10 08:46:00-05:00,5074.2001953125,5078.60009765625,5073.89990234375,5077.2998046875,151,0.0,0.0
2026-02-10 08:47:00-05:00,5077.2001953125,5080.2001953125,5077.2001953125,5079.7998046875,109,0.0,0.0
2026-02-10 08:48:00-05:00,5079.10009765625,5079.39990234375,5077.89990234375,5078.2001953125,65,0.0,0.0
2026-02-10 08:49:00-05:00,5079.0,5079.5,5076.7998046875,5078.5,84,0.0,0.0
2026-02-10 08:50:00-05:00,5077.7998046875,5079.0,5075.7001953125,5077.7001953125,79,0.0,0.0
2026-02-10 08:51:00-05:00,5077.2998046875,5078.2998046875,5076.89990234375,5078.10009765625,43,0.0,0.0
2026-02-10 08:52:00-05:00,5078.39990234375,5078.5,5075.0,5075.89990234375,104,0.0,0.0
2026-02-10 08:53:00-05:00,5076.2998046875,5076.7998046875,5075.60009765625,5076.5,25,0.0,0.0
2026-02-10 08:54:00-05:00,5077.0,5077.39990234375,5074.7001953125,5075.2998046875,69,0.0,0.0
2026-02-10 08:55:00-05:00,5075.7001953125,5078.2001953125,5075.7001953125,5076.7998046875,49,0.0,0.0
2026-02-10 08:56:00-05:00,5076.89990234375,5077.60009765625,5075.89990234375,5076.5,51,0.0,0.0
2026-02-10 08:57:00-05:00,5076.0,5076.2001953125,5074.10009765625,5076.2001953125,63,0.0,0.0
2026-02-10 08:58:00-05:00,5076.89990234375,5078.0,5072.60009765625,5073.7998046875,78,0.0,0.0
2026-02-10 08:59:00-05:00,5073.60009765625,5074.10009765625,5072.0,5074.10009765625,37,0.0,0.0
2026-02-10 09:00:00-05:00,5074.10009765625,5077.89990234375,5070.2001953125,5077.2001953125,213,0.0,0.0
2026-02-10 09:01:00-05:00,5077.60009765625,5077.60009765625,5073.5,5074.2998046875,136,0.0,0.0
2026-02-10 09:02:00-05:00,5073.5,5073.5,5070.0,5071.2001953125,82,0.0,0.0
2026-02-10 09:03:00-05:00,5072.2998046875,5072.2998046875,5069.39990234375,5071.7001953125,91,0.0,0.0
2026-02-10 09:04:00-05:00,5072.0,5073.60009765625,5071.7001953125,5071.7001953125,27,0.0,0.0
2026-02-10 09:05:00-05:00,5072.10009765625,5072.60009765625,5070.89990234375,5071.39990234375,58,0.0,0.0
2026-02-10 09:06:00-05:00,5071.0,5073.2001953125,5070.60009765625,5072.89990234375,41,0.0,0.0
2026-02-10 09:07:00-05:00,5073.10009765625,5080.89990234375,5073.0,5076.2001953125,166,0.0,0.0
2026-02-10 09:08:00-05:00,5077.0,5077.89990234375,5075.0,5077.39990234375,80,0.0,0.0
2026-02-10 09:09:00-05:00,5078.39990234375,5080.39990234375,5078.2001953125,5079.39990234375,56,0.0,0.0
2026-02-10 09:10:00-05:00,5079.60009765625,5082.0,5077.7998046875,5077.89990234375,133,0.0,0.0
2026-02-10 09:11:00-05:00,5078.2001953125,5078.2001953125,5075.89990234375,5076.2998046875,44,0.0,0.0
2026-02-10 09:12:00-05:00,5077.0,5078.39990234375,5076.39990234375,5077.89990234375,41,0.0,0.0
2026-02-10 09:13:00-05:00,5077.39990234375,5078.60009765625,5076.60009765625,5078.0,84,0.0,0.0
2026-02-10 09:14:00-05:00,5078.0,5079.5,5078.0,5079.5,30,0.0,0.0
2026-02-10 09:15:00-05:00,5079.60009765625,5083.7998046875,5079.60009765625,5082.2001953125,192,0.0,0.0
2026-02-10 09:16:00-05:00,5082.2001953125,5094.0,5081.39990234375,5090.7001953125,547,0.0,0.0
2026-02-10 09:17:00-05:00,5089.89990234375,5097.2998046875,5089.2998046875,5095.2998046875,463,0.0,0.0
2026-02-10 09:18:00-05:00,5095.60009765625,5096.2998046875,5093.7001953125,5094.89990234375,181,0.0,0.0
2026-02-10 09:19:00-05:00,5095.7998046875,5098.2998046875,5093.60009765625,5095.2998046875,100,0.0,0.0
2026-02-10 09:20:00-05:00,5094.7998046875,5096.2998046875,5092.7001953125,5094.89990234375,176,0.0,0.0
2026-02-10 09:21:00-05:00,5094.5,5095.60009765625,5092.2998046875,5093.60009765625,94,0.0,0.0
2026-02-10 09:22:00-05:00,5093.0,5095.2998046875,5091.7998046875,5095.10009765625,89,0.0,0.0
2026-02-10 09:23:00-05:00,5095.2998046875,5096.2001953125,5093.0,5093.89990234375,129,0.0,0.0
2026-02-10 09:24:00-05:00,5093.2001953125,5095.0,5090.7998046875,5090.7998046875,202,0.0,0.0
2026-02-10 09:25:00-05:00,5090.7998046875,5096.7001953125,5090.7998046875,5093.0,231,0.0,0.0
2026-02-10 09:26:00-05:00,5093.39990234375,5094.7998046875,5092.10009765625,5094.2001953125,107,0.0,0.0
2026-02-10 09:27:00-05:00,5094.2998046875,5095.2998046875,5090.0,5090.7998046875,71,0.0,0.0
2026-02-10 09:28:00-05:00,5090.89990234375,5093.60009765625,5090.60009765625,5092.5,40,0.0,0.0
2026-02-10 09:29:00-05:00,5093.2998046875,5095.2998046875,5092.7998046875,5093.89990234375,118,0.0,0.0
2026-02-10 09:30:00-05:00,5093.5,5098.0,5091.2001953125,5096.2998046875,337,0.0,0.0
2026-02-10 09:31:00-05:00,5096.0,5102.39990234375,5095.5,5101.0,411,0.0,0.0
2026-02-10 09:32:00-05:00,5100.7998046875,5100.7998046875,5093.60009765625,5099.5,151,0.0,0.0
2026-02-10 09:33:00-05:00,5099.7998046875,5102.7001953125,5097.39990234375,5098.0,207,0.0,0.0
2026-02-10 09:34:00-05:00,5099.2998046875,5100.7001953125,5096.0,5098.60009765625,148,0.0,0.0
2026-02-10 09:35:00-05:00,5099.2001953125,5099.89990234375,5093.0,5093.2001953125,129,0.0,0.0
2026-02-10 09:36:00-05:00,5093.7998046875,5095.2001953125,5086.39990234375,5088.7998046875,369,0.0,0.0
2026-02-10 09:37:00-05:00,5088.5,5088.89990234375,5085.2001953125,5085.2001953125,149,0.0,0.0
2026-02-10 09:38:00-05:00,5085.5,5085.89990234375,5080.7001953125,5084.0,308,0.0,0.0
2026-02-10 09:39:00-05:00,5083.7001953125,5089.2001953125,5082.60009765625,5086.10009765625,213,0.0,0.0
2026-02-10 09:40:00-05:00,5086.0,5088.0,5084.2001953125,5085.5,189,0.0,0.0
2026-02-10 09:41:00-05:00,5084.89990234375,5084.89990234375,5078.39990234375,5081.0,278,0.0,0.0
2026-02-10 09:42:00-05:00,5081.60009765625,5081.89990234375,5077.39990234375,5079.2998046875,225,0.0,0.0
2026-02-10 09:43:00-05:00,5078.2001953125,5080.60009765625,5076.7998046875,5078.10009765625,164,0.0,0.0
2026-02-10 09:44:00-05:00,5078.10009765625,5081.10009765625,5076.7998046875,5079.60009765625,214,0.0,0.0
2026-02-10 09:45:00-05:00,5080.0,5080.60009765625,5065.39990234375,5067.89990234375,723,0.0,0.0
2026-02-10 09:46:00-05:00,5068.2001953125,5070.0,5065.2001953125,5067.5,330,0.0,0.0
2026-02-10 09:47:00-05:00,5068.5,5070.39990234375,5057.2001953125,5057.39990234375,348,0.0,0.0
2026-02-10 09:48:00-05:00,5057.0,5057.7001953125,5046.5,5047.0,1074,0.0,0.0
2026-02-10 09:49:00-05:00,5046.2998046875,5059.2001953125,5043.2001953125,5053.2001953125,940,0.0,0.0
2026-02-10 09:50:00-05:00,5053.39990234375,5059.2001953125,5052.60009765625,5059.2001953125,401,0.0,0.0
2026-02-10 09:51:00-05:00,5058.5,5060.0,5055.5,5060.0,187,0.0,0.0
2026-02-10 09:52:00-05:00,5059.5,5063.5,5057.10009765625,5063.39990234375,206,0.0,0.0
2026-02-10 09:53:00-05:00,5062.7001953125,5063.7001953125,5058.89990234375,5059.0,175,0.0,0.0
2026-02-10 09:54:00-05:00,5059.10009765625,5064.0,5058.7998046875,5063.2001953125,139,0.0,0.0
2026-02-10 09:55:00-05:00,5064.0,5068.10009765625,5062.0,5067.2998046875,185,0.0,0.0
2026-02-10 09:56:00-05:00,5067.10009765625,5069.5,5066.2001953125,5067.5,283,0.0,0.0
2026-02-10 09:57:00-05:00,5067.60009765625,5068.60009765625,5062.2001953125,5065.2001953125,315,0.0,0.0
2026-02-10 09:58:00-05:00,5065.7998046875,5066.2998046875,5063.0,5063.2998046875,128,0.0,0.0
2026-02-10 09:59:00-05:00,5062.60009765625,5063.89990234375,5060.5,5063.0,183,0.0,0.0
2026-02-10 10:00:00-05:00,5062.0,5062.0,5054.2998046875,5055.5,393,0.0,0.0
2026-02-10 10:01:00-05:00,5055.39990234375,5059.10009765625,5052.89990234375,5058.89990234375,273,0.0,0.0
2026-02-10 10:02:00-05:00,5059.2998046875,5059.2998046875,5051.39990234375,5055.5,223,0.0,0.0
2026-02-10 10:03:00-05:00,5055.7998046875,5057.0,5052.2998046875,5056.7001953125,204,0.0,0.0
2026-02-10 10:04:00-05:00,5057.5,5058.60009765625,5051.5,5057.5,396,0.0,0.0
2026-02-10 10:05:00-05:00,5057.2998046875,5059.89990234375,5055.7998046875,5058.5,172,0.0,0.0
2026-02-10 10:06:00-05:00,5059.0,5065.89990234375,5057.7998046875,5064.5,499,0.0,0.0
2026-02-10 10:07:00-05:00,5064.7998046875,5065.60009765625,5057.60009765625,5058.7998046875,241,0.0,0.0
2026-02-10 10:08:00-05:00,5059.2001953125,5062.39990234375,5058.0,5060.0,264,0.0,0.0
2026-02-10 10:09:00-05:00,5060.5,5065.0,5057.60009765625,5065.0,128,0.0,0.0
2026-02-10 10:10:00-05:00,5064.5,5064.7998046875,5059.60009765625,5062.2001953125,77,0.0,0.0
2026-02-10 10:11:00-05:00,5063.10009765625,5066.2998046875,5062.5,5063.60009765625,156,0.0,0.0
2026-02-10 10:12:00-05:00,5063.2001953125,5065.0,5061.10009765625,5063.2998046875,73,0.0,0.0
2026-02-10 10:13:00-05:00,5064.10009765625,5066.39990234375,5062.0,5062.60009765625,97,0.0,0.0
2026-02-10 10:14:00-05:00,5062.39990234375,5065.60009765625,5062.0,5065.60009765625,69,0.0,0.0
2026-02-10 10:15:00-05:00,5064.7998046875,5065.5,5058.39990234375,5060.2001953125,170,0.0,0.0
2026-02-10 10:16:00-05:00,5059.89990234375,5062.5,5059.60009765625,5060.7998046875,84,0.0,0.0
2026-02-10 10:17:00-05:00,5061.0,5062.39990234375,5059.2001953125,5061.5,100,0.0,0.0
2026-02-10 10:18:00-05:00,5061.2998046875,5062.89990234375,5060.0,5061.5,53,0.0,0.0
2026-02-10 10:19:00-05:00,5062.0,5064.89990234375,5062.0,5064.10009765625,93,0.0,0.0
2026-02-10 10:20:00-05:00,5064.5,5067.2001953125,5062.5,5067.2001953125,63,0.0,0.0
2026-02-10 10:21:00-05:00,5066.5,5069.2001953125,5065.2998046875,5065.89990234375,124,0.0,0.0
2026-02-10 10:22:00-05:00,5065.2998046875,5070.0,5064.7001953125,5069.7998046875,130,0.0,0.0
2026-02-10 10:23:00-05:00,5069.2001953125,5070.89990234375,5067.7001953125,5069.10009765625,102,0.0,0.0
2026-02-10 10:24:00-05:00,5069.7998046875,5069.7998046875,5067.0,5068.0,33,0.0,0.0
2026-02-10 10:25:00-05:00,5067.89990234375,5069.7001953125,5064.39990234375,5065.39990234375,149,0.0,0.0
2026-02-10 10:26:00-05:00,5065.89990234375,5066.7001953125,5062.60009765625,5063.2001953125,112,0.0,0.0
2026-02-10 10:27:00-05:00,5063.7001953125,5066.0,5063.0,5063.2998046875,88,0.0,0.0
2026-02-10 10:28:00-05:00,5063.0,5066.2998046875,5060.60009765625,5061.5,115,0.0,0.0
2026-02-10 10:29:00-05:00,5061.2998046875,5063.39990234375,5055.0,5055.10009765625,254,0.0,0.0
2026-02-10 10:30:00-05:00,5054.2998046875,5054.7001953125,5049.2998046875,5054.7001953125,265,0.0,0.0
2026-02-10 10:31:00-05:00,5054.7001953125,5060.0,5054.2001953125,5057.89990234375,170,0.0,0.0
2026-02-10 10:32:00-05:00,5057.7001953125,5059.10009765625,5056.7998046875,5058.39990234375,84,0.0,0.0
2026-02-10 10:33:00-05:00,5058.2998046875,5059.7001953125,5052.5,5053.10009765625,226,0.0,0.0
2026-02-10 10:34:00-05:00,5052.2998046875,5056.39990234375,5052.10009765625,5055.39990234375,231,0.0,0.0
2026-02-10 10:35:00-05:00,5055.39990234375,5055.39990234375,5052.0,5052.7998046875,193,0.0,0.0
2026-02-10 10:36:00-05:00,5052.60009765625,5054.10009765625,5043.60009765625,5044.7998046875,403,0.0,0.0
2026-02-10 10:37:00-05:00,5044.7998046875,5046.5,5032.0,5033.2998046875,825,0.0,0.0
2026-02-10 10:38:00-05:00,5033.39990234375,5038.0,5021.2998046875,5024.7001953125,1090,0.0,0.0
2026-02-10 10:39:00-05:00,5025.39990234375,5032.2998046875,5022.89990234375,5030.7998046875,587,0.0,0.0
2026-02-10 10:40:00-05:00,5031.0,5038.0,5030.39990234375,5035.2998046875,459,0.0,0.0
2026-02-10 10:41:00-05:00,5036.0,5040.0,5035.89990234375,5039.7998046875,227,0.0,0.0
2026-02-10 10:42:00-05:00,5040.0,5040.60009765625,5036.5,5037.60009765625,130,0.0,0.0
2026-02-10 10:43:00-05:00,5037.7001953125,5043.0,5036.7001953125,5040.7998046875,279,0.0,0.0
2026-02-10 10:44:00-05:00,5041.39990234375,5041.7001953125,5034.10009765625,5036.7001953125,204,0.0,0.0
2026-02-10 10:45:00-05:00,5036.39990234375,5040.7998046875,5034.2001953125,5039.7001953125,155,0.0,0.0
2026-02-10 10:46:00-05:00,5039.0,5044.7998046875,5036.39990234375,5044.0,179,0.0,0.0
2026-02-10 10:47:00-05:00,5044.0,5046.5,5043.2998046875,5043.39990234375,216,0.0,0.0
2026-02-10 10:48:00-05:00,5043.2998046875,5046.39990234375,5042.10009765625,5043.89990234375,84,0.0,0.0
2026-02-10 10:49:00-05:00,5043.89990234375,5051.2001953125,5043.89990234375,5048.89990234375,196,0.0,0.0
2026-02-10 10:50:00-05:00,5048.2998046875,5050.2001953125,5048.10009765625,5048.7998046875,91,0.0,0.0
2026-02-10 10:51:00-05:00,5048.2001953125,5050.5,5045.39990234375,5045.7998046875,211,0.0,0.0
2026-02-10 10:52:00-05:00,5046.2001953125,5046.60009765625,5040.7001953125,5044.89990234375,124,0.0,0.0
2026-02-10 10:53:00-05:00,5044.7998046875,5045.7998046875,5042.39990234375,5045.5,38,0.0,0.0
2026-02-10 10:54:00-05:00,5046.2001953125,5050.89990234375,5045.5,5049.60009765625,143,0.0,0.0
2026-02-10 10:55:00-05:00,5049.5,5053.60009765625,5047.0,5048.2998046875,187,0.0,0.0
2026-02-10 10:56:00-05:00,5048.2998046875,5048.2998046875,5042.7001953125,5043.2998046875,205,0.0,0.0
2026-02-10 10:57:00-05:00,5043.7001953125,5047.7001953125,5043.7001953125,5045.7998046875,94,0.0,0.0
2026-02-10 10:58:00-05:00,5046.60009765625,5046.7998046875,5043.2998046875,5044.2998046875,57,0.0,0.0
2026-02-10 10:59:00-05:00,5044.39990234375,5046.7998046875,5039.10009765625,5041.60009765625,189,0.0,0.0
2026-02-10 11:00:00-05:00,5042.7001953125,5044.10009765625,5040.2998046875,5041.0,107,0.0,0.0
2026-02-10 11:01:00-05:00,5040.5,5041.39990234375,5036.7998046875,5038.5,272,0.0,0.0
2026-02-10 11:02:00-05:00,5038.7998046875,5040.0,5036.7001953125,5040.0,178,0.0,0.0
2026-02-10 11:03:00-05:00,5039.89990234375,5040.0,5035.89990234375,5039.60009765625,99,0.0,0.0
2026-02-10 11:04:00-05:00,5038.89990234375,5040.0,5035.0,5036.7998046875,121,0.0,0.0
2026-02-10 11:05:00-05:00,5035.60009765625,5036.60009765625,5033.2998046875,5035.10009765625,129,0.0,0.0
2026-02-10 11:06:00-05:00,5035.10009765625,5039.5,5035.10009765625,5036.2998046875,135,0.0,0.0
2026-02-10 11:07:00-05:00,5037.10009765625,5039.39990234375,5028.7998046875,5031.39990234375,244,0.0,0.0
2026-02-10 11:08:00-05:00,5032.5,5036.7998046875,5031.10009765625,5035.7001953125,159,0.0,0.0
2026-02-10 11:09:00-05:00,5036.5,5040.0,5036.2998046875,5036.2998046875,145,0.0,0.0
2026-02-10 11:10:00-05:00,5036.7998046875,5039.7998046875,5036.7998046875,5039.0,89,0.0,0.0
2026-02-10 11:11:00-05:00,5039.2998046875,5039.5,5037.7998046875,5039.5,53,0.0,0.0
2026-02-10 11:12:00-05:00,5039.60009765625,5043.0,5039.5,5042.60009765625,187,0.0,0.0
2026-02-10 11:13:00-05:00,5043.0,5045.7998046875,5043.0,5045.5,67,0.0,0.0
2026-02-10 11:14:00-05:00,5045.2001953125,5045.7998046875,5043.10009765625,5043.60009765625,63,0.0,0.0
2026-02-10 11:15:00-05:00,5043.7001953125,5045.60009765625,5038.60009765625,5044.89990234375,146,0.0,0.0
2026-02-10 11:16:00-05:00,5045.2998046875,5046.39990234375,5041.60009765625,5042.2998046875,66,0.0,0.0
2026-02-10 11:17:00-05:00,5043.5,5046.7998046875,5041.89990234375,5046.2998046875,97,0.0,0.0
2026-02-10 11:18:00-05:00,5046.39990234375,5047.2998046875,5043.39990234375,5046.0,63,0.0,0.0
2026-02-10 11:19:00-05:00,5044.7998046875,5046.2001953125,5040.5,5041.10009765625,84,0.0,0.0
2026-02-10 11:20:00-05:00,5040.5,5041.10009765625,5031.39990234375,5031.7998046875,232,0.0,0.0
2026-02-10 11:21:00-05:00,5031.7001953125,5037.5,5031.7001953125,5036.89990234375,249,0.0,0.0
2026-02-10 11:22:00-05:00,5036.5,5038.39990234375,5032.39990234375,5033.2998046875,319,0.0,0.0
2026-02-10 11:23:00-05:00,5033.10009765625,5035.60009765625,5032.89990234375,5035.0,127,0.0,0.0
2026-02-10 11:24:00-05:00,5035.2998046875,5036.0,5034.10009765625,5035.0,95,0.0,0.0
2026-02-10 11:25:00-05:00,5034.7998046875,5034.89990234375,5028.2001953125,5034.0,238,0.0,0.0
2026-02-10 11:26:00-05:00,5034.7001953125,5041.2001953125,5034.7001953125,5038.60009765625,214,0.0,0.0
2026-02-10 11:27:00-05:00,5038.60009765625,5039.89990234375,5036.2998046875,5037.2001953125,35,0.0,0.0
2026-02-10 11:28:00-05:00,5036.60009765625,5040.39990234375,5036.0,5040.0,40,0.0,0.0
2026-02-10 11:29:00-05:00,5040.0,5040.0,5031.7998046875,5033.10009765625,144,0.0,0.0
2026-02-10 11:30:00-05:00,5032.39990234375,5037.89990234375,5031.0,5037.5,172,0.0,0.0
2026-02-10 11:31:00-05:00,5038.0,5039.7998046875,5035.89990234375,5037.7001953125,75,0.0,0.0
2026-02-10 11:32:00-05:00,5038.0,5043.7998046875,5037.5,5042.0,259,0.0,0.0
2026-02-10 11:33:00-05:00,5042.2001953125,5044.10009765625,5040.89990234375,5042.0,114,0.0,0.0
2026-02-10 11:34:00-05:00,5041.39990234375,5042.10009765625,5039.7998046875,5041.10009765625,149,0.0,0.0
2026-02-10 11:35:00-05:00,5041.7001953125,5043.7001953125,5041.60009765625,5042.39990234375,41,0.0,0.0
2026-02-10 11:36:00-05:00,5042.2001953125,5043.39990234375,5041.5,5043.39990234375,20,0.0,0.0
2026-02-10 11:37:00-05:00,5043.5,5046.39990234375,5043.5,5044.7001953125,80,0.0,0.0
2026-02-10 11:38:00-05:00,5044.2998046875,5044.2998046875,5042.2998046875,5042.2998046875,27,0.0,0.0
2026-02-10 11:39:00-05:00,5042.7998046875,5043.0,5040.7998046875,5042.39990234375,59,0.0,0.0
2026-02-10 11:40:00-05:00,5042.60009765625,5042.60009765625,5039.7998046875,5040.39990234375,35,0.0,0.0
2026-02-10 11:41:00-05:00,5040.7001953125,5040.7001953125,5037.7998046875,5038.2998046875,70,0.0,0.0
2026-02-10 11:42:00-05:00,5038.2001953125,5039.2998046875,5036.7998046875,5038.39990234375,31,0.0,0.0
2026-02-10 11:43:00-05:00,5038.2001953125,5041.0,5038.2001953125,5039.2998046875,24,0.0,0.0
2026-02-10 11:44:00-05:00,5040.2001953125,5045.0,5038.7001953125,5045.0,94,0.0,0.0
2026-02-10 11:45:00-05:00,5045.10009765625,5048.89990234375,5045.10009765625,5048.2001953125,89,0.0,0.0
2026-02-10 11:46:00-05:00,5047.89990234375,5048.39990234375,5046.89990234375,5048.39990234375,47,0.0,0.0
2026-02-10 11:47:00-05:00,5048.60009765625,5049.7001953125,5046.7998046875,5047.39990234375,68,0.0,0.0
2026-02-10 11:48:00-05:00,5046.5,5047.2998046875,5043.39990234375,5043.39990234375,60,0.0,0.0
2026-02-10 11:49:00-05:00,5043.2998046875,5044.7001953125,5040.2001953125,5040.2998046875,149,0.0,0.0
2026-02-10 11:50:00-05:00,5040.89990234375,5043.0,5038.7998046875,5041.5,127,0.0,0.0
2026-02-10 11:51:00-05:00,5041.0,5042.7001953125,5038.7998046875,5041.2998046875,93,0.0,0.0
2026-02-10 11:52:00-05:00,5040.7998046875,5044.7998046875,5040.2998046875,5044.7998046875,57,0.0,0.0
2026-02-10 11:53:00-05:00,5044.89990234375,5045.7001953125,5044.60009765625,5045.0,24,0.0,0.0
2026-02-10 11:54:00-05:00,5045.39990234375,5046.2998046875,5044.0,5044.0,49,0.0,0.0
2026-02-10 11:55:00-05:00,5042.2998046875,5044.7998046875,5042.2998046875,5043.60009765625,33,0.0,0.0
2026-02-10 11:56:00-05:00,5043.7001953125,5047.5,5043.7001953125,5047.2001953125,58,0.0,0.0
2026-02-10 11:57:00-05:00,5047.0,5047.39990234375,5045.60009765625,5046.0,58,0.0,0.0
2026-02-10 11:58:00-05:00,5046.2001953125,5046.60009765625,5044.10009765625,5045.7001953125,42,0.0,0.0
2026-02-10 11:59:00-05:00,5045.60009765625,5046.5,5045.10009765625,5046.5,29,0.0,0.0
2026-02-10 12:00:00-05:00,5046.39990234375,5050.0,5045.7001953125,5049.0,118,0.0,0.0
2026-02-10 12:01:00-05:00,5048.39990234375,5050.0,5046.39990234375,5046.39990234375,76,0.0,0.0
2026-02-10 12:02:00-05:00,5046.7001953125,5050.5,5046.10009765625,5048.89990234375,86,0.0,0.0
2026-02-10 12:03:00-05:00,5049.2998046875,5050.39990234375,5048.7001953125,5048.7001953125,62,0.0,0.0
2026-02-10 12:04:00-05:00,5048.2998046875,5049.2001953125,5046.7998046875,5048.5,49,0.0,0.0
2026-02-10 12:05:00-05:00,5049.0,5050.39990234375,5047.60009765625,5048.89990234375,57,0.0,0.0
2026-02-10 12:06:00-05:00,5049.2001953125,5049.7001953125,5045.2998046875,5046.7001953125,92,0.0,0.0
2026-02-10 12:07:00-05:00,5047.2001953125,5047.2001953125,5044.7001953125,5045.7998046875,55,0.0,0.0
2026-02-10 12:08:00-05:00,5046.2998046875,5048.10009765625,5046.10009765625,5046.10009765625,44,0.0,0.0
2026-02-10 12:09:00-05:00,5045.7998046875,5046.2001953125,5043.60009765625,5046.0,54,0.0,0.0
2026-02-10 12:10:00-05:00,5046.2001953125,5046.2001953125,5044.7998046875,5045.60009765625,59,0.0,0.0
2026-02-10 12:11:00-05:00,5045.60009765625,5045.89990234375,5044.5,5045.0,19,0.0,0.0
2026-02-10 12:12:00-05:00,5045.10009765625,5045.10009765625,5043.7001953125,5043.89990234375,35,0.0,0.0
2026-02-10 12:13:00-05:00,5044.7998046875,5049.2998046875,5044.0,5049.2998046875,67,0.0,0.0
2026-02-10 12:14:00-05:00,5048.7001953125,5050.0,5045.5,5047.60009765625,131,0.0,0.0
2026-02-10 12:15:00-05:00,5047.89990234375,5052.7001953125,5047.2998046875,5052.5,108,0.0,0.0
2026-02-10 12:16:00-05:00,5051.7998046875,5052.5,5050.2001953125,5052.5,83,0.0,0.0
2026-02-10 12:17:00-05:00,5051.5,5056.5,5051.5,5054.7998046875,142,0.0,0.0
2026-02-10 12:18:00-05:00,5055.2001953125,5058.0,5054.89990234375,5056.0,133,0.0,0.0
2026-02-10 12:19:00-05:00,5055.89990234375,5056.39990234375,5053.89990234375,5055.7998046875,81,0.0,0.0
2026-02-10 12:20:00-05:00,5055.7001953125,5057.5,5053.2001953125,5053.60009765625,69,0.0,0.0
2026-02-10 12:21:00-05:00,5053.0,5056.0,5053.0,5055.10009765625,73,0.0,0.0
2026-02-10 12:22:00-05:00,5054.60009765625,5055.2998046875,5054.2001953125,5054.89990234375,23,0.0,0.0
2026-02-10 12:23:00-05:00,5055.39990234375,5056.10009765625,5055.0,5055.7998046875,21,0.0,0.0
2026-02-10 12:24:00-05:00,5056.10009765625,5057.5,5055.2998046875,5057.5,45,0.0,0.0
2026-02-10 12:25:00-05:00,5057.2998046875,5058.39990234375,5056.0,5058.39990234375,215,0.0,0.0
2026-02-10 12:26:00-05:00,5057.89990234375,5060.0,5057.7998046875,5057.7998046875,92,0.0,0.0
2026-02-10 12:27:00-05:00,5058.0,5060.0,5057.2001953125,5060.0,47,0.0,0.0
2026-02-10 12:28:00-05:00,5060.0,5061.2001953125,5059.0,5060.2998046875,90,0.0,0.0
2026-02-10 12:29:00-05:00,5060.5,5062.0,5058.7998046875,5060.0,174,0.0,0.0
2026-02-10 12:30:00-05:00,5060.0,5060.7998046875,5059.2001953125,5059.7998046875,71,0.0,0.0
2026-02-10 12:31:00-05:00,5059.2001953125,5059.2998046875,5057.7001953125,5059.2998046875,88,0.0,0.0
2026-02-10 12:32:00-05:00,5058.7998046875,5059.39990234375,5057.89990234375,5058.7001953125,23,0.0,0.0
2026-02-10 12:33:00-05:00,5058.10009765625,5058.7001953125,5056.7998046875,5058.10009765625,83,0.0,0.0
2026-02-10 12:34:00-05:00,5058.2998046875,5060.39990234375,5058.2998046875,5060.10009765625,58,0.0,0.0
2026-02-10 12:35:00-05:00,5059.89990234375,5059.89990234375,5056.7998046875,5056.7998046875,23,0.0,0.0
2026-02-10 12:36:00-05:00,5056.7001953125,5058.39990234375,5056.60009765625,5057.39990234375,68,0.0,0.0
2026-02-10 12:37:00-05:00,5057.39990234375,5059.60009765625,5057.2001953125,5058.2001953125,45,0.0,0.0
2026-02-10 12:38:00-05:00,5058.2998046875,5058.2998046875,5055.89990234375,5055.89990234375,41,0.0,0.0
2026-02-10 12:39:00-05:00,5055.89990234375,5057.2998046875,5055.0,5057.2998046875,53,0.0,0.0
2026-02-10 12:40:00-05:00,5056.2001953125,5056.60009765625,5055.2998046875,5055.60009765625,27,0.0,0.0
2026-02-10 12:41:00-05:00,5056.2001953125,5057.2998046875,5055.7998046875,5057.2998046875,30,0.0,0.0
2026-02-10 12:42:00-05:00,5056.7998046875,5057.89990234375,5056.39990234375,5057.89990234375,29,0.0,0.0
2026-02-10 12:43:00-05:00,5057.7001953125,5062.5,5057.5,5062.5,72,0.0,0.0
2026-02-10 12:44:00-05:00,5062.2001953125,5062.60009765625,5060.89990234375,5060.89990234375,56,0.0,0.0
2026-02-10 12:45:00-05:00,5061.2001953125,5064.0,5059.2998046875,5059.2998046875,152,0.0,0.0
2026-02-10 12:46:00-05:00,5059.10009765625,5059.10009765625,5056.7001953125,5057.7998046875,40,0.0,0.0
2026-02-10 12:47:00-05:00,5057.89990234375,5057.89990234375,5056.7998046875,5057.5,24,0.0,0.0
2026-02-10 12:48:00-05:00,5057.2001953125,5057.7998046875,5053.7998046875,5054.0,88,0.0,0.0
2026-02-10 12:49:00-05:00,5054.2998046875,5054.60009765625,5052.5,5053.2001953125,101,0.0,0.0
2026-02-10 12:50:00-05:00,5053.39990234375,5053.7998046875,5052.5,5053.7998046875,20,0.0,0.0
2026-02-10 12:51:00-05:00,5054.0,5054.0,5053.10009765625,5053.7998046875,29,0.0,0.0
2026-02-10 12:52:00-05:00,5053.89990234375,5054.0,5052.7001953125,5052.89990234375,33,0.0,0.0
2026-02-10 12:53:00-05:00,5053.10009765625,5054.0,5051.5,5052.5,48,0.0,0.0
2026-02-10 12:54:00-05:00,5052.60009765625,5052.60009765625,5049.0,5050.0,74,0.0,0.0
2026-02-10 12:55:00-05:00,5050.2001953125,5050.5,5048.2998046875,5049.39990234375,124,0.0,0.0
2026-02-10 12:56:00-05:00,5049.2998046875,5049.60009765625,5048.60009765625,5049.10009765625,49,0.0,0.0
2026-02-10 12:57:00-05:00,5049.0,5050.0,5048.5,5049.89990234375,63,0.0,0.0
2026-02-10 12:58:00-05:00,5050.2998046875,5052.5,5050.2998046875,5051.60009765625,78,0.0,0.0
2026-02-10 12:59:00-05:00,5051.39990234375,5051.39990234375,5049.60009765625,5049.7001953125,31,0.0,0.0
2026-02-10 13:00:00-05:00,5049.10009765625,5051.2998046875,5045.7998046875,5045.7998046875,155,0.0,0.0
2026-02-10 13:01:00-05:00,5045.2998046875,5050.89990234375,5045.2998046875,5050.0,105,0.0,0.0
2026-02-10 13:02:00-05:00,5049.7001953125,5050.60009765625,5049.10009765625,5049.10009765625,63,0.0,0.0
2026-02-10 13:03:00-05:00,5049.0,5049.0,5046.2001953125,5047.60009765625,81,0.0,0.0
2026-02-10 13:04:00-05:00,5047.2001953125,5047.7998046875,5044.89990234375,5045.39990234375,92,0.0,0.0
2026-02-10 13:05:00-05:00,5045.7001953125,5045.7998046875,5042.0,5042.5,151,0.0,0.0
2026-02-10 13:06:00-05:00,5041.7998046875,5042.7998046875,5038.10009765625,5042.2001953125,218,0.0,0.0
2026-02-10 13:07:00-05:00,5042.39990234375,5045.2001953125,5040.39990234375,5045.10009765625,110,0.0,0.0
2026-02-10 13:08:00-05:00,5045.2001953125,5045.7001953125,5043.7001953125,5044.39990234375,52,0.0,0.0
2026-02-10 13:09:00-05:00,5044.2998046875,5044.60009765625,5042.7001953125,5043.89990234375,80,0.0,0.0
2026-02-10 13:10:00-05:00,5043.60009765625,5044.2001953125,5041.7998046875,5041.89990234375,45,0.0,0.0
2026-02-10 13:11:00-05:00,5041.39990234375,5041.89990234375,5038.0,5041.60009765625,124,0.0,0.0
2026-02-10 13:12:00-05:00,5041.60009765625,5042.0,5039.39990234375,5039.39990234375,70,0.0,0.0
2026-02-10 13:13:00-05:00,5039.10009765625,5041.0,5036.7998046875,5037.39990234375,121,0.0,0.0
2026-02-10 13:14:00-05:00,5037.2001953125,5040.7998046875,5037.2001953125,5039.60009765625,87,0.0,0.0
2026-02-10 13:15:00-05:00,5039.2001953125,5041.89990234375,5039.10009765625,5039.5,117,0.0,0.0
2026-02-10 13:16:00-05:00,5039.39990234375,5040.39990234375,5037.2998046875,5037.7998046875,199,0.0,0.0
2026-02-10 13:17:00-05:00,5038.2998046875,5038.5,5035.2001953125,5035.39990234375,197,0.0,0.0
2026-02-10 13:18:00-05:00,5035.60009765625,5038.2001953125,5035.60009765625,5038.2001953125,95,0.0,0.0
2026-02-10 13:19:00-05:00,5038.2001953125,5039.0,5034.10009765625,5034.60009765625,132,0.0,0.0
2026-02-10 13:20:00-05:00,5034.7001953125,5036.10009765625,5030.7998046875,5032.7001953125,182,0.0,0.0
2026-02-10 13:21:00-05:00,5032.2001953125,5035.0,5031.0,5032.7998046875,138,0.0,0.0
2026-02-10 13:22:00-05:00,5032.39990234375,5035.2001953125,5031.5,5035.2001953125,123,0.0,0.0
2026-02-10 13:23:00-05:00,5035.2001953125,5036.7001953125,5033.5,5034.10009765625,119,0.0,0.0
2026-02-10 13:24:00-05:00,5033.2998046875,5033.7001953125,5026.7001953125,5028.5,276,0.0,0.0
2026-02-10 13:25:00-05:00,5028.0,5032.0,5027.39990234375,5031.10009765625,166,0.0,0.0
2026-02-10 13:26:00-05:00,5030.89990234375,5032.60009765625,5029.0,5032.39990234375,134,0.0,0.0
2026-02-10 13:27:00-05:00,5032.0,5032.7998046875,5026.7998046875,5027.60009765625,181,0.0,0.0
2026-02-10 13:28:00-05:00,5027.7998046875,5030.89990234375,5027.7001953125,5030.2998046875,263,0.0,0.0
2026-02-10 13:29:00-05:00,5030.60009765625,5033.7001953125,5028.0,5031.39990234375,1165,0.0,0.0
2026-02-10 13:30:00-05:00,5031.39990234375,5032.0,5027.2001953125,5027.5,208,0.0,0.0
2026-02-10 13:31:00-05:00,5027.7001953125,5036.10009765625,5027.7001953125,5033.5,177,0.0,0.0
2026-02-10 13:32:00-05:00,5034.10009765625,5037.5,5034.0,5036.2998046875,130,0.0,0.0
2026-02-10 13:33:00-05:00,5035.89990234375,5035.89990234375,5030.5,5030.5,81,0.0,0.0
2026-02-10 13:34:00-05:00,5030.5,5033.7998046875,5029.2001953125,5032.89990234375,75,0.0,0.0
2026-02-10 13:35:00-05:00,5032.7998046875,5036.5,5032.7001953125,5033.89990234375,52,0.0,0.0
2026-02-10 13:36:00-05:00,5034.39990234375,5037.7001953125,5034.10009765625,5036.89990234375,91,0.0,0.0
2026-02-10 13:37:00-05:00,5034.89990234375,5036.7001953125,5033.5,5036.0,25,0.0,0.0
2026-02-10 13:38:00-05:00,5036.60009765625,5037.2998046875,5036.0,5036.7998046875,32,0.0,0.0
2026-02-10 13:39:00-05:00,5036.89990234375,5037.60009765625,5035.60009765625,5036.0,39,0.0,0.0
2026-02-10 13:40:00-05:00,5036.2998046875,5037.39990234375,5035.5,5037.39990234375,43,0.0,0.0
2026-02-10 13:41:00-05:00,5036.89990234375,5037.39990234375,5032.7001953125,5034.0,164,0.0,0.0
2026-02-10 13:42:00-05:00,5033.7001953125,5036.89990234375,5033.7001953125,5036.89990234375,12,0.0,0.0
2026-02-10 13:43:00-05:00,5035.7998046875,5037.0,5035.7998046875,5036.5,12,0.0,0.0
2026-02-10 13:44:00-05:00,5036.7998046875,5039.2001953125,5036.7998046875,5038.10009765625,116,0.0,0.0
2026-02-10 13:45:00-05:00,5037.60009765625,5039.89990234375,5037.5,5037.89990234375,112,0.0,0.0
2026-02-10 13:46:00-05:00,5038.2998046875,5038.5,5034.89990234375,5034.89990234375,94,0.0,0.0
2026-02-10 13:47:00-05:00,5034.60009765625,5036.39990234375,5033.2001953125,5036.0,53,0.0,0.0
2026-02-10 13:48:00-05:00,5036.7001953125,5036.7001953125,5035.0,5035.7001953125,13,0.0,0.0
2026-02-10 13:49:00-05:00,5035.39990234375,5036.2998046875,5034.0,5034.2998046875,19,0.0,0.0
2026-02-10 13:50:00-05:00,5034.60009765625,5036.39990234375,5034.60009765625,5036.2998046875,38,0.0,0.0
2026-02-10 13:51:00-05:00,5036.0,5036.0,5031.5,5033.39990234375,65,0.0,0.0
2026-02-10 13:52:00-05:00,5033.60009765625,5035.60009765625,5033.60009765625,5034.10009765625,26,0.0,0.0
2026-02-10 13:53:00-05:00,5034.10009765625,5035.5,5033.60009765625,5034.5,21,0.0,0.0
2026-02-10 13:54:00-05:00,5033.7998046875,5033.7998046875,5030.0,5030.0,49,0.0,0.0
2026-02-10 13:55:00-05:00,5030.10009765625,5034.2001953125,5029.2998046875,5033.89990234375,66,0.0,0.0
2026-02-10 13:56:00-05:00,5034.2998046875,5035.7998046875,5033.10009765625,5034.10009765625,29,0.0,0.0
2026-02-10 13:57:00-05:00,5034.0,5035.5,5034.0,5035.5,36,0.0,0.0
2026-02-10 13:58:00-05:00,5035.7998046875,5037.7001953125,5035.7998046875,5037.0,39,0.0,0.0
2026-02-10 13:59:00-05:00,5037.0,5037.7998046875,5035.2998046875,5036.0,31,0.0,0.0
2026-02-10 14:00:00-05:00,5035.2998046875,5036.10009765625,5032.2001953125,5032.2001953125,41,0.0,0.0
2026-02-10 14:01:00-05:00,5032.2998046875,5032.60009765625,5031.39990234375,5031.7998046875,34,0.0,0.0
2026-02-10 14:02:00-05:00,5031.89990234375,5035.39990234375,5031.89990234375,5034.39990234375,46,0.0,0.0
2026-02-10 14:03:00-05:00,5033.7001953125,5034.7998046875,5033.39990234375,5034.7001953125,15,0.0,0.0
2026-02-10 14:04:00-05:00,5034.89990234375,5036.2998046875,5032.5,5033.10009765625,67,0.0,0.0
2026-02-10 14:05:00-05:00,5033.7001953125,5034.0,5033.7001953125,5034.0,3,0.0,0.0
2026-02-10 14:06:00-05:00,5034.39990234375,5035.39990234375,5034.2001953125,5035.2001953125,26,0.0,0.0
2026-02-10 14:07:00-05:00,5035.2998046875,5036.0,5034.2998046875,5034.2998046875,59,0.0,0.0
2026-02-10 14:08:00-05:00,5033.7998046875,5035.0,5033.60009765625,5034.2001953125,38,0.0,0.0
2026-02-10 14:09:00-05:00,5034.60009765625,5035.2998046875,5033.60009765625,5034.2001953125,20,0.0,0.0
2026-02-10 14:10:00-05:00,5034.10009765625,5034.60009765625,5033.2998046875,5034.60009765625,16,0.0,0.0
2026-02-10 14:11:00-05:00,5034.2998046875,5035.10009765625,5032.7001953125,5034.7998046875,61,0.0,0.0
2026-02-10 14:12:00-05:00,5035.10009765625,5035.7001953125,5034.0,5035.7001953125,107,0.0,0.0
2026-02-10 14:13:00-05:00,5034.7001953125,5035.0,5033.89990234375,5034.0,21,0.0,0.0
2026-02-10 14:14:00-05:00,5034.89990234375,5035.60009765625,5034.89990234375,5035.10009765625,22,0.0,0.0
2026-02-10 14:15:00-05:00,5035.7001953125,5036.5,5035.0,5036.2001953125,14,0.0,0.0
2026-02-10 14:16:00-05:00,5036.0,5039.0,5036.0,5038.2001953125,97,0.0,0.0
2026-02-10 14:17:00-05:00,5038.7001953125,5038.7001953125,5037.0,5038.10009765625,49,0.0,0.0
2026-02-10 14:18:00-05:00,5037.7998046875,5042.2001953125,5037.7001953125,5041.5,102,0.0,0.0
2026-02-10 14:19:00-05:00,5041.39990234375,5042.10009765625,5040.39990234375,5041.5,91,0.0,0.0
2026-02-10 14:20:00-05:00,5041.2998046875,5042.7001953125,5041.2001953125,5041.7998046875,92,0.0,0.0
2026-02-10 14:21:00-05:00,5042.0,5042.7998046875,5041.0,5042.0,96,0.0,0.0
2026-02-10 14:22:00-05:00,5041.7001953125,5042.2998046875,5041.2001953125,5041.2001953125,49,0.0,0.0
2026-02-10 14:23:00-05:00,5041.2001953125,5041.60009765625,5040.7998046875,5041.2001953125,29,0.0,0.0
2026-02-10 14:24:00-05:00,5041.5,5042.39990234375,5041.10009765625,5041.7998046875,15,0.0,0.0
2026-02-10 14:25:00-05:00,5042.0,5044.0,5041.89990234375,5042.89990234375,74,0.0,0.0
2026-02-10 14:26:00-05:00,5042.7001953125,5043.5,5042.60009765625,5042.60009765625,35,0.0,0.0
2026-02-10 14:27:00-05:00,5042.39990234375,5042.39990234375,5040.89990234375,5041.2998046875,42,0.0,0.0
2026-02-10 14:28:00-05:00,5041.7998046875,5043.0,5041.60009765625,5043.0,21,0.0,0.0
2026-02-10 14:29:00-05:00,5043.0,5044.7998046875,5042.7001953125,5043.60009765625,86,0.0,0.0
2026-02-10 14:30:00-05:00,5044.10009765625,5052.0,5044.10009765625,5050.10009765625,234,0.0,0.0
2026-02-10 14:31:00-05:00,5050.60009765625,5052.10009765625,5049.89990234375,5052.10009765625,100,0.0,0.0
2026-02-10 14:32:00-05:00,5052.2001953125,5052.7001953125,5050.60009765625,5051.7001953125,46,0.0,0.0
2026-02-10 14:33:00-05:00,5050.7998046875,5053.2001953125,5048.7001953125,5049.2001953125,83,0.0,0.0
2026-02-10 14:34:00-05:00,5048.7001953125,5050.10009765625,5047.7001953125,5049.39990234375,65,0.0,0.0
2026-02-10 14:35:00-05:00,5049.60009765625,5050.0,5048.0,5048.5,58,0.0,0.0
2026-02-10 14:36:00-05:00,5049.0,5049.0,5047.0,5047.2998046875,57,0.0,0.0
2026-02-10 14:37:00-05:00,5048.0,5052.39990234375,5047.39990234375,5051.7001953125,73,0.0,0.0
2026-02-10 14:38:00-05:00,5052.2001953125,5052.5,5049.39990234375,5050.10009765625,62,0.0,0.0
2026-02-10 14:39:00-05:00,5050.0,5050.2998046875,5049.2998046875,5049.2998046875,15,0.0,0.0
2026-02-10 14:40:00-05:00,5049.2001953125,5049.2001953125,5047.7998046875,5048.7998046875,35,0.0,0.0
2026-02-10 14:41:00-05:00,5048.7998046875,5049.7001953125,5047.7001953125,5048.7998046875,27,0.0,0.0
2026-02-10 14:42:00-05:00,5049.7001953125,5050.2001953125,5048.7001953125,5049.39990234375,51,0.0,0.0
2026-02-10 14:43:00-05:00,5049.60009765625,5049.60009765625,5047.7998046875,5048.5,45,0.0,0.0
2026-02-10 14:44:00-05:00,5048.0,5048.0,5046.7998046875,5047.2998046875,31,0.0,0.0
2026-02-10 14:45:00-05:00,5047.7998046875,5050.0,5047.5,5049.7998046875,37,0.0,0.0
2026-02-10 14:46:00-05:00,5049.0,5050.5,5048.7001953125,5049.60009765625,41,0.0,0.0
2026-02-10 14:47:00-05:00,5048.7998046875,5049.2001953125,5048.60009765625,5049.2001953125,7,0.0,0.0
2026-02-10 14:48:00-05:00,5049.60009765625,5050.0,5048.7001953125,5049.2998046875,26,0.0,0.0
2026-02-10 14:49:00-05:00,5049.5,5050.2998046875,5049.2001953125,5049.39990234375,15,0.0,0.0
2026-02-10 14:50:00-05:00,5050.0,5050.5,5049.5,5050.5,21,0.0,0.0
2026-02-10 14:51:00-05:00,5050.60009765625,5050.60009765625,5049.0,5049.89990234375,40,0.0,0.0
2026-02-10 14:52:00-05:00,5050.5,5052.89990234375,5050.5,5052.89990234375,21,0.0,0.0
2026-02-10 14:53:00-05:00,5053.0,5053.2001953125,5051.2998046875,5051.60009765625,27,0.0,0.0
2026-02-10 14:54:00-05:00,5051.7001953125,5051.7001953125,5050.5,5051.10009765625,32,0.0,0.0
2026-02-10 14:55:00-05:00,5050.5,5051.2001953125,5049.39990234375,5050.0,18,0.0,0.0
2026-02-10 14:56:00-05:00,5050.0,5051.5,5050.0,5051.5,24,0.0,0.0
2026-02-10 14:57:00-05:00,5051.5,5052.2998046875,5051.39990234375,5051.7998046875,33,0.0,0.0
2026-02-10 14:58:00-05:00,5051.60009765625,5051.7998046875,5050.89990234375,5051.60009765625,13,0.0,0.0
2026-02-10 14:59:00-05:00,5051.7001953125,5052.0,5050.5,5050.7998046875,17,0.0,0.0
2026-02-10 15:00:00-05:00,5050.5,5050.89990234375,5049.10009765625,5050.5,38,0.0,0.0
2026-02-10 15:01:00-05:00,5050.89990234375,5052.0,5050.7998046875,5052.0,31,0.0,0.0
2026-02-10 15:02:00-05:00,5051.7001953125,5052.5,5050.60009765625,5050.60009765625,39,0.0,0.0
2026-02-10 15:03:00-05:00,5051.10009765625,5051.10009765625,5048.2001953125,5048.89990234375,39,0.0,0.0
2026-02-10 15:04:00-05:00,5048.7001953125,5048.89990234375,5044.7001953125,5045.10009765625,78,0.0,0.0
2026-02-10 15:05:00-05:00,5045.7001953125,5046.7998046875,5045.60009765625,5046.39990234375,18,0.0,0.0
2026-02-10 15:06:00-05:00,5046.7998046875,5046.7998046875,5043.5,5044.0,33,0.0,0.0
2026-02-10 15:07:00-05:00,5043.2001953125,5045.0,5042.89990234375,5045.0,26,0.0,0.0
2026-02-10 15:08:00-05:00,5045.60009765625,5047.2001953125,5045.2998046875,5047.2001953125,19,0.0,0.0
2026-02-10 15:09:00-05:00,5047.60009765625,5047.7998046875,5046.39990234375,5047.2001953125,29,0.0,0.0
2026-02-10 15:10:00-05:00,5046.7998046875,5047.60009765625,5045.39990234375,5045.7998046875,36,0.0,0.0
2026-02-10 15:11:00-05:00,5047.0,5047.7998046875,5045.89990234375,5047.7998046875,37,0.0,0.0
2026-02-10 15:12:00-05:00,5049.0,5049.10009765625,5047.7998046875,5048.0,21,0.0,0.0
2026-02-10 15:13:00-05:00,5048.7001953125,5049.0,5048.2001953125,5048.60009765625,46,0.0,0.0
2026-02-10 15:14:00-05:00,5048.5,5048.7998046875,5047.60009765625,5048.5,25,0.0,0.0
2026-02-10 15:15:00-05:00,5048.7001953125,5048.7001953125,5046.5,5047.2001953125,38,0.0,0.0
2026-02-10 15:16:00-05:00,5047.39990234375,5050.0,5047.39990234375,5049.60009765625,41,0.0,0.0
2026-02-10 15:17:00-05:00,5050.10009765625,5051.10009765625,5049.60009765625,5050.7998046875,54,0.0,0.0
2026-02-10 15:18:00-05:00,5050.60009765625,5056.7001953125,5050.39990234375,5056.10009765625,160,0.0,0.0
2026-02-10 15:19:00-05:00,5056.10009765625,5056.5,5055.10009765625,5055.60009765625,47,0.0,0.0
2026-02-10 15:20:00-05:00,5055.5,5056.2001953125,5055.5,5055.7001953125,32,0.0,0.0
2026-02-10 15:21:00-05:00,5055.2998046875,5056.10009765625,5055.0,5055.5,45,0.0,0.0
2026-02-10 15:22:00-05:00,5055.7998046875,5056.2001953125,5055.0,5056.2001953125,64,0.0,0.0
2026-02-10 15:23:00-05:00,5055.89990234375,5056.0,5052.10009765625,5052.7001953125,38,0.0,0.0
2026-02-10 15:24:00-05:00,5052.2998046875,5052.7998046875,5051.0,5051.0,39,0.0,0.0
2026-02-10 15:25:00-05:00,5050.2998046875,5051.5,5049.60009765625,5050.7998046875,48,0.0,0.0
2026-02-10 15:26:00-05:00,5050.39990234375,5050.39990234375,5046.60009765625,5046.89990234375,21,0.0,0.0
2026-02-10 15:27:00-05:00,5046.7998046875,5047.89990234375,5045.7998046875,5047.89990234375,50,0.0,0.0
2026-02-10 15:28:00-05:00,5048.2001953125,5049.89990234375,5047.89990234375,5049.89990234375,25,0.0,0.0
2026-02-10 15:29:00-05:00,5050.10009765625,5051.10009765625,5050.0,5051.0,38,0.0,0.0
2026-02-10 15:30:00-05:00,5051.10009765625,5051.10009765625,5050.0,5050.39990234375,59,0.0,0.0
2026-02-10 15:31:00-05:00,5050.7998046875,5052.7998046875,5050.7001953125,5051.5,46,0.0,0.0
2026-02-10 15:32:00-05:00,5051.5,5053.39990234375,5051.2998046875,5052.7998046875,45,0.0,0.0
2026-02-10 15:33:00-05:00,5052.7998046875,5052.7998046875,5051.89990234375,5051.89990234375,11,0.0,0.0
2026-02-10 15:34:00-05:00,5052.7998046875,5054.0,5052.7998046875,5053.10009765625,43,0.0,0.0
2026-02-10 15:35:00-05:00,5052.89990234375,5053.60009765625,5051.89990234375,5051.89990234375,39,0.0,0.0
2026-02-10 15:36:00-05:00,5052.60009765625,5053.60009765625,5052.10009765625,5053.2001953125,30,0.0,0.0
2026-02-10 15:37:00-05:00,5053.2998046875,5054.0,5052.89990234375,5052.89990234375,30,0.0,0.0
2026-02-10 15:38:00-05:00,5052.39990234375,5052.39990234375,5050.7001953125,5052.0,34,0.0,0.0
2026-02-10 15:39:00-05:00,5053.5,5054.0,5051.2001953125,5051.7998046875,63,0.0,0.0
2026-02-10 15:40:00-05:00,5052.0,5053.7001953125,5052.0,5053.2001953125,21,0.0,0.0
2026-02-10 15:41:00-05:00,5053.5,5056.2001953125,5053.2001953125,5056.2001953125,80,0.0,0.0
2026-02-10 15:42:00-05:00,5056.10009765625,5056.2998046875,5055.39990234375,5055.39990234375,48,0.0,0.0
2026-02-10 15:43:00-05:00,5055.39990234375,5057.0,5055.10009765625,5055.10009765625,56,0.0,0.0
2026-02-10 15:44:00-05:00,5055.5,5059.2998046875,5055.5,5058.7998046875,59,0.0,0.0
2026-02-10 15:45:00-05:00,5058.7998046875,5059.89990234375,5058.7998046875,5058.7998046875,41,0.0,0.0
2026-02-10 15:46:00-05:00,5058.2998046875,5058.60009765625,5056.89990234375,5058.39990234375,53,0.0,0.0
2026-02-10 15:47:00-05:00,5058.60009765625,5058.7998046875,5058.2001953125,5058.2001953125,15,0.0,0.0
2026-02-10 15:48:00-05:00,5058.2001953125,5068.89990234375,5058.2001953125,5063.7998046875,752,0.0,0.0
2026-02-10 15:49:00-05:00,5063.2998046875,5063.2998046875,5056.7998046875,5058.2998046875,287,0.0,0.0
2026-02-10 15:50:00-05:00,5058.10009765625,5060.7001953125,5056.7001953125,5059.2998046875,53,0.0,0.0
2026-02-10 15:51:00-05:00,5059.10009765625,5060.0,5055.89990234375,5058.10009765625,65,0.0,0.0
2026-02-10 15:52:00-05:00,5057.7998046875,5058.2001953125,5056.5,5058.2001953125,25,0.0,0.0
2026-02-10 15:53:00-05:00,5058.0,5058.0,5054.39990234375,5057.60009765625,94,0.0,0.0
2026-02-10 15:54:00-05:00,5058.0,5058.0,5056.2998046875,5056.89990234375,40,0.0,0.0
2026-02-10 15:55:00-05:00,5056.7001953125,5059.60009765625,5053.60009765625,5054.10009765625,94,0.0,0.0
2026-02-10 15:56:00-05:00,5055.10009765625,5055.10009765625,5052.60009765625,5053.39990234375,84,0.0,0.0
2026-02-10 15:57:00-05:00,5053.2001953125,5053.89990234375,5050.2998046875,5051.10009765625,63,0.0,0.0
2026-02-10 15:58:00-05:00,5050.89990234375,5055.7001953125,5050.2001953125,5054.2998046875,225,0.0,0.0
2026-02-10 15:59:00-05:00,5054.7001953125,5056.0,5052.39990234375,5052.89990234375,185,0.0,0.0
2026-02-10 16:00:00-05:00,5052.0,5054.60009765625,5050.39990234375,5053.0,143,0.0,0.0
2026-02-10 16:01:00-05:00,5052.7001953125,5055.0,5052.60009765625,5054.7001953125,38,0.0,0.0
2026-02-10 16:02:00-05:00,5054.2998046875,5054.7998046875,5052.10009765625,5052.39990234375,40,0.0,0.0
2026-02-10 16:03:00-05:00,5052.2998046875,5052.7998046875,5048.60009765625,5048.60009765625,45,0.0,0.0
2026-02-10 16:04:00-05:00,5049.2998046875,5051.2001953125,5049.2001953125,5051.0,30,0.0,0.0
2026-02-10 16:05:00-05:00,5050.60009765625,5051.10009765625,5049.60009765625,5050.10009765625,26,0.0,0.0
2026-02-10 16:06:00-05:00,5049.89990234375,5050.2998046875,5049.2998046875,5049.2998046875,9,0.0,0.0
2026-02-10 16:07:00-05:00,5049.7001953125,5051.0,5049.39990234375,5049.89990234375,21,0.0,0.0
2026-02-10 16:08:00-05:00,5049.5,5049.5,5049.2998046875,5049.39990234375,10,0.0,0.0
2026-02-10 16:09:00-05:00,5049.7001953125,5050.39990234375,5048.7998046875,5049.0,40,0.0,0.0
2026-02-10 16:10:00-05:00,5049.5,5049.89990234375,5048.39990234375,5048.39990234375,22,0.0,0.0
2026-02-10 16:11:00-05:00,5048.60009765625,5049.60009765625,5048.60009765625,5049.2998046875,3,0.0,0.0
2026-02-10 16:12:00-05:00,5049.89990234375,5050.5,5049.89990234375,5050.5,5,0.0,0.0
2026-02-10 16:13:00-05:00,5050.2001953125,5052.39990234375,5050.2001953125,5051.60009765625,8,0.0,0.0
2026-02-10 16:14:00-05:00,5051.60009765625,5052.10009765625,5051.39990234375,5052.0,13,0.0,0.0
2026-02-10 16:15:00-05:00,5051.0,5051.60009765625,5051.0,5051.60009765625,5,0.0,0.0
2026-02-10 16:16:00-05:00,5051.39990234375,5051.7001953125,5050.7998046875,5051.2998046875,10,0.0,0.0
2026-02-10 16:17:00-05:00,5050.7001953125,5051.39990234375,5050.5,5051.10009765625,11,0.0,0.0
2026-02-10 16:18:00-05:00,5051.5,5051.5,5050.2001953125,5050.7001953125,3,0.0,0.0
2026-02-10 16:19:00-05:00,5050.7001953125,5050.7001953125,5050.60009765625,5050.60009765625,9,0.0,0.0
2026-02-10 16:20:00-05:00,5050.60009765625,5050.60009765625,5049.89990234375,5049.89990234375,15,0.0,0.0
2026-02-10 16:21:00-05:00,5049.7998046875,5051.0,5049.7998046875,5050.10009765625,36,0.0,0.0
2026-02-10 16:22:00-05:00,5050.2001953125,5050.2001953125,5048.2001953125,5048.60009765625,35,0.0,0.0
2026-02-10 16:23:00-05:00,5048.7998046875,5049.39990234375,5048.7001953125,5048.7001953125,3,0.0,0.0
2026-02-10 16:24:00-05:00,5049.60009765625,5049.60009765625,5046.89990234375,5047.5,13,0.0,0.0
2026-02-10 16:25:00-05:00,5047.60009765625,5047.60009765625,5045.5,5046.2001953125,34,0.0,0.0
2026-02-10 16:26:00-05:00,5046.39990234375,5046.60009765625,5046.2998046875,5046.5,8,0.0,0.0
2026-02-10 16:27:00-05:00,5046.2998046875,5046.39990234375,5045.5,5046.0,11,0.0,0.0
2026-02-10 16:28:00-05:00,5046.0,5046.89990234375,5046.0,5046.2001953125,10,0.0,0.0
2026-02-10 16:29:00-05:00,5046.2998046875,5048.39990234375,5045.2001953125,5048.39990234375,18,0.0,0.0
2026-02-10 16:30:00-05:00,5048.0,5049.2001953125,5047.89990234375,5049.2001953125,11,0.0,0.0
2026-02-10 16:31:00-05:00,5049.10009765625,5050.7998046875,5049.10009765625,5050.7998046875,18,0.0,0.0
2026-02-10 16:32:00-05:00,5050.5,5050.7001953125,5050.0,5050.0,15,0.0,0.0
2026-02-10 16:33:00-05:00,5050.2998046875,5050.2998046875,5047.89990234375,5048.60009765625,15,0.0,0.0
2026-02-10 16:34:00-05:00,5049.0,5049.0,5048.5,5048.7998046875,5,0.0,0.0
2026-02-10 16:35:00-05:00,5048.7998046875,5049.2001953125,5048.7998046875,5049.2001953125,3,0.0,0.0
2026-02-10 16:36:00-05:00,5049.0,5049.60009765625,5048.0,5048.2001953125,16,0.0,0.0
2026-02-10 16:37:00-05:00,5048.39990234375,5048.39990234375,5048.2998046875,5048.2998046875,2,0.0,0.0
2026-02-10 16:38:00-05:00,5047.89990234375,5047.89990234375,5047.89990234375,5047.89990234375,1,0.0,0.0
2026-02-10 16:39:00-05:00,5048.0,5048.0,5047.5,5047.5,3,0.0,0.0
2026-02-10 16:40:00-05:00,5047.7001953125,5047.7001953125,5047.0,5047.2998046875,10,0.0,0.0
2026-02-10 16:41:00-05:00,5046.7998046875,5046.7998046875,5046.0,5046.7998046875,11,0.0,0.0
2026-02-10 16:42:00-05:00,5047.10009765625,5047.10009765625,5046.7998046875,5046.7998046875,2,0.0,0.0
2026-02-10 16:43:00-05:00,5047.5,5048.60009765625,5047.2001953125,5048.5,23,0.0,0.0
2026-02-10 16:44:00-05:00,5047.7001953125,5047.7001953125,5046.7998046875,5046.7998046875,5,0.0,0.0
2026-02-10 16:45:00-05:00,5047.2998046875,5047.7998046875,5046.39990234375,5046.7998046875,17,0.0,0.0
2026-02-10 16:46:00-05:00,5046.10009765625,5046.10009765625,5043.0,5043.0,25,0.0,0.0
2026-02-10 16:47:00-05:00,5043.5,5044.7001953125,5043.5,5043.7998046875,7,0.0,0.0
2026-02-10 16:48:00-05:00,5044.39990234375,5046.10009765625,5043.89990234375,5045.0,25,0.0,0.0
2026-02-10 16:49:00-05:00,5044.7001953125,5046.10009765625,5044.7001953125,5046.0,16,0.0,0.0
2026-02-10 16:50:00-05:00,5046.2001953125,5049.7001953125,5046.2001953125,5048.7998046875,56,0.0,0.0
2026-02-10 16:51:00-05:00,5049.0,5049.5,5049.0,5049.5,3,0.0,0.0
2026-02-10 16:52:00-05:00,5049.7998046875,5050.39990234375,5049.39990234375,5050.39990234375,10,0.0,0.0
2026-02-10 16:53:00-05:00,5049.7001953125,5049.7001953125,5048.7998046875,5049.39990234375,8,0.0,0.0
2026-02-10 16:54:00-05:00,5049.10009765625,5050.0,5048.2998046875,5049.10009765625,21,0.0,0.0
2026-02-10 16:55:00-05:00,5048.7001953125,5049.60009765625,5048.2998046875,5048.2998046875,8,0.0,0.0
2026-02-10 16:56:00-05:00,5048.2998046875,5049.0,5045.60009765625,5045.60009765625,21,0.0,0.0
2026-02-10 16:57:00-05:00,5045.10009765625,5045.10009765625,5044.2001953125,5044.2001953125,31,0.0,0.0
2026-02-10 16:58:00-05:00,5046.0,5047.7998046875,5046.0,5047.7998046875,8,0.0,0.0
2026-02-10 16:59:00-05:00,5047.7001953125,5048.89990234375,5047.60009765625,5047.89990234375,19,0.0,0.0
2026-02-10 18:00:00-05:00,5048.0,5050.7998046875,5046.2998046875,5048.7001953125,0,0.0,0.0
2026-02-10 18:01:00-05:00,5049.2998046875,5059.89990234375,5048.7001953125,5054.2998046875,120,0.0,0.0
2026-02-10 18:02:00-05:00,5055.7001953125,5055.7001953125,5052.0,5053.10009765625,29,0.0,0.0
2026-02-10 18:03:00-05:00,5054.10009765625,5059.0,5054.10009765625,5055.0,14,0.0,0.0
2026-02-10 18:04:00-05:00,5056.0,5059.0,5056.0,5056.89990234375,13,0.0,0.0
2026-02-10 18:05:00-05:00,5055.39990234375,5057.89990234375,5054.89990234375,5055.89990234375,16,0.0,0.0
2026-02-10 18:06:00-05:00,5055.60009765625,5060.0,5055.60009765625,5058.60009765625,20,0.0,0.0
2026-02-10 18:07:00-05:00,5058.0,5058.0,5050.89990234375,5052.60009765625,39,0.0,0.0
2026-02-10 18:08:00-05:00,5052.39990234375,5057.2998046875,5052.39990234375,5056.7001953125,22,0.0,0.0
2026-02-10 18:09:00-05:00,5057.2001953125,5057.39990234375,5056.2998046875,5056.2998046875,7,0.0,0.0
2026-02-10 18:10:00-05:00,5056.0,5057.2001953125,5055.39990234375,5056.0,8,0.0,0.0
2026-02-10 18:11:00-05:00,5056.5,5056.60009765625,5055.60009765625,5056.0,16,0.0,0.0
2026-02-10 18:12:00-05:00,5057.0,5058.10009765625,5056.89990234375,5056.89990234375,18,0.0,0.0
2026-02-10 18:13:00-05:00,5056.60009765625,5056.89990234375,5056.2001953125,5056.89990234375,14,0.0,0.0
2026-02-10 18:14:00-05:00,5056.7998046875,5056.7998046875,5056.7998046875,5056.7998046875,2,0.0,0.0
2026-02-10 18:15:00-05:00,5056.7998046875,5062.7001953125,5056.10009765625,5062.60009765625,56,0.0,0.0
2026-02-10 18:16:00-05:00,5062.7001953125,5063.39990234375,5061.2001953125,5061.60009765625,31,0.0,0.0
2026-02-10 18:17:00-05:00,5060.7998046875,5063.10009765625,5060.0,5062.7001953125,32,0.0,0.0
2026-02-10 18:18:00-05:00,5062.7001953125,5067.0,5062.7001953125,5063.7001953125,75,0.0,0.0
2026-02-10 18:19:00-05:00,5064.0,5066.60009765625,5063.39990234375,5066.2001953125,22,0.0,0.0
2026-02-10 18:20:00-05:00,5067.10009765625,5069.7998046875,5065.0,5068.89990234375,135,0.0,0.0
2026-02-10 18:21:00-05:00,5068.2001953125,5072.2998046875,5066.5,5069.89990234375,120,0.0,0.0
2026-02-10 18:22:00-05:00,5070.0,5074.2998046875,5070.0,5073.39990234375,74,0.0,0.0
2026-02-10 18:23:00-05:00,5073.10009765625,5077.39990234375,5072.0,5076.39990234375,121,0.0,0.0
2026-02-10 18:24:00-05:00,5075.39990234375,5076.2998046875,5069.39990234375,5070.7998046875,74,0.0,0.0
2026-02-10 18:25:00-05:00,5071.39990234375,5071.39990234375,5068.60009765625,5070.10009765625,34,0.0,0.0
2026-02-10 18:26:00-05:00,5069.89990234375,5070.2001953125,5068.7998046875,5069.2998046875,6,0.0,0.0
2026-02-10 18:27:00-05:00,5068.2998046875,5069.2998046875,5067.39990234375,5069.0,32,0.0,0.0
2026-02-10 18:28:00-05:00,5069.0,5070.5,5067.2998046875,5067.2998046875,18,0.0,0.0
2026-02-10 18:29:00-05:00,5067.2001953125,5070.10009765625,5066.2001953125,5070.10009765625,14,0.0,0.0
2026-02-10 18:30:00-05:00,5069.10009765625,5070.5,5068.2001953125,5068.60009765625,20,0.0,0.0
2026-02-10 18:31:00-05:00,5068.10009765625,5068.10009765625,5065.0,5067.2998046875,37,0.0,0.0
2026-02-10 18:32:00-05:00,5067.10009765625,5067.7998046875,5066.60009765625,5067.7998046875,8,0.0,0.0
2026-02-10 18:33:00-05:00,5067.2998046875,5067.39990234375,5065.10009765625,5065.2001953125,19,0.0,0.0
2026-02-10 18:34:00-05:00,5065.0,5065.2001953125,5063.0,5063.2998046875,28,0.0,0.0
2026-02-10 18:35:00-05:00,5062.89990234375,5064.89990234375,5062.0,5062.0,31,0.0,0.0
2026-02-10 18:36:00-05:00,5062.5,5063.89990234375,5061.0,5061.0,30,0.0,0.0
2026-02-10 18:37:00-05:00,5061.0,5063.10009765625,5061.0,5062.10009765625,31,0.0,0.0
2026-02-10 18:38:00-05:00,5062.2001953125,5065.39990234375,5062.2001953125,5065.39990234375,13,0.0,0.0
2026-02-10 18:39:00-05:00,5066.0,5067.7001953125,5065.10009765625,5065.7998046875,26,0.0,0.0
2026-02-10 18:40:00-05:00,5065.10009765625,5065.2998046875,5064.60009765625,5064.60009765625,7,0.0,0.0
2026-02-10 18:41:00-05:00,5065.0,5065.0,5065.0,5065.0,1,0.0,0.0
2026-02-10 18:42:00-05:00,5065.10009765625,5065.89990234375,5064.7001953125,5064.7001953125,8,0.0,0.0
2026-02-10 18:43:00-05:00,5065.10009765625,5065.2998046875,5064.89990234375,5065.2998046875,15,0.0,0.0
2026-02-10 18:44:00-05:00,5064.5,5065.2001953125,5064.39990234375,5065.0,4,0.0,0.0
2026-02-10 18:45:00-05:00,5065.39990234375,5067.60009765625,5065.39990234375,5066.7001953125,15,0.0,0.0
2026-02-10 18:46:00-05:00,5067.10009765625,5067.7001953125,5066.10009765625,5066.10009765625,6,0.0,0.0
2026-02-10 18:47:00-05:00,5066.0,5069.7998046875,5066.0,5069.5,77,0.0,0.0
2026-02-10 18:48:00-05:00,5069.10009765625,5069.10009765625,5064.5,5064.5,24,0.0,0.0
2026-02-10 18:49:00-05:00,5065.10009765625,5065.10009765625,5063.2998046875,5063.2998046875,6,0.0,0.0
2026-02-10 18:50:00-05:00,5063.10009765625,5065.10009765625,5062.60009765625,5065.10009765625,11,0.0,0.0
2026-02-10 18:51:00-05:00,5064.5,5064.7001953125,5063.89990234375,5064.7001953125,4,0.0,0.0
2026-02-10 18:53:00-05:00,5063.10009765625,5063.5,5062.0,5063.39990234375,27,0.0,0.0
2026-02-10 18:54:00-05:00,5063.0,5063.2001953125,5063.0,5063.0,3,0.0,0.0
2026-02-10 18:55:00-05:00,5063.0,5063.0,5061.89990234375,5062.2001953125,10,0.0,0.0
2026-02-10 18:56:00-05:00,5061.7998046875,5063.7998046875,5061.7998046875,5063.60009765625,12,0.0,0.0
2026-02-10 18:57:00-05:00,5063.2998046875,5064.0,5063.10009765625,5063.10009765625,8,0.0,0.0
2026-02-10 18:58:00-05:00,5063.2001953125,5064.2998046875,5063.2001953125,5064.2998046875,5,0.0,0.0
2026-02-10 18:59:00-05:00,5064.0,5065.0,5063.7001953125,5064.10009765625,16,0.0,0.0
2026-02-10 19:00:00-05:00,5064.7001953125,5066.89990234375,5062.39990234375,5066.39990234375,71,0.0,0.0
2026-02-10 19:01:00-05:00,5065.60009765625,5066.5,5064.0,5065.2001953125,79,0.0,0.0
2026-02-10 19:02:00-05:00,5064.7998046875,5065.10009765625,5064.0,5064.0,6,0.0,0.0
2026-02-10 19:03:00-05:00,5063.7998046875,5063.7998046875,5062.2001953125,5063.2001953125,21,0.0,0.0
2026-02-10 19:04:00-05:00,5063.2998046875,5063.7998046875,5060.39990234375,5061.7001953125,46,0.0,0.0
2026-02-10 19:05:00-05:00,5062.2998046875,5062.5,5061.0,5061.0,15,0.0,0.0
2026-02-10 19:06:00-05:00,5061.7998046875,5061.7998046875,5058.0,5060.10009765625,75,0.0,0.0
2026-02-10 19:07:00-05:00,5060.39990234375,5063.39990234375,5060.10009765625,5063.0,49,0.0,0.0
2026-02-10 19:08:00-05:00,5063.60009765625,5067.60009765625,5063.60009765625,5064.7001953125,65,0.0,0.0
2026-02-10 19:09:00-05:00,5064.89990234375,5064.89990234375,5062.2998046875,5062.2998046875,32,0.0,0.0
2026-02-10 19:10:00-05:00,5061.7998046875,5061.7998046875,5056.89990234375,5057.7001953125,35,0.0,0.0
2026-02-10 19:11:00-05:00,5059.0,5059.0,5053.2001953125,5057.5,93,0.0,0.0
2026-02-10 19:12:00-05:00,5057.7001953125,5060.7998046875,5057.60009765625,5060.7998046875,76,0.0,0.0
2026-02-10 19:13:00-05:00,5060.89990234375,5064.60009765625,5060.2998046875,5060.2998046875,54,0.0,0.0
2026-02-10 19:14:00-05:00,5060.39990234375,5060.39990234375,5056.60009765625,5056.60009765625,45,0.0,0.0
2026-02-10 19:15:00-05:00,5056.5,5056.5,5052.39990234375,5056.0,100,0.0,0.0
2026-02-10 19:16:00-05:00,5056.0,5057.7998046875,5052.10009765625,5052.10009765625,48,0.0,0.0
2026-02-10 19:17:00-05:00,5051.89990234375,5057.10009765625,5050.89990234375,5056.5,83,0.0,0.0
2026-02-10 19:18:00-05:00,5056.2001953125,5063.60009765625,5056.2001953125,5062.10009765625,101,0.0,0.0
2026-02-10 19:19:00-05:00,5060.89990234375,5061.39990234375,5059.10009765625,5061.39990234375,14,0.0,0.0
2026-02-10 19:20:00-05:00,5061.0,5061.60009765625,5059.10009765625,5061.5,8,0.0,0.0
2026-02-10 19:21:00-05:00,5061.5,5061.5,5060.10009765625,5060.10009765625,5,0.0,0.0
2026-02-10 19:22:00-05:00,5059.60009765625,5059.60009765625,5057.89990234375,5058.7001953125,24,0.0,0.0
2026-02-10 19:23:00-05:00,5057.89990234375,5059.0,5054.89990234375,5059.0,55,0.0,0.0
2026-02-10 19:24:00-05:00,5060.7001953125,5062.5,5059.2001953125,5061.89990234375,30,0.0,0.0
2026-02-10 19:25:00-05:00,5061.2998046875,5061.2998046875,5059.7001953125,5061.10009765625,7,0.0,0.0
2026-02-10 19:26:00-05:00,5061.5,5062.60009765625,5060.5,5062.0,12,0.0,0.0
2026-02-10 19:27:00-05:00,5062.5,5062.5,5060.0,5061.5,39,0.0,0.0
2026-02-10 19:28:00-05:00,5062.0,5062.0,5060.60009765625,5060.60009765625,5,0.0,0.0
2026-02-10 19:29:00-05:00,5062.10009765625,5063.5,5061.7998046875,5061.89990234375,10,0.0,0.0
2026-02-10 19:30:00-05:00,5063.2998046875,5065.7998046875,5062.2998046875,5064.2001953125,41,0.0,0.0
2026-02-10 19:31:00-05:00,5064.60009765625,5068.10009765625,5064.60009765625,5066.0,38,0.0,0.0
2026-02-10 19:32:00-05:00,5065.0,5068.0,5065.0,5067.39990234375,22,0.0,0.0
2026-02-10 19:33:00-05:00,5066.7998046875,5068.2001953125,5065.7998046875,5068.2001953125,17,0.0,0.0
2026-02-10 19:34:00-05:00,5067.7001953125,5069.39990234375,5067.7001953125,5069.39990234375,10,0.0,0.0
2026-02-10 19:35:00-05:00,5069.60009765625,5069.7998046875,5067.2998046875,5068.89990234375,20,0.0,0.0
2026-02-10 19:36:00-05:00,5069.39990234375,5071.10009765625,5069.2998046875,5070.89990234375,38,0.0,0.0
2026-02-10 19:37:00-05:00,5070.89990234375,5072.10009765625,5069.7001953125,5071.2001953125,51,0.0,0.0
2026-02-10 19:38:00-05:00,5070.89990234375,5072.0,5070.2001953125,5071.39990234375,27,0.0,0.0
2026-02-10 19:42:00-05:00,5068.0,5068.0,5068.0,5068.0,67,0.0,0.0
2026-02-10 19:43:00-05:00,5068.10009765625,5070.2998046875,5068.0,5068.0,22,0.0,0.0
2026-02-10 19:44:00-05:00,5067.7998046875,5067.7998046875,5062.10009765625,5064.7001953125,84,0.0,0.0
2026-02-10 19:45:00-05:00,5064.0,5065.2001953125,5063.0,5063.39990234375,18,0.0,0.0
2026-02-10 19:46:00-05:00,5063.39990234375,5064.39990234375,5059.60009765625,5062.7001953125,87,0.0,0.0
2026-02-10 19:47:00-05:00,5063.0,5065.0,5061.60009765625,5062.7001953125,73,0.0,0.0
2026-02-10 19:48:00-05:00,5063.5,5063.5,5057.7001953125,5059.2001953125,40,0.0,0.0
2026-02-10 19:49:00-05:00,5059.2998046875,5059.7998046875,5057.7998046875,5058.89990234375,21,0.0,0.0
2026-02-10 19:50:00-05:00,5059.0,5061.7001953125,5058.5,5058.5,26,0.0,0.0
2026-02-10 19:51:00-05:00,5059.39990234375,5060.60009765625,5057.60009765625,5060.60009765625,18,0.0,0.0
2026-02-10 19:52:00-05:00,5060.5,5062.2998046875,5058.60009765625,5059.7998046875,33,0.0,0.0
2026-02-10 19:53:00-05:00,5059.39990234375,5062.2998046875,5059.39990234375,5061.7001953125,24,0.0,0.0
2026-02-10 19:54:00-05:00,5062.39990234375,5062.39990234375,5061.10009765625,5061.39990234375,9,0.0,0.0
2026-02-10 19:55:00-05:00,5062.5,5062.5,5060.89990234375,5060.89990234375,4,0.0,0.0
2026-02-10 19:56:00-05:00,5060.2998046875,5060.2998046875,5058.0,5059.2998046875,16,0.0,0.0
2026-02-10 19:57:00-05:00,5060.10009765625,5060.7001953125,5059.2998046875,5060.7001953125,15,0.0,0.0
2026-02-10 19:58:00-05:00,5059.5,5060.2001953125,5059.2998046875,5060.2001953125,9,0.0,0.0
2026-02-10 19:59:00-05:00,5061.2998046875,5062.0,5059.5,5060.89990234375,33,0.0,0.0
2026-02-10 20:00:00-05:00,5060.39990234375,5064.0,5053.39990234375,5063.10009765625,159,0.0,0.0
2026-02-10 20:01:00-05:00,5062.7001953125,5068.39990234375,5059.39990234375,5067.7998046875,113,0.0,0.0
2026-02-10 20:02:00-05:00,5067.10009765625,5068.0,5062.7001953125,5067.0,76,0.0,0.0
2026-02-10 20:03:00-05:00,5068.2001953125,5070.0,5066.89990234375,5067.89990234375,64,0.0,0.0
2026-02-10 20:04:00-05:00,5068.10009765625,5070.2001953125,5065.7001953125,5068.10009765625,59,0.0,0.0
2026-02-10 20:05:00-05:00,5066.7998046875,5068.0,5063.2001953125,5064.10009765625,38,0.0,0.0
2026-02-10 20:06:00-05:00,5063.7001953125,5066.39990234375,5063.7001953125,5066.39990234375,33,0.0,0.0
2026-02-10 20:07:00-05:00,5065.2998046875,5068.0,5060.60009765625,5063.2001953125,36,0.0,0.0
2026-02-10 20:08:00-05:00,5062.10009765625,5062.2998046875,5059.2998046875,5062.2998046875,22,0.0,0.0
2026-02-10 20:09:00-05:00,5061.89990234375,5065.7001953125,5060.0,5064.7998046875,22,0.0,0.0
2026-02-10 20:10:00-05:00,5064.5,5065.2998046875,5061.2998046875,5061.2998046875,14,0.0,0.0
2026-02-10 20:11:00-05:00,5062.7998046875,5062.89990234375,5061.0,5061.0,11,0.0,0.0
2026-02-10 20:12:00-05:00,5063.10009765625,5067.2001953125,5061.7001953125,5066.89990234375,25,0.0,0.0
2026-02-10 20:13:00-05:00,5066.7001953125,5070.2001953125,5066.60009765625,5068.10009765625,36,0.0,0.0
2026-02-10 20:14:00-05:00,5068.39990234375,5068.5,5063.7001953125,5063.7001953125,41,0.0,0.0
2026-02-10 20:15:00-05:00,5065.2001953125,5068.89990234375,5065.2001953125,5066.89990234375,29,0.0,0.0
2026-02-10 20:16:00-05:00,5067.2998046875,5067.5,5067.2998046875,5067.5,3,0.0,0.0
2026-02-10 20:17:00-05:00,5067.10009765625,5067.10009765625,5062.7001953125,5063.7001953125,42,0.0,0.0
2026-02-10 20:18:00-05:00,5062.0,5062.0,5059.7998046875,5060.7998046875,35,0.0,0.0
2026-02-10 20:19:00-05:00,5061.39990234375,5062.7998046875,5060.7001953125,5061.10009765625,41,0.0,0.0
2026-02-10 20:20:00-05:00,5060.60009765625,5062.7001953125,5059.7001953125,5061.0,74,0.0,0.0
2026-02-10 20:21:00-05:00,5061.0,5061.89990234375,5060.0,5060.0,16,0.0,0.0
2026-02-10 20:22:00-05:00,5059.5,5060.2001953125,5058.5,5059.39990234375,18,0.0,0.0
2026-02-10 20:23:00-05:00,5059.39990234375,5062.39990234375,5059.39990234375,5062.10009765625,28,0.0,0.0
2026-02-10 20:24:00-05:00,5062.0,5062.0,5059.89990234375,5060.7998046875,12,0.0,0.0
2026-02-10 20:25:00-05:00,5060.5,5060.5,5058.2001953125,5058.2001953125,18,0.0,0.0
2026-02-10 20:26:00-05:00,5059.0,5059.89990234375,5058.0,5058.0,24,0.0,0.0
2026-02-10 20:27:00-05:00,5059.10009765625,5059.7001953125,5056.39990234375,5057.7001953125,42,0.0,0.0
2026-02-10 20:28:00-05:00,5057.7001953125,5059.5,5057.7001953125,5059.5,13,0.0,0.0
2026-02-10 20:29:00-05:00,5059.60009765625,5061.7001953125,5059.60009765625,5060.39990234375,20,0.0,0.0
2026-02-10 20:30:00-05:00,5060.5,5062.60009765625,5059.60009765625,5062.0,56,0.0,0.0
2026-02-10 20:31:00-05:00,5061.10009765625,5061.10009765625,5059.10009765625,5059.2998046875,9,0.0,0.0
2026-02-10 20:32:00-05:00,5059.0,5059.0,5055.2001953125,5055.7001953125,26,0.0,0.0
2026-02-10 20:33:00-05:00,5055.2998046875,5062.7998046875,5055.2998046875,5062.5,54,0.0,0.0
2026-02-10 20:34:00-05:00,5062.10009765625,5064.89990234375,5061.60009765625,5063.0,47,0.0,0.0
2026-02-10 20:35:00-05:00,5063.10009765625,5064.2001953125,5063.10009765625,5064.10009765625,10,0.0,0.0
2026-02-10 20:36:00-05:00,5064.2001953125,5065.2001953125,5062.10009765625,5064.5,32,0.0,0.0
2026-02-10 20:37:00-05:00,5064.0,5064.0,5062.7998046875,5063.0,11,0.0,0.0
2026-02-10 20:38:00-05:00,5063.0,5065.10009765625,5062.7998046875,5065.10009765625,23,0.0,0.0
2026-02-10 20:39:00-05:00,5065.10009765625,5065.2998046875,5064.2001953125,5064.7001953125,13,0.0,0.0
2026-02-10 20:40:00-05:00,5064.2998046875,5068.39990234375,5064.10009765625,5068.2998046875,65,0.0,0.0
2026-02-10 20:41:00-05:00,5068.10009765625,5068.10009765625,5066.5,5067.10009765625,30,0.0,0.0
2026-02-10 20:42:00-05:00,5066.7998046875,5066.7998046875,5065.60009765625,5066.60009765625,11,0.0,0.0
2026-02-10 20:43:00-05:00,5066.0,5067.5,5065.7998046875,5067.5,18,0.0,0.0
2026-02-10 20:44:00-05:00,5067.7998046875,5068.60009765625,5066.5,5066.60009765625,47,0.0,0.0
2026-02-10 20:45:00-05:00,5066.10009765625,5069.10009765625,5066.10009765625,5067.7001953125,43,0.0,0.0
2026-02-10 20:46:00-05:00,5068.39990234375,5068.89990234375,5065.60009765625,5066.0,37,0.0,0.0
2026-02-10 20:47:00-05:00,5066.5,5066.5,5064.2001953125,5064.60009765625,65,0.0,0.0
2026-02-10 20:48:00-05:00,5066.0,5068.5,5066.0,5067.89990234375,36,0.0,0.0
2026-02-10 20:49:00-05:00,5068.5,5071.7998046875,5067.2001953125,5071.60009765625,79,0.0,0.0
2026-02-10 20:50:00-05:00,5071.0,5071.0,5065.60009765625,5066.5,73,0.0,0.0
2026-02-10 20:51:00-05:00,5066.10009765625,5066.10009765625,5063.7998046875,5064.2001953125,31,0.0,0.0
2026-02-10 20:52:00-05:00,5065.2998046875,5067.0,5064.89990234375,5067.0,31,0.0,0.0
2026-02-10 20:53:00-05:00,5068.10009765625,5073.2001953125,5068.10009765625,5069.39990234375,102,0.0,0.0
2026-02-10 20:54:00-05:00,5069.2998046875,5072.60009765625,5069.2001953125,5072.60009765625,22,0.0,0.0
2026-02-10 20:55:00-05:00,5071.89990234375,5073.0,5069.7001953125,5072.2998046875,78,0.0,0.0
2026-02-10 20:56:00-05:00,5072.5,5073.5,5070.60009765625,5071.7001953125,48,0.0,0.0
2026-02-10 20:57:00-05:00,5072.2998046875,5074.0,5072.10009765625,5073.7001953125,39,0.0,0.0
2026-02-10 20:58:00-05:00,5074.0,5075.0,5073.2001953125,5074.5,36,0.0,0.0
2026-02-10 20:59:00-05:00,5074.0,5075.89990234375,5074.0,5075.0,29,0.0,0.0
2026-02-10 21:00:00-05:00,5075.60009765625,5075.89990234375,5073.10009765625,5073.89990234375,31,0.0,0.0
2026-02-10 21:01:00-05:00,5074.7998046875,5079.89990234375,5073.7001953125,5073.7001953125,208,0.0,0.0
2026-02-10 21:02:00-05:00,5073.5,5073.5,5066.0,5066.0,120,0.0,0.0
2026-02-10 21:03:00-05:00,5067.7001953125,5070.2998046875,5067.10009765625,5069.5,47,0.0,0.0
2026-02-10 21:04:00-05:00,5069.2001953125,5069.2001953125,5066.2998046875,5066.5,34,0.0,0.0
2026-02-10 21:05:00-05:00,5067.10009765625,5068.5,5067.0,5067.7001953125,19,0.0,0.0
2026-02-10 21:06:00-05:00,5067.0,5067.0,5059.10009765625,5063.10009765625,103,0.0,0.0
2026-02-10 21:07:00-05:00,5061.89990234375,5063.2001953125,5061.0,5062.60009765625,24,0.0,0.0
2026-02-10 21:08:00-05:00,5063.0,5066.7998046875,5062.7001953125,5065.10009765625,58,0.0,0.0
2026-02-10 21:09:00-05:00,5065.2998046875,5065.2998046875,5063.39990234375,5064.0,21,0.0,0.0
2026-02-10 21:10:00-05:00,5064.2998046875,5065.60009765625,5062.5,5063.10009765625,21,0.0,0.0
2026-02-10 21:11:00-05:00,5062.7001953125,5063.2001953125,5061.0,5063.2001953125,28,0.0,0.0
2026-02-10 21:12:00-05:00,5062.60009765625,5062.60009765625,5059.89990234375,5061.39990234375,42,0.0,0.0
2026-02-10 21:13:00-05:00,5061.10009765625,5061.7998046875,5059.0,5059.0,38,0.0,0.0
2026-02-10 21:14:00-05:00,5060.2001953125,5061.2001953125,5058.0,5059.89990234375,45,0.0,0.0
2026-02-10 21:15:00-05:00,5059.7998046875,5059.7998046875,5055.60009765625,5058.0,82,0.0,0.0
2026-02-10 21:16:00-05:00,5058.2998046875,5064.60009765625,5058.2998046875,5064.60009765625,83,0.0,0.0
2026-02-10 21:17:00-05:00,5064.89990234375,5065.89990234375,5064.2001953125,5065.2001953125,41,0.0,0.0
2026-02-10 21:18:00-05:00,5065.7998046875,5070.0,5065.7998046875,5068.60009765625,94,0.0,0.0
2026-02-10 21:19:00-05:00,5068.0,5068.0,5066.10009765625,5067.7001953125,31,0.0,0.0
2026-02-10 21:20:00-05:00,5067.5,5069.2001953125,5066.39990234375,5067.39990234375,33,0.0,0.0
2026-02-10 21:21:00-05:00,5067.0,5068.2998046875,5066.7001953125,5067.89990234375,14,0.0,0.0
2026-02-10 21:22:00-05:00,5068.10009765625,5068.39990234375,5067.7998046875,5068.39990234375,6,0.0,0.0
2026-02-10 21:23:00-05:00,5068.7001953125,5070.0,5068.0,5068.2001953125,35,0.0,0.0
2026-02-10 21:24:00-05:00,5068.0,5068.60009765625,5065.0,5065.10009765625,27,0.0,0.0
2026-02-10 21:25:00-05:00,5064.89990234375,5065.89990234375,5064.2001953125,5065.89990234375,18,0.0,0.0
2026-02-10 21:26:00-05:00,5065.2998046875,5067.7001953125,5065.2998046875,5067.7001953125,47,0.0,0.0
2026-02-10 21:27:00-05:00,5067.7001953125,5068.0,5066.2001953125,5066.2001953125,26,0.0,0.0
2026-02-10 21:28:00-05:00,5066.2001953125,5066.39990234375,5065.7001953125,5065.7001953125,5,0.0,0.0
2026-02-10 21:29:00-05:00,5065.7001953125,5065.7001953125,5065.0,5065.0,5,0.0,0.0
2026-02-10 21:30:00-05:00,5064.7998046875,5067.2998046875,5064.7001953125,5067.2998046875,38,0.0,0.0
2026-02-10 21:31:00-05:00,5067.7001953125,5068.10009765625,5066.60009765625,5066.89990234375,10,0.0,0.0
2026-02-10 21:32:00-05:00,5066.7998046875,5066.7998046875,5066.60009765625,5066.60009765625,2,0.0,0.0
2026-02-10 21:33:00-05:00,5066.7998046875,5070.2001953125,5066.7998046875,5068.5,42,0.0,0.0
2026-02-10 21:34:00-05:00,5069.0,5069.2001953125,5068.2998046875,5068.2998046875,14,0.0,0.0
2026-02-10 21:35:00-05:00,5069.0,5070.0,5068.60009765625,5068.7001953125,15,0.0,0.0
2026-02-10 21:36:00-05:00,5069.10009765625,5070.7001953125,5069.10009765625,5069.7001953125,15,0.0,0.0
2026-02-10 21:37:00-05:00,5070.2998046875,5070.89990234375,5069.7001953125,5070.2998046875,9,0.0,0.0
2026-02-10 21:38:00-05:00,5070.7998046875,5072.0,5070.0,5070.0,20,0.0,0.0
2026-02-10 21:39:00-05:00,5070.0,5071.7001953125,5070.0,5071.5,26,0.0,0.0
2026-02-10 21:40:00-05:00,5071.60009765625,5072.0,5071.2998046875,5071.39990234375,13,0.0,0.0
2026-02-10 21:41:00-05:00,5071.60009765625,5072.89990234375,5071.60009765625,5072.2998046875,14,0.0,0.0
2026-02-10 21:42:00-05:00,5073.10009765625,5074.60009765625,5073.0,5074.5,36,0.0,0.0
2026-02-10 21:43:00-05:00,5074.7998046875,5075.60009765625,5074.0,5075.2998046875,49,0.0,0.0
2026-02-10 21:44:00-05:00,5075.60009765625,5077.39990234375,5075.39990234375,5077.39990234375,60,0.0,0.0
2026-02-10 21:45:00-05:00,5077.39990234375,5077.60009765625,5076.0,5077.0,81,0.0,0.0
2026-02-10 21:46:00-05:00,5076.5,5079.7998046875,5076.39990234375,5078.60009765625,97,0.0,0.0
2026-02-10 21:47:00-05:00,5078.7998046875,5078.7998046875,5076.0,5077.60009765625,102,0.0,0.0
2026-02-10 21:48:00-05:00,5077.10009765625,5077.60009765625,5074.2001953125,5075.5,66,0.0,0.0
2026-02-10 21:49:00-05:00,5076.10009765625,5076.89990234375,5074.10009765625,5076.89990234375,60,0.0,0.0
2026-02-10 21:50:00-05:00,5076.2001953125,5080.7001953125,5076.2001953125,5078.5,119,0.0,0.0
2026-02-10 21:51:00-05:00,5078.60009765625,5079.7001953125,5078.10009765625,5079.7001953125,24,0.0,0.0
2026-02-10 21:52:00-05:00,5079.0,5080.7998046875,5077.7998046875,5078.0,44,0.0,0.0
2026-02-10 21:53:00-05:00,5078.60009765625,5079.5,5078.60009765625,5078.89990234375,24,0.0,0.0
2026-02-10 21:54:00-05:00,5077.89990234375,5079.2001953125,5077.5,5079.2001953125,21,0.0,0.0
2026-02-10 21:55:00-05:00,5079.39990234375,5081.0,5078.89990234375,5079.10009765625,41,0.0,0.0
2026-02-10 21:56:00-05:00,5078.89990234375,5078.89990234375,5077.0,5077.5,19,0.0,0.0
2026-02-10 21:57:00-05:00,5077.5,5078.10009765625,5076.2001953125,5077.2998046875,28,0.0,0.0
2026-02-10 21:58:00-05:00,5077.2001953125,5078.10009765625,5076.7998046875,5076.7998046875,6,0.0,0.0
2026-02-10 21:59:00-05:00,5076.89990234375,5079.2001953125,5076.5,5079.2001953125,22,0.0,0.0
2026-02-10 22:00:00-05:00,5078.60009765625,5079.0,5074.89990234375,5076.0,77,0.0,0.0
2026-02-10 22:01:00-05:00,5075.7001953125,5077.60009765625,5075.39990234375,5076.2001953125,36,0.0,0.0
2026-02-10 22:02:00-05:00,5076.10009765625,5079.5,5076.10009765625,5078.89990234375,42,0.0,0.0
2026-02-10 22:03:00-05:00,5079.39990234375,5079.7001953125,5077.5,5077.5,28,0.0,0.0
2026-02-10 22:04:00-05:00,5077.2001953125,5078.0,5076.0,5076.2001953125,20,0.0,0.0
2026-02-10 22:05:00-05:00,5076.89990234375,5076.89990234375,5073.89990234375,5075.10009765625,49,0.0,0.0
2026-02-10 22:06:00-05:00,5073.89990234375,5074.7001953125,5073.0,5073.7001953125,26,0.0,0.0
2026-02-10 22:07:00-05:00,5073.89990234375,5075.5,5072.7998046875,5074.2998046875,34,0.0,0.0
2026-02-10 22:08:00-05:00,5074.2001953125,5075.0,5073.89990234375,5074.60009765625,21,0.0,0.0
2026-02-10 22:09:00-05:00,5074.39990234375,5077.10009765625,5074.39990234375,5077.10009765625,5,0.0,0.0
2026-02-10 22:10:00-05:00,5076.39990234375,5076.7998046875,5074.7001953125,5074.89990234375,22,0.0,0.0
2026-02-10 22:11:00-05:00,5074.2001953125,5076.2001953125,5074.2001953125,5075.89990234375,12,0.0,0.0
2026-02-10 22:12:00-05:00,5076.0,5076.2001953125,5074.2998046875,5074.2998046875,13,0.0,0.0
2026-02-10 22:13:00-05:00,5074.10009765625,5075.89990234375,5073.2001953125,5074.10009765625,43,0.0,0.0
2026-02-10 22:14:00-05:00,5074.7998046875,5074.89990234375,5072.39990234375,5072.39990234375,22,0.0,0.0
2026-02-10 22:15:00-05:00,5073.10009765625,5073.10009765625,5070.7998046875,5071.2001953125,32,0.0,0.0
2026-02-10 22:16:00-05:00,5071.39990234375,5071.89990234375,5068.60009765625,5069.10009765625,51,0.0,0.0
2026-02-10 22:17:00-05:00,5069.60009765625,5073.7001953125,5068.2001953125,5072.10009765625,93,0.0,0.0
2026-02-10 22:18:00-05:00,5072.89990234375,5073.5,5072.10009765625,5072.7998046875,15,0.0,0.0
2026-02-10 22:19:00-05:00,5072.7998046875,5073.0,5072.0,5072.7998046875,11,0.0,0.0
2026-02-10 22:20:00-05:00,5073.60009765625,5074.7001953125,5073.60009765625,5074.39990234375,13,0.0,0.0
2026-02-10 22:21:00-05:00,5074.39990234375,5076.89990234375,5074.39990234375,5075.89990234375,85,0.0,0.0
2026-02-10 22:22:00-05:00,5075.10009765625,5080.0,5074.7001953125,5079.5,68,0.0,0.0
2026-02-10 22:23:00-05:00,5079.2998046875,5082.0,5079.10009765625,5081.2998046875,94,0.0,0.0
2026-02-10 22:24:00-05:00,5080.2001953125,5082.0,5079.60009765625,5079.60009765625,19,0.0,0.0
2026-02-10 22:25:00-05:00,5079.2001953125,5080.89990234375,5077.60009765625,5080.10009765625,24,0.0,0.0
2026-02-10 22:26:00-05:00,5080.39990234375,5081.5,5079.89990234375,5081.0,50,0.0,0.0
2026-02-10 22:27:00-05:00,5080.7001953125,5081.7001953125,5079.7998046875,5081.7001953125,20,0.0,0.0
2026-02-10 22:28:00-05:00,5082.0,5082.7998046875,5080.0,5080.0,57,0.0,0.0
2026-02-10 22:29:00-05:00,5080.0,5080.60009765625,5078.89990234375,5080.39990234375,44,0.0,0.0
2026-02-10 22:30:00-05:00,5080.2998046875,5082.7998046875,5079.89990234375,5082.0,32,0.0,0.0
2026-02-10 22:31:00-05:00,5081.89990234375,5083.5,5081.7998046875,5083.5,55,0.0,0.0
2026-02-10 22:32:00-05:00,5083.89990234375,5084.5,5082.60009765625,5082.60009765625,39,0.0,0.0
2026-02-10 22:33:00-05:00,5083.0,5083.0,5080.10009765625,5080.10009765625,42,0.0,0.0
2026-02-10 22:34:00-05:00,5080.60009765625,5080.7001953125,5077.10009765625,5078.0,76,0.0,0.0
2026-02-10 22:35:00-05:00,5077.2998046875,5080.10009765625,5077.2998046875,5079.7998046875,52,0.0,0.0
2026-02-10 22:36:00-05:00,5079.60009765625,5080.10009765625,5078.7001953125,5078.89990234375,26,0.0,0.0
2026-02-10 22:37:00-05:00,5079.39990234375,5080.0,5079.0,5079.7001953125,11,0.0,0.0
2026-02-10 22:38:00-05:00,5079.39990234375,5079.39990234375,5079.2998046875,5079.2998046875,2,0.0,0.0
2026-02-10 22:39:00-05:00,5079.7001953125,5079.89990234375,5079.0,5079.0,9,0.0,0.0
2026-02-10 22:40:00-05:00,5080.2001953125,5080.2001953125,5079.5,5079.5,6,0.0,0.0
2026-02-10 22:41:00-05:00,5080.10009765625,5083.10009765625,5080.10009765625,5081.39990234375,87,0.0,0.0
2026-02-10 22:42:00-05:00,5082.10009765625,5082.7998046875,5082.0,5082.7998046875,15,0.0,0.0
2026-02-10 22:43:00-05:00,5082.5,5082.60009765625,5080.0,5080.10009765625,34,0.0,0.0
2026-02-10 22:44:00-05:00,5081.10009765625,5082.2998046875,5081.10009765625,5082.2998046875,26,0.0,0.0
2026-02-10 22:45:00-05:00,5082.89990234375,5083.2001953125,5081.60009765625,5081.60009765625,20,0.0,0.0
2026-02-10 22:46:00-05:00,5082.39990234375,5084.5,5082.39990234375,5082.7998046875,69,0.0,0.0
2026-02-10 22:47:00-05:00,5083.39990234375,5085.0,5083.39990234375,5084.2001953125,69,0.0,0.0
2026-02-10 22:48:00-05:00,5083.89990234375,5083.89990234375,5081.39990234375,5081.39990234375,40,0.0,0.0
2026-02-10 22:49:00-05:00,5081.2001953125,5083.0,5081.2001953125,5082.2998046875,34,0.0,0.0
2026-02-10 22:50:00-05:00,5082.2001953125,5082.2001953125,5080.60009765625,5081.39990234375,32,0.0,0.0
2026-02-10 22:51:00-05:00,5080.7998046875,5080.89990234375,5080.7998046875,5080.89990234375,2,0.0,0.0
2026-02-10 22:52:00-05:00,5080.10009765625,5080.10009765625,5078.5,5079.39990234375,21,0.0,0.0
2026-02-10 22:53:00-05:00,5079.0,5080.10009765625,5079.0,5079.0,14,0.0,0.0
2026-02-10 22:54:00-05:00,5079.5,5079.5,5078.10009765625,5079.0,37,0.0,0.0
2026-02-10 22:55:00-05:00,5078.7998046875,5079.7998046875,5078.0,5079.7998046875,25,0.0,0.0
2026-02-10 22:56:00-05:00,5079.7998046875,5079.7998046875,5078.7001953125,5078.7998046875,7,0.0,0.0
2026-02-10 22:57:00-05:00,5078.10009765625,5078.10009765625,5077.2998046875,5078.0,13,0.0,0.0
2026-02-10 22:58:00-05:00,5078.39990234375,5078.39990234375,5078.2001953125,5078.2001953125,2,0.0,0.0
2026-02-10 22:59:00-05:00,5079.0,5079.0,5079.0,5079.0,1,0.0,0.0
2026-02-10 23:00:00-05:00,5078.60009765625,5081.2001953125,5078.60009765625,5080.7001953125,124,0.0,0.0
2026-02-10 23:01:00-05:00,5080.0,5082.7001953125,5080.0,5081.89990234375,29,0.0,0.0
2026-02-10 23:02:00-05:00,5081.2998046875,5081.39990234375,5080.7998046875,5080.7998046875,4,0.0,0.0
2026-02-10 23:03:00-05:00,5081.0,5081.2001953125,5080.5,5080.5,5,0.0,0.0
2026-02-10 23:04:00-05:00,5080.2001953125,5080.7001953125,5080.0,5080.60009765625,20,0.0,0.0
2026-02-10 23:05:00-05:00,5080.60009765625,5080.7001953125,5080.60009765625,5080.60009765625,5,0.0,0.0
2026-02-10 23:06:00-05:00,5080.60009765625,5080.60009765625,5079.89990234375,5079.89990234375,5,0.0,0.0
2026-02-10 23:07:00-05:00,5079.89990234375,5080.0,5079.0,5079.89990234375,23,0.0,0.0
2026-02-10 23:08:00-05:00,5079.7998046875,5080.0,5078.39990234375,5078.89990234375,10,0.0,0.0
2026-02-10 23:09:00-05:00,5078.0,5079.2998046875,5077.7998046875,5079.2998046875,9,0.0,0.0
2026-02-10 23:10:00-05:00,5079.0,5079.0,5078.0,5078.0,7,0.0,0.0
2026-02-10 23:11:00-05:00,5077.60009765625,5079.10009765625,5077.2998046875,5078.2998046875,20,0.0,0.0
2026-02-10 23:12:00-05:00,5079.10009765625,5079.7998046875,5079.0,5079.0,7,0.0,0.0
2026-02-10 23:13:00-05:00,5079.5,5079.5,5078.10009765625,5078.10009765625,3,0.0,0.0
2026-02-10 23:14:00-05:00,5078.0,5083.2998046875,5077.89990234375,5081.5,76,0.0,0.0
2026-02-10 23:15:00-05:00,5082.60009765625,5083.2001953125,5081.7998046875,5083.2001953125,10,0.0,0.0
2026-02-10 23:16:00-05:00,5083.0,5083.0,5082.39990234375,5082.39990234375,5,0.0,0.0
2026-02-10 23:17:00-05:00,5083.10009765625,5083.5,5081.0,5081.39990234375,50,0.0,0.0
2026-02-10 23:18:00-05:00,5082.0,5082.7998046875,5082.0,5082.39990234375,6,0.0,0.0
2026-02-10 23:19:00-05:00,5083.0,5083.2998046875,5081.89990234375,5083.0,16,0.0,0.0
2026-02-10 23:20:00-05:00,5083.0,5083.7001953125,5082.2001953125,5082.2998046875,23,0.0,0.0
2026-02-10 23:21:00-05:00,5083.10009765625,5083.5,5082.10009765625,5082.60009765625,7,0.0,0.0
2026-02-10 23:22:00-05:00,5083.0,5083.0,5081.60009765625,5081.60009765625,6,0.0,0.0
2026-02-10 23:23:00-05:00,5081.5,5081.7998046875,5080.7998046875,5081.39990234375,8,0.0,0.0
2026-02-10 23:24:00-05:00,5081.39990234375,5081.7001953125,5081.2998046875,5081.7001953125,5,0.0,0.0
2026-02-10 23:25:00-05:00,5081.39990234375,5081.39990234375,5080.5,5081.10009765625,7,0.0,0.0
2026-02-10 23:26:00-05:00,5081.60009765625,5082.2001953125,5081.60009765625,5082.2001953125,4,0.0,0.0
2026-02-10 23:27:00-05:00,5082.0,5082.60009765625,5081.2998046875,5082.10009765625,14,0.0,0.0
2026-02-10 23:28:00-05:00,5082.0,5082.60009765625,5081.2001953125,5082.2998046875,20,0.0,0.0
2026-02-10 23:29:00-05:00,5082.0,5082.7001953125,5082.0,5082.7001953125,5,0.0,0.0
2026-02-10 23:30:00-05:00,5082.89990234375,5083.5,5081.89990234375,5082.2001953125,12,0.0,0.0
2026-02-10 23:31:00-05:00,5083.0,5083.0,5082.10009765625,5082.10009765625,6,0.0,0.0
2026-02-10 23:32:00-05:00,5082.7998046875,5083.10009765625,5082.60009765625,5083.10009765625,13,0.0,0.0
2026-02-10 23:33:00-05:00,5082.10009765625,5082.2001953125,5081.39990234375,5081.7001953125,14,0.0,0.0
2026-02-10 23:34:00-05:00,5081.0,5081.10009765625,5081.0,5081.10009765625,4,0.0,0.0
2026-02-10 23:35:00-05:00,5081.0,5082.5,5081.0,5082.5,7,0.0,0.0
2026-02-10 23:36:00-05:00,5082.7998046875,5083.0,5081.5,5081.5,10,0.0,0.0
2026-02-10 23:37:00-05:00,5081.5,5082.2998046875,5081.5,5082.2998046875,4,0.0,0.0
2026-02-10 23:38:00-05:00,5081.39990234375,5081.7998046875,5081.2998046875,5081.7998046875,4,0.0,0.0
2026-02-10 23:39:00-05:00,5081.2998046875,5081.2998046875,5079.39990234375,5079.39990234375,36,0.0,0.0
2026-02-10 23:40:00-05:00,5079.7998046875,5080.0,5079.5,5079.89990234375,7,0.0,0.0
2026-02-10 23:41:00-05:00,5078.7998046875,5079.0,5077.39990234375,5078.10009765625,27,0.0,0.0
2026-02-10 23:42:00-05:00,5078.2001953125,5079.2001953125,5076.7001953125,5077.10009765625,45,0.0,0.0
2026-02-10 23:43:00-05:00,5077.2001953125,5077.2001953125,5075.0,5077.10009765625,38,0.0,0.0
2026-02-10 23:44:00-05:00,5077.5,5077.7001953125,5076.0,5076.0,23,0.0,0.0
2026-02-10 23:45:00-05:00,5076.0,5078.7001953125,5076.0,5078.10009765625,62,0.0,0.0
2026-02-10 23:46:00-05:00,5078.0,5079.2001953125,5078.0,5079.10009765625,22,0.0,0.0
2026-02-10 23:47:00-05:00,5079.10009765625,5080.2998046875,5075.5,5076.7998046875,97,0.0,0.0
2026-02-10 23:48:00-05:00,5076.2001953125,5076.7001953125,5074.0,5076.0,35,0.0,0.0
2026-02-10 23:49:00-05:00,5075.89990234375,5075.89990234375,5074.60009765625,5074.60009765625,4,0.0,0.0
2026-02-10 23:50:00-05:00,5075.0,5075.39990234375,5074.10009765625,5074.10009765625,13,0.0,0.0
2026-02-10 23:51:00-05:00,5073.7998046875,5075.10009765625,5072.5,5073.2001953125,44,0.0,0.0
2026-02-10 23:52:00-05:00,5072.39990234375,5072.89990234375,5070.60009765625,5070.89990234375,109,0.0,0.0
2026-02-10 23:53:00-05:00,5070.60009765625,5071.39990234375,5070.0,5071.0,44,0.0,0.0
2026-02-10 23:54:00-05:00,5070.60009765625,5074.5,5070.2998046875,5072.60009765625,33,0.0,0.0
2026-02-10 23:55:00-05:00,5072.89990234375,5073.0,5072.60009765625,5072.60009765625,8,0.0,0.0
2026-02-10 23:56:00-05:00,5072.5,5073.2001953125,5072.5,5073.2001953125,3,0.0,0.0
2026-02-10 23:57:00-05:00,5073.2998046875,5073.2998046875,5072.60009765625,5072.60009765625,2,0.0,0.0
2026-02-10 23:58:00-05:00,5072.89990234375,5074.0,5072.7998046875,5073.2001953125,13,0.0,0.0
2026-02-11 00:00:00-05:00,5071.2001953125,5072.39990234375,5070.2998046875,5071.89990234375,91,0.0,0.0
2026-02-11 00:01:00-05:00,5071.2998046875,5071.60009765625,5069.5,5069.5,28,0.0,0.0
2026-02-11 00:02:00-05:00,5069.5,5071.0,5068.5,5069.89990234375,30,0.0,0.0
2026-02-11 00:03:00-05:00,5069.39990234375,5071.60009765625,5069.39990234375,5070.2001953125,14,0.0,0.0
2026-02-11 00:04:00-05:00,5070.2998046875,5071.39990234375,5070.2998046875,5071.39990234375,10,0.0,0.0
2026-02-11 00:05:00-05:00,5070.7998046875,5070.7998046875,5067.60009765625,5069.10009765625,43,0.0,0.0
2026-02-11 00:06:00-05:00,5069.5,5069.5,5069.5,5069.5,2,0.0,0.0
2026-02-11 00:08:00-05:00,5070.89990234375,5072.39990234375,5070.5,5070.7001953125,25,0.0,0.0
2026-02-11 00:09:00-05:00,5070.60009765625,5071.5,5070.60009765625,5071.5,3,0.0,0.0
2026-02-11 00:10:00-05:00,5071.10009765625,5072.39990234375,5070.89990234375,5072.2998046875,34,0.0,0.0
2026-02-11 00:11:00-05:00,5072.5,5073.7001953125,5071.5,5072.0,81,0.0,0.0
2026-02-11 00:12:00-05:00,5072.60009765625,5073.5,5071.5,5073.5,41,0.0,0.0
2026-02-11 00:13:00-05:00,5074.10009765625,5074.5,5073.5,5073.5,11,0.0,0.0
2026-02-11 00:14:00-05:00,5073.2998046875,5073.2998046875,5072.2998046875,5072.2998046875,13,0.0,0.0
2026-02-11 00:15:00-05:00,5072.10009765625,5072.89990234375,5071.89990234375,5072.89990234375,9,0.0,0.0
2026-02-11 00:16:00-05:00,5073.7998046875,5073.7998046875,5071.10009765625,5071.60009765625,33,0.0,0.0
2026-02-11 00:17:00-05:00,5071.7001953125,5073.60009765625,5070.10009765625,5073.60009765625,32,0.0,0.0
2026-02-11 00:18:00-05:00,5073.5,5073.5,5072.0,5072.10009765625,23,0.0,0.0
2026-02-11 00:19:00-05:00,5072.2001953125,5075.7998046875,5072.10009765625,5075.7998046875,53,0.0,0.0
2026-02-11 00:20:00-05:00,5075.7001953125,5076.39990234375,5075.2001953125,5075.2001953125,22,0.0,0.0
2026-02-11 00:21:00-05:00,5075.0,5075.2998046875,5074.7001953125,5075.2001953125,4,0.0,0.0
2026-02-11 00:22:00-05:00,5074.89990234375,5075.39990234375,5074.2998046875,5075.39990234375,12,0.0,0.0
2026-02-11 00:23:00-05:00,5074.7998046875,5074.7998046875,5074.2998046875,5074.2998046875,9,0.0,0.0
2026-02-11 00:24:00-05:00,5074.0,5074.0,5073.0,5073.39990234375,11,0.0,0.0
2026-02-11 00:25:00-05:00,5073.2998046875,5076.7998046875,5073.2998046875,5076.60009765625,39,0.0,0.0
2026-02-11 00:26:00-05:00,5076.2001953125,5078.2001953125,5076.0,5076.0,37,0.0,0.0
2026-02-11 00:27:00-05:00,5076.2001953125,5076.5,5075.60009765625,5076.5,8,0.0,0.0
2026-02-11 00:28:00-05:00,5076.39990234375,5077.89990234375,5075.60009765625,5077.89990234375,23,0.0,0.0
2026-02-11 00:29:00-05:00,5077.2998046875,5077.7998046875,5077.10009765625,5077.10009765625,20,0.0,0.0
2026-02-11 00:30:00-05:00,5077.60009765625,5080.0,5076.39990234375,5079.2001953125,83,0.0,0.0
2026-02-11 00:31:00-05:00,5079.5,5081.10009765625,5078.10009765625,5079.7001953125,73,0.0,0.0
2026-02-11 00:32:00-05:00,5080.2998046875,5080.7001953125,5079.60009765625,5079.60009765625,33,0.0,0.0
2026-02-11 00:33:00-05:00,5080.0,5080.60009765625,5079.2001953125,5079.89990234375,19,0.0,0.0
2026-02-11 00:34:00-05:00,5079.60009765625,5082.2998046875,5079.60009765625,5081.7998046875,69,0.0,0.0
2026-02-11 00:35:00-05:00,5082.2001953125,5086.0,5081.2998046875,5084.10009765625,177,0.0,0.0
2026-02-11 00:36:00-05:00,5085.10009765625,5085.10009765625,5083.5,5084.0,36,0.0,0.0
2026-02-11 00:37:00-05:00,5084.89990234375,5087.2001953125,5084.2998046875,5086.5,90,0.0,0.0
2026-02-11 00:38:00-05:00,5086.7001953125,5087.10009765625,5085.60009765625,5085.60009765625,51,0.0,0.0
2026-02-11 00:39:00-05:00,5085.89990234375,5086.7001953125,5085.2001953125,5086.10009765625,21,0.0,0.0
2026-02-11 00:40:00-05:00,5086.10009765625,5086.89990234375,5086.10009765625,5086.2998046875,15,0.0,0.0
2026-02-11 00:41:00-05:00,5087.0,5088.10009765625,5085.7998046875,5085.7998046875,51,0.0,0.0
2026-02-11 00:42:00-05:00,5086.0,5087.7001953125,5085.2998046875,5087.60009765625,36,0.0,0.0
2026-02-11 00:43:00-05:00,5087.7998046875,5087.7998046875,5086.60009765625,5086.60009765625,24,0.0,0.0
2026-02-11 00:44:00-05:00,5086.39990234375,5087.89990234375,5086.2001953125,5086.2998046875,34,0.0,0.0
2026-02-11 00:45:00-05:00,5086.2001953125,5086.89990234375,5083.2001953125,5083.7998046875,34,0.0,0.0
2026-02-11 00:46:00-05:00,5084.10009765625,5086.2001953125,5083.0,5083.7001953125,81,0.0,0.0
2026-02-11 00:47:00-05:00,5083.7001953125,5083.7001953125,5081.39990234375,5082.39990234375,38,0.0,0.0
2026-02-11 00:48:00-05:00,5081.89990234375,5082.7001953125,5080.2998046875,5080.89990234375,28,0.0,0.0
2026-02-11 00:49:00-05:00,5080.89990234375,5081.89990234375,5078.0,5078.39990234375,60,0.0,0.0
2026-02-11 00:50:00-05:00,5078.0,5078.39990234375,5075.0,5075.7001953125,72,0.0,0.0
2026-02-11 00:51:00-05:00,5075.7001953125,5076.39990234375,5073.7001953125,5073.7001953125,104,0.0,0.0
2026-02-11 00:52:00-05:00,5074.2001953125,5074.7001953125,5071.2998046875,5073.2001953125,73,0.0,0.0
2026-02-11 00:53:00-05:00,5073.7001953125,5074.89990234375,5073.2001953125,5073.2998046875,54,0.0,0.0
2026-02-11 00:54:00-05:00,5073.7001953125,5074.39990234375,5071.2998046875,5071.39990234375,56,0.0,0.0
2026-02-11 00:55:00-05:00,5071.5,5072.89990234375,5070.10009765625,5070.7001953125,82,0.0,0.0
2026-02-11 00:56:00-05:00,5070.5,5073.2998046875,5070.5,5072.5,44,0.0,0.0
2026-02-11 00:57:00-05:00,5073.5,5075.5,5073.5,5075.2998046875,23,0.0,0.0
2026-02-11 00:58:00-05:00,5075.39990234375,5077.0,5075.39990234375,5076.5,39,0.0,0.0
2026-02-11 00:59:00-05:00,5076.5,5077.39990234375,5075.89990234375,5076.7998046875,28,0.0,0.0
2026-02-11 01:00:00-05:00,5076.60009765625,5077.7001953125,5076.0,5077.7001953125,42,0.0,0.0
2026-02-11 01:01:00-05:00,5078.2001953125,5078.2001953125,5076.0,5076.39990234375,26,0.0,0.0
2026-02-11 01:02:00-05:00,5076.7001953125,5076.89990234375,5075.2001953125,5075.2001953125,17,0.0,0.0
2026-02-11 01:03:00-05:00,5075.7001953125,5077.10009765625,5075.2998046875,5077.10009765625,24,0.0,0.0
2026-02-11 01:04:00-05:00,5076.0,5076.0,5074.39990234375,5074.39990234375,14,0.0,0.0
2026-02-11 01:05:00-05:00,5075.2001953125,5076.10009765625,5074.7998046875,5076.10009765625,11,0.0,0.0
2026-02-11 01:06:00-05:00,5075.10009765625,5075.10009765625,5073.60009765625,5073.60009765625,13,0.0,0.0
2026-02-11 01:07:00-05:00,5073.89990234375,5077.39990234375,5073.7001953125,5077.39990234375,31,0.0,0.0
2026-02-11 01:08:00-05:00,5076.89990234375,5080.7001953125,5076.7001953125,5080.7001953125,46,0.0,0.0
2026-02-11 01:09:00-05:00,5080.2998046875,5081.2998046875,5079.7998046875,5079.7998046875,28,0.0,0.0
2026-02-11 01:10:00-05:00,5078.7998046875,5079.5,5077.0,5078.7001953125,34,0.0,0.0
2026-02-11 01:11:00-05:00,5077.2001953125,5079.0,5076.5,5078.89990234375,22,0.0,0.0
2026-02-11 01:12:00-05:00,5078.7001953125,5079.89990234375,5078.7001953125,5079.7998046875,11,0.0,0.0
2026-02-11 01:13:00-05:00,5079.2001953125,5080.10009765625,5079.10009765625,5080.10009765625,18,0.0,0.0
2026-02-11 01:14:00-05:00,5079.89990234375,5079.89990234375,5078.60009765625,5078.60009765625,25,0.0,0.0
2026-02-11 01:15:00-05:00,5078.2998046875,5081.2001953125,5077.60009765625,5080.5,50,0.0,0.0
2026-02-11 01:16:00-05:00,5080.60009765625,5081.7998046875,5079.89990234375,5081.7998046875,22,0.0,0.0
2026-02-11 01:17:00-05:00,5081.7998046875,5084.2001953125,5081.7998046875,5083.7998046875,36,0.0,0.0
2026-02-11 01:18:00-05:00,5083.10009765625,5085.7998046875,5082.5,5084.89990234375,64,0.0,0.0
2026-02-11 01:19:00-05:00,5084.7001953125,5085.7998046875,5084.39990234375,5085.0,66,0.0,0.0
2026-02-11 01:20:00-05:00,5085.7001953125,5086.0,5083.0,5083.0,42,0.0,0.0
2026-02-11 01:21:00-05:00,5082.60009765625,5083.5,5081.0,5082.5,29,0.0,0.0
2026-02-11 01:22:00-05:00,5083.5,5083.5,5080.2998046875,5080.2998046875,19,0.0,0.0
2026-02-11 01:23:00-05:00,5080.7001953125,5081.2001953125,5079.5,5081.2001953125,14,0.0,0.0
2026-02-11 01:24:00-05:00,5081.2001953125,5081.7001953125,5080.2998046875,5081.10009765625,20,0.0,0.0
2026-02-11 01:25:00-05:00,5080.60009765625,5081.2998046875,5079.7998046875,5080.7998046875,12,0.0,0.0
2026-02-11 01:26:00-05:00,5080.60009765625,5080.60009765625,5078.7998046875,5080.60009765625,11,0.0,0.0
2026-02-11 01:27:00-05:00,5081.2001953125,5082.0,5080.89990234375,5081.60009765625,17,0.0,0.0
2026-02-11 01:28:00-05:00,5081.2998046875,5081.2998046875,5080.60009765625,5081.2998046875,5,0.0,0.0
2026-02-11 01:29:00-05:00,5081.2998046875,5081.2998046875,5080.39990234375,5080.89990234375,5,0.0,0.0
2026-02-11 01:30:00-05:00,5079.7998046875,5079.7998046875,5078.7998046875,5079.10009765625,18,0.0,0.0
2026-02-11 01:31:00-05:00,5079.0,5082.7998046875,5078.5,5082.60009765625,75,0.0,0.0
2026-02-11 01:32:00-05:00,5082.89990234375,5083.0,5081.7001953125,5081.7001953125,19,0.0,0.0
2026-02-11 01:33:00-05:00,5081.5,5081.5,5080.5,5081.2998046875,11,0.0,0.0
2026-02-11 01:34:00-05:00,5080.5,5081.2001953125,5080.5,5081.2001953125,9,0.0,0.0
2026-02-11 01:35:00-05:00,5081.39990234375,5081.39990234375,5079.5,5081.39990234375,25,0.0,0.0
2026-02-11 01:36:00-05:00,5081.7001953125,5083.0,5081.60009765625,5082.7998046875,8,0.0,0.0
2026-02-11 01:37:00-05:00,5082.0,5082.0,5081.0,5081.10009765625,9,0.0,0.0
2026-02-11 01:38:00-05:00,5080.89990234375,5081.7998046875,5080.0,5081.7998046875,10,0.0,0.0
2026-02-11 01:39:00-05:00,5081.7998046875,5082.39990234375,5078.0,5078.0,73,0.0,0.0
2026-02-11 01:40:00-05:00,5077.2998046875,5083.0,5077.2001953125,5082.2998046875,65,0.0,0.0
2026-02-11 01:41:00-05:00,5083.0,5084.0,5081.7001953125,5082.2001953125,39,0.0,0.0
2026-02-11 01:42:00-05:00,5082.60009765625,5082.60009765625,5080.7998046875,5081.5,26,0.0,0.0
2026-02-11 01:43:00-05:00,5080.89990234375,5082.5,5079.0,5079.0,46,0.0,0.0
2026-02-11 01:44:00-05:00,5078.89990234375,5081.2001953125,5077.89990234375,5077.89990234375,53,0.0,0.0
2026-02-11 01:45:00-05:00,5077.7998046875,5078.7998046875,5076.0,5077.7001953125,65,0.0,0.0
2026-02-11 01:46:00-05:00,5076.89990234375,5079.89990234375,5076.89990234375,5079.89990234375,66,0.0,0.0
2026-02-11 01:47:00-05:00,5079.39990234375,5081.39990234375,5078.7998046875,5080.60009765625,58,0.0,0.0
2026-02-11 01:48:00-05:00,5081.2998046875,5081.39990234375,5079.5,5080.0,34,0.0,0.0
2026-02-11 01:49:00-05:00,5079.89990234375,5084.7998046875,5079.89990234375,5082.5,128,0.0,0.0
2026-02-11 01:50:00-05:00,5082.0,5082.7001953125,5081.7998046875,5082.7001953125,21,0.0,0.0
2026-02-11 01:51:00-05:00,5083.2001953125,5084.5,5083.0,5084.5,22,0.0,0.0
2026-02-11 01:52:00-05:00,5084.60009765625,5087.39990234375,5083.7001953125,5085.7001953125,87,0.0,0.0
2026-02-11 01:53:00-05:00,5085.2998046875,5086.39990234375,5082.7998046875,5084.0,110,0.0,0.0
2026-02-11 01:54:00-05:00,5084.2998046875,5085.2998046875,5081.7001953125,5084.7998046875,88,0.0,0.0
2026-02-11 01:55:00-05:00,5083.89990234375,5085.60009765625,5083.0,5084.7998046875,43,0.0,0.0
2026-02-11 01:56:00-05:00,5084.7998046875,5086.10009765625,5084.0,5084.0,30,0.0,0.0
2026-02-11 01:57:00-05:00,5084.5,5084.60009765625,5083.39990234375,5084.60009765625,19,0.0,0.0
2026-02-11 01:58:00-05:00,5083.89990234375,5086.2998046875,5083.5,5085.7998046875,38,0.0,0.0
2026-02-11 01:59:00-05:00,5086.39990234375,5088.7998046875,5085.7998046875,5088.2998046875,100,0.0,0.0
2026-02-11 02:00:00-05:00,5088.39990234375,5089.2001953125,5087.2998046875,5088.89990234375,119,0.0,0.0
2026-02-11 02:01:00-05:00,5088.10009765625,5089.89990234375,5086.5,5086.89990234375,59,0.0,0.0
2026-02-11 02:02:00-05:00,5086.2001953125,5086.5,5083.7001953125,5085.39990234375,48,0.0,0.0
2026-02-11 02:03:00-05:00,5085.0,5086.60009765625,5083.2998046875,5085.10009765625,250,0.0,0.0
2026-02-11 02:04:00-05:00,5084.89990234375,5087.10009765625,5084.60009765625,5087.10009765625,165,0.0,0.0
2026-02-11 02:05:00-05:00,5086.7998046875,5087.7001953125,5084.89990234375,5086.7001953125,65,0.0,0.0
2026-02-11 02:06:00-05:00,5086.2001953125,5086.60009765625,5084.89990234375,5084.89990234375,33,0.0,0.0
2026-02-11 02:07:00-05:00,5085.2001953125,5086.5,5083.7998046875,5086.2998046875,25,0.0,0.0
2026-02-11 02:08:00-05:00,5087.0,5089.7001953125,5087.0,5088.60009765625,66,0.0,0.0
2026-02-11 02:09:00-05:00,5089.2998046875,5089.2998046875,5086.2001953125,5087.5,78,0.0,0.0
2026-02-11 02:10:00-05:00,5087.39990234375,5090.0,5087.39990234375,5089.39990234375,113,0.0,0.0
2026-02-11 02:11:00-05:00,5089.2001953125,5092.60009765625,5089.2001953125,5090.60009765625,268,0.0,0.0
2026-02-11 02:12:00-05:00,5090.89990234375,5093.2998046875,5089.39990234375,5090.7001953125,369,0.0,0.0
2026-02-11 02:13:00-05:00,5091.10009765625,5091.89990234375,5080.89990234375,5087.2001953125,312,0.0,0.0
2026-02-11 02:14:00-05:00,5087.0,5089.10009765625,5080.7998046875,5083.2998046875,166,0.0,0.0
2026-02-11 02:15:00-05:00,5083.2998046875,5086.5,5082.89990234375,5086.5,75,0.0,0.0
2026-02-11 02:16:00-05:00,5085.2998046875,5089.7998046875,5085.2998046875,5088.0,81,0.0,0.0
2026-02-11 02:17:00-05:00,5087.7001953125,5089.2998046875,5087.60009765625,5089.2998046875,39,0.0,0.0
2026-02-11 02:18:00-05:00,5089.10009765625,5089.10009765625,5085.2001953125,5085.2001953125,85,0.0,0.0
2026-02-11 02:19:00-05:00,5086.0,5086.0,5082.2001953125,5082.89990234375,126,0.0,0.0
2026-02-11 02:20:00-05:00,5083.39990234375,5087.2998046875,5082.7998046875,5087.2998046875,64,0.0,0.0
2026-02-11 02:21:00-05:00,5087.0,5087.2998046875,5083.39990234375,5084.5,70,0.0,0.0
2026-02-11 02:22:00-05:00,5085.0,5085.10009765625,5080.7998046875,5080.7998046875,98,0.0,0.0
2026-02-11 02:23:00-05:00,5080.7998046875,5081.39990234375,5079.60009765625,5080.5,113,0.0,0.0
2026-02-11 02:24:00-05:00,5080.39990234375,5081.2001953125,5078.2001953125,5080.60009765625,329,0.0,0.0
2026-02-11 02:25:00-05:00,5079.60009765625,5081.5,5076.39990234375,5078.0,189,0.0,0.0
2026-02-11 02:26:00-05:00,5078.0,5080.10009765625,5076.60009765625,5078.2998046875,117,0.0,0.0
2026-02-11 02:27:00-05:00,5077.7998046875,5082.10009765625,5076.5,5078.2001953125,126,0.0,0.0
2026-02-11 02:28:00-05:00,5078.39990234375,5082.7001953125,5078.39990234375,5082.0,82,0.0,0.0
2026-02-11 02:29:00-05:00,5081.2998046875,5084.60009765625,5081.2998046875,5083.89990234375,74,0.0,0.0
2026-02-11 02:30:00-05:00,5083.60009765625,5085.10009765625,5081.7001953125,5084.60009765625,104,0.0,0.0
2026-02-11 02:31:00-05:00,5084.2001953125,5084.89990234375,5083.39990234375,5084.2998046875,54,0.0,0.0
2026-02-11 02:32:00-05:00,5084.0,5084.89990234375,5081.7001953125,5082.7998046875,147,0.0,0.0
2026-02-11 02:33:00-05:00,5083.0,5086.2001953125,5082.89990234375,5082.89990234375,130,0.0,0.0
2026-02-11 02:34:00-05:00,5083.39990234375,5085.0,5079.7001953125,5082.0,121,0.0,0.0
2026-02-11 02:35:00-05:00,5082.10009765625,5084.7001953125,5082.10009765625,5084.2001953125,60,0.0,0.0
2026-02-11 02:36:00-05:00,5084.60009765625,5085.10009765625,5084.0,5084.0,54,0.0,0.0
2026-02-11 02:37:00-05:00,5084.0,5084.7998046875,5082.0,5084.7998046875,70,0.0,0.0
2026-02-11 02:38:00-05:00,5083.89990234375,5083.89990234375,5081.89990234375,5082.2001953125,43,0.0,0.0
2026-02-11 02:39:00-05:00,5082.10009765625,5082.10009765625,5078.10009765625,5080.7998046875,104,0.0,0.0
2026-02-11 02:40:00-05:00,5081.0,5081.7998046875,5078.7998046875,5079.7001953125,166,0.0,0.0
2026-02-11 02:41:00-05:00,5079.39990234375,5080.60009765625,5078.2001953125,5078.39990234375,127,0.0,0.0
2026-02-11 02:42:00-05:00,5078.89990234375,5080.5,5076.2998046875,5080.0,131,0.0,0.0
2026-02-11 02:43:00-05:00,5079.2998046875,5081.5,5078.2998046875,5079.10009765625,117,0.0,0.0
2026-02-11 02:44:00-05:00,5078.60009765625,5079.7001953125,5078.0,5078.39990234375,28,0.0,0.0
2026-02-11 02:45:00-05:00,5078.5,5078.5,5076.7998046875,5078.10009765625,47,0.0,0.0
2026-02-11 02:46:00-05:00,5078.0,5078.60009765625,5077.2001953125,5077.2001953125,42,0.0,0.0
2026-02-11 02:47:00-05:00,5077.39990234375,5077.5,5073.5,5074.2001953125,90,0.0,0.0
2026-02-11 02:48:00-05:00,5073.7001953125,5076.10009765625,5072.2001953125,5075.0,64,0.0,0.0
2026-02-11 02:49:00-05:00,5075.0,5075.7998046875,5074.89990234375,5075.7001953125,46,0.0,0.0
2026-02-11 02:50:00-05:00,5075.5,5077.39990234375,5075.5,5075.7998046875,50,0.0,0.0
2026-02-11 02:51:00-05:00,5076.2998046875,5078.7998046875,5076.2998046875,5077.10009765625,46,0.0,0.0
2026-02-11 02:52:00-05:00,5076.7998046875,5079.0,5076.5,5078.5,122,0.0,0.0
2026-02-11 02:53:00-05:00,5078.5,5079.5,5077.5,5079.5,17,0.0,0.0
2026-02-11 02:54:00-05:00,5078.7998046875,5079.39990234375,5078.0,5078.2001953125,10,0.0,0.0
2026-02-11 02:55:00-05:00,5078.60009765625,5078.60009765625,5077.0,5077.7998046875,51,0.0,0.0
2026-02-11 02:56:00-05:00,5077.89990234375,5078.7998046875,5077.89990234375,5078.7998046875,19,0.0,0.0
2026-02-11 02:57:00-05:00,5078.60009765625,5079.7001953125,5078.5,5079.7001953125,33,0.0,0.0
2026-02-11 02:58:00-05:00,5079.2001953125,5079.2001953125,5077.7998046875,5078.0,12,0.0,0.0
2026-02-11 02:59:00-05:00,5078.60009765625,5080.0,5078.60009765625,5078.7001953125,21,0.0,0.0
2026-02-11 03:00:00-05:00,5078.89990234375,5083.5,5078.5,5081.7998046875,76,0.0,0.0
2026-02-11 03:01:00-05:00,5081.60009765625,5083.10009765625,5080.7001953125,5083.10009765625,106,0.0,0.0
2026-02-11 03:02:00-05:00,5082.7001953125,5083.2998046875,5082.10009765625,5082.7998046875,21,0.0,0.0
2026-02-11 03:03:00-05:00,5083.2001953125,5083.7998046875,5082.7001953125,5083.7998046875,25,0.0,0.0
2026-02-11 03:04:00-05:00,5083.5,5084.10009765625,5082.5,5082.5,56,0.0,0.0
2026-02-11 03:05:00-05:00,5082.2001953125,5082.2998046875,5080.39990234375,5082.2998046875,24,0.0,0.0
2026-02-11 03:06:00-05:00,5082.0,5082.0,5078.89990234375,5080.39990234375,120,0.0,0.0
2026-02-11 03:07:00-05:00,5079.5,5080.60009765625,5077.2001953125,5077.2001953125,47,0.0,0.0
2026-02-11 03:08:00-05:00,5077.5,5077.7998046875,5076.7001953125,5077.39990234375,17,0.0,0.0
2026-02-11 03:09:00-05:00,5076.89990234375,5078.2998046875,5076.0,5077.2998046875,48,0.0,0.0
2026-02-11 03:10:00-05:00,5077.7001953125,5078.2001953125,5077.10009765625,5077.2001953125,18,0.0,0.0
2026-02-11 03:11:00-05:00,5077.2001953125,5078.89990234375,5076.5,5078.5,27,0.0,0.0
2026-02-11 03:12:00-05:00,5078.2998046875,5079.89990234375,5078.2998046875,5079.5,8,0.0,0.0
2026-02-11 03:13:00-05:00,5079.39990234375,5079.39990234375,5077.7001953125,5078.10009765625,15,0.0,0.0
2026-02-11 03:14:00-05:00,5077.7001953125,5077.7001953125,5075.2998046875,5075.7001953125,22,0.0,0.0
2026-02-11 03:15:00-05:00,5075.7001953125,5076.0,5073.89990234375,5075.0,40,0.0,0.0
2026-02-11 03:16:00-05:00,5074.89990234375,5076.2001953125,5074.10009765625,5075.60009765625,21,0.0,0.0
2026-02-11 03:17:00-05:00,5075.5,5076.89990234375,5075.5,5076.89990234375,9,0.0,0.0
2026-02-11 03:18:00-05:00,5076.0,5076.0,5074.7998046875,5075.0,12,0.0,0.0
2026-02-11 03:19:00-05:00,5075.89990234375,5076.2001953125,5075.0,5075.2001953125,40,0.0,0.0
2026-02-11 03:20:00-05:00,5076.10009765625,5076.2001953125,5075.10009765625,5075.2998046875,11,0.0,0.0
2026-02-11 03:21:00-05:00,5075.60009765625,5076.7001953125,5075.2998046875,5076.2001953125,29,0.0,0.0
2026-02-11 03:22:00-05:00,5076.39990234375,5079.10009765625,5075.89990234375,5077.5,54,0.0,0.0
2026-02-11 03:23:00-05:00,5078.39990234375,5079.0,5078.10009765625,5079.0,21,0.0,0.0
2026-02-11 03:24:00-05:00,5078.10009765625,5078.5,5077.2001953125,5078.0,14,0.0,0.0
2026-02-11 03:25:00-05:00,5078.0,5079.0,5077.2998046875,5077.5,50,0.0,0.0
2026-02-11 03:26:00-05:00,5077.2001953125,5078.0,5076.5,5076.5,26,0.0,0.0
2026-02-11 03:27:00-05:00,5076.5,5077.0,5075.60009765625,5076.39990234375,11,0.0,0.0
2026-02-11 03:28:00-05:00,5075.7998046875,5076.7998046875,5074.0,5076.60009765625,23,0.0,0.0
2026-02-11 03:29:00-05:00,5076.39990234375,5076.5,5074.60009765625,5075.0,23,0.0,0.0
2026-02-11 03:30:00-05:00,5075.2998046875,5075.2998046875,5073.0,5073.2998046875,56,0.0,0.0
2026-02-11 03:31:00-05:00,5073.2998046875,5073.39990234375,5068.7998046875,5071.7001953125,146,0.0,0.0
2026-02-11 03:32:00-05:00,5071.7001953125,5072.7001953125,5070.39990234375,5071.89990234375,57,0.0,0.0
2026-02-11 03:33:00-05:00,5071.7998046875,5072.89990234375,5070.7998046875,5072.0,29,0.0,0.0
2026-02-11 03:34:00-05:00,5072.7998046875,5072.7998046875,5070.7998046875,5071.2998046875,60,0.0,0.0
2026-02-11 03:35:00-05:00,5071.39990234375,5071.89990234375,5069.7001953125,5070.89990234375,51,0.0,0.0
2026-02-11 03:36:00-05:00,5070.2998046875,5073.2001953125,5070.2001953125,5072.60009765625,58,0.0,0.0
2026-02-11 03:37:00-05:00,5072.2001953125,5075.60009765625,5071.5,5074.39990234375,56,0.0,0.0
2026-02-11 03:38:00-05:00,5074.60009765625,5075.2998046875,5072.0,5072.10009765625,40,0.0,0.0
2026-02-11 03:39:00-05:00,5072.2001953125,5075.10009765625,5072.2001953125,5074.2998046875,41,0.0,0.0
2026-02-11 03:40:00-05:00,5074.60009765625,5075.89990234375,5074.2998046875,5075.39990234375,20,0.0,0.0
2026-02-11 03:41:00-05:00,5075.10009765625,5076.0,5074.10009765625,5076.0,65,0.0,0.0
2026-02-11 03:42:00-05:00,5076.0,5077.5,5074.7998046875,5075.0,31,0.0,0.0
2026-02-11 03:43:00-05:00,5074.60009765625,5075.2998046875,5074.60009765625,5075.2998046875,10,0.0,0.0
2026-02-11 03:44:00-05:00,5075.60009765625,5077.10009765625,5075.60009765625,5076.10009765625,29,0.0,0.0
2026-02-11 03:45:00-05:00,5076.0,5078.0,5076.0,5077.89990234375,19,0.0,0.0
2026-02-11 03:46:00-05:00,5077.7998046875,5077.89990234375,5076.39990234375,5077.2001953125,26,0.0,0.0
2026-02-11 03:47:00-05:00,5077.5,5077.7998046875,5077.10009765625,5077.2001953125,10,0.0,0.0
2026-02-11 03:48:00-05:00,5077.7001953125,5077.7001953125,5076.7001953125,5076.7001953125,6,0.0,0.0
2026-02-11 03:49:00-05:00,5076.60009765625,5077.89990234375,5075.89990234375,5077.39990234375,43,0.0,0.0
2026-02-11 03:50:00-05:00,5078.0,5078.5,5077.39990234375,5078.5,17,0.0,0.0
2026-02-11 03:51:00-05:00,5077.7998046875,5077.7998046875,5074.60009765625,5074.60009765625,39,0.0,0.0
2026-02-11 03:52:00-05:00,5074.5,5075.5,5074.5,5075.5,11,0.0,0.0
2026-02-11 03:53:00-05:00,5075.2001953125,5075.2998046875,5073.89990234375,5074.7998046875,118,0.0,0.0
2026-02-11 03:54:00-05:00,5074.89990234375,5077.0,5074.89990234375,5077.0,22,0.0,0.0
2026-02-11 03:55:00-05:00,5077.10009765625,5077.5,5075.2001953125,5076.39990234375,49,0.0,0.0
2026-02-11 03:56:00-05:00,5076.7998046875,5077.39990234375,5076.7998046875,5077.39990234375,21,0.0,0.0
2026-02-11 03:57:00-05:00,5077.39990234375,5077.39990234375,5075.89990234375,5075.89990234375,33,0.0,0.0
2026-02-11 03:58:00-05:00,5075.5,5077.39990234375,5075.5,5076.89990234375,20,0.0,0.0
2026-02-11 03:59:00-05:00,5077.60009765625,5077.7998046875,5076.89990234375,5077.0,21,0.0,0.0
2026-02-11 04:00:00-05:00,5077.39990234375,5079.2001953125,5077.2998046875,5077.2998046875,48,0.0,0.0
2026-02-11 04:01:00-05:00,5077.7998046875,5079.10009765625,5077.10009765625,5077.2998046875,30,0.0,0.0
2026-02-11 04:02:00-05:00,5076.89990234375,5077.89990234375,5076.7998046875,5077.89990234375,14,0.0,0.0
2026-02-11 04:03:00-05:00,5077.2998046875,5077.5,5075.7998046875,5076.2998046875,37,0.0,0.0
2026-02-11 04:04:00-05:00,5076.60009765625,5077.10009765625,5075.89990234375,5076.2998046875,25,0.0,0.0
2026-02-11 04:05:00-05:00,5076.5,5076.5,5073.5,5073.5,47,0.0,0.0
2026-02-11 04:06:00-05:00,5073.2998046875,5073.2998046875,5070.5,5071.0,36,0.0,0.0
2026-02-11 04:07:00-05:00,5070.89990234375,5071.10009765625,5070.39990234375,5070.89990234375,18,0.0,0.0
2026-02-11 04:08:00-05:00,5070.7998046875,5073.2998046875,5070.7998046875,5073.0,43,0.0,0.0
2026-02-11 04:09:00-05:00,5073.5,5075.2001953125,5073.5,5074.5,22,0.0,0.0
2026-02-11 04:10:00-05:00,5074.39990234375,5077.39990234375,5074.2998046875,5076.7998046875,20,0.0,0.0
2026-02-11 04:11:00-05:00,5076.10009765625,5076.2001953125,5074.7998046875,5075.0,33,0.0,0.0
2026-02-11 04:12:00-05:00,5075.0,5075.7001953125,5074.60009765625,5075.2001953125,14,0.0,0.0
2026-02-11 04:13:00-05:00,5075.0,5075.2001953125,5073.5,5074.2001953125,33,0.0,0.0
2026-02-11 04:14:00-05:00,5074.2998046875,5075.2998046875,5074.2998046875,5074.89990234375,29,0.0,0.0
2026-02-11 04:15:00-05:00,5075.10009765625,5075.10009765625,5073.7998046875,5073.7998046875,9,0.0,0.0
2026-02-11 04:16:00-05:00,5074.2001953125,5074.7001953125,5073.2001953125,5074.0,15,0.0,0.0
2026-02-11 04:17:00-05:00,5074.5,5077.39990234375,5074.2001953125,5075.7001953125,47,0.0,0.0
2026-02-11 04:18:00-05:00,5076.5,5076.5,5075.39990234375,5075.60009765625,10,0.0,0.0
2026-02-11 04:19:00-05:00,5076.89990234375,5078.0,5076.7998046875,5077.7998046875,29,0.0,0.0
2026-02-11 04:20:00-05:00,5076.89990234375,5077.0,5076.2001953125,5076.2001953125,22,0.0,0.0
2026-02-11 04:21:00-05:00,5076.7998046875,5076.89990234375,5076.0,5076.2998046875,15,0.0,0.0
2026-02-11 04:22:00-05:00,5076.0,5077.2001953125,5076.0,5076.10009765625,21,0.0,0.0
2026-02-11 04:23:00-05:00,5076.5,5076.7001953125,5076.10009765625,5076.7001953125,17,0.0,0.0
2026-02-11 04:24:00-05:00,5075.7998046875,5075.7998046875,5075.0,5075.7998046875,11,0.0,0.0
2026-02-11 04:25:00-05:00,5076.7998046875,5077.10009765625,5075.7998046875,5076.7998046875,15,0.0,0.0
2026-02-11 04:26:00-05:00,5076.7998046875,5078.0,5075.7001953125,5075.7001953125,49,0.0,0.0
2026-02-11 04:27:00-05:00,5076.5,5076.89990234375,5076.39990234375,5076.89990234375,60,0.0,0.0
2026-02-11 04:28:00-05:00,5076.2001953125,5076.7998046875,5075.89990234375,5076.39990234375,163,0.0,0.0
2026-02-11 04:29:00-05:00,5076.5,5078.10009765625,5076.5,5078.10009765625,41,0.0,0.0
2026-02-11 04:30:00-05:00,5078.0,5079.5,5077.2998046875,5078.60009765625,33,0.0,0.0
2026-02-11 04:31:00-05:00,5078.39990234375,5080.39990234375,5078.10009765625,5079.60009765625,26,0.0,0.0
2026-02-11 04:32:00-05:00,5079.60009765625,5081.5,5079.60009765625,5080.89990234375,70,0.0,0.0
2026-02-11 04:33:00-05:00,5081.39990234375,5083.39990234375,5081.39990234375,5082.39990234375,86,0.0,0.0
2026-02-11 04:34:00-05:00,5082.60009765625,5083.7998046875,5081.0,5081.60009765625,86,0.0,0.0
2026-02-11 04:35:00-05:00,5081.2001953125,5085.0,5081.2001953125,5084.0,89,0.0,0.0
2026-02-11 04:36:00-05:00,5083.60009765625,5084.7998046875,5082.39990234375,5082.39990234375,56,0.0,0.0
2026-02-11 04:37:00-05:00,5082.5,5083.89990234375,5082.5,5083.2998046875,30,0.0,0.0
2026-02-11 04:38:00-05:00,5082.5,5083.2998046875,5081.60009765625,5081.7998046875,48,0.0,0.0
2026-02-11 04:39:00-05:00,5082.2998046875,5083.89990234375,5081.89990234375,5081.89990234375,26,0.0,0.0
2026-02-11 04:40:00-05:00,5082.60009765625,5083.2998046875,5082.0,5083.0,11,0.0,0.0
2026-02-11 04:41:00-05:00,5082.39990234375,5082.39990234375,5079.39990234375,5082.2998046875,95,0.0,0.0
2026-02-11 04:42:00-05:00,5082.2001953125,5082.7998046875,5081.7001953125,5081.7998046875,18,0.0,0.0
2026-02-11 04:43:00-05:00,5081.60009765625,5081.60009765625,5080.5,5081.2001953125,43,0.0,0.0
2026-02-11 04:44:00-05:00,5081.2001953125,5090.5,5080.7998046875,5088.10009765625,547,0.0,0.0
2026-02-11 04:45:00-05:00,5088.2998046875,5090.39990234375,5087.39990234375,5089.0,237,0.0,0.0
2026-02-11 04:46:00-05:00,5088.5,5094.0,5088.0,5092.89990234375,348,0.0,0.0
2026-02-11 04:47:00-05:00,5092.39990234375,5095.89990234375,5092.2001953125,5093.60009765625,306,0.0,0.0
2026-02-11 04:48:00-05:00,5093.5,5094.10009765625,5091.39990234375,5093.2998046875,83,0.0,0.0
2026-02-11 04:49:00-05:00,5092.7001953125,5093.39990234375,5087.0,5087.89990234375,151,0.0,0.0
2026-02-11 04:50:00-05:00,5087.5,5088.0,5086.0,5087.0,72,0.0,0.0
2026-02-11 04:51:00-05:00,5086.5,5087.2001953125,5085.39990234375,5086.0,37,0.0,0.0
2026-02-11 04:52:00-05:00,5086.5,5087.10009765625,5085.2001953125,5086.89990234375,38,0.0,0.0
2026-02-11 04:53:00-05:00,5086.0,5086.5,5084.5,5084.89990234375,33,0.0,0.0
2026-02-11 04:54:00-05:00,5085.2001953125,5086.60009765625,5084.10009765625,5084.89990234375,76,0.0,0.0
2026-02-11 04:55:00-05:00,5085.10009765625,5085.60009765625,5082.7001953125,5083.7998046875,50,0.0,0.0
2026-02-11 04:56:00-05:00,5083.7998046875,5087.10009765625,5083.7001953125,5086.60009765625,42,0.0,0.0
2026-02-11 04:57:00-05:00,5086.2001953125,5087.2001953125,5086.0,5086.7001953125,9,0.0,0.0
2026-02-11 04:58:00-05:00,5086.7998046875,5087.5,5086.10009765625,5086.7998046875,29,0.0,0.0
2026-02-11 04:59:00-05:00,5086.10009765625,5086.7998046875,5085.7001953125,5086.60009765625,22,0.0,0.0
2026-02-11 05:00:00-05:00,5086.5,5089.60009765625,5086.0,5089.60009765625,73,0.0,0.0
2026-02-11 05:01:00-05:00,5089.7998046875,5089.89990234375,5088.2001953125,5089.5,112,0.0,0.0
2026-02-11 05:02:00-05:00,5089.10009765625,5090.0,5088.10009765625,5088.10009765625,42,0.0,0.0
2026-02-11 05:03:00-05:00,5087.7998046875,5089.2001953125,5087.39990234375,5088.5,49,0.0,0.0
2026-02-11 05:04:00-05:00,5088.2001953125,5088.7998046875,5087.7998046875,5088.0,13,0.0,0.0
2026-02-11 05:05:00-05:00,5088.60009765625,5090.0,5088.0,5089.5,102,0.0,0.0
2026-02-11 05:06:00-05:00,5089.89990234375,5090.5,5089.0,5089.0,17,0.0,0.0
2026-02-11 05:07:00-05:00,5088.60009765625,5089.2998046875,5087.7998046875,5088.2001953125,50,0.0,0.0
2026-02-11 05:08:00-05:00,5088.5,5089.5,5087.7998046875,5089.2001953125,21,0.0,0.0
2026-02-11 05:09:00-05:00,5088.39990234375,5090.5,5088.39990234375,5090.10009765625,41,0.0,0.0
2026-02-11 05:10:00-05:00,5090.5,5090.89990234375,5089.60009765625,5089.60009765625,25,0.0,0.0
2026-02-11 05:11:00-05:00,5089.60009765625,5090.2001953125,5089.0,5090.0,17,0.0,0.0
2026-02-11 05:12:00-05:00,5090.10009765625,5093.39990234375,5090.0,5093.2001953125,78,0.0,0.0
2026-02-11 05:13:00-05:00,5093.2001953125,5093.89990234375,5092.7001953125,5092.7998046875,33,0.0,0.0
2026-02-11 05:14:00-05:00,5092.60009765625,5093.89990234375,5091.89990234375,5092.7001953125,35,0.0,0.0
2026-02-11 05:15:00-05:00,5093.10009765625,5094.7998046875,5092.10009765625,5094.0,56,0.0,0.0
2026-02-11 05:16:00-05:00,5094.39990234375,5096.89990234375,5093.7998046875,5094.89990234375,147,0.0,0.0
2026-02-11 05:17:00-05:00,5094.7001953125,5095.89990234375,5094.10009765625,5094.10009765625,40,0.0,0.0
2026-02-11 05:18:00-05:00,5094.10009765625,5098.0,5093.39990234375,5094.2001953125,152,0.0,0.0
2026-02-11 05:19:00-05:00,5094.2998046875,5097.2001953125,5094.2998046875,5095.7998046875,110,0.0,0.0
2026-02-11 05:20:00-05:00,5096.5,5097.2998046875,5095.89990234375,5097.10009765625,42,0.0,0.0
2026-02-11 05:21:00-05:00,5096.7001953125,5098.0,5096.2998046875,5097.2998046875,121,0.0,0.0
2026-02-11 05:22:00-05:00,5097.2001953125,5098.7998046875,5096.5,5097.2001953125,119,0.0,0.0
2026-02-11 05:23:00-05:00,5097.7998046875,5099.0,5096.2998046875,5097.89990234375,168,0.0,0.0
2026-02-11 05:24:00-05:00,5097.89990234375,5100.7001953125,5097.5,5099.7001953125,242,0.0,0.0
2026-02-11 05:25:00-05:00,5099.39990234375,5100.10009765625,5096.7001953125,5097.5,252,0.0,0.0
2026-02-11 05:26:00-05:00,5097.2001953125,5098.10009765625,5095.7001953125,5096.2001953125,78,0.0,0.0
2026-02-11 05:27:00-05:00,5096.39990234375,5096.60009765625,5092.2001953125,5093.7001953125,136,0.0,0.0
2026-02-11 05:28:00-05:00,5094.0,5095.89990234375,5093.60009765625,5094.10009765625,51,0.0,0.0
2026-02-11 05:29:00-05:00,5094.0,5095.0,5093.5,5095.0,37,0.0,0.0
2026-02-11 05:30:00-05:00,5094.7998046875,5097.2001953125,5092.0,5096.60009765625,205,0.0,0.0
2026-02-11 05:31:00-05:00,5096.2998046875,5097.0,5093.60009765625,5093.60009765625,322,0.0,0.0
2026-02-11 05:32:00-05:00,5093.10009765625,5096.0,5092.10009765625,5096.0,75,0.0,0.0
2026-02-11 05:33:00-05:00,5095.39990234375,5095.39990234375,5092.7998046875,5093.2998046875,125,0.0,0.0
2026-02-11 05:34:00-05:00,5093.10009765625,5093.7001953125,5092.60009765625,5092.60009765625,18,0.0,0.0
2026-02-11 05:35:00-05:00,5093.10009765625,5095.10009765625,5092.39990234375,5093.39990234375,75,0.0,0.0
2026-02-11 05:36:00-05:00,5093.39990234375,5097.5,5093.39990234375,5097.5,45,0.0,0.0
2026-02-11 05:37:00-05:00,5097.5,5099.2998046875,5097.5,5097.7001953125,38,0.0,0.0
2026-02-11 05:38:00-05:00,5098.0,5098.10009765625,5095.0,5095.89990234375,27,0.0,0.0
2026-02-11 05:39:00-05:00,5096.10009765625,5097.7001953125,5096.0,5097.7001953125,27,0.0,0.0
2026-02-11 05:40:00-05:00,5098.0,5108.5,5097.10009765625,5108.5,195,0.0,0.0
2026-02-11 05:41:00-05:00,5107.10009765625,5109.7998046875,5103.7001953125,5106.39990234375,588,0.0,0.0
2026-02-11 05:42:00-05:00,5106.60009765625,5107.60009765625,5103.2998046875,5105.89990234375,214,0.0,0.0
2026-02-11 05:43:00-05:00,5106.0,5109.60009765625,5105.7998046875,5108.7001953125,131,0.0,0.0
2026-02-11 05:44:00-05:00,5108.2998046875,5128.7998046875,5107.5,5124.89990234375,1444,0.0,0.0
2026-02-11 05:45:00-05:00,5124.7001953125,5127.0,5119.0,5119.2998046875,509,0.0,0.0
2026-02-11 05:46:00-05:00,5119.7998046875,5124.7998046875,5116.5,5121.60009765625,420,0.0,0.0
2026-02-11 05:47:00-05:00,5122.60009765625,5123.10009765625,5118.0,5119.60009765625,245,0.0,0.0
2026-02-11 05:48:00-05:00,5120.2998046875,5125.2001953125,5118.7998046875,5124.60009765625,296,0.0,0.0
2026-02-11 05:49:00-05:00,5124.39990234375,5127.10009765625,5119.39990234375,5124.39990234375,334,0.0,0.0
2026-02-11 05:50:00-05:00,5125.2001953125,5125.60009765625,5121.7001953125,5122.10009765625,241,0.0,0.0
2026-02-11 05:51:00-05:00,5123.0,5125.0,5121.2001953125,5122.89990234375,137,0.0,0.0
2026-02-11 05:52:00-05:00,5122.89990234375,5122.89990234375,5116.7001953125,5117.5,169,0.0,0.0
2026-02-11 05:53:00-05:00,5118.2001953125,5121.10009765625,5117.5,5120.2001953125,160,0.0,0.0
2026-02-11 05:54:00-05:00,5120.2001953125,5121.2001953125,5118.5,5120.2998046875,95,0.0,0.0
2026-02-11 05:55:00-05:00,5119.89990234375,5122.60009765625,5116.7998046875,5120.7998046875,201,0.0,0.0
2026-02-11 05:56:00-05:00,5120.2998046875,5122.2998046875,5119.2001953125,5120.0,164,0.0,0.0
2026-02-11 05:57:00-05:00,5119.60009765625,5120.2001953125,5116.39990234375,5119.39990234375,196,0.0,0.0
2026-02-11 05:58:00-05:00,5118.7998046875,5119.5,5116.2998046875,5118.2998046875,142,0.0,0.0
2026-02-11 05:59:00-05:00,5118.0,5118.89990234375,5116.60009765625,5118.60009765625,128,0.0,0.0
2026-02-11 06:00:00-05:00,5118.7998046875,5121.10009765625,5117.7998046875,5118.5,121,0.0,0.0
2026-02-11 06:01:00-05:00,5118.5,5118.7998046875,5115.7998046875,5115.7998046875,84,0.0,0.0
2026-02-11 06:02:00-05:00,5116.0,5116.2998046875,5114.5,5115.0,171,0.0,0.0
2026-02-11 06:03:00-05:00,5115.5,5116.39990234375,5107.7001953125,5109.60009765625,594,0.0,0.0
2026-02-11 06:04:00-05:00,5109.89990234375,5111.7001953125,5107.39990234375,5111.0,187,0.0,0.0
2026-02-11 06:05:00-05:00,5111.5,5112.5,5108.2001953125,5111.89990234375,99,0.0,0.0
2026-02-11 06:06:00-05:00,5112.60009765625,5117.0,5111.60009765625,5116.10009765625,95,0.0,0.0
2026-02-11 06:07:00-05:00,5116.2001953125,5119.10009765625,5116.2001953125,5118.7998046875,71,0.0,0.0
2026-02-11 06:08:00-05:00,5118.7998046875,5120.89990234375,5118.2001953125,5119.7001953125,89,0.0,0.0
2026-02-11 06:09:00-05:00,5119.7998046875,5119.7998046875,5117.39990234375,5119.10009765625,53,0.0,0.0
2026-02-11 06:10:00-05:00,5119.2998046875,5119.39990234375,5118.5,5119.39990234375,29,0.0,0.0
2026-02-11 06:11:00-05:00,5119.39990234375,5119.7998046875,5116.60009765625,5117.39990234375,50,0.0,0.0
2026-02-11 06:12:00-05:00,5117.7001953125,5117.7001953125,5113.5,5115.2998046875,96,0.0,0.0
2026-02-11 06:13:00-05:00,5114.89990234375,5115.60009765625,5114.5,5114.5,33,0.0,0.0
2026-02-11 06:14:00-05:00,5114.10009765625,5115.60009765625,5114.10009765625,5114.5,42,0.0,0.0
2026-02-11 06:15:00-05:00,5115.0,5118.39990234375,5115.0,5118.0,110,0.0,0.0
2026-02-11 06:16:00-05:00,5118.2998046875,5119.89990234375,5118.2998046875,5119.89990234375,74,0.0,0.0
2026-02-11 06:17:00-05:00,5119.2001953125,5122.39990234375,5119.2001953125,5120.7001953125,106,0.0,0.0
2026-02-11 06:18:00-05:00,5120.60009765625,5122.2001953125,5119.7998046875,5120.60009765625,55,0.0,0.0
2026-02-11 06:19:00-05:00,5121.0,5121.89990234375,5119.5,5121.10009765625,57,0.0,0.0
2026-02-11 06:20:00-05:00,5121.2998046875,5122.39990234375,5120.39990234375,5121.89990234375,72,0.0,0.0
2026-02-11 06:21:00-05:00,5122.39990234375,5124.0,5122.39990234375,5122.7001953125,108,0.0,0.0
2026-02-11 06:22:00-05:00,5123.0,5128.0,5123.0,5127.0,142,0.0,0.0
2026-02-11 06:23:00-05:00,5126.7001953125,5127.0,5124.2998046875,5125.10009765625,59,0.0,0.0
2026-02-11 06:24:00-05:00,5124.2998046875,5124.60009765625,5120.39990234375,5122.89990234375,124,0.0,0.0
2026-02-11 06:25:00-05:00,5122.2001953125,5122.89990234375,5121.60009765625,5122.39990234375,27,0.0,0.0
2026-02-11 06:26:00-05:00,5122.7001953125,5122.7001953125,5121.5,5122.2998046875,15,0.0,0.0
2026-02-11 06:27:00-05:00,5122.39990234375,5126.60009765625,5121.60009765625,5125.60009765625,84,0.0,0.0
2026-02-11 06:28:00-05:00,5126.0,5132.0,5125.0,5132.0,415,0.0,0.0
2026-02-11 06:29:00-05:00,5132.89990234375,5133.60009765625,5130.10009765625,5132.39990234375,377,0.0,0.0
2026-02-11 06:30:00-05:00,5133.10009765625,5133.89990234375,5128.39990234375,5129.5,217,0.0,0.0
2026-02-11 06:31:00-05:00,5130.2001953125,5131.5,5129.7001953125,5131.5,56,0.0,0.0
2026-02-11 06:32:00-05:00,5132.10009765625,5132.10009765625,5126.2001953125,5126.2001953125,129,0.0,0.0
2026-02-11 06:33:00-05:00,5126.39990234375,5128.2001953125,5126.2998046875,5128.2001953125,55,0.0,0.0
2026-02-11 06:34:00-05:00,5128.2001953125,5129.0,5125.7998046875,5128.60009765625,88,0.0,0.0
2026-02-11 06:35:00-05:00,5128.7001953125,5129.89990234375,5128.0,5129.2001953125,71,0.0,0.0
2026-02-11 06:36:00-05:00,5129.89990234375,5130.5,5128.7998046875,5130.2001953125,48,0.0,0.0
2026-02-11 06:37:00-05:00,5130.0,5133.2998046875,5129.39990234375,5132.2998046875,122,0.0,0.0
2026-02-11 06:38:00-05:00,5132.2001953125,5132.2998046875,5129.7001953125,5129.7001953125,50,0.0,0.0
2026-02-11 06:39:00-05:00,5129.89990234375,5129.89990234375,5127.5,5127.7998046875,41,0.0,0.0
2026-02-11 06:40:00-05:00,5127.89990234375,5129.10009765625,5127.7001953125,5128.39990234375,37,0.0,0.0
2026-02-11 06:41:00-05:00,5128.2001953125,5129.5,5127.0,5128.7998046875,80,0.0,0.0
2026-02-11 06:42:00-05:00,5128.60009765625,5132.10009765625,5128.0,5131.60009765625,89,0.0,0.0
2026-02-11 06:43:00-05:00,5131.60009765625,5131.7001953125,5127.89990234375,5128.7001953125,51,0.0,0.0
2026-02-11 06:44:00-05:00,5129.5,5135.2998046875,5129.5,5134.2001953125,90,0.0,0.0
2026-02-11 06:45:00-05:00,5134.39990234375,5137.10009765625,5133.5,5136.7001953125,226,0.0,0.0
2026-02-11 06:46:00-05:00,5136.7998046875,5139.0,5134.2001953125,5136.39990234375,173,0.0,0.0
2026-02-11 06:47:00-05:00,5136.39990234375,5139.5,5135.89990234375,5138.2001953125,117,0.0,0.0
2026-02-11 06:48:00-05:00,5139.0,5139.5,5136.7998046875,5137.5,142,0.0,0.0
2026-02-11 06:49:00-05:00,5137.89990234375,5140.39990234375,5137.0,5138.7998046875,121,0.0,0.0
2026-02-11 06:50:00-05:00,5138.60009765625,5139.5,5136.5,5138.2001953125,76,0.0,0.0
2026-02-11 06:51:00-05:00,5137.60009765625,5138.2998046875,5136.0,5136.89990234375,103,0.0,0.0
2026-02-11 06:52:00-05:00,5136.89990234375,5139.89990234375,5136.10009765625,5139.89990234375,135,0.0,0.0
2026-02-11 06:53:00-05:00,5140.0,5141.7998046875,5139.10009765625,5139.7001953125,143,0.0,0.0
2026-02-11 06:54:00-05:00,5140.2001953125,5140.2001953125,5137.5,5138.10009765625,68,0.0,0.0
2026-02-11 06:55:00-05:00,5137.89990234375,5138.7001953125,5137.0,5138.7001953125,48,0.0,0.0
2026-02-11 06:56:00-05:00,5138.60009765625,5139.5,5134.5,5135.2998046875,199,0.0,0.0
2026-02-11 06:57:00-05:00,5135.39990234375,5137.89990234375,5135.39990234375,5137.2998046875,39,0.0,0.0
2026-02-11 06:58:00-05:00,5137.2998046875,5138.2001953125,5136.0,5136.39990234375,80,0.0,0.0
2026-02-11 06:59:00-05:00,5136.2001953125,5137.5,5136.2001953125,5136.7998046875,79,0.0,0.0
2026-02-11 07:00:00-05:00,5137.39990234375,5144.5,5136.89990234375,5139.5,338,0.0,0.0
2026-02-11 07:01:00-05:00,5139.0,5140.2998046875,5134.10009765625,5135.2001953125,154,0.0,0.0
2026-02-11 07:02:00-05:00,5135.60009765625,5135.60009765625,5132.2998046875,5133.39990234375,120,0.0,0.0
2026-02-11 07:03:00-05:00,5132.5,5133.60009765625,5131.39990234375,5133.39990234375,70,0.0,0.0
2026-02-11 07:04:00-05:00,5133.10009765625,5134.5,5129.39990234375,5130.10009765625,114,0.0,0.0
2026-02-11 07:05:00-05:00,5129.7998046875,5131.60009765625,5129.0,5131.60009765625,85,0.0,0.0
2026-02-11 07:06:00-05:00,5131.60009765625,5131.60009765625,5125.2001953125,5126.60009765625,143,0.0,0.0
2026-02-11 07:07:00-05:00,5127.2001953125,5130.60009765625,5126.60009765625,5127.2001953125,86,0.0,0.0
2026-02-11 07:08:00-05:00,5126.89990234375,5128.10009765625,5126.2998046875,5127.5,129,0.0,0.0
2026-02-11 07:09:00-05:00,5127.7001953125,5129.5,5123.7998046875,5124.7998046875,86,0.0,0.0
2026-02-11 07:10:00-05:00,5125.0,5128.7998046875,5124.2998046875,5126.7998046875,119,0.0,0.0
2026-02-11 07:11:00-05:00,5127.0,5131.0,5127.0,5128.89990234375,165,0.0,0.0
2026-02-11 07:12:00-05:00,5129.0,5129.2001953125,5127.2001953125,5127.89990234375,69,0.0,0.0
2026-02-11 07:13:00-05:00,5128.2998046875,5132.0,5128.2998046875,5130.2998046875,67,0.0,0.0
2026-02-11 07:14:00-05:00,5130.7998046875,5131.89990234375,5130.0,5131.2998046875,66,0.0,0.0
2026-02-11 07:15:00-05:00,5131.60009765625,5132.2998046875,5128.10009765625,5128.10009765625,65,0.0,0.0
2026-02-11 07:16:00-05:00,5128.39990234375,5128.89990234375,5125.10009765625,5125.5,94,0.0,0.0
2026-02-11 07:17:00-05:00,5126.0,5126.7998046875,5122.2001953125,5122.7998046875,104,0.0,0.0
2026-02-11 07:18:00-05:00,5122.2998046875,5123.60009765625,5116.89990234375,5116.89990234375,185,0.0,0.0
2026-02-11 07:19:00-05:00,5117.39990234375,5120.7998046875,5117.39990234375,5118.39990234375,131,0.0,0.0
2026-02-11 07:20:00-05:00,5119.10009765625,5120.10009765625,5111.5,5115.2001953125,232,0.0,0.0
2026-02-11 07:21:00-05:00,5116.39990234375,5119.5,5116.39990234375,5117.2001953125,131,0.0,0.0
2026-02-11 07:22:00-05:00,5118.0,5118.7998046875,5117.5,5118.0,49,0.0,0.0
2026-02-11 07:23:00-05:00,5118.0,5120.0,5116.10009765625,5118.5,103,0.0,0.0
2026-02-11 07:24:00-05:00,5119.7998046875,5124.2001953125,5119.7998046875,5122.0,166,0.0,0.0
2026-02-11 07:25:00-05:00,5122.0,5123.2001953125,5119.89990234375,5122.2001953125,117,0.0,0.0
2026-02-11 07:26:00-05:00,5122.0,5124.2001953125,5121.60009765625,5123.2001953125,69,0.0,0.0
2026-02-11 07:27:00-05:00,5123.0,5123.7001953125,5119.0,5119.39990234375,50,0.0,0.0
2026-02-11 07:28:00-05:00,5119.10009765625,5120.0,5117.0,5118.10009765625,53,0.0,0.0
2026-02-11 07:29:00-05:00,5118.10009765625,5122.5,5117.89990234375,5119.89990234375,75,0.0,0.0
2026-02-11 07:30:00-05:00,5120.60009765625,5124.0,5119.0,5120.0,145,0.0,0.0
2026-02-11 07:31:00-05:00,5119.2998046875,5120.10009765625,5116.0,5117.7001953125,134,0.0,0.0
2026-02-11 07:32:00-05:00,5117.39990234375,5117.89990234375,5113.2001953125,5113.2001953125,145,0.0,0.0
2026-02-11 07:33:00-05:00,5113.2001953125,5114.7001953125,5111.0,5111.7998046875,149,0.0,0.0
2026-02-11 07:34:00-05:00,5111.7998046875,5111.89990234375,5107.2998046875,5109.39990234375,192,0.0,0.0
2026-02-11 07:35:00-05:00,5110.0,5110.0,5105.0,5106.2998046875,184,0.0,0.0
2026-02-11 07:36:00-05:00,5106.2998046875,5109.5,5104.5,5108.2998046875,295,0.0,0.0
2026-02-11 07:37:00-05:00,5108.60009765625,5111.89990234375,5107.5,5109.39990234375,135,0.0,0.0
2026-02-11 07:38:00-05:00,5109.5,5110.10009765625,5107.7001953125,5110.0,100,0.0,0.0
2026-02-11 07:39:00-05:00,5109.7998046875,5111.5,5108.5,5108.5,88,0.0,0.0
2026-02-11 07:40:00-05:00,5108.5,5108.5,5105.5,5106.39990234375,74,0.0,0.0
2026-02-11 07:41:00-05:00,5106.0,5106.0,5071.39990234375,5083.7001953125,1941,0.0,0.0
2026-02-11 07:42:00-05:00,5084.2001953125,5088.0,5079.10009765625,5085.89990234375,594,0.0,0.0
2026-02-11 07:43:00-05:00,5086.39990234375,5091.7998046875,5083.7001953125,5085.5,885,0.0,0.0
2026-02-11 07:44:00-05:00,5085.2001953125,5093.0,5082.0,5091.89990234375,303,0.0,0.0
2026-02-11 07:45:00-05:00,5091.39990234375,5093.60009765625,5088.60009765625,5091.0,287,0.0,0.0
2026-02-11 07:46:00-05:00,5090.39990234375,5095.5,5089.0,5093.0,275,0.0,0.0
2026-02-11 07:47:00-05:00,5093.0,5096.2998046875,5092.7998046875,5094.0,244,0.0,0.0
2026-02-11 07:48:00-05:00,5093.5,5099.2998046875,5091.7998046875,5097.60009765625,259,0.0,0.0
2026-02-11 07:49:00-05:00,5097.39990234375,5097.39990234375,5090.5,5094.5,194,0.0,0.0
2026-02-11 07:50:00-05:00,5094.60009765625,5099.39990234375,5093.10009765625,5099.10009765625,136,0.0,0.0
2026-02-11 07:51:00-05:00,5098.7998046875,5103.60009765625,5098.60009765625,5102.7998046875,243,0.0,0.0
2026-02-11 07:52:00-05:00,5102.10009765625,5103.2998046875,5099.7001953125,5100.89990234375,198,0.0,0.0
2026-02-11 07:53:00-05:00,5100.7998046875,5103.10009765625,5099.0,5102.2001953125,110,0.0,0.0
2026-02-11 07:54:00-05:00,5102.7001953125,5103.60009765625,5100.2001953125,5102.39990234375,80,0.0,0.0
2026-02-11 07:55:00-05:00,5102.0,5104.10009765625,5100.39990234375,5102.39990234375,117,0.0,0.0
2026-02-11 07:56:00-05:00,5102.2998046875,5104.0,5101.7998046875,5102.2998046875,90,0.0,0.0
2026-02-11 07:57:00-05:00,5102.7998046875,5102.7998046875,5097.7998046875,5099.5,103,0.0,0.0
2026-02-11 07:58:00-05:00,5100.7998046875,5104.7998046875,5100.2001953125,5104.5,35,0.0,0.0
2026-02-11 07:59:00-05:00,5105.0,5108.5,5104.39990234375,5107.2001953125,284,0.0,0.0
2026-02-11 08:00:00-05:00,5107.5,5110.2001953125,5103.10009765625,5107.7998046875,313,0.0,0.0
2026-02-11 08:01:00-05:00,5108.5,5111.10009765625,5104.0,5109.89990234375,226,0.0,0.0
2026-02-11 08:02:00-05:00,5110.5,5111.5,5106.7998046875,5110.39990234375,216,0.0,0.0
2026-02-11 08:03:00-05:00,5109.7001953125,5110.0,5105.7001953125,5108.39990234375,147,0.0,0.0
2026-02-11 08:04:00-05:00,5107.5,5107.5,5101.89990234375,5104.7001953125,123,0.0,0.0
2026-02-11 08:05:00-05:00,5104.60009765625,5107.7001953125,5103.7998046875,5107.7001953125,55,0.0,0.0
2026-02-11 08:06:00-05:00,5108.5,5109.2001953125,5105.7001953125,5106.89990234375,50,0.0,0.0
2026-02-11 08:07:00-05:00,5107.2001953125,5108.5,5106.39990234375,5107.2998046875,73,0.0,0.0
2026-02-11 08:08:00-05:00,5106.5,5107.89990234375,5104.39990234375,5106.2001953125,61,0.0,0.0
2026-02-11 08:09:00-05:00,5106.2998046875,5107.2998046875,5105.0,5106.5,63,0.0,0.0
2026-02-11 08:10:00-05:00,5106.10009765625,5106.89990234375,5103.0,5103.7001953125,116,0.0,0.0
2026-02-11 08:11:00-05:00,5102.89990234375,5105.0,5102.0,5105.0,51,0.0,0.0
2026-02-11 08:12:00-05:00,5104.7998046875,5104.7998046875,5098.2001953125,5101.2001953125,218,0.0,0.0
2026-02-11 08:13:00-05:00,5101.0,5102.0,5095.5,5102.0,173,0.0,0.0
2026-02-11 08:14:00-05:00,5102.0,5106.60009765625,5102.0,5106.0,102,0.0,0.0
2026-02-11 08:15:00-05:00,5105.60009765625,5105.7998046875,5100.60009765625,5102.0,111,0.0,0.0
2026-02-11 08:16:00-05:00,5101.60009765625,5102.60009765625,5095.5,5098.2998046875,121,0.0,0.0
2026-02-11 08:17:00-05:00,5098.2001953125,5098.89990234375,5092.2001953125,5092.60009765625,212,0.0,0.0
2026-02-11 08:18:00-05:00,5093.7001953125,5094.89990234375,5087.10009765625,5090.2001953125,268,0.0,0.0
2026-02-11 08:19:00-05:00,5090.60009765625,5096.2001953125,5090.60009765625,5096.0,124,0.0,0.0
2026-02-11 08:20:00-05:00,5096.5,5104.2001953125,5096.5,5101.7001953125,297,0.0,0.0
2026-02-11 08:21:00-05:00,5101.60009765625,5105.7998046875,5101.2001953125,5105.7998046875,151,0.0,0.0
2026-02-11 08:22:00-05:00,5105.7998046875,5108.0,5105.2001953125,5107.0,148,0.0,0.0
2026-02-11 08:23:00-05:00,5108.0,5108.7998046875,5104.5,5107.7001953125,141,0.0,0.0
2026-02-11 08:24:00-05:00,5107.2998046875,5109.39990234375,5105.10009765625,5107.5,118,0.0,0.0
2026-02-11 08:25:00-05:00,5107.7998046875,5110.0,5106.10009765625,5108.2998046875,117,0.0,0.0
2026-02-11 08:26:00-05:00,5108.2001953125,5115.0,5108.10009765625,5110.60009765625,224,0.0,0.0
2026-02-11 08:27:00-05:00,5110.60009765625,5114.7998046875,5109.89990234375,5111.60009765625,112,0.0,0.0
2026-02-11 08:28:00-05:00,5111.7001953125,5113.0,5107.2998046875,5107.7998046875,149,0.0,0.0
2026-02-11 08:29:00-05:00,5109.60009765625,5109.7001953125,5103.10009765625,5108.89990234375,116,0.0,0.0
2026-02-11 08:30:00-05:00,5104.39990234375,5104.39990234375,5036.2998046875,5042.39990234375,2775,0.0,0.0
2026-02-11 08:31:00-05:00,5044.2001953125,5074.10009765625,5041.2001953125,5068.60009765625,1528,0.0,0.0
2026-02-11 08:32:00-05:00,5068.7998046875,5075.0,5061.10009765625,5072.5,817,0.0,0.0
2026-02-11 08:33:00-05:00,5073.2998046875,5073.60009765625,5062.2001953125,5066.60009765625,518,0.0,0.0
2026-02-11 08:34:00-05:00,5066.39990234375,5074.0,5066.39990234375,5073.2001953125,416,0.0,0.0
2026-02-11 08:35:00-05:00,5071.7001953125,5073.60009765625,5063.2001953125,5069.5,373,0.0,0.0
2026-02-11 08:36:00-05:00,5070.0,5071.0,5062.7998046875,5069.0,461,0.0,0.0
2026-02-11 08:37:00-05:00,5070.7001953125,5079.39990234375,5070.39990234375,5078.89990234375,459,0.0,0.0
2026-02-11 08:38:00-05:00,5079.39990234375,5081.5,5071.39990234375,5071.39990234375,396,0.0,0.0
2026-02-11 08:39:00-05:00,5071.2001953125,5091.2998046875,5071.2001953125,5087.7001953125,430,0.0,0.0
2026-02-11 08:40:00-05:00,5087.39990234375,5088.7998046875,5081.5,5084.0,395,0.0,0.0
2026-02-11 08:41:00-05:00,5083.0,5089.0,5080.39990234375,5087.39990234375,296,0.0,0.0
2026-02-11 08:42:00-05:00,5087.2998046875,5088.10009765625,5078.2001953125,5079.2998046875,282,0.0,0.0
2026-02-11 08:43:00-05:00,5078.0,5082.7001953125,5075.39990234375,5082.7001953125,135,0.0,0.0
2026-02-11 08:44:00-05:00,5082.7998046875,5084.39990234375,5076.7001953125,5083.39990234375,105,0.0,0.0
2026-02-11 08:45:00-05:00,5082.39990234375,5089.0,5081.7998046875,5087.5,265,0.0,0.0
2026-02-11 08:46:00-05:00,5087.10009765625,5088.5,5081.7001953125,5081.7001953125,88,0.0,0.0
2026-02-11 08:47:00-05:00,5081.0,5084.10009765625,5077.2998046875,5082.2998046875,154,0.0,0.0
2026-02-11 08:48:00-05:00,5083.2998046875,5087.60009765625,5081.5,5086.89990234375,198,0.0,0.0
2026-02-11 08:49:00-05:00,5086.2001953125,5096.0,5084.7998046875,5091.7998046875,435,0.0,0.0
2026-02-11 08:50:00-05:00,5091.2998046875,5091.7998046875,5086.5,5087.7998046875,182,0.0,0.0
2026-02-11 08:51:00-05:00,5087.7001953125,5088.60009765625,5082.2998046875,5084.39990234375,200,0.0,0.0
2026-02-11 08:52:00-05:00,5083.0,5086.5,5081.2001953125,5086.0,113,0.0,0.0
2026-02-11 08:53:00-05:00,5086.89990234375,5089.7998046875,5083.7998046875,5087.10009765625,165,0.0,0.0
2026-02-11 08:54:00-05:00,5087.0,5092.7998046875,5086.5,5089.2001953125,115,0.0,0.0
2026-02-11 08:55:00-05:00,5090.10009765625,5094.7998046875,5089.10009765625,5091.2001953125,209,0.0,0.0
2026-02-11 08:56:00-05:00,5091.0,5093.0,5088.7001953125,5089.7998046875,106,0.0,0.0
2026-02-11 08:57:00-05:00,5090.7001953125,5091.7001953125,5088.2998046875,5088.60009765625,129,0.0,0.0
2026-02-11 08:58:00-05:00,5089.89990234375,5096.0,5087.89990234375,5092.2001953125,202,0.0,0.0
2026-02-11 08:59:00-05:00,5092.60009765625,5092.7001953125,5088.2001953125,5089.60009765625,109,0.0,0.0
2026-02-11 09:00:00-05:00,5088.2001953125,5090.39990234375,5084.2998046875,5087.10009765625,197,0.0,0.0
2026-02-11 09:01:00-05:00,5086.2001953125,5093.0,5085.39990234375,5090.60009765625,143,0.0,0.0
2026-02-11 09:02:00-05:00,5088.7998046875,5089.7001953125,5087.2001953125,5087.2001953125,36,0.0,0.0
2026-02-11 09:03:00-05:00,5087.39990234375,5091.10009765625,5086.7998046875,5090.7001953125,105,0.0,0.0
2026-02-11 09:04:00-05:00,5090.5,5098.7998046875,5090.5,5097.89990234375,284,0.0,0.0
2026-02-11 09:05:00-05:00,5098.10009765625,5100.7998046875,5096.2001953125,5098.7001953125,205,0.0,0.0
2026-02-11 09:06:00-05:00,5099.2998046875,5100.5,5097.2998046875,5098.7998046875,102,0.0,0.0
2026-02-11 09:07:00-05:00,5098.5,5099.7998046875,5097.10009765625,5099.0,171,0.0,0.0
2026-02-11 09:08:00-05:00,5100.0,5101.2001953125,5098.10009765625,5099.89990234375,133,0.0,0.0
2026-02-11 09:09:00-05:00,5100.39990234375,5102.39990234375,5097.5,5099.10009765625,229,0.0,0.0
2026-02-11 09:10:00-05:00,5099.39990234375,5100.0,5098.2998046875,5099.10009765625,157,0.0,0.0
2026-02-11 09:11:00-05:00,5098.7001953125,5100.0,5094.60009765625,5100.0,250,0.0,0.0
2026-02-11 09:12:00-05:00,5099.39990234375,5099.7001953125,5097.10009765625,5097.2998046875,48,0.0,0.0
2026-02-11 09:13:00-05:00,5098.0,5098.0,5095.7001953125,5097.2001953125,71,0.0,0.0
2026-02-11 09:14:00-05:00,5097.7998046875,5099.89990234375,5094.89990234375,5097.0,141,0.0,0.0
2026-02-11 09:15:00-05:00,5097.5,5098.0,5094.5,5096.5,60,0.0,0.0
2026-02-11 09:16:00-05:00,5095.7001953125,5107.10009765625,5095.60009765625,5103.5,406,0.0,0.0
2026-02-11 09:17:00-05:00,5103.2998046875,5103.89990234375,5097.39990234375,5103.0,196,0.0,0.0
2026-02-11 09:18:00-05:00,5102.5,5104.39990234375,5101.2998046875,5102.89990234375,105,0.0,0.0
2026-02-11 09:19:00-05:00,5103.2998046875,5106.0,5100.7001953125,5103.39990234375,167,0.0,0.0
2026-02-11 09:20:00-05:00,5102.39990234375,5105.39990234375,5101.39990234375,5103.0,130,0.0,0.0
2026-02-11 09:21:00-05:00,5102.39990234375,5102.39990234375,5098.2001953125,5099.10009765625,98,0.0,0.0
2026-02-11 09:22:00-05:00,5098.7998046875,5099.2998046875,5095.60009765625,5098.60009765625,111,0.0,0.0
2026-02-11 09:23:00-05:00,5099.0,5099.0,5092.0,5094.2998046875,168,0.0,0.0
2026-02-11 09:24:00-05:00,5094.2998046875,5096.2001953125,5089.2998046875,5093.5,198,0.0,0.0
2026-02-11 09:25:00-05:00,5093.60009765625,5096.7998046875,5090.89990234375,5094.5,210,0.0,0.0
2026-02-11 09:26:00-05:00,5094.0,5095.39990234375,5091.5,5094.10009765625,101,0.0,0.0
2026-02-11 09:27:00-05:00,5094.60009765625,5094.7998046875,5091.7001953125,5092.60009765625,52,0.0,0.0
2026-02-11 09:28:00-05:00,5092.7001953125,5093.60009765625,5090.89990234375,5093.2001953125,76,0.0,0.0
2026-02-11 09:29:00-05:00,5093.39990234375,5094.39990234375,5091.0,5094.0,100,0.0,0.0
2026-02-11 09:30:00-05:00,5093.89990234375,5100.10009765625,5091.0,5094.10009765625,352,0.0,0.0
2026-02-11 09:31:00-05:00,5093.5,5093.5,5084.10009765625,5087.0,434,0.0,0.0
2026-02-11 09:32:00-05:00,5086.5,5093.39990234375,5083.5,5093.39990234375,238,0.0,0.0
2026-02-11 09:33:00-05:00,5093.5,5094.5,5084.7001953125,5085.0,182,0.0,0.0
2026-02-11 09:34:00-05:00,5084.5,5094.5,5084.2001953125,5092.7001953125,136,0.0,0.0
2026-02-11 09:35:00-05:00,5092.60009765625,5094.0,5087.2998046875,5089.10009765625,126,0.0,0.0
2026-02-11 09:36:00-05:00,5087.7001953125,5093.2001953125,5082.7998046875,5083.7001953125,123,0.0,0.0
2026-02-11 09:37:00-05:00,5084.0,5086.60009765625,5081.5,5081.60009765625,175,0.0,0.0
2026-02-11 09:38:00-05:00,5081.60009765625,5081.60009765625,5073.0,5074.7998046875,355,0.0,0.0
2026-02-11 09:39:00-05:00,5074.2001953125,5075.0,5066.89990234375,5069.5,404,0.0,0.0
2026-02-11 09:40:00-05:00,5069.5,5072.7998046875,5066.89990234375,5068.39990234375,229,0.0,0.0
2026-02-11 09:41:00-05:00,5067.7001953125,5069.0,5058.7001953125,5060.0,439,0.0,0.0
2026-02-11 09:42:00-05:00,5059.60009765625,5064.2998046875,5059.5,5062.0,265,0.0,0.0
2026-02-11 09:43:00-05:00,5061.2998046875,5067.60009765625,5060.0,5065.39990234375,376,0.0,0.0
2026-02-11 09:44:00-05:00,5065.2001953125,5067.60009765625,5060.7998046875,5065.2001953125,102,0.0,0.0
2026-02-11 09:45:00-05:00,5065.39990234375,5072.7998046875,5064.2998046875,5071.89990234375,235,0.0,0.0
2026-02-11 09:46:00-05:00,5071.39990234375,5072.2001953125,5066.60009765625,5068.10009765625,183,0.0,0.0
2026-02-11 09:47:00-05:00,5069.60009765625,5075.0,5069.10009765625,5072.60009765625,152,0.0,0.0
2026-02-11 09:48:00-05:00,5073.7001953125,5074.0,5068.60009765625,5073.10009765625,177,0.0,0.0
2026-02-11 09:49:00-05:00,5071.5,5071.5,5067.0,5070.2998046875,205,0.0,0.0
2026-02-11 09:50:00-05:00,5070.2001953125,5073.0,5068.39990234375,5071.2998046875,91,0.0,0.0
2026-02-11 09:51:00-05:00,5071.39990234375,5075.60009765625,5071.39990234375,5073.2001953125,158,0.0,0.0
2026-02-11 09:52:00-05:00,5073.2001953125,5076.2001953125,5071.2001953125,5076.2001953125,138,0.0,0.0
2026-02-11 09:53:00-05:00,5075.2001953125,5079.60009765625,5074.7001953125,5079.0,144,0.0,0.0
2026-02-11 09:54:00-05:00,5079.5,5082.0,5078.7998046875,5081.7998046875,172,0.0,0.0
2026-02-11 09:55:00-05:00,5082.2998046875,5084.89990234375,5079.2001953125,5081.0,147,0.0,0.0
2026-02-11 09:56:00-05:00,5080.39990234375,5086.60009765625,5078.39990234375,5086.0,220,0.0,0.0
2026-02-11 09:57:00-05:00,5086.2001953125,5087.89990234375,5083.10009765625,5086.10009765625,210,0.0,0.0
2026-02-11 09:58:00-05:00,5087.0,5088.39990234375,5083.60009765625,5084.7998046875,149,0.0,0.0
2026-02-11 09:59:00-05:00,5084.0,5085.7001953125,5082.2001953125,5082.2998046875,153,0.0,0.0
2026-02-11 10:00:00-05:00,5082.2998046875,5084.39990234375,5076.0,5081.2998046875,409,0.0,0.0
2026-02-11 10:01:00-05:00,5081.2998046875,5083.0,5078.0,5083.0,175,0.0,0.0
2026-02-11 10:02:00-05:00,5083.10009765625,5083.60009765625,5077.0,5081.10009765625,261,0.0,0.0
2026-02-11 10:03:00-05:00,5080.5,5086.0,5078.10009765625,5085.5,248,0.0,0.0
2026-02-11 10:04:00-05:00,5084.7001953125,5089.7998046875,5083.5,5088.0,157,0.0,0.0
2026-02-11 10:05:00-05:00,5087.7001953125,5099.7998046875,5087.7001953125,5099.39990234375,397,0.0,0.0
2026-02-11 10:06:00-05:00,5099.5,5099.7998046875,5095.7001953125,5098.60009765625,209,0.0,0.0
2026-02-11 10:07:00-05:00,5098.7998046875,5103.0,5097.2998046875,5099.7998046875,280,0.0,0.0
2026-02-11 10:08:00-05:00,5099.10009765625,5103.39990234375,5099.0,5100.2998046875,167,0.0,0.0
2026-02-11 10:09:00-05:00,5100.10009765625,5105.5,5099.2998046875,5102.2998046875,188,0.0,0.0
2026-02-11 10:10:00-05:00,5102.7998046875,5104.5,5099.2001953125,5104.5,388,0.0,0.0
2026-02-11 10:11:00-05:00,5104.5,5105.0,5093.10009765625,5093.2998046875,399,0.0,0.0
2026-02-11 10:12:00-05:00,5092.7998046875,5098.2998046875,5090.2998046875,5095.89990234375,245,0.0,0.0
2026-02-11 10:13:00-05:00,5096.89990234375,5098.2001953125,5088.7998046875,5091.60009765625,190,0.0,0.0
2026-02-11 10:14:00-05:00,5090.2998046875,5091.5,5088.89990234375,5090.2998046875,149,0.0,0.0
2026-02-11 10:15:00-05:00,5090.60009765625,5098.2998046875,5089.89990234375,5095.2998046875,145,0.0,0.0
2026-02-11 10:16:00-05:00,5094.0,5096.5,5087.0,5088.7001953125,116,0.0,0.0
2026-02-11 10:17:00-05:00,5089.7001953125,5093.89990234375,5087.89990234375,5090.39990234375,97,0.0,0.0
2026-02-11 10:18:00-05:00,5089.2001953125,5090.7998046875,5084.60009765625,5089.39990234375,117,0.0,0.0
2026-02-11 10:19:00-05:00,5089.10009765625,5090.10009765625,5087.60009765625,5088.7001953125,93,0.0,0.0
2026-02-11 10:20:00-05:00,5088.60009765625,5090.2001953125,5085.7001953125,5087.10009765625,90,0.0,0.0
2026-02-11 10:21:00-05:00,5087.0,5092.7998046875,5085.39990234375,5092.2998046875,144,0.0,0.0
2026-02-11 10:22:00-05:00,5092.2998046875,5094.5,5091.5,5092.7001953125,165,0.0,0.0
2026-02-11 10:23:00-05:00,5092.60009765625,5093.5,5087.2001953125,5088.2998046875,62,0.0,0.0
2026-02-11 10:24:00-05:00,5088.7001953125,5088.7001953125,5069.89990234375,5072.39990234375,498,0.0,0.0
2026-02-11 10:25:00-05:00,5072.39990234375,5078.7001953125,5071.60009765625,5076.7001953125,195,0.0,0.0
2026-02-11 10:26:00-05:00,5076.10009765625,5079.2001953125,5070.2001953125,5070.89990234375,191,0.0,0.0
2026-02-11 10:27:00-05:00,5071.10009765625,5073.7998046875,5068.0,5068.2998046875,281,0.0,0.0
2026-02-11 10:28:00-05:00,5068.60009765625,5075.0,5066.7001953125,5071.0,246,0.0,0.0
2026-02-11 10:29:00-05:00,5071.7001953125,5073.5,5071.39990234375,5072.60009765625,111,0.0,0.0
2026-02-11 10:30:00-05:00,5071.10009765625,5073.5,5069.2001953125,5072.7998046875,149,0.0,0.0
2026-02-11 10:31:00-05:00,5071.7001953125,5073.5,5067.89990234375,5070.10009765625,253,0.0,0.0
2026-02-11 10:32:00-05:00,5069.2001953125,5073.5,5066.89990234375,5072.2998046875,202,0.0,0.0
2026-02-11 10:33:00-05:00,5072.5,5076.60009765625,5070.39990234375,5075.10009765625,255,0.0,0.0
2026-02-11 10:34:00-05:00,5075.39990234375,5077.39990234375,5072.5,5076.60009765625,104,0.0,0.0
2026-02-11 10:35:00-05:00,5076.39990234375,5080.0,5074.0,5078.7001953125,145,0.0,0.0
2026-02-11 10:36:00-05:00,5078.7001953125,5081.0,5077.7998046875,5078.7001953125,87,0.0,0.0
2026-02-11 10:37:00-05:00,5077.7998046875,5077.7998046875,5062.0,5067.0,425,0.0,0.0
2026-02-11 10:38:00-05:00,5067.2998046875,5067.7001953125,5062.10009765625,5063.0,243,0.0,0.0
2026-02-11 10:39:00-05:00,5063.60009765625,5069.39990234375,5062.0,5068.7998046875,220,0.0,0.0
2026-02-11 10:40:00-05:00,5069.89990234375,5071.2001953125,5066.5,5070.0,160,0.0,0.0
2026-02-11 10:41:00-05:00,5070.60009765625,5074.5,5070.60009765625,5073.0,138,0.0,0.0
2026-02-11 10:42:00-05:00,5073.39990234375,5075.2998046875,5071.2998046875,5074.60009765625,110,0.0,0.0
2026-02-11 10:43:00-05:00,5074.0,5075.5,5069.5,5069.7001953125,89,0.0,0.0
2026-02-11 10:44:00-05:00,5069.39990234375,5073.5,5068.89990234375,5071.0,68,0.0,0.0
2026-02-11 10:45:00-05:00,5070.7998046875,5080.0,5070.7998046875,5076.39990234375,151,0.0,0.0
2026-02-11 10:46:00-05:00,5076.39990234375,5078.39990234375,5075.7001953125,5076.7998046875,86,0.0,0.0
2026-02-11 10:47:00-05:00,5076.2998046875,5078.7998046875,5075.0,5078.7998046875,95,0.0,0.0
2026-02-11 10:48:00-05:00,5079.0,5079.2001953125,5070.5,5072.0,102,0.0,0.0
2026-02-11 10:49:00-05:00,5071.89990234375,5073.2998046875,5067.89990234375,5071.39990234375,93,0.0,0.0
2026-02-11 10:50:00-05:00,5070.7001953125,5073.2998046875,5068.7001953125,5071.7998046875,86,0.0,0.0
2026-02-11 10:51:00-05:00,5072.7998046875,5076.2998046875,5072.7001953125,5074.2998046875,116,0.0,0.0
2026-02-11 10:52:00-05:00,5075.2998046875,5083.5,5075.2998046875,5080.7998046875,457,0.0,0.0
2026-02-11 10:53:00-05:00,5081.2998046875,5083.0,5080.10009765625,5082.60009765625,102,0.0,0.0
2026-02-11 10:54:00-05:00,5083.2001953125,5084.60009765625,5081.7998046875,5083.0,83,0.0,0.0
2026-02-11 10:55:00-05:00,5083.60009765625,5085.60009765625,5082.0,5085.39990234375,93,0.0,0.0
2026-02-11 10:56:00-05:00,5085.39990234375,5085.60009765625,5082.10009765625,5082.89990234375,66,0.0,0.0
2026-02-11 10:57:00-05:00,5082.10009765625,5085.7998046875,5082.10009765625,5084.60009765625,89,0.0,0.0
2026-02-11 10:58:00-05:00,5084.89990234375,5085.89990234375,5082.39990234375,5082.60009765625,95,0.0,0.0
2026-02-11 10:59:00-05:00,5083.2001953125,5084.2001953125,5081.7998046875,5084.2001953125,49,0.0,0.0
2026-02-11 11:00:00-05:00,5083.10009765625,5083.10009765625,5080.0,5081.7001953125,94,0.0,0.0
2026-02-11 11:01:00-05:00,5082.89990234375,5084.7998046875,5082.5,5084.39990234375,54,0.0,0.0
2026-02-11 11:02:00-05:00,5085.0,5087.0,5079.60009765625,5080.2998046875,94,0.0,0.0
2026-02-11 11:03:00-05:00,5079.7001953125,5081.0,5077.39990234375,5079.7998046875,132,0.0,0.0
2026-02-11 11:04:00-05:00,5080.89990234375,5083.2998046875,5077.0,5080.0,123,0.0,0.0
2026-02-11 11:05:00-05:00,5080.7998046875,5082.10009765625,5078.5,5078.89990234375,46,0.0,0.0
2026-02-11 11:06:00-05:00,5078.89990234375,5081.5,5075.2001953125,5079.89990234375,66,0.0,0.0
2026-02-11 11:07:00-05:00,5079.7998046875,5080.5,5077.5,5079.89990234375,54,0.0,0.0
2026-02-11 11:08:00-05:00,5079.7001953125,5081.7998046875,5078.89990234375,5079.7998046875,40,0.0,0.0
2026-02-11 11:09:00-05:00,5079.2998046875,5080.2998046875,5074.5,5076.7998046875,125,0.0,0.0
2026-02-11 11:10:00-05:00,5076.5,5079.89990234375,5076.5,5078.60009765625,101,0.0,0.0
2026-02-11 11:11:00-05:00,5077.60009765625,5086.89990234375,5076.39990234375,5086.89990234375,251,0.0,0.0
2026-02-11 11:12:00-05:00,5086.2001953125,5087.89990234375,5083.39990234375,5083.39990234375,139,0.0,0.0
2026-02-11 11:13:00-05:00,5084.0,5085.10009765625,5083.0,5084.10009765625,52,0.0,0.0
2026-02-11 11:14:00-05:00,5083.7001953125,5083.7001953125,5078.2001953125,5079.10009765625,70,0.0,0.0
2026-02-11 11:15:00-05:00,5079.7998046875,5081.5,5075.0,5076.5,125,0.0,0.0
2026-02-11 11:16:00-05:00,5076.2001953125,5077.60009765625,5071.5,5072.60009765625,113,0.0,0.0
2026-02-11 11:17:00-05:00,5073.0,5075.89990234375,5065.5,5070.7998046875,494,0.0,0.0
2026-02-11 11:18:00-05:00,5071.2998046875,5077.0,5071.0,5076.89990234375,169,0.0,0.0
2026-02-11 11:19:00-05:00,5077.60009765625,5079.10009765625,5075.60009765625,5078.7998046875,96,0.0,0.0
2026-02-11 11:20:00-05:00,5078.5,5079.89990234375,5076.0,5079.0,137,0.0,0.0
2026-02-11 11:21:00-05:00,5079.0,5079.0,5074.2998046875,5074.60009765625,50,0.0,0.0
2026-02-11 11:22:00-05:00,5074.60009765625,5080.0,5074.60009765625,5079.10009765625,30,0.0,0.0
2026-02-11 11:23:00-05:00,5079.7998046875,5082.0,5079.0,5081.5,51,0.0,0.0
2026-02-11 11:24:00-05:00,5081.7998046875,5083.7001953125,5080.7998046875,5080.89990234375,158,0.0,0.0
2026-02-11 11:25:00-05:00,5080.7998046875,5083.0,5079.60009765625,5080.5,43,0.0,0.0
2026-02-11 11:26:00-05:00,5080.7998046875,5083.0,5080.7998046875,5082.2001953125,46,0.0,0.0
2026-02-11 11:27:00-05:00,5081.39990234375,5082.89990234375,5080.7001953125,5082.0,39,0.0,0.0
2026-02-11 11:28:00-05:00,5081.39990234375,5084.10009765625,5081.39990234375,5082.7998046875,75,0.0,0.0
2026-02-11 11:29:00-05:00,5082.5,5085.89990234375,5082.5,5085.2001953125,55,0.0,0.0
2026-02-11 11:30:00-05:00,5084.0,5091.7001953125,5078.60009765625,5091.7001953125,392,0.0,0.0
2026-02-11 11:31:00-05:00,5090.5,5091.7001953125,5089.2001953125,5090.10009765625,95,0.0,0.0
2026-02-11 11:32:00-05:00,5090.0,5094.2998046875,5089.2001953125,5093.2001953125,126,0.0,0.0
2026-02-11 11:33:00-05:00,5093.0,5097.5,5092.0,5096.60009765625,314,0.0,0.0
2026-02-11 11:34:00-05:00,5097.10009765625,5099.89990234375,5096.0,5098.39990234375,636,0.0,0.0
2026-02-11 11:35:00-05:00,5098.89990234375,5101.0,5096.5,5096.60009765625,293,0.0,0.0
2026-02-11 11:36:00-05:00,5097.10009765625,5098.89990234375,5093.39990234375,5094.7998046875,136,0.0,0.0
2026-02-11 11:37:00-05:00,5095.0,5096.2998046875,5093.60009765625,5095.0,85,0.0,0.0
2026-02-11 11:38:00-05:00,5094.5,5098.0,5093.5,5097.0,55,0.0,0.0
2026-02-11 11:39:00-05:00,5097.39990234375,5098.39990234375,5096.2001953125,5098.2001953125,35,0.0,0.0
2026-02-11 11:40:00-05:00,5098.2001953125,5100.2001953125,5098.10009765625,5099.89990234375,148,0.0,0.0
2026-02-11 11:41:00-05:00,5099.5,5101.7998046875,5099.5,5100.7998046875,132,0.0,0.0
2026-02-11 11:42:00-05:00,5100.5,5101.39990234375,5099.89990234375,5100.2001953125,51,0.0,0.0
2026-02-11 11:43:00-05:00,5100.60009765625,5100.60009765625,5098.10009765625,5098.5,58,0.0,0.0
2026-02-11 11:44:00-05:00,5097.7001953125,5098.60009765625,5097.10009765625,5097.89990234375,68,0.0,0.0
2026-02-11 11:45:00-05:00,5097.89990234375,5099.2998046875,5097.7001953125,5098.10009765625,56,0.0,0.0
2026-02-11 11:46:00-05:00,5098.2001953125,5099.7001953125,5097.2998046875,5099.7001953125,85,0.0,0.0
2026-02-11 11:47:00-05:00,5099.60009765625,5100.2001953125,5097.39990234375,5097.39990234375,89,0.0,0.0
2026-02-11 11:48:00-05:00,5098.10009765625,5098.39990234375,5095.0,5095.10009765625,182,0.0,0.0
2026-02-11 11:49:00-05:00,5095.0,5098.5,5095.0,5096.60009765625,110,0.0,0.0
2026-02-11 11:50:00-05:00,5096.7998046875,5097.60009765625,5095.2001953125,5096.0,40,0.0,0.0
2026-02-11 11:51:00-05:00,5095.2001953125,5097.0,5095.0,5096.2998046875,79,0.0,0.0
2026-02-11 11:52:00-05:00,5096.10009765625,5098.60009765625,5095.2998046875,5097.89990234375,90,0.0,0.0
2026-02-11 11:53:00-05:00,5098.0,5100.10009765625,5098.0,5100.10009765625,74,0.0,0.0
2026-02-11 11:54:00-05:00,5100.2998046875,5100.2998046875,5096.60009765625,5097.2998046875,92,0.0,0.0
2026-02-11 11:55:00-05:00,5097.2001953125,5098.0,5095.5,5096.2998046875,56,0.0,0.0
2026-02-11 11:56:00-05:00,5097.10009765625,5097.10009765625,5095.2998046875,5096.7998046875,67,0.0,0.0
2026-02-11 11:57:00-05:00,5096.2998046875,5097.60009765625,5095.39990234375,5097.2001953125,53,0.0,0.0
2026-02-11 11:58:00-05:00,5097.60009765625,5098.2001953125,5096.7998046875,5098.0,77,0.0,0.0
2026-02-11 11:59:00-05:00,5098.0,5099.39990234375,5097.5,5099.2001953125,96,0.0,0.0
2026-02-11 12:00:00-05:00,5098.7001953125,5101.2998046875,5097.89990234375,5100.60009765625,316,0.0,0.0
2026-02-11 12:01:00-05:00,5100.2001953125,5100.39990234375,5095.2998046875,5095.7998046875,106,0.0,0.0
2026-02-11 12:02:00-05:00,5095.5,5096.2001953125,5091.39990234375,5094.10009765625,296,0.0,0.0
2026-02-11 12:03:00-05:00,5094.5,5097.60009765625,5094.5,5096.39990234375,65,0.0,0.0
2026-02-11 12:04:00-05:00,5097.0,5099.10009765625,5096.10009765625,5097.10009765625,54,0.0,0.0
2026-02-11 12:05:00-05:00,5097.60009765625,5099.2001953125,5097.2998046875,5097.7998046875,23,0.0,0.0
2026-02-11 12:06:00-05:00,5099.10009765625,5102.7001953125,5098.7998046875,5101.7001953125,122,0.0,0.0
2026-02-11 12:07:00-05:00,5101.89990234375,5104.0,5101.0,5102.89990234375,276,0.0,0.0
2026-02-11 12:08:00-05:00,5103.60009765625,5107.39990234375,5102.10009765625,5107.39990234375,276,0.0,0.0
2026-02-11 12:09:00-05:00,5107.5,5107.5,5102.89990234375,5104.0,112,0.0,0.0
2026-02-11 12:10:00-05:00,5105.0,5106.89990234375,5104.7998046875,5106.7001953125,76,0.0,0.0
2026-02-11 12:11:00-05:00,5107.0,5109.0,5106.39990234375,5108.5,159,0.0,0.0
2026-02-11 12:12:00-05:00,5108.2998046875,5110.2001953125,5107.2001953125,5109.5,235,0.0,0.0
2026-02-11 12:13:00-05:00,5109.7001953125,5110.10009765625,5108.2001953125,5108.39990234375,102,0.0,0.0
2026-02-11 12:14:00-05:00,5108.7001953125,5110.2001953125,5108.2001953125,5109.0,92,0.0,0.0
2026-02-11 12:15:00-05:00,5109.7001953125,5110.0,5108.60009765625,5110.0,107,0.0,0.0
2026-02-11 12:16:00-05:00,5110.10009765625,5110.7001953125,5108.7001953125,5109.39990234375,129,0.0,0.0
2026-02-11 12:17:00-05:00,5110.10009765625,5116.7998046875,5109.39990234375,5114.5,347,0.0,0.0
2026-02-11 12:18:00-05:00,5114.0,5114.2001953125,5109.5,5110.2998046875,135,0.0,0.0
2026-02-11 12:19:00-05:00,5110.2998046875,5110.2998046875,5101.7998046875,5108.2998046875,306,0.0,0.0
2026-02-11 12:20:00-05:00,5107.7001953125,5109.5,5104.7998046875,5106.2998046875,125,0.0,0.0
2026-02-11 12:21:00-05:00,5106.7998046875,5109.2998046875,5106.2001953125,5107.7998046875,76,0.0,0.0
2026-02-11 12:22:00-05:00,5107.7998046875,5110.7001953125,5107.5,5110.0,82,0.0,0.0
2026-02-11 12:23:00-05:00,5109.39990234375,5112.39990234375,5109.39990234375,5110.7001953125,41,0.0,0.0
2026-02-11 12:24:00-05:00,5111.5,5113.7001953125,5111.5,5112.89990234375,87,0.0,0.0
2026-02-11 12:25:00-05:00,5113.7001953125,5114.2998046875,5111.39990234375,5113.60009765625,120,0.0,0.0
2026-02-11 12:26:00-05:00,5113.7998046875,5114.2998046875,5111.39990234375,5112.10009765625,93,0.0,0.0
2026-02-11 12:27:00-05:00,5112.7001953125,5113.2998046875,5111.10009765625,5111.10009765625,110,0.0,0.0
2026-02-11 12:28:00-05:00,5110.89990234375,5111.7998046875,5109.89990234375,5110.2998046875,90,0.0,0.0
2026-02-11 12:29:00-05:00,5111.0,5113.0,5110.10009765625,5112.39990234375,75,0.0,0.0
2026-02-11 12:30:00-05:00,5111.60009765625,5113.10009765625,5109.7001953125,5109.7001953125,100,0.0,0.0
2026-02-11 12:31:00-05:00,5109.7998046875,5109.7998046875,5107.2998046875,5108.60009765625,91,0.0,0.0
2026-02-11 12:32:00-05:00,5109.5,5109.89990234375,5106.7998046875,5108.89990234375,118,0.0,0.0
2026-02-11 12:33:00-05:00,5109.39990234375,5109.39990234375,5108.0,5108.89990234375,94,0.0,0.0
2026-02-11 12:34:00-05:00,5109.60009765625,5109.60009765625,5106.39990234375,5107.39990234375,130,0.0,0.0
2026-02-11 12:35:00-05:00,5107.60009765625,5107.7998046875,5106.5,5107.10009765625,40,0.0,0.0
2026-02-11 12:36:00-05:00,5106.89990234375,5109.10009765625,5106.0,5109.10009765625,115,0.0,0.0
2026-02-11 12:37:00-05:00,5109.39990234375,5110.60009765625,5108.0,5109.89990234375,32,0.0,0.0
2026-02-11 12:38:00-05:00,5109.39990234375,5110.5,5107.2998046875,5110.2998046875,88,0.0,0.0
2026-02-11 12:39:00-05:00,5110.5,5110.60009765625,5107.39990234375,5108.2001953125,91,0.0,0.0
2026-02-11 12:40:00-05:00,5108.5,5111.5,5106.89990234375,5110.7998046875,107,0.0,0.0
2026-02-11 12:41:00-05:00,5111.39990234375,5116.0,5110.60009765625,5115.2998046875,218,0.0,0.0
2026-02-11 12:42:00-05:00,5115.60009765625,5118.7001953125,5114.60009765625,5115.5,226,0.0,0.0
2026-02-11 12:43:00-05:00,5116.0,5123.39990234375,5116.0,5120.39990234375,299,0.0,0.0
2026-02-11 12:44:00-05:00,5120.2001953125,5121.89990234375,5119.5,5120.5,138,0.0,0.0
2026-02-11 12:45:00-05:00,5120.5,5122.0,5115.5,5116.7001953125,129,0.0,0.0
2026-02-11 12:46:00-05:00,5117.7001953125,5120.7998046875,5117.5,5119.39990234375,186,0.0,0.0
2026-02-11 12:47:00-05:00,5119.0,5119.7001953125,5117.2998046875,5118.0,71,0.0,0.0
2026-02-11 12:48:00-05:00,5117.60009765625,5118.2998046875,5115.0,5115.2998046875,133,0.0,0.0
2026-02-11 12:49:00-05:00,5115.89990234375,5117.60009765625,5112.60009765625,5113.7998046875,196,0.0,0.0
2026-02-11 12:50:00-05:00,5113.89990234375,5116.0,5113.2001953125,5115.2001953125,54,0.0,0.0
2026-02-11 12:51:00-05:00,5115.5,5118.0,5114.89990234375,5116.2001953125,149,0.0,0.0
2026-02-11 12:52:00-05:00,5116.0,5116.7998046875,5114.2998046875,5116.10009765625,80,0.0,0.0
2026-02-11 12:53:00-05:00,5116.7998046875,5116.7998046875,5113.60009765625,5113.60009765625,101,0.0,0.0
2026-02-11 12:54:00-05:00,5113.2998046875,5117.2998046875,5113.2998046875,5117.2998046875,48,0.0,0.0
2026-02-11 12:55:00-05:00,5117.5,5118.7001953125,5116.39990234375,5117.5,113,0.0,0.0
2026-02-11 12:56:00-05:00,5117.5,5118.0,5115.60009765625,5117.39990234375,75,0.0,0.0
2026-02-11 12:57:00-05:00,5117.0,5117.2001953125,5115.7998046875,5116.5,70,0.0,0.0
2026-02-11 12:58:00-05:00,5116.2998046875,5116.5,5114.7001953125,5115.2998046875,50,0.0,0.0
2026-02-11 12:59:00-05:00,5115.5,5116.5,5114.7001953125,5116.5,27,0.0,0.0
2026-02-11 13:00:00-05:00,5115.7998046875,5117.89990234375,5114.39990234375,5116.2001953125,139,0.0,0.0
2026-02-11 13:01:00-05:00,5115.7998046875,5115.7998046875,5112.2001953125,5112.60009765625,123,0.0,0.0
2026-02-11 13:02:00-05:00,5112.0,5115.39990234375,5110.39990234375,5113.89990234375,104,0.0,0.0
2026-02-11 13:03:00-05:00,5114.60009765625,5116.0,5113.60009765625,5115.10009765625,127,0.0,0.0
2026-02-11 13:04:00-05:00,5115.7001953125,5117.2001953125,5114.39990234375,5114.60009765625,62,0.0,0.0
2026-02-11 13:05:00-05:00,5112.89990234375,5112.89990234375,5108.7998046875,5109.10009765625,234,0.0,0.0
2026-02-11 13:06:00-05:00,5109.7998046875,5110.39990234375,5108.0,5109.89990234375,68,0.0,0.0
2026-02-11 13:07:00-05:00,5109.5,5109.60009765625,5107.10009765625,5109.0,74,0.0,0.0
2026-02-11 13:08:00-05:00,5109.2998046875,5109.39990234375,5106.5,5107.60009765625,125,0.0,0.0
2026-02-11 13:09:00-05:00,5108.0,5109.89990234375,5105.2998046875,5105.7001953125,86,0.0,0.0
2026-02-11 13:10:00-05:00,5105.39990234375,5105.89990234375,5103.2001953125,5104.2001953125,175,0.0,0.0
2026-02-11 13:11:00-05:00,5104.60009765625,5104.60009765625,5102.39990234375,5104.10009765625,61,0.0,0.0
2026-02-11 13:12:00-05:00,5103.10009765625,5103.5,5096.0,5097.60009765625,299,0.0,0.0
2026-02-11 13:13:00-05:00,5097.7998046875,5099.7998046875,5090.10009765625,5093.2998046875,504,0.0,0.0
2026-02-11 13:14:00-05:00,5093.10009765625,5098.0,5092.7001953125,5098.0,109,0.0,0.0
2026-02-11 13:15:00-05:00,5097.2001953125,5100.39990234375,5094.10009765625,5096.10009765625,147,0.0,0.0
2026-02-11 13:16:00-05:00,5096.2001953125,5100.7998046875,5095.89990234375,5100.0,85,0.0,0.0
2026-02-11 13:17:00-05:00,5100.0,5103.2001953125,5099.39990234375,5102.89990234375,159,0.0,0.0
2026-02-11 13:18:00-05:00,5102.60009765625,5104.0,5102.2001953125,5103.7001953125,161,0.0,0.0
2026-02-11 13:19:00-05:00,5103.39990234375,5104.0,5100.7001953125,5102.7998046875,73,0.0,0.0
2026-02-11 13:20:00-05:00,5102.7998046875,5102.7998046875,5101.0,5101.2998046875,47,0.0,0.0
2026-02-11 13:21:00-05:00,5101.2998046875,5101.2998046875,5098.0,5098.0,96,0.0,0.0
2026-02-11 13:22:00-05:00,5098.2998046875,5100.2998046875,5097.60009765625,5099.89990234375,110,0.0,0.0
2026-02-11 13:23:00-05:00,5099.5,5100.2001953125,5097.7998046875,5099.2001953125,124,0.0,0.0
2026-02-11 13:24:00-05:00,5098.2998046875,5098.7001953125,5093.89990234375,5094.0,540,0.0,0.0
2026-02-11 13:25:00-05:00,5093.0,5097.2998046875,5093.0,5096.0,465,0.0,0.0
2026-02-11 13:26:00-05:00,5096.0,5097.7001953125,5095.39990234375,5095.39990234375,192,0.0,0.0
2026-02-11 13:27:00-05:00,5095.39990234375,5096.0,5094.0,5095.2001953125,121,0.0,0.0
2026-02-11 13:28:00-05:00,5095.7998046875,5101.10009765625,5095.60009765625,5099.39990234375,329,0.0,0.0
2026-02-11 13:29:00-05:00,5099.2998046875,5100.10009765625,5096.0,5098.2001953125,944,0.0,0.0
2026-02-11 13:30:00-05:00,5097.89990234375,5102.2998046875,5096.7001953125,5101.5,285,0.0,0.0
2026-02-11 13:31:00-05:00,5101.60009765625,5102.60009765625,5098.60009765625,5099.89990234375,101,0.0,0.0
2026-02-11 13:32:00-05:00,5100.2001953125,5100.7998046875,5097.89990234375,5099.5,647,0.0,0.0
2026-02-11 13:33:00-05:00,5099.7998046875,5102.39990234375,5099.60009765625,5100.39990234375,427,0.0,0.0
2026-02-11 13:34:00-05:00,5100.2001953125,5105.39990234375,5095.2001953125,5099.89990234375,495,0.0,0.0
2026-02-11 13:35:00-05:00,5099.5,5105.60009765625,5098.89990234375,5103.89990234375,126,0.0,0.0
2026-02-11 13:36:00-05:00,5103.39990234375,5105.10009765625,5102.7998046875,5104.7001953125,53,0.0,0.0
2026-02-11 13:37:00-05:00,5104.5,5108.0,5104.5,5107.60009765625,63,0.0,0.0
2026-02-11 13:38:00-05:00,5107.7001953125,5109.60009765625,5107.39990234375,5108.0,71,0.0,0.0
2026-02-11 13:39:00-05:00,5107.7001953125,5108.5,5105.2998046875,5105.60009765625,56,0.0,0.0
2026-02-11 13:40:00-05:00,5105.10009765625,5106.0,5104.7001953125,5106.0,23,0.0,0.0
2026-02-11 13:41:00-05:00,5105.7998046875,5107.7001953125,5105.7001953125,5107.7001953125,31,0.0,0.0
2026-02-11 13:42:00-05:00,5108.5,5110.0,5107.2998046875,5107.2998046875,41,0.0,0.0
2026-02-11 13:43:00-05:00,5108.2001953125,5110.39990234375,5107.7998046875,5109.39990234375,52,0.0,0.0
2026-02-11 13:44:00-05:00,5108.60009765625,5109.2998046875,5106.60009765625,5107.7001953125,24,0.0,0.0
2026-02-11 13:45:00-05:00,5107.5,5107.5,5105.2998046875,5106.89990234375,61,0.0,0.0
2026-02-11 13:46:00-05:00,5107.0,5109.0,5106.5,5109.0,23,0.0,0.0
2026-02-11 13:47:00-05:00,5109.0,5109.0,5107.10009765625,5108.39990234375,36,0.0,0.0
2026-02-11 13:48:00-05:00,5109.0,5109.5,5107.10009765625,5107.10009765625,22,0.0,0.0
2026-02-11 13:49:00-05:00,5107.7001953125,5109.39990234375,5107.60009765625,5108.7001953125,23,0.0,0.0
2026-02-11 13:50:00-05:00,5109.10009765625,5111.2001953125,5104.7001953125,5109.89990234375,161,0.0,0.0
2026-02-11 13:51:00-05:00,5109.60009765625,5110.89990234375,5108.39990234375,5110.10009765625,62,0.0,0.0
2026-02-11 13:52:00-05:00,5110.60009765625,5112.2998046875,5108.2001953125,5108.2001953125,68,0.0,0.0
2026-02-11 13:53:00-05:00,5109.2001953125,5111.39990234375,5108.39990234375,5110.10009765625,237,0.0,0.0
2026-02-11 13:54:00-05:00,5109.89990234375,5110.2998046875,5104.7998046875,5107.0,96,0.0,0.0
2026-02-11 13:55:00-05:00,5107.5,5109.2998046875,5106.2998046875,5109.2001953125,39,0.0,0.0
2026-02-11 13:56:00-05:00,5109.10009765625,5109.5,5108.0,5108.2001953125,24,0.0,0.0
2026-02-11 13:57:00-05:00,5108.2998046875,5108.39990234375,5106.39990234375,5106.7001953125,21,0.0,0.0
2026-02-11 13:58:00-05:00,5106.0,5106.60009765625,5104.2998046875,5106.60009765625,62,0.0,0.0
2026-02-11 13:59:00-05:00,5106.7001953125,5107.5,5105.7998046875,5107.39990234375,50,0.0,0.0
2026-02-11 14:00:00-05:00,5107.7998046875,5109.2001953125,5107.39990234375,5108.0,79,0.0,0.0
2026-02-11 14:01:00-05:00,5107.39990234375,5109.0,5106.60009765625,5109.0,20,0.0,0.0
2026-02-11 14:02:00-05:00,5109.10009765625,5113.5,5108.2998046875,5113.5,52,0.0,0.0
2026-02-11 14:03:00-05:00,5112.7001953125,5114.0,5110.10009765625,5111.7001953125,84,0.0,0.0
2026-02-11 14:04:00-05:00,5112.2998046875,5112.60009765625,5111.39990234375,5111.60009765625,27,0.0,0.0
2026-02-11 14:05:00-05:00,5111.7998046875,5111.7998046875,5109.2998046875,5110.0,31,0.0,0.0
2026-02-11 14:06:00-05:00,5109.7998046875,5109.89990234375,5108.89990234375,5109.7001953125,17,0.0,0.0
2026-02-11 14:07:00-05:00,5109.7998046875,5110.0,5107.7998046875,5107.7998046875,35,0.0,0.0
2026-02-11 14:08:00-05:00,5107.7998046875,5110.60009765625,5107.7998046875,5110.0,31,0.0,0.0
2026-02-11 14:09:00-05:00,5110.10009765625,5112.7001953125,5107.7001953125,5111.2998046875,84,0.0,0.0
2026-02-11 14:10:00-05:00,5111.60009765625,5114.0,5111.39990234375,5112.39990234375,79,0.0,0.0
2026-02-11 14:11:00-05:00,5112.89990234375,5114.10009765625,5112.89990234375,5113.39990234375,40,0.0,0.0
2026-02-11 14:12:00-05:00,5114.10009765625,5115.0,5112.7998046875,5115.0,42,0.0,0.0
2026-02-11 14:13:00-05:00,5114.2998046875,5114.7001953125,5113.5,5114.60009765625,42,0.0,0.0
2026-02-11 14:14:00-05:00,5114.2001953125,5117.7001953125,5113.7998046875,5114.10009765625,298,0.0,0.0
2026-02-11 14:15:00-05:00,5114.2998046875,5114.7998046875,5113.5,5114.2998046875,42,0.0,0.0
2026-02-11 14:16:00-05:00,5113.89990234375,5115.7001953125,5113.0,5114.0,47,0.0,0.0
2026-02-11 14:17:00-05:00,5113.2998046875,5113.7998046875,5112.60009765625,5113.60009765625,26,0.0,0.0
2026-02-11 14:18:00-05:00,5113.0,5115.10009765625,5112.60009765625,5114.39990234375,23,0.0,0.0
2026-02-11 14:19:00-05:00,5114.10009765625,5115.0,5113.5,5113.60009765625,25,0.0,0.0
2026-02-11 14:20:00-05:00,5114.2001953125,5117.2001953125,5114.0,5116.7001953125,51,0.0,0.0
2026-02-11 14:21:00-05:00,5117.39990234375,5119.0,5117.2001953125,5117.60009765625,53,0.0,0.0
2026-02-11 14:22:00-05:00,5117.39990234375,5119.39990234375,5117.39990234375,5118.5,32,0.0,0.0
2026-02-11 14:23:00-05:00,5119.0,5119.0,5116.5,5116.89990234375,43,0.0,0.0
2026-02-11 14:24:00-05:00,5116.7998046875,5117.5,5116.39990234375,5117.5,28,0.0,0.0
2026-02-11 14:25:00-05:00,5116.7998046875,5119.0,5116.7998046875,5118.7001953125,57,0.0,0.0
2026-02-11 14:26:00-05:00,5118.10009765625,5118.39990234375,5116.2001953125,5117.2998046875,27,0.0,0.0
2026-02-11 14:27:00-05:00,5117.0,5117.60009765625,5116.39990234375,5116.7998046875,10,0.0,0.0
2026-02-11 14:28:00-05:00,5116.2998046875,5116.7001953125,5114.7998046875,5116.0,202,0.0,0.0
2026-02-11 14:29:00-05:00,5116.2001953125,5117.0,5116.0,5116.0,14,0.0,0.0
2026-02-11 14:30:00-05:00,5116.0,5116.60009765625,5111.2001953125,5112.2001953125,100,0.0,0.0
2026-02-11 14:31:00-05:00,5113.0,5115.2001953125,5113.0,5114.2998046875,67,0.0,0.0
2026-02-11 14:32:00-05:00,5114.5,5114.5,5112.0,5112.89990234375,39,0.0,0.0
2026-02-11 14:33:00-05:00,5112.5,5113.7998046875,5111.60009765625,5113.2001953125,26,0.0,0.0
2026-02-11 14:34:00-05:00,5113.10009765625,5113.7001953125,5110.89990234375,5111.7998046875,55,0.0,0.0
2026-02-11 14:35:00-05:00,5111.7998046875,5112.2998046875,5110.2998046875,5110.2998046875,45,0.0,0.0
2026-02-11 14:36:00-05:00,5110.0,5112.39990234375,5109.39990234375,5111.7998046875,36,0.0,0.0
2026-02-11 14:37:00-05:00,5112.0,5112.0,5110.89990234375,5112.0,14,0.0,0.0
2026-02-11 14:38:00-05:00,5111.0,5111.39990234375,5109.7998046875,5109.7998046875,26,0.0,0.0
2026-02-11 14:39:00-05:00,5109.39990234375,5109.60009765625,5106.2998046875,5106.7998046875,104,0.0,0.0
2026-02-11 14:40:00-05:00,5107.0,5109.0,5106.10009765625,5108.5,45,0.0,0.0
2026-02-11 14:41:00-05:00,5108.7998046875,5112.0,5108.7998046875,5110.10009765625,50,0.0,0.0
2026-02-11 14:42:00-05:00,5110.10009765625,5110.2001953125,5108.0,5109.5,216,0.0,0.0
2026-02-11 14:43:00-05:00,5109.39990234375,5110.5,5109.39990234375,5109.60009765625,11,0.0,0.0
2026-02-11 14:44:00-05:00,5109.2998046875,5111.0,5109.2998046875,5110.2001953125,12,0.0,0.0
2026-02-11 14:45:00-05:00,5110.7998046875,5110.7998046875,5105.39990234375,5106.39990234375,71,0.0,0.0
2026-02-11 14:46:00-05:00,5105.89990234375,5110.5,5105.89990234375,5110.5,55,0.0,0.0
2026-02-11 14:47:00-05:00,5109.89990234375,5112.39990234375,5109.7998046875,5112.0,120,0.0,0.0
2026-02-11 14:48:00-05:00,5112.2998046875,5113.39990234375,5111.0,5113.2001953125,39,0.0,0.0
2026-02-11 14:49:00-05:00,5112.5,5112.5,5110.39990234375,5110.7001953125,25,0.0,0.0
2026-02-11 14:50:00-05:00,5110.39990234375,5111.2001953125,5110.2001953125,5110.89990234375,14,0.0,0.0
2026-02-11 14:51:00-05:00,5110.5,5110.7998046875,5106.10009765625,5107.7998046875,86,0.0,0.0
2026-02-11 14:52:00-05:00,5107.89990234375,5109.7998046875,5107.5,5108.7998046875,24,0.0,0.0
2026-02-11 14:53:00-05:00,5109.7001953125,5109.7001953125,5108.7998046875,5109.39990234375,8,0.0,0.0
2026-02-11 14:54:00-05:00,5108.60009765625,5109.2001953125,5107.5,5107.5,12,0.0,0.0
2026-02-11 14:55:00-05:00,5108.2001953125,5108.39990234375,5107.2998046875,5107.2998046875,18,0.0,0.0
2026-02-11 14:56:00-05:00,5107.2001953125,5107.2001953125,5106.0,5107.2001953125,22,0.0,0.0
2026-02-11 14:57:00-05:00,5107.39990234375,5108.5,5101.10009765625,5105.60009765625,467,0.0,0.0
2026-02-11 14:58:00-05:00,5105.5,5106.60009765625,5105.39990234375,5105.39990234375,20,0.0,0.0
2026-02-11 14:59:00-05:00,5105.7001953125,5106.5,5104.0,5106.5,43,0.0,0.0
2026-02-11 15:00:00-05:00,5106.2001953125,5108.5,5106.2001953125,5108.5,8,0.0,0.0
2026-02-11 15:01:00-05:00,5108.5,5108.5,5106.89990234375,5107.7001953125,33,0.0,0.0
2026-02-11 15:02:00-05:00,5108.0,5108.2001953125,5107.0,5107.2998046875,19,0.0,0.0
2026-02-11 15:03:00-05:00,5107.7998046875,5107.89990234375,5105.89990234375,5105.89990234375,15,0.0,0.0
2026-02-11 15:04:00-05:00,5105.5,5105.5,5104.7998046875,5105.39990234375,10,0.0,0.0
2026-02-11 15:05:00-05:00,5105.2001953125,5105.2001953125,5104.39990234375,5104.7001953125,57,0.0,0.0
2026-02-11 15:06:00-05:00,5105.2001953125,5106.89990234375,5105.2001953125,5106.2998046875,22,0.0,0.0
2026-02-11 15:07:00-05:00,5107.0,5108.0,5106.5,5106.60009765625,22,0.0,0.0
2026-02-11 15:08:00-05:00,5107.7001953125,5108.7998046875,5107.7001953125,5108.39990234375,18,0.0,0.0
2026-02-11 15:09:00-05:00,5108.60009765625,5111.7998046875,5108.60009765625,5111.0,10,0.0,0.0
2026-02-11 15:10:00-05:00,5110.39990234375,5112.0,5109.7001953125,5109.7001953125,37,0.0,0.0
2026-02-11 15:11:00-05:00,5110.60009765625,5112.2001953125,5110.0,5110.2998046875,52,0.0,0.0
2026-02-11 15:12:00-05:00,5110.7001953125,5110.7001953125,5109.60009765625,5110.10009765625,6,0.0,0.0
2026-02-11 15:13:00-05:00,5110.2001953125,5112.5,5110.10009765625,5111.5,66,0.0,0.0
2026-02-11 15:14:00-05:00,5112.10009765625,5112.7998046875,5111.2998046875,5112.39990234375,32,0.0,0.0
2026-02-11 15:15:00-05:00,5112.7001953125,5112.7001953125,5111.10009765625,5111.10009765625,24,0.0,0.0
2026-02-11 15:16:00-05:00,5111.39990234375,5112.2001953125,5111.10009765625,5111.2998046875,25,0.0,0.0
2026-02-11 15:17:00-05:00,5111.2001953125,5113.39990234375,5111.0,5111.2001953125,25,0.0,0.0
2026-02-11 15:18:00-05:00,5111.7998046875,5111.7998046875,5109.7001953125,5109.89990234375,10,0.0,0.0
2026-02-11 15:19:00-05:00,5110.7001953125,5112.2998046875,5110.2001953125,5111.10009765625,33,0.0,0.0
2026-02-11 15:20:00-05:00,5111.2001953125,5111.2001953125,5110.2998046875,5111.0,18,0.0,0.0
2026-02-11 15:21:00-05:00,5112.10009765625,5112.10009765625,5110.0,5111.5,20,0.0,0.0
2026-02-11 15:22:00-05:00,5111.5,5111.5,5109.89990234375,5110.60009765625,19,0.0,0.0
2026-02-11 15:23:00-05:00,5110.5,5110.7001953125,5108.7998046875,5109.5,16,0.0,0.0
2026-02-11 15:24:00-05:00,5108.7998046875,5109.7998046875,5107.7998046875,5108.2998046875,29,0.0,0.0
2026-02-11 15:25:00-05:00,5109.5,5109.60009765625,5108.5,5108.7998046875,19,0.0,0.0
2026-02-11 15:26:00-05:00,5108.7001953125,5111.10009765625,5108.2998046875,5110.5,23,0.0,0.0
2026-02-11 15:27:00-05:00,5110.7998046875,5111.10009765625,5109.39990234375,5109.39990234375,15,0.0,0.0
2026-02-11 15:28:00-05:00,5109.89990234375,5110.89990234375,5109.7998046875,5110.10009765625,16,0.0,0.0
2026-02-11 15:29:00-05:00,5110.7001953125,5110.7001953125,5109.0,5109.2001953125,16,0.0,0.0
2026-02-11 15:30:00-05:00,5108.7998046875,5109.5,5107.7998046875,5108.39990234375,60,0.0,0.0
2026-02-11 15:31:00-05:00,5108.0,5108.7001953125,5106.10009765625,5106.10009765625,40,0.0,0.0
2026-02-11 15:32:00-05:00,5105.0,5106.7001953125,5103.7998046875,5103.89990234375,56,0.0,0.0
2026-02-11 15:33:00-05:00,5104.2998046875,5104.5,5102.39990234375,5103.10009765625,42,0.0,0.0
2026-02-11 15:34:00-05:00,5103.39990234375,5104.60009765625,5102.7998046875,5104.5,43,0.0,0.0
2026-02-11 15:35:00-05:00,5104.60009765625,5105.2998046875,5104.5,5104.60009765625,36,0.0,0.0
2026-02-11 15:36:00-05:00,5104.7001953125,5107.60009765625,5104.39990234375,5107.60009765625,33,0.0,0.0
2026-02-11 15:37:00-05:00,5107.60009765625,5108.10009765625,5107.5,5107.5,13,0.0,0.0
2026-02-11 15:38:00-05:00,5107.2001953125,5107.5,5106.2998046875,5106.7998046875,19,0.0,0.0
2026-02-11 15:39:00-05:00,5106.2001953125,5109.0,5106.2001953125,5109.0,22,0.0,0.0
2026-02-11 15:40:00-05:00,5109.7001953125,5109.7001953125,5107.60009765625,5109.39990234375,21,0.0,0.0
2026-02-11 15:41:00-05:00,5109.7998046875,5110.0,5108.39990234375,5108.39990234375,22,0.0,0.0
2026-02-11 15:42:00-05:00,5108.2001953125,5111.60009765625,5108.2001953125,5111.60009765625,48,0.0,0.0
2026-02-11 15:43:00-05:00,5111.0,5111.0,5110.0,5110.60009765625,33,0.0,0.0
2026-02-11 15:44:00-05:00,5110.89990234375,5111.7998046875,5110.5,5110.89990234375,21,0.0,0.0
2026-02-11 15:45:00-05:00,5111.5,5111.89990234375,5109.7001953125,5110.0,31,0.0,0.0
2026-02-11 15:46:00-05:00,5110.10009765625,5110.60009765625,5108.89990234375,5110.10009765625,34,0.0,0.0
2026-02-11 15:47:00-05:00,5109.89990234375,5111.10009765625,5109.5,5111.10009765625,21,0.0,0.0
2026-02-11 15:48:00-05:00,5110.60009765625,5113.2001953125,5110.2001953125,5112.5,48,0.0,0.0
2026-02-11 15:49:00-05:00,5113.0,5113.2001953125,5112.0,5112.39990234375,54,0.0,0.0
2026-02-11 15:50:00-05:00,5112.60009765625,5112.60009765625,5111.2001953125,5111.2001953125,34,0.0,0.0
2026-02-11 15:51:00-05:00,5111.39990234375,5111.60009765625,5110.39990234375,5110.5,28,0.0,0.0
2026-02-11 15:52:00-05:00,5110.5,5110.7998046875,5109.60009765625,5110.5,31,0.0,0.0
2026-02-11 15:53:00-05:00,5111.2998046875,5113.39990234375,5111.2998046875,5112.5,27,0.0,0.0
2026-02-11 15:54:00-05:00,5112.2998046875,5113.89990234375,5112.2998046875,5113.7998046875,34,0.0,0.0
2026-02-11 15:55:00-05:00,5114.0,5114.7998046875,5112.89990234375,5114.0,40,0.0,0.0
2026-02-11 15:56:00-05:00,5113.7998046875,5113.7998046875,5111.7998046875,5112.89990234375,34,0.0,0.0
2026-02-11 15:57:00-05:00,5112.7001953125,5113.60009765625,5111.60009765625,5112.2998046875,37,0.0,0.0
2026-02-11 15:58:00-05:00,5112.10009765625,5113.7001953125,5111.7001953125,5112.60009765625,25,0.0,0.0
2026-02-11 15:59:00-05:00,5112.10009765625,5113.10009765625,5110.2001953125,5111.39990234375,143,0.0,0.0
2026-02-11 16:00:00-05:00,5111.39990234375,5113.2998046875,5111.2001953125,5111.2998046875,36,0.0,0.0
2026-02-11 16:01:00-05:00,5111.2001953125,5112.2001953125,5111.2001953125,5112.2001953125,4,0.0,0.0
2026-02-11 16:02:00-05:00,5112.10009765625,5112.10009765625,5110.39990234375,5110.39990234375,25,0.0,0.0
2026-02-11 16:03:00-05:00,5110.89990234375,5111.2001953125,5109.2998046875,5109.7998046875,42,0.0,0.0
2026-02-11 16:04:00-05:00,5109.39990234375,5110.60009765625,5108.89990234375,5110.5,25,0.0,0.0
2026-02-11 16:05:00-05:00,5111.2001953125,5112.7001953125,5111.2001953125,5112.10009765625,19,0.0,0.0
2026-02-11 16:06:00-05:00,5111.2998046875,5111.60009765625,5110.5,5110.89990234375,18,0.0,0.0
2026-02-11 16:07:00-05:00,5111.2998046875,5111.7998046875,5111.10009765625,5111.10009765625,7,0.0,0.0
2026-02-11 16:08:00-05:00,5111.0,5111.2001953125,5110.60009765625,5110.7998046875,11,0.0,0.0
2026-02-11 16:09:00-05:00,5111.2998046875,5111.60009765625,5111.2001953125,5111.60009765625,3,0.0,0.0
2026-02-11 16:10:00-05:00,5110.60009765625,5111.2001953125,5110.39990234375,5110.39990234375,11,0.0,0.0
2026-02-11 16:11:00-05:00,5111.10009765625,5111.2998046875,5110.7998046875,5111.2998046875,7,0.0,0.0
2026-02-11 16:12:00-05:00,5111.0,5111.0,5110.60009765625,5110.60009765625,6,0.0,0.0
2026-02-11 16:13:00-05:00,5110.60009765625,5113.7001953125,5110.60009765625,5112.89990234375,43,0.0,0.0
2026-02-11 16:14:00-05:00,5113.5,5113.5,5112.5,5112.60009765625,7,0.0,0.0
2026-02-11 16:15:00-05:00,5113.10009765625,5113.39990234375,5112.39990234375,5113.39990234375,12,0.0,0.0
2026-02-11 16:16:00-05:00,5113.10009765625,5113.5,5113.10009765625,5113.5,118,0.0,0.0
2026-02-11 16:17:00-05:00,5113.89990234375,5114.5,5113.7001953125,5113.89990234375,7,0.0,0.0
2026-02-11 16:18:00-05:00,5114.5,5116.2998046875,5113.89990234375,5116.2998046875,43,0.0,0.0
2026-02-11 16:19:00-05:00,5116.2001953125,5116.5,5115.7001953125,5115.7001953125,22,0.0,0.0
2026-02-11 16:20:00-05:00,5116.60009765625,5117.5,5116.60009765625,5116.89990234375,9,0.0,0.0
2026-02-11 16:21:00-05:00,5116.60009765625,5118.0,5116.5,5116.5,27,0.0,0.0
2026-02-11 16:22:00-05:00,5117.2998046875,5117.2998046875,5115.89990234375,5116.39990234375,20,0.0,0.0
2026-02-11 16:23:00-05:00,5116.60009765625,5117.0,5115.7998046875,5115.7998046875,12,0.0,0.0
2026-02-11 16:24:00-05:00,5116.0,5116.0,5115.0,5115.60009765625,7,0.0,0.0
2026-02-11 16:25:00-05:00,5115.7001953125,5115.89990234375,5115.2001953125,5115.39990234375,20,0.0,0.0
2026-02-11 16:26:00-05:00,5115.10009765625,5115.5,5112.5,5112.7001953125,81,0.0,0.0
2026-02-11 16:27:00-05:00,5113.2001953125,5113.2001953125,5105.60009765625,5109.2001953125,137,0.0,0.0
2026-02-11 16:28:00-05:00,5109.2001953125,5109.7998046875,5105.39990234375,5108.7998046875,77,0.0,0.0
2026-02-11 16:29:00-05:00,5109.10009765625,5109.10009765625,5101.89990234375,5106.89990234375,157,0.0,0.0
2026-02-11 16:30:00-05:00,5107.2001953125,5109.0,5106.2998046875,5108.5,42,0.0,0.0
2026-02-11 16:31:00-05:00,5108.39990234375,5108.60009765625,5106.2001953125,5106.2998046875,22,0.0,0.0
2026-02-11 16:32:00-05:00,5106.2998046875,5106.2998046875,5097.2998046875,5097.5,110,0.0,0.0
2026-02-11 16:33:00-05:00,5097.5,5100.2998046875,5094.10009765625,5099.2001953125,91,0.0,0.0
2026-02-11 16:34:00-05:00,5099.7998046875,5101.2998046875,5097.2001953125,5101.2998046875,36,0.0,0.0
2026-02-11 16:35:00-05:00,5101.89990234375,5101.89990234375,5100.7998046875,5101.2001953125,4,0.0,0.0
2026-02-11 16:36:00-05:00,5101.60009765625,5105.60009765625,5101.10009765625,5102.39990234375,41,0.0,0.0
2026-02-11 16:37:00-05:00,5102.7998046875,5103.60009765625,5100.7998046875,5102.2998046875,22,0.0,0.0
2026-02-11 16:38:00-05:00,5103.5,5105.7001953125,5102.60009765625,5105.60009765625,31,0.0,0.0
2026-02-11 16:39:00-05:00,5105.10009765625,5105.7998046875,5104.2001953125,5104.2001953125,16,0.0,0.0
2026-02-11 16:40:00-05:00,5104.0,5104.0,5102.7998046875,5102.89990234375,15,0.0,0.0
2026-02-11 16:41:00-05:00,5102.39990234375,5103.5,5102.39990234375,5102.89990234375,13,0.0,0.0
2026-02-11 16:42:00-05:00,5103.7998046875,5104.60009765625,5103.39990234375,5103.39990234375,28,0.0,0.0
2026-02-11 16:43:00-05:00,5104.0,5104.60009765625,5103.7998046875,5103.7998046875,5,0.0,0.0
2026-02-11 16:44:00-05:00,5103.7001953125,5104.7998046875,5103.10009765625,5104.7998046875,6,0.0,0.0
2026-02-11 16:45:00-05:00,5104.5,5105.0,5104.5,5105.0,2,0.0,0.0
2026-02-11 16:46:00-05:00,5103.89990234375,5104.39990234375,5102.39990234375,5103.39990234375,45,0.0,0.0
2026-02-11 16:47:00-05:00,5102.7998046875,5103.7998046875,5102.2001953125,5102.2001953125,11,0.0,0.0
2026-02-11 16:48:00-05:00,5102.10009765625,5104.7001953125,5101.39990234375,5104.10009765625,30,0.0,0.0
2026-02-11 16:49:00-05:00,5105.10009765625,5105.2998046875,5103.7001953125,5103.7001953125,12,0.0,0.0
2026-02-11 16:50:00-05:00,5102.7998046875,5103.89990234375,5102.7998046875,5103.89990234375,4,0.0,0.0
2026-02-11 16:51:00-05:00,5104.60009765625,5105.7001953125,5104.60009765625,5105.7001953125,8,0.0,0.0
2026-02-11 16:52:00-05:00,5104.89990234375,5108.89990234375,5104.89990234375,5108.60009765625,48,0.0,0.0
2026-02-11 16:53:00-05:00,5108.2998046875,5108.7001953125,5107.2001953125,5107.2001953125,13,0.0,0.0
2026-02-11 16:54:00-05:00,5106.39990234375,5106.39990234375,5105.60009765625,5105.60009765625,7,0.0,0.0
2026-02-11 16:55:00-05:00,5105.89990234375,5107.2998046875,5104.7998046875,5105.60009765625,32,0.0,0.0
2026-02-11 16:56:00-05:00,5106.10009765625,5106.89990234375,5106.10009765625,5106.89990234375,3,0.0,0.0
2026-02-11 16:57:00-05:00,5106.39990234375,5108.39990234375,5106.39990234375,5106.60009765625,17,0.0,0.0
2026-02-11 16:58:00-05:00,5108.0,5109.89990234375,5107.89990234375,5109.0,46,0.0,0.0
2026-02-11 16:59:00-05:00,5108.5,5109.7001953125,5106.2998046875,5107.7998046875,27,0.0,0.0
2026-02-11 18:00:00-05:00,5107.2998046875,5120.2001953125,5107.0,5118.5,0,0.0,0.0
2026-02-11 18:01:00-05:00,5119.5,5122.5,5117.7001953125,5120.5,42,0.0,0.0
2026-02-11 18:02:00-05:00,5121.2001953125,5122.7998046875,5119.10009765625,5122.5,48,0.0,0.0
2026-02-11 18:03:00-05:00,5122.0,5122.10009765625,5115.5,5118.2001953125,58,0.0,0.0
2026-02-11 18:04:00-05:00,5118.10009765625,5119.89990234375,5117.0,5118.39990234375,39,0.0,0.0
2026-02-11 18:05:00-05:00,5118.10009765625,5119.0,5112.7001953125,5114.89990234375,51,0.0,0.0
2026-02-11 18:06:00-05:00,5115.39990234375,5115.5,5102.7001953125,5109.5,126,0.0,0.0
2026-02-11 18:07:00-05:00,5110.2001953125,5110.2001953125,5106.2001953125,5106.60009765625,34,0.0,0.0
2026-02-11 18:08:00-05:00,5107.0,5109.2001953125,5103.0,5103.0,37,0.0,0.0
2026-02-11 18:09:00-05:00,5103.5,5105.5,5097.89990234375,5104.89990234375,143,0.0,0.0
2026-02-11 18:10:00-05:00,5105.39990234375,5105.5,5095.7001953125,5096.39990234375,150,0.0,0.0
2026-02-11 18:11:00-05:00,5096.7998046875,5097.7998046875,5074.0,5082.7998046875,388,0.0,0.0
2026-02-11 18:12:00-05:00,5082.10009765625,5093.0,5081.89990234375,5092.10009765625,145,0.0,0.0
2026-02-11 18:13:00-05:00,5091.5,5091.5,5085.60009765625,5086.39990234375,67,0.0,0.0
2026-02-11 18:14:00-05:00,5087.10009765625,5087.2998046875,5084.0,5086.0,35,0.0,0.0
2026-02-11 18:15:00-05:00,5085.10009765625,5088.0,5081.2001953125,5088.0,77,0.0,0.0
2026-02-11 18:16:00-05:00,5088.60009765625,5091.2001953125,5084.7001953125,5087.39990234375,69,0.0,0.0
2026-02-11 18:17:00-05:00,5087.5,5090.39990234375,5086.7998046875,5086.7998046875,41,0.0,0.0
2026-02-11 18:18:00-05:00,5085.89990234375,5089.2998046875,5085.89990234375,5088.5,55,0.0,0.0
2026-02-11 18:19:00-05:00,5088.60009765625,5089.2998046875,5085.60009765625,5088.89990234375,52,0.0,0.0
2026-02-11 18:20:00-05:00,5089.7998046875,5093.7998046875,5089.7998046875,5093.0,74,0.0,0.0
2026-02-11 18:21:00-05:00,5092.10009765625,5092.10009765625,5085.0,5086.2998046875,62,0.0,0.0
2026-02-11 18:22:00-05:00,5086.5,5088.7998046875,5085.7998046875,5086.7998046875,67,0.0,0.0
2026-02-11 18:23:00-05:00,5086.0,5090.7998046875,5085.0,5089.5,45,0.0,0.0
2026-02-11 18:24:00-05:00,5088.7001953125,5092.0,5087.89990234375,5092.0,32,0.0,0.0
2026-02-11 18:25:00-05:00,5090.89990234375,5092.7001953125,5089.7001953125,5091.60009765625,77,0.0,0.0
2026-02-11 18:26:00-05:00,5092.2998046875,5092.89990234375,5089.60009765625,5090.2001953125,13,0.0,0.0
2026-02-11 18:27:00-05:00,5092.0,5092.5,5091.60009765625,5092.5,4,0.0,0.0
2026-02-11 18:28:00-05:00,5092.5,5092.5,5091.0,5091.0,10,0.0,0.0
2026-02-11 18:29:00-05:00,5090.89990234375,5092.2001953125,5090.89990234375,5091.39990234375,18,0.0,0.0
2026-02-11 18:30:00-05:00,5090.7001953125,5091.39990234375,5090.5,5091.39990234375,12,0.0,0.0
2026-02-11 18:31:00-05:00,5092.2001953125,5092.60009765625,5086.5,5089.5,71,0.0,0.0
2026-02-11 18:32:00-05:00,5088.7001953125,5088.7001953125,5085.0,5086.39990234375,51,0.0,0.0
2026-02-11 18:33:00-05:00,5088.5,5088.5,5082.0,5084.7998046875,33,0.0,0.0
2026-02-11 18:34:00-05:00,5085.0,5086.7998046875,5084.0,5085.39990234375,32,0.0,0.0
2026-02-11 18:35:00-05:00,5085.39990234375,5087.0,5084.7998046875,5085.39990234375,21,0.0,0.0
2026-02-11 18:36:00-05:00,5085.2001953125,5085.39990234375,5084.39990234375,5085.10009765625,9,0.0,0.0
2026-02-11 18:37:00-05:00,5085.7001953125,5087.7998046875,5085.7001953125,5086.5,9,0.0,0.0
2026-02-11 18:48:00-05:00,5098.5,5098.5,5087.2001953125,5088.5,193,0.0,0.0
2026-02-11 18:49:00-05:00,5089.7998046875,5091.0,5089.7998046875,5091.0,16,0.0,0.0
2026-02-11 18:50:00-05:00,5091.2001953125,5093.2001953125,5086.5,5091.89990234375,114,0.0,0.0
2026-02-11 18:51:00-05:00,5090.60009765625,5092.10009765625,5090.60009765625,5090.89990234375,15,0.0,0.0
2026-02-11 18:52:00-05:00,5091.0,5091.7001953125,5090.7001953125,5090.89990234375,39,0.0,0.0
2026-02-11 18:53:00-05:00,5090.10009765625,5090.7001953125,5089.2001953125,5089.89990234375,11,0.0,0.0
2026-02-11 18:54:00-05:00,5089.7001953125,5089.7001953125,5087.2998046875,5089.10009765625,15,0.0,0.0
2026-02-11 18:55:00-05:00,5086.60009765625,5086.7001953125,5086.0,5086.7001953125,5,0.0,0.0
2026-02-11 18:56:00-05:00,5087.89990234375,5087.89990234375,5086.10009765625,5087.10009765625,12,0.0,0.0
2026-02-11 18:57:00-05:00,5088.7998046875,5090.0,5088.5,5088.5,17,0.0,0.0
2026-02-11 18:58:00-05:00,5089.2998046875,5090.0,5086.7998046875,5086.7998046875,12,0.0,0.0
2026-02-11 18:59:00-05:00,5087.0,5087.0,5081.60009765625,5083.5,61,0.0,0.0
2026-02-11 19:00:00-05:00,5083.5,5090.0,5079.60009765625,5081.39990234375,168,0.0,0.0
2026-02-11 19:01:00-05:00,5080.5,5082.0,5077.7001953125,5081.0,110,0.0,0.0
2026-02-11 19:02:00-05:00,5081.5,5086.5,5080.5,5085.10009765625,75,0.0,0.0
2026-02-11 19:03:00-05:00,5084.2998046875,5087.5,5082.2998046875,5082.2998046875,56,0.0,0.0
2026-02-11 19:04:00-05:00,5083.5,5084.39990234375,5081.60009765625,5081.89990234375,28,0.0,0.0
2026-02-11 19:05:00-05:00,5082.2998046875,5083.39990234375,5075.0,5078.60009765625,123,0.0,0.0
2026-02-11 19:06:00-05:00,5078.60009765625,5080.2001953125,5077.5,5080.2001953125,29,0.0,0.0
2026-02-11 19:07:00-05:00,5080.89990234375,5082.39990234375,5078.60009765625,5078.60009765625,32,0.0,0.0
2026-02-11 19:08:00-05:00,5079.2001953125,5083.0,5078.2001953125,5083.0,18,0.0,0.0
2026-02-11 19:09:00-05:00,5083.7001953125,5084.10009765625,5078.5,5078.60009765625,35,0.0,0.0
2026-02-11 19:10:00-05:00,5078.7998046875,5082.0,5077.7001953125,5081.0,43,0.0,0.0
2026-02-11 19:11:00-05:00,5080.7001953125,5080.7001953125,5076.7001953125,5076.7001953125,27,0.0,0.0
2026-02-11 19:12:00-05:00,5076.10009765625,5079.7998046875,5071.39990234375,5073.89990234375,99,0.0,0.0
2026-02-11 19:13:00-05:00,5074.5,5074.7001953125,5071.10009765625,5072.2998046875,86,0.0,0.0
2026-02-11 19:14:00-05:00,5071.89990234375,5079.2001953125,5071.0,5079.2001953125,63,0.0,0.0
2026-02-11 19:15:00-05:00,5079.10009765625,5082.7001953125,5079.10009765625,5081.10009765625,77,0.0,0.0
2026-02-11 19:16:00-05:00,5081.10009765625,5088.39990234375,5081.10009765625,5085.5,113,0.0,0.0
2026-02-11 19:17:00-05:00,5085.5,5086.10009765625,5081.0,5082.5,35,0.0,0.0
2026-02-11 19:18:00-05:00,5082.7998046875,5085.0,5081.10009765625,5081.10009765625,31,0.0,0.0
2026-02-11 19:19:00-05:00,5081.39990234375,5082.0,5076.10009765625,5078.2998046875,51,0.0,0.0
2026-02-11 19:20:00-05:00,5078.39990234375,5083.60009765625,5078.39990234375,5079.89990234375,75,0.0,0.0
2026-02-11 19:21:00-05:00,5079.2998046875,5079.60009765625,5075.5,5076.39990234375,29,0.0,0.0
2026-02-11 19:22:00-05:00,5076.0,5078.60009765625,5075.39990234375,5077.39990234375,33,0.0,0.0
2026-02-11 19:23:00-05:00,5077.39990234375,5080.2001953125,5077.10009765625,5078.89990234375,25,0.0,0.0
2026-02-11 19:24:00-05:00,5078.60009765625,5081.2001953125,5078.0,5081.2001953125,38,0.0,0.0
2026-02-11 19:25:00-05:00,5081.2001953125,5082.60009765625,5080.0,5081.60009765625,37,0.0,0.0
2026-02-11 19:26:00-05:00,5081.60009765625,5082.7998046875,5079.60009765625,5082.39990234375,12,0.0,0.0
2026-02-11 19:27:00-05:00,5082.39990234375,5084.0,5081.5,5082.39990234375,19,0.0,0.0
2026-02-11 19:28:00-05:00,5082.5,5082.5,5080.0,5080.7001953125,26,0.0,0.0
2026-02-11 19:29:00-05:00,5079.2001953125,5081.5,5079.2001953125,5081.5,18,0.0,0.0
2026-02-11 19:30:00-05:00,5083.0,5084.39990234375,5080.89990234375,5081.10009765625,19,0.0,0.0
2026-02-11 19:31:00-05:00,5082.10009765625,5083.7998046875,5081.39990234375,5083.2998046875,13,0.0,0.0
2026-02-11 19:32:00-05:00,5082.0,5085.39990234375,5082.0,5085.39990234375,12,0.0,0.0
2026-02-11 19:33:00-05:00,5085.60009765625,5088.0,5084.0,5085.39990234375,35,0.0,0.0
2026-02-11 19:34:00-05:00,5086.2001953125,5086.5,5083.60009765625,5086.39990234375,39,0.0,0.0
2026-02-11 19:35:00-05:00,5086.2001953125,5086.5,5081.2001953125,5085.2001953125,41,0.0,0.0
2026-02-11 19:36:00-05:00,5086.5,5086.5,5084.89990234375,5084.89990234375,8,0.0,0.0
2026-02-11 19:37:00-05:00,5084.60009765625,5084.7998046875,5079.0,5081.39990234375,34,0.0,0.0
2026-02-11 19:38:00-05:00,5080.60009765625,5081.7001953125,5080.10009765625,5080.7001953125,16,0.0,0.0
2026-02-11 19:39:00-05:00,5081.10009765625,5082.7998046875,5080.7001953125,5081.7001953125,12,0.0,0.0
2026-02-11 19:40:00-05:00,5080.7001953125,5081.10009765625,5079.0,5079.89990234375,24,0.0,0.0
2026-02-11 19:41:00-05:00,5079.10009765625,5079.2998046875,5077.10009765625,5078.7001953125,22,0.0,0.0
2026-02-11 19:42:00-05:00,5079.2001953125,5079.5,5078.2998046875,5079.5,17,0.0,0.0
2026-02-11 19:43:00-05:00,5078.2998046875,5080.89990234375,5078.2998046875,5078.7998046875,25,0.0,0.0
2026-02-11 19:44:00-05:00,5079.0,5081.10009765625,5078.60009765625,5081.10009765625,19,0.0,0.0
2026-02-11 19:45:00-05:00,5081.2998046875,5084.2998046875,5081.2998046875,5083.5,48,0.0,0.0
2026-02-11 19:46:00-05:00,5082.7001953125,5083.10009765625,5082.7001953125,5083.10009765625,5,0.0,0.0
2026-02-11 19:47:00-05:00,5082.10009765625,5082.89990234375,5082.10009765625,5082.89990234375,5,0.0,0.0
2026-02-11 19:48:00-05:00,5083.5,5084.7998046875,5081.60009765625,5082.2001953125,31,0.0,0.0
2026-02-11 19:49:00-05:00,5082.0,5084.60009765625,5082.0,5084.60009765625,13,0.0,0.0
2026-02-11 19:50:00-05:00,5083.0,5085.7998046875,5080.0,5083.39990234375,118,0.0,0.0
2026-02-11 19:51:00-05:00,5081.7998046875,5084.89990234375,5081.7998046875,5084.60009765625,18,0.0,0.0
2026-02-11 19:52:00-05:00,5085.5,5086.89990234375,5085.39990234375,5085.5,16,0.0,0.0
2026-02-11 19:53:00-05:00,5086.39990234375,5086.7001953125,5083.7001953125,5085.0,25,0.0,0.0
2026-02-11 19:54:00-05:00,5084.10009765625,5085.60009765625,5083.10009765625,5084.39990234375,28,0.0,0.0
2026-02-11 19:55:00-05:00,5084.2001953125,5084.2001953125,5084.2001953125,5084.2001953125,4,0.0,0.0
2026-02-11 19:56:00-05:00,5083.7998046875,5083.7998046875,5081.10009765625,5081.89990234375,10,0.0,0.0
2026-02-11 19:57:00-05:00,5081.2998046875,5082.60009765625,5080.10009765625,5081.39990234375,24,0.0,0.0
2026-02-11 19:58:00-05:00,5081.5,5082.7998046875,5081.5,5082.5,10,0.0,0.0
2026-02-11 19:59:00-05:00,5081.89990234375,5087.7001953125,5081.60009765625,5084.89990234375,45,0.0,0.0
2026-02-11 20:00:00-05:00,5083.0,5084.89990234375,5080.0,5084.89990234375,127,0.0,0.0
2026-02-11 20:01:00-05:00,5083.7998046875,5084.2998046875,5076.0,5081.39990234375,147,0.0,0.0
2026-02-11 20:02:00-05:00,5080.5,5081.39990234375,5078.0,5078.0,37,0.0,0.0
2026-02-11 20:03:00-05:00,5077.60009765625,5079.60009765625,5075.7001953125,5076.2998046875,40,0.0,0.0
2026-02-11 20:04:00-05:00,5075.60009765625,5075.60009765625,5069.0,5073.2998046875,111,0.0,0.0
2026-02-11 20:05:00-05:00,5073.2001953125,5076.7001953125,5071.0,5076.39990234375,60,0.0,0.0
2026-02-11 20:06:00-05:00,5075.39990234375,5078.60009765625,5074.5,5074.60009765625,29,0.0,0.0
2026-02-11 20:07:00-05:00,5075.5,5075.5,5073.2998046875,5075.5,14,0.0,0.0
2026-02-11 20:08:00-05:00,5074.5,5075.2001953125,5070.0,5071.7998046875,99,0.0,0.0
2026-02-11 20:09:00-05:00,5072.10009765625,5076.2998046875,5072.10009765625,5074.7998046875,18,0.0,0.0
2026-02-11 20:10:00-05:00,5076.10009765625,5077.39990234375,5074.60009765625,5075.5,21,0.0,0.0
2026-02-11 20:11:00-05:00,5075.7998046875,5076.0,5072.39990234375,5073.7998046875,36,0.0,0.0
2026-02-11 20:12:00-05:00,5074.2998046875,5074.39990234375,5065.0,5070.10009765625,137,0.0,0.0
2026-02-11 20:13:00-05:00,5070.10009765625,5074.60009765625,5070.10009765625,5074.60009765625,52,0.0,0.0
2026-02-11 20:14:00-05:00,5074.7001953125,5074.7001953125,5070.7998046875,5071.0,37,0.0,0.0
2026-02-11 20:15:00-05:00,5070.10009765625,5073.0,5068.0,5071.0,61,0.0,0.0
2026-02-11 20:16:00-05:00,5070.5,5078.5,5070.5,5077.7998046875,98,0.0,0.0
2026-02-11 20:17:00-05:00,5078.2998046875,5081.7998046875,5076.7001953125,5078.89990234375,93,0.0,0.0
2026-02-11 20:18:00-05:00,5078.0,5078.89990234375,5076.60009765625,5078.0,17,0.0,0.0
2026-02-11 20:19:00-05:00,5078.2001953125,5078.89990234375,5077.60009765625,5078.89990234375,17,0.0,0.0
2026-02-11 20:20:00-05:00,5080.0,5082.5,5079.2001953125,5080.2001953125,73,0.0,0.0
2026-02-11 20:21:00-05:00,5080.10009765625,5080.10009765625,5075.0,5076.10009765625,43,0.0,0.0
2026-02-11 20:22:00-05:00,5075.2001953125,5075.7001953125,5073.60009765625,5075.60009765625,34,0.0,0.0
2026-02-11 20:23:00-05:00,5076.39990234375,5076.5,5073.7001953125,5075.2001953125,25,0.0,0.0
2026-02-11 20:24:00-05:00,5074.10009765625,5075.89990234375,5073.7998046875,5075.60009765625,20,0.0,0.0
2026-02-11 20:25:00-05:00,5075.39990234375,5077.2001953125,5075.2001953125,5075.2001953125,21,0.0,0.0
2026-02-11 20:26:00-05:00,5076.7001953125,5077.2998046875,5076.2998046875,5077.2998046875,7,0.0,0.0
2026-02-11 20:27:00-05:00,5077.2001953125,5078.5,5075.89990234375,5078.5,18,0.0,0.0
2026-02-11 20:28:00-05:00,5078.0,5083.2001953125,5078.0,5081.2998046875,56,0.0,0.0
2026-02-11 20:29:00-05:00,5082.0,5082.0,5080.0,5080.0,11,0.0,0.0
2026-02-11 20:30:00-05:00,5079.2998046875,5079.2998046875,5076.2001953125,5078.7998046875,20,0.0,0.0
2026-02-11 20:31:00-05:00,5077.89990234375,5080.7998046875,5077.89990234375,5080.2001953125,29,0.0,0.0
2026-02-11 20:32:00-05:00,5081.0,5083.0,5080.0,5080.2001953125,26,0.0,0.0
2026-02-11 20:33:00-05:00,5081.2001953125,5081.5,5080.0,5080.0,217,0.0,0.0
2026-02-11 20:34:00-05:00,5081.39990234375,5081.39990234375,5077.5,5078.39990234375,26,0.0,0.0
2026-02-11 20:35:00-05:00,5078.5,5079.2001953125,5077.5,5078.7001953125,29,0.0,0.0
2026-02-11 20:36:00-05:00,5079.10009765625,5081.39990234375,5078.5,5081.39990234375,18,0.0,0.0
2026-02-11 20:37:00-05:00,5082.0,5083.7001953125,5081.7001953125,5081.7001953125,36,0.0,0.0
2026-02-11 20:38:00-05:00,5082.0,5085.0,5081.7001953125,5085.0,30,0.0,0.0
2026-02-11 20:39:00-05:00,5084.0,5084.0,5081.7998046875,5083.39990234375,28,0.0,0.0
2026-02-11 20:40:00-05:00,5082.7998046875,5084.2001953125,5082.5,5083.10009765625,19,0.0,0.0
2026-02-11 20:41:00-05:00,5083.60009765625,5083.60009765625,5081.7998046875,5081.7998046875,11,0.0,0.0
2026-02-11 20:42:00-05:00,5082.39990234375,5082.60009765625,5080.39990234375,5082.60009765625,18,0.0,0.0
2026-02-11 20:43:00-05:00,5083.10009765625,5085.7998046875,5082.39990234375,5085.2001953125,43,0.0,0.0
2026-02-11 20:44:00-05:00,5085.2001953125,5085.2001953125,5081.2001953125,5082.5,29,0.0,0.0
2026-02-11 20:45:00-05:00,5081.89990234375,5084.10009765625,5081.89990234375,5082.10009765625,34,0.0,0.0
2026-02-11 20:46:00-05:00,5081.7001953125,5081.7001953125,5076.7001953125,5076.89990234375,63,0.0,0.0
2026-02-11 20:47:00-05:00,5077.89990234375,5078.39990234375,5076.0,5076.89990234375,24,0.0,0.0
2026-02-11 20:48:00-05:00,5076.2998046875,5078.0,5075.0,5077.7998046875,80,0.0,0.0
2026-02-11 20:49:00-05:00,5077.10009765625,5081.2001953125,5077.10009765625,5078.5,74,0.0,0.0
2026-02-11 20:50:00-05:00,5077.0,5077.60009765625,5074.2998046875,5075.89990234375,82,0.0,0.0
2026-02-11 20:51:00-05:00,5076.89990234375,5079.2998046875,5076.39990234375,5078.2001953125,44,0.0,0.0
2026-02-11 20:52:00-05:00,5078.5,5081.2998046875,5077.7998046875,5079.7998046875,43,0.0,0.0
2026-02-11 20:53:00-05:00,5079.10009765625,5080.7001953125,5078.2998046875,5080.39990234375,40,0.0,0.0
2026-02-11 20:54:00-05:00,5080.60009765625,5081.2001953125,5078.60009765625,5079.60009765625,29,0.0,0.0
2026-02-11 20:55:00-05:00,5079.89990234375,5083.10009765625,5079.10009765625,5082.5,41,0.0,0.0
2026-02-11 20:56:00-05:00,5082.2998046875,5082.2998046875,5079.60009765625,5081.2001953125,23,0.0,0.0
2026-02-11 20:57:00-05:00,5080.7998046875,5083.7001953125,5080.39990234375,5082.0,55,0.0,0.0
2026-02-11 20:58:00-05:00,5082.60009765625,5084.10009765625,5082.39990234375,5083.39990234375,25,0.0,0.0
2026-02-11 20:59:00-05:00,5082.10009765625,5084.7998046875,5081.39990234375,5084.7998046875,26,0.0,0.0
2026-02-11 21:00:00-05:00,5084.89990234375,5092.0,5084.2998046875,5090.89990234375,182,0.0,0.0
2026-02-11 21:01:00-05:00,5091.7998046875,5093.7001953125,5090.60009765625,5092.60009765625,124,0.0,0.0
2026-02-11 21:02:00-05:00,5091.2998046875,5092.10009765625,5087.7001953125,5087.7001953125,35,0.0,0.0
2026-02-11 21:03:00-05:00,5087.7001953125,5088.2998046875,5086.2001953125,5087.7001953125,35,0.0,0.0
2026-02-11 21:04:00-05:00,5086.89990234375,5089.7998046875,5086.7998046875,5088.89990234375,28,0.0,0.0
2026-02-11 21:05:00-05:00,5089.2001953125,5090.89990234375,5088.2998046875,5088.2998046875,25,0.0,0.0
2026-02-11 21:06:00-05:00,5088.2998046875,5091.10009765625,5088.0,5089.89990234375,29,0.0,0.0
2026-02-11 21:07:00-05:00,5089.60009765625,5091.39990234375,5088.5,5090.39990234375,19,0.0,0.0
2026-02-11 21:08:00-05:00,5091.2001953125,5091.5,5089.0,5089.89990234375,14,0.0,0.0
2026-02-11 21:09:00-05:00,5088.5,5089.0,5087.10009765625,5088.0,22,0.0,0.0
2026-02-11 21:10:00-05:00,5087.7001953125,5087.7001953125,5085.2998046875,5085.2998046875,24,0.0,0.0
2026-02-11 21:11:00-05:00,5085.2998046875,5087.89990234375,5085.2998046875,5087.89990234375,13,0.0,0.0
2026-02-11 21:12:00-05:00,5088.2001953125,5090.7001953125,5087.89990234375,5089.7001953125,19,0.0,0.0
2026-02-11 21:13:00-05:00,5089.7998046875,5090.39990234375,5088.89990234375,5090.10009765625,33,0.0,0.0
2026-02-11 21:14:00-05:00,5089.7001953125,5089.7001953125,5087.60009765625,5089.0,10,0.0,0.0
2026-02-11 21:15:00-05:00,5088.7001953125,5088.7001953125,5087.7998046875,5087.7998046875,5,0.0,0.0
2026-02-11 21:16:00-05:00,5088.7001953125,5091.0,5088.7001953125,5090.10009765625,17,0.0,0.0
2026-02-11 21:17:00-05:00,5089.7001953125,5090.60009765625,5088.2998046875,5090.39990234375,31,0.0,0.0
2026-02-11 21:18:00-05:00,5090.2001953125,5090.2001953125,5087.60009765625,5088.5,9,0.0,0.0
2026-02-11 21:19:00-05:00,5087.7001953125,5088.5,5085.89990234375,5085.89990234375,21,0.0,0.0
2026-02-11 21:20:00-05:00,5086.7001953125,5094.0,5086.7001953125,5089.2001953125,137,0.0,0.0
2026-02-11 21:21:00-05:00,5090.0,5091.2001953125,5086.39990234375,5088.60009765625,95,0.0,0.0
2026-02-11 21:22:00-05:00,5089.10009765625,5089.10009765625,5086.7998046875,5087.7998046875,14,0.0,0.0
2026-02-11 21:23:00-05:00,5087.7998046875,5087.7998046875,5086.5,5086.5,18,0.0,0.0
2026-02-11 21:24:00-05:00,5086.39990234375,5087.89990234375,5086.0,5086.39990234375,24,0.0,0.0
2026-02-11 21:25:00-05:00,5086.5,5086.89990234375,5083.0,5083.0,30,0.0,0.0
2026-02-11 21:26:00-05:00,5084.39990234375,5086.2998046875,5084.39990234375,5085.5,34,0.0,0.0
2026-02-11 21:27:00-05:00,5085.7001953125,5087.0,5082.7998046875,5084.10009765625,17,0.0,0.0
2026-02-11 21:28:00-05:00,5083.0,5085.60009765625,5083.0,5085.60009765625,13,0.0,0.0
2026-02-11 21:29:00-05:00,5085.5,5087.7001953125,5085.2001953125,5087.2998046875,17,0.0,0.0
2026-02-11 21:30:00-05:00,5087.39990234375,5090.0,5084.60009765625,5087.2998046875,36,0.0,0.0
2026-02-11 21:31:00-05:00,5087.89990234375,5090.7001953125,5084.39990234375,5084.5,34,0.0,0.0
2026-02-11 21:32:00-05:00,5085.7998046875,5089.10009765625,5084.89990234375,5089.10009765625,13,0.0,0.0
2026-02-11 21:33:00-05:00,5088.0,5089.5,5088.0,5088.7998046875,16,0.0,0.0
2026-02-11 21:34:00-05:00,5089.5,5089.7998046875,5086.2998046875,5086.39990234375,29,0.0,0.0
2026-02-11 21:35:00-05:00,5085.10009765625,5085.39990234375,5080.10009765625,5080.7998046875,49,0.0,0.0
2026-02-11 21:36:00-05:00,5082.0,5083.2001953125,5081.39990234375,5083.2001953125,21,0.0,0.0
2026-02-11 21:37:00-05:00,5082.2998046875,5082.89990234375,5080.39990234375,5082.2998046875,23,0.0,0.0
2026-02-11 21:38:00-05:00,5081.60009765625,5082.10009765625,5078.5,5081.2001953125,41,0.0,0.0
2026-02-11 21:39:00-05:00,5080.60009765625,5082.0,5080.39990234375,5081.2001953125,26,0.0,0.0
2026-02-11 21:40:00-05:00,5081.5,5082.5,5079.60009765625,5079.60009765625,27,0.0,0.0
2026-02-11 21:41:00-05:00,5079.10009765625,5082.39990234375,5078.39990234375,5081.5,26,0.0,0.0
2026-02-11 21:42:00-05:00,5081.2001953125,5081.2001953125,5077.0,5077.0,30,0.0,0.0
2026-02-11 21:43:00-05:00,5077.39990234375,5080.39990234375,5077.2998046875,5078.89990234375,35,0.0,0.0
2026-02-11 21:44:00-05:00,5079.60009765625,5079.7998046875,5078.7998046875,5079.2001953125,8,0.0,0.0
2026-02-11 21:45:00-05:00,5078.5,5078.5,5077.5,5078.39990234375,20,0.0,0.0
2026-02-11 21:46:00-05:00,5078.2001953125,5078.2001953125,5075.5,5076.39990234375,30,0.0,0.0
2026-02-11 21:47:00-05:00,5077.2998046875,5078.89990234375,5076.60009765625,5078.10009765625,38,0.0,0.0
2026-02-11 21:48:00-05:00,5078.5,5082.5,5078.5,5081.10009765625,26,0.0,0.0
2026-02-11 21:49:00-05:00,5082.0,5084.0,5078.0,5080.60009765625,54,0.0,0.0
2026-02-11 21:50:00-05:00,5080.10009765625,5086.10009765625,5077.5,5086.10009765625,110,0.0,0.0
2026-02-11 21:51:00-05:00,5086.10009765625,5087.7001953125,5084.2001953125,5087.2998046875,65,0.0,0.0
2026-02-11 21:52:00-05:00,5086.2001953125,5086.2001953125,5084.7998046875,5085.2998046875,16,0.0,0.0
2026-02-11 21:53:00-05:00,5085.10009765625,5086.89990234375,5083.7998046875,5084.7001953125,45,0.0,0.0
2026-02-11 21:54:00-05:00,5084.7001953125,5086.89990234375,5083.5,5086.7001953125,21,0.0,0.0
2026-02-11 21:55:00-05:00,5085.0,5086.2001953125,5085.0,5086.2001953125,14,0.0,0.0
2026-02-11 21:56:00-05:00,5084.89990234375,5086.2998046875,5083.7998046875,5085.2998046875,22,0.0,0.0
2026-02-11 21:57:00-05:00,5085.10009765625,5085.60009765625,5084.89990234375,5085.10009765625,8,0.0,0.0
2026-02-11 21:58:00-05:00,5085.39990234375,5087.7001953125,5085.0,5087.2001953125,35,0.0,0.0
2026-02-11 21:59:00-05:00,5086.10009765625,5086.7001953125,5085.0,5086.7001953125,16,0.0,0.0
2026-02-11 22:00:00-05:00,5085.7001953125,5085.7001953125,5083.60009765625,5084.89990234375,15,0.0,0.0
2026-02-11 22:01:00-05:00,5084.2998046875,5084.7998046875,5084.2998046875,5084.7998046875,5,0.0,0.0
2026-02-11 22:02:00-05:00,5085.5,5086.5,5085.5,5086.5,8,0.0,0.0
2026-02-11 22:03:00-05:00,5086.5,5090.60009765625,5086.5,5089.2001953125,45,0.0,0.0
2026-02-11 22:04:00-05:00,5089.60009765625,5091.5,5089.2001953125,5089.39990234375,55,0.0,0.0
2026-02-11 22:05:00-05:00,5089.2001953125,5091.89990234375,5088.5,5090.2001953125,35,0.0,0.0
2026-02-11 22:06:00-05:00,5090.0,5090.2001953125,5088.7998046875,5089.7998046875,16,0.0,0.0
2026-02-11 22:07:00-05:00,5090.60009765625,5091.7998046875,5090.0,5090.10009765625,11,0.0,0.0
2026-02-11 22:08:00-05:00,5091.0,5094.89990234375,5091.0,5093.5,64,0.0,0.0
2026-02-11 22:09:00-05:00,5093.60009765625,5093.60009765625,5092.10009765625,5093.0,18,0.0,0.0
2026-02-11 22:10:00-05:00,5092.89990234375,5096.0,5092.60009765625,5094.5,45,0.0,0.0
2026-02-11 22:11:00-05:00,5094.89990234375,5095.0,5091.7001953125,5092.7001953125,52,0.0,0.0
2026-02-11 22:12:00-05:00,5092.7001953125,5093.2998046875,5091.2001953125,5091.2001953125,21,0.0,0.0
2026-02-11 22:13:00-05:00,5091.89990234375,5091.89990234375,5090.60009765625,5090.7998046875,16,0.0,0.0
2026-02-11 22:14:00-05:00,5090.7001953125,5090.7001953125,5088.5,5089.60009765625,27,0.0,0.0
2026-02-11 22:15:00-05:00,5089.10009765625,5091.0,5088.5,5089.2001953125,15,0.0,0.0
2026-02-11 22:16:00-05:00,5088.60009765625,5090.0,5088.60009765625,5089.2001953125,10,0.0,0.0
2026-02-11 22:17:00-05:00,5089.7998046875,5090.5,5087.5,5087.5,27,0.0,0.0
2026-02-11 22:18:00-05:00,5088.10009765625,5088.2001953125,5086.89990234375,5087.60009765625,17,0.0,0.0
2026-02-11 22:19:00-05:00,5088.2001953125,5088.2001953125,5087.0,5087.2001953125,26,0.0,0.0
2026-02-11 22:20:00-05:00,5088.60009765625,5092.0,5087.39990234375,5088.60009765625,102,0.0,0.0
2026-02-11 22:21:00-05:00,5088.7001953125,5089.2001953125,5085.0,5085.0,29,0.0,0.0
2026-02-11 22:22:00-05:00,5084.89990234375,5086.39990234375,5084.89990234375,5085.89990234375,11,0.0,0.0
2026-02-11 22:23:00-05:00,5085.7001953125,5087.7998046875,5085.7001953125,5086.89990234375,14,0.0,0.0
2026-02-11 22:24:00-05:00,5087.0,5087.60009765625,5085.2001953125,5085.2001953125,35,0.0,0.0
2026-02-11 22:25:00-05:00,5086.0,5087.2001953125,5084.7001953125,5084.7001953125,10,0.0,0.0
2026-02-11 22:26:00-05:00,5085.7998046875,5086.10009765625,5080.0,5081.39990234375,83,0.0,0.0
2026-02-11 22:27:00-05:00,5080.89990234375,5081.2001953125,5075.7001953125,5077.39990234375,117,0.0,0.0
2026-02-11 22:28:00-05:00,5077.2001953125,5079.7998046875,5076.2998046875,5077.10009765625,118,0.0,0.0
2026-02-11 22:29:00-05:00,5076.89990234375,5084.39990234375,5076.60009765625,5081.2998046875,124,0.0,0.0
2026-02-11 22:30:00-05:00,5081.2001953125,5083.39990234375,5079.7998046875,5082.0,40,0.0,0.0
2026-02-11 22:31:00-05:00,5080.2001953125,5082.2998046875,5080.0,5081.0,26,0.0,0.0
2026-02-11 22:32:00-05:00,5082.0,5084.2998046875,5082.0,5084.2998046875,19,0.0,0.0
2026-02-11 22:33:00-05:00,5084.2998046875,5086.89990234375,5083.89990234375,5086.89990234375,32,0.0,0.0
2026-02-11 22:34:00-05:00,5087.0,5087.0,5085.0,5086.7001953125,17,0.0,0.0
2026-02-11 22:35:00-05:00,5087.0,5087.2998046875,5086.0,5086.60009765625,16,0.0,0.0
2026-02-11 22:36:00-05:00,5086.5,5088.0,5086.10009765625,5087.2998046875,24,0.0,0.0
2026-02-11 22:37:00-05:00,5086.89990234375,5087.39990234375,5086.60009765625,5087.0,7,0.0,0.0
2026-02-11 22:38:00-05:00,5085.7001953125,5087.2001953125,5085.10009765625,5085.10009765625,10,0.0,0.0
2026-02-11 22:39:00-05:00,5085.0,5086.5,5085.0,5086.2998046875,3,0.0,0.0
2026-02-11 22:40:00-05:00,5086.10009765625,5086.10009765625,5085.39990234375,5085.39990234375,2,0.0,0.0
2026-02-11 22:41:00-05:00,5085.7998046875,5087.2001953125,5085.0,5085.7998046875,13,0.0,0.0
2026-02-11 22:42:00-05:00,5085.0,5086.5,5084.89990234375,5085.89990234375,20,0.0,0.0
2026-02-11 22:43:00-05:00,5086.7001953125,5087.89990234375,5086.39990234375,5086.39990234375,21,0.0,0.0
2026-02-11 22:44:00-05:00,5086.0,5087.39990234375,5086.0,5086.2998046875,23,0.0,0.0
2026-02-11 22:45:00-05:00,5086.2998046875,5086.2998046875,5084.5,5084.5,24,0.0,0.0
2026-02-11 22:46:00-05:00,5085.39990234375,5085.7998046875,5082.89990234375,5082.89990234375,31,0.0,0.0
2026-02-11 22:47:00-05:00,5082.2998046875,5082.39990234375,5081.2001953125,5081.7001953125,30,0.0,0.0
2026-02-11 22:48:00-05:00,5081.2001953125,5081.7001953125,5080.2001953125,5081.60009765625,8,0.0,0.0
2026-02-11 22:49:00-05:00,5081.5,5081.89990234375,5080.0,5080.0,10,0.0,0.0
2026-02-11 22:50:00-05:00,5079.89990234375,5082.0,5078.39990234375,5082.0,18,0.0,0.0
2026-02-11 22:51:00-05:00,5080.7001953125,5081.39990234375,5080.0,5080.39990234375,32,0.0,0.0
2026-02-11 22:52:00-05:00,5079.5,5081.10009765625,5079.10009765625,5080.2998046875,29,0.0,0.0
2026-02-11 22:53:00-05:00,5079.89990234375,5080.7998046875,5079.2998046875,5079.2998046875,9,0.0,0.0
2026-02-11 22:54:00-05:00,5079.0,5079.39990234375,5077.89990234375,5079.39990234375,31,0.0,0.0
2026-02-11 22:55:00-05:00,5078.7998046875,5079.39990234375,5078.2998046875,5078.89990234375,17,0.0,0.0
2026-02-11 22:56:00-05:00,5078.2001953125,5078.2998046875,5076.89990234375,5077.39990234375,37,0.0,0.0
2026-02-11 22:57:00-05:00,5076.7998046875,5077.7998046875,5076.2001953125,5076.7998046875,41,0.0,0.0
2026-02-11 22:58:00-05:00,5076.7998046875,5079.7998046875,5076.39990234375,5078.39990234375,29,0.0,0.0
2026-02-11 22:59:00-05:00,5078.0,5079.2998046875,5077.7001953125,5078.2001953125,7,0.0,0.0
2026-02-11 23:00:00-05:00,5077.7001953125,5078.7001953125,5077.2001953125,5078.7001953125,16,0.0,0.0
2026-02-11 23:01:00-05:00,5078.7001953125,5078.7001953125,5073.39990234375,5075.7001953125,76,0.0,0.0
2026-02-11 23:02:00-05:00,5076.7001953125,5078.10009765625,5076.39990234375,5077.60009765625,15,0.0,0.0
2026-02-11 23:03:00-05:00,5077.0,5079.0,5077.0,5079.0,6,0.0,0.0
2026-02-11 23:04:00-05:00,5078.2001953125,5079.5,5077.89990234375,5079.5,27,0.0,0.0
2026-02-11 23:05:00-05:00,5078.7998046875,5080.7998046875,5078.7001953125,5080.60009765625,29,0.0,0.0
2026-02-11 23:06:00-05:00,5080.5,5080.5,5077.89990234375,5077.89990234375,10,0.0,0.0
2026-02-11 23:07:00-05:00,5078.0,5078.7998046875,5077.60009765625,5077.60009765625,8,0.0,0.0
2026-02-11 23:08:00-05:00,5077.7001953125,5078.10009765625,5077.39990234375,5077.39990234375,6,0.0,0.0
2026-02-11 23:09:00-05:00,5077.2998046875,5077.5,5076.7998046875,5076.7998046875,5,0.0,0.0
2026-02-11 23:10:00-05:00,5077.5,5077.5,5077.5,5077.5,1,0.0,0.0
2026-02-11 23:11:00-05:00,5077.7998046875,5078.7001953125,5077.7998046875,5078.2001953125,9,0.0,0.0
2026-02-11 23:12:00-05:00,5077.89990234375,5079.10009765625,5077.89990234375,5078.7998046875,18,0.0,0.0
2026-02-11 23:13:00-05:00,5077.89990234375,5077.89990234375,5077.60009765625,5077.7998046875,4,0.0,0.0
2026-02-11 23:14:00-05:00,5078.5,5079.2001953125,5076.0,5076.2001953125,29,0.0,0.0
2026-02-11 23:15:00-05:00,5076.0,5076.5,5074.89990234375,5075.0,28,0.0,0.0
2026-02-11 23:16:00-05:00,5075.89990234375,5076.0,5075.10009765625,5075.10009765625,6,0.0,0.0
2026-02-11 23:17:00-05:00,5075.7998046875,5076.5,5075.10009765625,5075.39990234375,19,0.0,0.0
2026-02-11 23:18:00-05:00,5075.2001953125,5075.2001953125,5072.2001953125,5073.0,56,0.0,0.0
2026-02-11 23:19:00-05:00,5072.2001953125,5075.0,5072.2001953125,5074.0,52,0.0,0.0
2026-02-11 23:20:00-05:00,5074.39990234375,5076.2001953125,5072.2001953125,5072.2001953125,88,0.0,0.0
2026-02-11 23:21:00-05:00,5073.0,5076.5,5072.89990234375,5075.7998046875,20,0.0,0.0
2026-02-11 23:22:00-05:00,5075.60009765625,5076.2998046875,5075.2001953125,5075.89990234375,6,0.0,0.0
2026-02-11 23:23:00-05:00,5075.5,5075.7998046875,5075.0,5075.2001953125,11,0.0,0.0
2026-02-11 23:24:00-05:00,5076.0,5077.0,5075.5,5077.0,18,0.0,0.0
2026-02-11 23:25:00-05:00,5076.2998046875,5078.0,5075.89990234375,5078.0,15,0.0,0.0
2026-02-11 23:26:00-05:00,5078.0,5079.10009765625,5078.0,5078.60009765625,24,0.0,0.0
2026-02-11 23:27:00-05:00,5077.7998046875,5077.7998046875,5077.10009765625,5077.60009765625,9,0.0,0.0
2026-02-11 23:29:00-05:00,5077.10009765625,5077.7001953125,5077.10009765625,5077.7001953125,9,0.0,0.0
2026-02-11 23:30:00-05:00,5076.60009765625,5076.60009765625,5076.0,5076.0,5,0.0,0.0
2026-02-11 23:31:00-05:00,5076.10009765625,5077.5,5076.0,5076.0,17,0.0,0.0
2026-02-11 23:32:00-05:00,5076.5,5076.5,5076.5,5076.5,1,0.0,0.0
2026-02-11 23:33:00-05:00,5076.89990234375,5076.89990234375,5075.2001953125,5076.2998046875,16,0.0,0.0
2026-02-11 23:34:00-05:00,5076.10009765625,5076.7998046875,5075.2998046875,5076.7001953125,15,0.0,0.0
2026-02-11 23:35:00-05:00,5077.2001953125,5081.0,5077.2001953125,5080.10009765625,25,0.0,0.0
2026-02-11 23:36:00-05:00,5080.10009765625,5080.89990234375,5079.89990234375,5080.2998046875,20,0.0,0.0
2026-02-11 23:37:00-05:00,5080.2998046875,5081.2001953125,5080.2998046875,5081.10009765625,8,0.0,0.0
2026-02-11 23:38:00-05:00,5081.0,5081.0,5080.39990234375,5080.39990234375,2,0.0,0.0
2026-02-11 23:39:00-05:00,5081.10009765625,5081.7001953125,5081.10009765625,5081.10009765625,8,0.0,0.0
2026-02-11 23:40:00-05:00,5079.0,5079.39990234375,5079.0,5079.39990234375,3,0.0,0.0
2026-02-11 23:41:00-05:00,5079.5,5079.5,5079.5,5079.5,1,0.0,0.0
2026-02-11 23:42:00-05:00,5079.5,5079.5,5079.39990234375,5079.5,4,0.0,0.0
2026-02-11 23:43:00-05:00,5079.2998046875,5080.2998046875,5079.2998046875,5080.2998046875,5,0.0,0.0
2026-02-11 23:44:00-05:00,5079.5,5079.5,5078.5,5078.7998046875,16,0.0,0.0
2026-02-11 23:45:00-05:00,5078.7001953125,5080.10009765625,5078.5,5080.0,10,0.0,0.0
2026-02-11 23:46:00-05:00,5079.39990234375,5080.2001953125,5079.39990234375,5079.7998046875,9,0.0,0.0
2026-02-11 23:47:00-05:00,5079.7001953125,5079.7001953125,5078.89990234375,5079.10009765625,11,0.0,0.0
2026-02-11 23:48:00-05:00,5078.2998046875,5079.60009765625,5078.0,5079.5,7,0.0,0.0
2026-02-11 23:49:00-05:00,5079.5,5079.5,5076.2001953125,5076.60009765625,39,0.0,0.0
2026-02-11 23:50:00-05:00,5077.5,5079.10009765625,5076.2998046875,5079.10009765625,32,0.0,0.0
2026-02-11 23:51:00-05:00,5079.39990234375,5083.60009765625,5079.39990234375,5081.7001953125,47,0.0,0.0
2026-02-11 23:52:00-05:00,5082.0,5083.10009765625,5081.39990234375,5083.10009765625,15,0.0,0.0
2026-02-11 23:53:00-05:00,5083.7001953125,5085.0,5083.7001953125,5084.2001953125,34,0.0,0.0
2026-02-11 23:54:00-05:00,5084.0,5084.2001953125,5083.60009765625,5084.10009765625,8,0.0,0.0
2026-02-11 23:55:00-05:00,5083.5,5083.60009765625,5083.0,5083.5,8,0.0,0.0
2026-02-11 23:56:00-05:00,5084.7001953125,5085.7998046875,5084.10009765625,5085.60009765625,19,0.0,0.0
2026-02-11 23:57:00-05:00,5085.2998046875,5088.39990234375,5085.2001953125,5088.39990234375,48,0.0,0.0
2026-02-11 23:58:00-05:00,5088.7001953125,5091.10009765625,5088.7001953125,5090.39990234375,62,0.0,0.0
2026-02-12 00:00:00-05:00,5090.0,5090.89990234375,5086.2001953125,5088.60009765625,71,0.0,0.0
2026-02-12 00:01:00-05:00,5088.60009765625,5089.10009765625,5087.7998046875,5088.2001953125,9,0.0,0.0
2026-02-12 00:02:00-05:00,5087.60009765625,5089.0,5087.5,5088.60009765625,16,0.0,0.0
2026-02-12 00:03:00-05:00,5088.60009765625,5089.2001953125,5088.10009765625,5089.2001953125,7,0.0,0.0
2026-02-12 00:04:00-05:00,5089.7001953125,5092.5,5089.7001953125,5091.10009765625,50,0.0,0.0
2026-02-12 00:05:00-05:00,5090.0,5090.7001953125,5089.10009765625,5090.0,28,0.0,0.0
2026-02-12 00:06:00-05:00,5090.39990234375,5098.0,5090.39990234375,5096.7001953125,456,0.0,0.0
2026-02-12 00:07:00-05:00,5096.60009765625,5098.39990234375,5095.89990234375,5097.60009765625,67,0.0,0.0
2026-02-12 00:08:00-05:00,5097.5,5098.2998046875,5096.0,5096.0,17,0.0,0.0
2026-02-12 00:09:00-05:00,5096.89990234375,5099.0,5096.89990234375,5098.2001953125,29,0.0,0.0
2026-02-12 00:10:00-05:00,5098.2998046875,5099.2998046875,5096.39990234375,5097.2998046875,71,0.0,0.0
2026-02-12 00:11:00-05:00,5096.89990234375,5099.2001953125,5096.0,5096.0,62,0.0,0.0
2026-02-12 00:12:00-05:00,5096.5,5096.60009765625,5095.2998046875,5095.89990234375,15,0.0,0.0
2026-02-12 00:13:00-05:00,5095.89990234375,5096.7001953125,5095.60009765625,5095.7001953125,9,0.0,0.0
2026-02-12 00:14:00-05:00,5095.2998046875,5096.10009765625,5095.2998046875,5095.7998046875,5,0.0,0.0
2026-02-12 00:15:00-05:00,5096.0,5097.5,5096.0,5097.2001953125,29,0.0,0.0
2026-02-12 00:16:00-05:00,5097.39990234375,5098.0,5096.7001953125,5097.10009765625,20,0.0,0.0
2026-02-12 00:17:00-05:00,5096.5,5096.5,5096.2001953125,5096.2001953125,4,0.0,0.0
2026-02-12 00:18:00-05:00,5096.7001953125,5097.2001953125,5096.2001953125,5097.10009765625,17,0.0,0.0
2026-02-12 00:19:00-05:00,5097.2001953125,5097.7001953125,5095.7998046875,5096.39990234375,30,0.0,0.0
2026-02-12 00:20:00-05:00,5096.2001953125,5099.10009765625,5096.10009765625,5096.60009765625,56,0.0,0.0
2026-02-12 00:21:00-05:00,5096.7001953125,5097.5,5094.2998046875,5095.10009765625,49,0.0,0.0
2026-02-12 00:22:00-05:00,5095.0,5095.7998046875,5093.5,5093.5,53,0.0,0.0
2026-02-12 00:23:00-05:00,5094.0,5095.39990234375,5094.0,5094.89990234375,15,0.0,0.0
2026-02-12 00:24:00-05:00,5094.2001953125,5098.10009765625,5094.2001953125,5096.60009765625,44,0.0,0.0
2026-02-12 00:25:00-05:00,5096.10009765625,5096.10009765625,5094.7998046875,5095.2998046875,29,0.0,0.0
2026-02-12 00:26:00-05:00,5095.0,5095.5,5094.10009765625,5094.5,46,0.0,0.0
2026-02-12 00:27:00-05:00,5094.5,5094.60009765625,5093.2001953125,5093.7001953125,21,0.0,0.0
2026-02-12 00:28:00-05:00,5094.0,5094.0,5093.10009765625,5093.10009765625,4,0.0,0.0
2026-02-12 00:29:00-05:00,5093.10009765625,5093.10009765625,5091.60009765625,5092.2998046875,24,0.0,0.0
2026-02-12 00:30:00-05:00,5092.7001953125,5092.89990234375,5089.0,5092.5,174,0.0,0.0
2026-02-12 00:31:00-05:00,5092.7998046875,5092.7998046875,5086.89990234375,5088.7998046875,104,0.0,0.0
2026-02-12 00:32:00-05:00,5088.7001953125,5090.0,5086.2998046875,5086.5,58,0.0,0.0
2026-02-12 00:33:00-05:00,5086.60009765625,5088.10009765625,5085.7001953125,5087.5,49,0.0,0.0
2026-02-12 00:34:00-05:00,5087.10009765625,5087.89990234375,5085.7998046875,5086.89990234375,60,0.0,0.0
2026-02-12 00:35:00-05:00,5086.89990234375,5089.0,5086.10009765625,5088.7001953125,33,0.0,0.0
2026-02-12 00:36:00-05:00,5088.39990234375,5088.39990234375,5087.10009765625,5087.2998046875,6,0.0,0.0
2026-02-12 00:37:00-05:00,5087.7998046875,5088.2998046875,5086.0,5086.60009765625,69,0.0,0.0
2026-02-12 00:38:00-05:00,5086.60009765625,5088.7998046875,5086.60009765625,5088.2001953125,15,0.0,0.0
2026-02-12 00:39:00-05:00,5087.5,5088.60009765625,5086.7998046875,5086.89990234375,23,0.0,0.0
2026-02-12 00:40:00-05:00,5088.7998046875,5089.10009765625,5087.39990234375,5088.0,14,0.0,0.0
2026-02-12 00:41:00-05:00,5088.7001953125,5090.7001953125,5088.2998046875,5090.7001953125,18,0.0,0.0
2026-02-12 00:42:00-05:00,5090.89990234375,5092.39990234375,5090.7998046875,5091.0,27,0.0,0.0
2026-02-12 00:43:00-05:00,5091.39990234375,5091.39990234375,5091.39990234375,5091.39990234375,1,0.0,0.0
2026-02-12 00:44:00-05:00,5091.89990234375,5093.39990234375,5091.60009765625,5092.7998046875,22,0.0,0.0
2026-02-12 00:45:00-05:00,5093.89990234375,5094.89990234375,5092.60009765625,5093.60009765625,23,0.0,0.0
2026-02-12 00:46:00-05:00,5093.2001953125,5093.2001953125,5091.2998046875,5091.7998046875,18,0.0,0.0
2026-02-12 00:47:00-05:00,5092.10009765625,5092.39990234375,5092.10009765625,5092.2998046875,3,0.0,0.0
2026-02-12 00:48:00-05:00,5093.10009765625,5094.0,5092.5,5093.0,17,0.0,0.0
2026-02-12 00:49:00-05:00,5092.5,5093.0,5091.5,5091.5,9,0.0,0.0
2026-02-12 00:50:00-05:00,5091.2998046875,5091.39990234375,5088.60009765625,5090.10009765625,64,0.0,0.0
2026-02-12 00:51:00-05:00,5090.7998046875,5092.7001953125,5090.7998046875,5092.60009765625,16,0.0,0.0
2026-02-12 00:52:00-05:00,5092.89990234375,5094.7001953125,5092.7998046875,5093.7998046875,23,0.0,0.0
2026-02-12 00:53:00-05:00,5094.2998046875,5094.60009765625,5093.2998046875,5094.5,11,0.0,0.0
2026-02-12 00:54:00-05:00,5094.60009765625,5095.5,5094.60009765625,5095.5,9,0.0,0.0
2026-02-12 00:55:00-05:00,5095.60009765625,5097.39990234375,5095.5,5096.10009765625,31,0.0,0.0
2026-02-12 00:56:00-05:00,5096.0,5096.7998046875,5095.0,5095.2998046875,15,0.0,0.0
2026-02-12 00:57:00-05:00,5095.89990234375,5096.0,5094.0,5094.0,18,0.0,0.0
2026-02-12 00:58:00-05:00,5093.89990234375,5094.60009765625,5092.39990234375,5093.0,19,0.0,0.0
2026-02-12 00:59:00-05:00,5093.60009765625,5097.2001953125,5093.10009765625,5096.2998046875,36,0.0,0.0
2026-02-12 01:00:00-05:00,5097.2001953125,5097.7998046875,5094.5,5094.5,50,0.0,0.0
2026-02-12 01:01:00-05:00,5095.0,5095.5,5091.0,5091.10009765625,57,0.0,0.0
2026-02-12 01:02:00-05:00,5090.7998046875,5090.7998046875,5088.0,5088.0,29,0.0,0.0
2026-02-12 01:03:00-05:00,5088.10009765625,5089.7998046875,5086.10009765625,5088.39990234375,53,0.0,0.0
2026-02-12 01:04:00-05:00,5088.7998046875,5090.89990234375,5088.7998046875,5090.2998046875,7,0.0,0.0
2026-02-12 01:05:00-05:00,5089.89990234375,5090.7001953125,5089.2001953125,5090.0,32,0.0,0.0
2026-02-12 01:06:00-05:00,5090.60009765625,5090.60009765625,5087.2001953125,5087.39990234375,25,0.0,0.0
2026-02-12 01:07:00-05:00,5087.2001953125,5089.10009765625,5086.0,5086.7998046875,60,0.0,0.0
2026-02-12 01:08:00-05:00,5086.7998046875,5086.7998046875,5083.60009765625,5085.7998046875,59,0.0,0.0
2026-02-12 01:09:00-05:00,5085.7001953125,5087.5,5085.10009765625,5087.5,34,0.0,0.0
2026-02-12 01:10:00-05:00,5088.0,5089.5,5087.39990234375,5088.5,16,0.0,0.0
2026-02-12 01:11:00-05:00,5087.39990234375,5088.10009765625,5085.60009765625,5087.2998046875,15,0.0,0.0
2026-02-12 01:12:00-05:00,5087.2998046875,5088.89990234375,5087.2998046875,5088.89990234375,5,0.0,0.0
2026-02-12 01:13:00-05:00,5089.10009765625,5090.5,5089.10009765625,5090.5,7,0.0,0.0
2026-02-12 01:14:00-05:00,5090.5,5090.7998046875,5089.89990234375,5090.7998046875,11,0.0,0.0
2026-02-12 01:15:00-05:00,5091.0,5092.0,5089.5,5090.2001953125,58,0.0,0.0
2026-02-12 01:16:00-05:00,5090.60009765625,5090.60009765625,5088.7001953125,5088.7001953125,21,0.0,0.0
2026-02-12 01:17:00-05:00,5088.60009765625,5088.89990234375,5087.2001953125,5087.2998046875,15,0.0,0.0
2026-02-12 01:18:00-05:00,5087.2998046875,5089.89990234375,5087.2001953125,5087.60009765625,58,0.0,0.0
2026-02-12 01:19:00-05:00,5087.60009765625,5089.39990234375,5086.7001953125,5087.7001953125,23,0.0,0.0
2026-02-12 01:20:00-05:00,5087.89990234375,5090.2001953125,5086.0,5087.39990234375,94,0.0,0.0
2026-02-12 01:21:00-05:00,5086.10009765625,5087.7998046875,5085.39990234375,5087.5,14,0.0,0.0
2026-02-12 01:22:00-05:00,5088.2001953125,5088.2001953125,5085.2001953125,5085.39990234375,22,0.0,0.0
2026-02-12 01:23:00-05:00,5085.2001953125,5086.2001953125,5084.0,5085.60009765625,39,0.0,0.0
2026-02-12 01:24:00-05:00,5084.89990234375,5084.89990234375,5081.5,5083.10009765625,60,0.0,0.0
2026-02-12 01:25:00-05:00,5084.10009765625,5085.60009765625,5083.39990234375,5085.60009765625,28,0.0,0.0
2026-02-12 01:26:00-05:00,5084.2001953125,5084.7001953125,5083.39990234375,5084.7001953125,28,0.0,0.0
2026-02-12 01:27:00-05:00,5084.0,5084.0,5080.0,5080.39990234375,59,0.0,0.0
2026-02-12 01:28:00-05:00,5080.10009765625,5081.7998046875,5079.0,5080.2998046875,76,0.0,0.0
2026-02-12 01:29:00-05:00,5080.89990234375,5080.89990234375,5077.0,5077.0,89,0.0,0.0
2026-02-12 01:30:00-05:00,5076.89990234375,5079.60009765625,5076.7001953125,5077.5,60,0.0,0.0
2026-02-12 01:31:00-05:00,5077.39990234375,5079.0,5075.0,5076.60009765625,89,0.0,0.0
2026-02-12 01:32:00-05:00,5076.7001953125,5076.7001953125,5071.39990234375,5072.0,211,0.0,0.0
2026-02-12 01:33:00-05:00,5071.7998046875,5074.10009765625,5071.5,5071.89990234375,85,0.0,0.0
2026-02-12 01:34:00-05:00,5072.0,5073.39990234375,5071.0,5072.0,56,0.0,0.0
2026-02-12 01:35:00-05:00,5072.0,5075.0,5070.0,5072.2998046875,152,0.0,0.0
2026-02-12 01:36:00-05:00,5072.2998046875,5073.2001953125,5070.60009765625,5071.7998046875,101,0.0,0.0
2026-02-12 01:37:00-05:00,5071.2998046875,5072.10009765625,5068.89990234375,5069.2998046875,93,0.0,0.0
2026-02-12 01:38:00-05:00,5069.7998046875,5074.7001953125,5069.7998046875,5074.10009765625,119,0.0,0.0
2026-02-12 01:39:00-05:00,5073.7998046875,5075.7998046875,5073.10009765625,5074.5,47,0.0,0.0
2026-02-12 01:40:00-05:00,5074.39990234375,5077.10009765625,5073.60009765625,5076.7001953125,66,0.0,0.0
2026-02-12 01:41:00-05:00,5077.7001953125,5079.2998046875,5077.2998046875,5077.60009765625,61,0.0,0.0
2026-02-12 01:42:00-05:00,5077.39990234375,5078.5,5076.7001953125,5078.10009765625,32,0.0,0.0
2026-02-12 01:43:00-05:00,5078.60009765625,5079.10009765625,5077.10009765625,5077.5,46,0.0,0.0
2026-02-12 01:44:00-05:00,5077.89990234375,5080.0,5077.39990234375,5080.0,36,0.0,0.0
2026-02-12 01:45:00-05:00,5080.0,5080.2001953125,5076.2001953125,5078.7001953125,87,0.0,0.0
2026-02-12 01:46:00-05:00,5079.2998046875,5079.60009765625,5077.60009765625,5077.7998046875,47,0.0,0.0
2026-02-12 01:47:00-05:00,5077.2998046875,5079.10009765625,5076.60009765625,5078.60009765625,35,0.0,0.0
2026-02-12 01:48:00-05:00,5078.60009765625,5079.0,5076.5,5077.2001953125,19,0.0,0.0
2026-02-12 01:49:00-05:00,5077.2001953125,5078.89990234375,5075.10009765625,5077.60009765625,122,0.0,0.0
2026-02-12 01:50:00-05:00,5077.7001953125,5082.7001953125,5077.39990234375,5081.39990234375,168,0.0,0.0
2026-02-12 01:51:00-05:00,5081.10009765625,5083.10009765625,5080.7001953125,5083.10009765625,106,0.0,0.0
2026-02-12 01:52:00-05:00,5082.39990234375,5083.60009765625,5081.7001953125,5082.2998046875,54,0.0,0.0
2026-02-12 01:53:00-05:00,5081.0,5081.89990234375,5080.5,5081.5,23,0.0,0.0
2026-02-12 01:54:00-05:00,5081.10009765625,5082.5,5080.2998046875,5082.5,54,0.0,0.0
2026-02-12 01:55:00-05:00,5082.39990234375,5083.0,5081.7998046875,5082.0,38,0.0,0.0
2026-02-12 01:56:00-05:00,5081.7001953125,5083.39990234375,5081.7001953125,5083.2998046875,16,0.0,0.0
2026-02-12 01:57:00-05:00,5082.5,5082.5,5081.5,5082.10009765625,24,0.0,0.0
2026-02-12 01:58:00-05:00,5081.60009765625,5082.7001953125,5081.60009765625,5082.2001953125,13,0.0,0.0
2026-02-12 01:59:00-05:00,5082.2001953125,5082.2998046875,5080.5,5081.10009765625,72,0.0,0.0
2026-02-12 02:00:00-05:00,5080.89990234375,5081.5,5078.39990234375,5078.39990234375,72,0.0,0.0
2026-02-12 02:01:00-05:00,5079.0,5079.10009765625,5074.2001953125,5074.2001953125,134,0.0,0.0
2026-02-12 02:02:00-05:00,5074.10009765625,5077.5,5073.60009765625,5077.0,68,0.0,0.0
2026-02-12 02:03:00-05:00,5076.2998046875,5079.10009765625,5076.2998046875,5078.60009765625,41,0.0,0.0
2026-02-12 02:04:00-05:00,5078.2001953125,5081.39990234375,5078.0,5080.60009765625,65,0.0,0.0
2026-02-12 02:05:00-05:00,5081.5,5082.0,5079.5,5080.5,65,0.0,0.0
2026-02-12 02:06:00-05:00,5080.5,5081.2001953125,5079.2001953125,5081.2001953125,43,0.0,0.0
2026-02-12 02:07:00-05:00,5081.0,5083.5,5081.0,5083.0,20,0.0,0.0
2026-02-12 02:08:00-05:00,5082.39990234375,5086.0,5082.39990234375,5084.7001953125,106,0.0,0.0
2026-02-12 02:09:00-05:00,5084.39990234375,5085.39990234375,5084.0,5084.2998046875,37,0.0,0.0
2026-02-12 02:10:00-05:00,5085.10009765625,5085.39990234375,5083.2001953125,5084.2998046875,26,0.0,0.0
2026-02-12 02:11:00-05:00,5084.0,5084.10009765625,5082.60009765625,5083.2998046875,22,0.0,0.0
2026-02-12 02:12:00-05:00,5083.2998046875,5083.2998046875,5082.60009765625,5083.0,5,0.0,0.0
2026-02-12 02:13:00-05:00,5082.60009765625,5085.10009765625,5082.60009765625,5085.10009765625,38,0.0,0.0
2026-02-12 02:14:00-05:00,5086.0,5087.5,5084.0,5084.10009765625,98,0.0,0.0
2026-02-12 02:15:00-05:00,5085.0,5085.0,5084.7001953125,5084.7001953125,9,0.0,0.0
2026-02-12 02:16:00-05:00,5085.10009765625,5086.2998046875,5084.39990234375,5084.5,58,0.0,0.0
2026-02-12 02:17:00-05:00,5084.2998046875,5084.89990234375,5083.0,5083.10009765625,39,0.0,0.0
2026-02-12 02:18:00-05:00,5083.10009765625,5083.7001953125,5081.5,5081.5,37,0.0,0.0
2026-02-12 02:19:00-05:00,5082.0,5083.2001953125,5081.2998046875,5083.2001953125,25,0.0,0.0
2026-02-12 02:20:00-05:00,5083.7998046875,5085.10009765625,5082.7998046875,5082.7998046875,87,0.0,0.0
2026-02-12 02:21:00-05:00,5082.2001953125,5082.2001953125,5079.2001953125,5080.89990234375,56,0.0,0.0
2026-02-12 02:22:00-05:00,5081.0,5081.0,5078.0,5080.10009765625,77,0.0,0.0
2026-02-12 02:23:00-05:00,5080.5,5081.7001953125,5079.2001953125,5080.89990234375,33,0.0,0.0
2026-02-12 02:24:00-05:00,5080.60009765625,5080.7001953125,5079.7001953125,5080.39990234375,19,0.0,0.0
2026-02-12 02:25:00-05:00,5080.60009765625,5081.10009765625,5078.89990234375,5079.0,27,0.0,0.0
2026-02-12 02:26:00-05:00,5078.5,5079.39990234375,5078.0,5079.39990234375,16,0.0,0.0
2026-02-12 02:27:00-05:00,5079.5,5082.89990234375,5079.5,5082.89990234375,38,0.0,0.0
2026-02-12 02:28:00-05:00,5083.5,5084.39990234375,5083.0,5083.39990234375,38,0.0,0.0
2026-02-12 02:29:00-05:00,5083.7001953125,5084.0,5083.60009765625,5083.60009765625,8,0.0,0.0
2026-02-12 02:30:00-05:00,5083.60009765625,5085.39990234375,5083.2998046875,5084.2001953125,29,0.0,0.0
2026-02-12 02:31:00-05:00,5084.7998046875,5084.7998046875,5084.60009765625,5084.60009765625,2,0.0,0.0
2026-02-12 02:32:00-05:00,5085.2001953125,5085.2001953125,5082.89990234375,5083.39990234375,23,0.0,0.0
2026-02-12 02:33:00-05:00,5083.39990234375,5084.2001953125,5082.60009765625,5082.60009765625,27,0.0,0.0
2026-02-12 02:34:00-05:00,5083.2998046875,5084.60009765625,5083.2998046875,5084.2998046875,33,0.0,0.0
2026-02-12 02:35:00-05:00,5083.7998046875,5083.7998046875,5082.7001953125,5083.39990234375,20,0.0,0.0
2026-02-12 02:36:00-05:00,5083.2998046875,5083.2998046875,5082.7001953125,5083.2998046875,13,0.0,0.0
2026-02-12 02:37:00-05:00,5083.2998046875,5084.2998046875,5083.0,5084.2998046875,8,0.0,0.0
2026-02-12 02:38:00-05:00,5084.39990234375,5084.5,5081.5,5082.7998046875,69,0.0,0.0
2026-02-12 02:39:00-05:00,5083.2001953125,5083.2001953125,5082.2998046875,5082.39990234375,8,0.0,0.0
2026-02-12 02:40:00-05:00,5082.7998046875,5082.7998046875,5080.7001953125,5082.2001953125,25,0.0,0.0
2026-02-12 02:41:00-05:00,5081.2001953125,5081.2001953125,5080.2998046875,5080.2998046875,6,0.0,0.0
2026-02-12 02:42:00-05:00,5080.2998046875,5081.2001953125,5079.39990234375,5081.2001953125,12,0.0,0.0
2026-02-12 02:43:00-05:00,5080.60009765625,5080.7998046875,5080.60009765625,5080.7998046875,2,0.0,0.0
2026-02-12 02:44:00-05:00,5079.7001953125,5082.60009765625,5079.2998046875,5079.60009765625,40,0.0,0.0
2026-02-12 02:45:00-05:00,5079.0,5079.89990234375,5078.5,5079.2998046875,27,0.0,0.0
2026-02-12 02:46:00-05:00,5079.10009765625,5080.0,5078.7998046875,5078.7998046875,44,0.0,0.0
2026-02-12 02:47:00-05:00,5079.0,5079.10009765625,5078.10009765625,5078.39990234375,11,0.0,0.0
2026-02-12 02:48:00-05:00,5078.2001953125,5079.60009765625,5078.10009765625,5079.60009765625,37,0.0,0.0
2026-02-12 02:49:00-05:00,5079.5,5083.0,5079.5,5082.7001953125,50,0.0,0.0
2026-02-12 02:50:00-05:00,5082.7998046875,5082.7998046875,5081.7998046875,5081.7998046875,10,0.0,0.0
2026-02-12 02:51:00-05:00,5082.0,5082.39990234375,5082.0,5082.39990234375,5,0.0,0.0
2026-02-12 02:52:00-05:00,5081.60009765625,5082.5,5081.60009765625,5082.2998046875,5,0.0,0.0
2026-02-12 02:53:00-05:00,5081.39990234375,5082.2001953125,5079.7001953125,5080.7001953125,78,0.0,0.0
2026-02-12 02:54:00-05:00,5081.2998046875,5082.10009765625,5081.2001953125,5081.5,41,0.0,0.0
2026-02-12 02:55:00-05:00,5081.2001953125,5081.2001953125,5080.2001953125,5080.2998046875,16,0.0,0.0
2026-02-12 02:56:00-05:00,5080.0,5081.10009765625,5080.0,5080.7998046875,24,0.0,0.0
2026-02-12 02:57:00-05:00,5081.2001953125,5084.5,5081.2001953125,5083.39990234375,21,0.0,0.0
2026-02-12 02:58:00-05:00,5084.0,5085.10009765625,5083.89990234375,5085.10009765625,28,0.0,0.0
2026-02-12 02:59:00-05:00,5085.10009765625,5087.0,5084.7001953125,5085.2998046875,77,0.0,0.0
2026-02-12 03:00:00-05:00,5085.7001953125,5088.0,5085.7001953125,5087.0,71,0.0,0.0
2026-02-12 03:01:00-05:00,5086.5,5086.7998046875,5085.2998046875,5086.2001953125,12,0.0,0.0
2026-02-12 03:02:00-05:00,5086.7998046875,5088.7998046875,5086.7998046875,5087.39990234375,77,0.0,0.0
2026-02-12 03:03:00-05:00,5087.7998046875,5088.2998046875,5086.2998046875,5087.39990234375,23,0.0,0.0
2026-02-12 03:04:00-05:00,5087.10009765625,5090.60009765625,5087.10009765625,5090.60009765625,82,0.0,0.0
2026-02-12 03:05:00-05:00,5089.7998046875,5092.2998046875,5089.60009765625,5090.5,109,0.0,0.0
2026-02-12 03:06:00-05:00,5090.2998046875,5092.7998046875,5090.2998046875,5092.2001953125,33,0.0,0.0
2026-02-12 03:07:00-05:00,5092.5,5095.0,5091.7001953125,5092.5,183,0.0,0.0
2026-02-12 03:08:00-05:00,5092.5,5093.2998046875,5091.0,5093.2998046875,41,0.0,0.0
2026-02-12 03:09:00-05:00,5092.89990234375,5094.5,5092.89990234375,5093.5,40,0.0,0.0
2026-02-12 03:10:00-05:00,5093.7998046875,5094.7998046875,5092.7001953125,5093.0,49,0.0,0.0
2026-02-12 03:11:00-05:00,5092.5,5092.7998046875,5091.10009765625,5092.7998046875,88,0.0,0.0
2026-02-12 03:12:00-05:00,5092.10009765625,5093.2001953125,5090.7001953125,5090.7001953125,29,0.0,0.0
2026-02-12 03:13:00-05:00,5090.7001953125,5090.7001953125,5088.39990234375,5088.39990234375,45,0.0,0.0
2026-02-12 03:14:00-05:00,5089.2001953125,5089.7998046875,5088.39990234375,5089.2998046875,20,0.0,0.0
2026-02-12 03:15:00-05:00,5090.2001953125,5091.2001953125,5089.5,5090.5,33,0.0,0.0
2026-02-12 03:16:00-05:00,5091.10009765625,5091.10009765625,5088.2998046875,5088.2998046875,24,0.0,0.0
2026-02-12 03:17:00-05:00,5089.0,5089.2001953125,5087.60009765625,5088.5,31,0.0,0.0
2026-02-12 03:18:00-05:00,5089.0,5089.2001953125,5086.2998046875,5086.2998046875,22,0.0,0.0
2026-02-12 03:19:00-05:00,5086.89990234375,5087.39990234375,5086.39990234375,5086.7001953125,10,0.0,0.0
2026-02-12 03:20:00-05:00,5086.7001953125,5088.0,5086.39990234375,5087.60009765625,44,0.0,0.0
2026-02-12 03:21:00-05:00,5088.10009765625,5089.89990234375,5086.5,5086.60009765625,75,0.0,0.0
2026-02-12 03:22:00-05:00,5086.2998046875,5086.60009765625,5085.39990234375,5085.39990234375,30,0.0,0.0
2026-02-12 03:23:00-05:00,5085.7001953125,5087.39990234375,5085.7001953125,5087.10009765625,18,0.0,0.0
2026-02-12 03:24:00-05:00,5087.0,5088.60009765625,5085.7001953125,5088.0,49,0.0,0.0
2026-02-12 03:25:00-05:00,5088.2001953125,5088.2998046875,5083.39990234375,5086.39990234375,94,0.0,0.0
2026-02-12 03:26:00-05:00,5086.5,5087.5,5085.7001953125,5086.10009765625,23,0.0,0.0
2026-02-12 03:27:00-05:00,5086.0,5086.0,5085.2001953125,5086.0,17,0.0,0.0
2026-02-12 03:28:00-05:00,5086.10009765625,5086.2998046875,5085.10009765625,5085.7001953125,26,0.0,0.0
2026-02-12 03:29:00-05:00,5085.10009765625,5085.10009765625,5082.0,5082.0,48,0.0,0.0
2026-02-12 03:30:00-05:00,5081.7998046875,5081.89990234375,5078.2998046875,5078.60009765625,107,0.0,0.0
2026-02-12 03:31:00-05:00,5078.2998046875,5079.7001953125,5077.60009765625,5078.0,106,0.0,0.0
2026-02-12 03:32:00-05:00,5078.0,5078.7998046875,5075.0,5075.0,117,0.0,0.0
2026-02-12 03:33:00-05:00,5075.7001953125,5078.7001953125,5073.5,5078.7001953125,166,0.0,0.0
2026-02-12 03:34:00-05:00,5078.10009765625,5082.10009765625,5078.10009765625,5081.89990234375,80,0.0,0.0
2026-02-12 03:35:00-05:00,5081.89990234375,5082.0,5080.60009765625,5081.39990234375,27,0.0,0.0
2026-02-12 03:36:00-05:00,5081.7998046875,5082.7998046875,5081.0,5082.0,38,0.0,0.0
2026-02-12 03:37:00-05:00,5082.2998046875,5083.60009765625,5082.10009765625,5083.10009765625,25,0.0,0.0
2026-02-12 03:38:00-05:00,5083.0,5083.2001953125,5082.0,5082.2001953125,17,0.0,0.0
2026-02-12 03:39:00-05:00,5082.2001953125,5082.2001953125,5080.89990234375,5081.10009765625,19,0.0,0.0
2026-02-12 03:40:00-05:00,5081.60009765625,5082.7998046875,5081.60009765625,5082.7998046875,7,0.0,0.0
2026-02-12 03:41:00-05:00,5082.5,5084.5,5082.2998046875,5084.5,14,0.0,0.0
2026-02-12 03:42:00-05:00,5084.7998046875,5084.89990234375,5083.10009765625,5083.60009765625,27,0.0,0.0
2026-02-12 03:43:00-05:00,5083.89990234375,5084.5,5083.7001953125,5084.0,12,0.0,0.0
2026-02-12 03:44:00-05:00,5083.5,5084.5,5083.5,5084.5,7,0.0,0.0
2026-02-12 03:45:00-05:00,5084.60009765625,5086.0,5084.60009765625,5086.0,23,0.0,0.0
2026-02-12 03:46:00-05:00,5085.7001953125,5086.60009765625,5085.60009765625,5085.89990234375,38,0.0,0.0
2026-02-12 03:47:00-05:00,5085.39990234375,5085.5,5083.89990234375,5085.0,62,0.0,0.0
2026-02-12 03:48:00-05:00,5085.60009765625,5085.7998046875,5085.5,5085.7998046875,5,0.0,0.0
2026-02-12 03:49:00-05:00,5085.2001953125,5085.2001953125,5083.7998046875,5083.7998046875,14,0.0,0.0
2026-02-12 03:50:00-05:00,5083.0,5086.0,5081.5,5085.7001953125,41,0.0,0.0
2026-02-12 03:51:00-05:00,5085.5,5086.2001953125,5084.39990234375,5086.2001953125,22,0.0,0.0
2026-02-12 03:52:00-05:00,5086.10009765625,5086.2001953125,5084.10009765625,5084.10009765625,43,0.0,0.0
2026-02-12 03:53:00-05:00,5084.2001953125,5089.39990234375,5084.2001953125,5089.0,133,0.0,0.0
2026-02-12 03:54:00-05:00,5089.0,5090.0,5085.10009765625,5088.2001953125,165,0.0,0.0
2026-02-12 03:55:00-05:00,5088.2998046875,5089.10009765625,5086.89990234375,5087.60009765625,43,0.0,0.0
2026-02-12 03:56:00-05:00,5087.7001953125,5087.89990234375,5087.2998046875,5087.89990234375,13,0.0,0.0
2026-02-12 03:57:00-05:00,5088.2001953125,5092.60009765625,5088.2001953125,5092.0,59,0.0,0.0
2026-02-12 03:58:00-05:00,5092.2998046875,5093.60009765625,5090.39990234375,5090.60009765625,130,0.0,0.0
2026-02-12 03:59:00-05:00,5091.0,5091.2998046875,5089.2998046875,5090.0,24,0.0,0.0
2026-02-12 04:00:00-05:00,5089.5,5089.89990234375,5088.0,5088.2998046875,39,0.0,0.0
2026-02-12 04:01:00-05:00,5088.60009765625,5089.0,5087.2998046875,5087.2998046875,70,0.0,0.0
2026-02-12 04:02:00-05:00,5087.7998046875,5090.89990234375,5087.7998046875,5089.60009765625,77,0.0,0.0
2026-02-12 04:03:00-05:00,5089.5,5093.89990234375,5089.10009765625,5093.2998046875,60,0.0,0.0
2026-02-12 04:04:00-05:00,5093.2998046875,5094.7998046875,5093.0,5094.2998046875,48,0.0,0.0
2026-02-12 04:05:00-05:00,5094.0,5096.7998046875,5093.89990234375,5094.0,86,0.0,0.0
2026-02-12 04:06:00-05:00,5093.89990234375,5094.7001953125,5093.2001953125,5094.39990234375,45,0.0,0.0
2026-02-12 04:07:00-05:00,5095.10009765625,5095.7998046875,5094.0,5095.39990234375,64,0.0,0.0
2026-02-12 04:08:00-05:00,5095.0,5097.60009765625,5094.5,5097.10009765625,94,0.0,0.0
2026-02-12 04:09:00-05:00,5096.5,5097.39990234375,5095.7001953125,5096.39990234375,150,0.0,0.0
2026-02-12 04:10:00-05:00,5096.2998046875,5096.2998046875,5095.0,5095.0,61,0.0,0.0
2026-02-12 04:11:00-05:00,5095.10009765625,5095.5,5092.5,5093.7001953125,163,0.0,0.0
2026-02-12 04:12:00-05:00,5093.7001953125,5095.60009765625,5093.10009765625,5095.5,74,0.0,0.0
2026-02-12 04:13:00-05:00,5095.0,5096.5,5094.10009765625,5096.0,39,0.0,0.0
2026-02-12 04:14:00-05:00,5096.2001953125,5096.2001953125,5094.89990234375,5094.89990234375,37,0.0,0.0
2026-02-12 04:15:00-05:00,5094.89990234375,5096.5,5094.89990234375,5096.5,52,0.0,0.0
2026-02-12 04:16:00-05:00,5096.60009765625,5099.2001953125,5094.0,5094.89990234375,154,0.0,0.0
2026-02-12 04:17:00-05:00,5094.2998046875,5096.10009765625,5094.0,5096.10009765625,49,0.0,0.0
2026-02-12 04:18:00-05:00,5095.7001953125,5095.89990234375,5094.10009765625,5094.5,31,0.0,0.0
2026-02-12 04:19:00-05:00,5094.60009765625,5095.0,5094.2001953125,5094.7001953125,23,0.0,0.0
2026-02-12 04:20:00-05:00,5094.2998046875,5095.89990234375,5093.0,5093.89990234375,61,0.0,0.0
2026-02-12 04:21:00-05:00,5093.5,5094.7998046875,5093.2998046875,5094.7998046875,31,0.0,0.0
2026-02-12 04:22:00-05:00,5094.7998046875,5095.0,5093.89990234375,5094.39990234375,14,0.0,0.0
2026-02-12 04:23:00-05:00,5094.7998046875,5095.7001953125,5094.7998046875,5095.7001953125,14,0.0,0.0
2026-02-12 04:24:00-05:00,5095.2998046875,5096.0,5094.2001953125,5095.10009765625,49,0.0,0.0
2026-02-12 04:25:00-05:00,5095.7001953125,5096.89990234375,5095.60009765625,5096.2001953125,20,0.0,0.0
2026-02-12 04:26:00-05:00,5096.7001953125,5097.60009765625,5096.0,5096.0,27,0.0,0.0
2026-02-12 04:27:00-05:00,5095.60009765625,5096.39990234375,5095.5,5095.5,12,0.0,0.0
2026-02-12 04:28:00-05:00,5095.39990234375,5095.39990234375,5093.2998046875,5093.39990234375,42,0.0,0.0
2026-02-12 04:29:00-05:00,5094.10009765625,5094.7001953125,5092.60009765625,5092.7998046875,53,0.0,0.0
2026-02-12 04:30:00-05:00,5093.2998046875,5094.2998046875,5092.5,5092.60009765625,17,0.0,0.0
2026-02-12 04:31:00-05:00,5093.2001953125,5094.60009765625,5091.89990234375,5093.7998046875,41,0.0,0.0
2026-02-12 04:32:00-05:00,5093.89990234375,5094.60009765625,5093.39990234375,5093.7998046875,21,0.0,0.0
2026-02-12 04:33:00-05:00,5093.7001953125,5093.89990234375,5091.2001953125,5092.39990234375,94,0.0,0.0
2026-02-12 04:34:00-05:00,5092.5,5092.5,5090.0,5091.5,42,0.0,0.0
2026-02-12 04:35:00-05:00,5091.5,5092.0,5090.7001953125,5092.0,36,0.0,0.0
2026-02-12 04:36:00-05:00,5092.7001953125,5092.7998046875,5090.39990234375,5091.7001953125,42,0.0,0.0
2026-02-12 04:37:00-05:00,5091.7001953125,5093.7001953125,5091.7001953125,5093.7001953125,31,0.0,0.0
2026-02-12 04:38:00-05:00,5093.7998046875,5095.2001953125,5093.5,5093.89990234375,46,0.0,0.0
2026-02-12 04:39:00-05:00,5093.5,5093.5,5092.7001953125,5092.7001953125,9,0.0,0.0
2026-02-12 04:40:00-05:00,5092.7001953125,5093.7998046875,5092.7001953125,5093.39990234375,11,0.0,0.0
2026-02-12 04:41:00-05:00,5093.60009765625,5094.0,5092.7998046875,5092.89990234375,89,0.0,0.0
2026-02-12 04:42:00-05:00,5093.2998046875,5093.60009765625,5093.2998046875,5093.60009765625,6,0.0,0.0
2026-02-12 04:43:00-05:00,5094.10009765625,5095.60009765625,5094.10009765625,5095.2998046875,15,0.0,0.0
2026-02-12 04:44:00-05:00,5095.89990234375,5095.89990234375,5094.7001953125,5094.7001953125,28,0.0,0.0
2026-02-12 04:45:00-05:00,5094.89990234375,5096.0,5094.89990234375,5095.89990234375,13,0.0,0.0
2026-02-12 04:46:00-05:00,5095.7001953125,5096.39990234375,5094.7998046875,5096.10009765625,69,0.0,0.0
2026-02-12 04:47:00-05:00,5096.2001953125,5096.60009765625,5095.60009765625,5096.10009765625,17,0.0,0.0
2026-02-12 04:48:00-05:00,5095.7998046875,5095.89990234375,5095.0,5095.0,16,0.0,0.0
2026-02-12 04:49:00-05:00,5095.2998046875,5096.2998046875,5093.10009765625,5095.7001953125,47,0.0,0.0
2026-02-12 04:50:00-05:00,5095.89990234375,5101.7998046875,5095.5,5100.89990234375,189,0.0,0.0
2026-02-12 04:51:00-05:00,5100.7998046875,5102.5,5100.39990234375,5100.7998046875,259,0.0,0.0
2026-02-12 04:52:00-05:00,5100.39990234375,5100.39990234375,5098.10009765625,5099.5,54,0.0,0.0
2026-02-12 04:53:00-05:00,5099.89990234375,5101.2001953125,5099.2998046875,5101.0,62,0.0,0.0
2026-02-12 04:54:00-05:00,5101.0,5101.7998046875,5100.60009765625,5100.60009765625,34,0.0,0.0
2026-02-12 04:55:00-05:00,5101.10009765625,5101.39990234375,5099.89990234375,5100.2998046875,35,0.0,0.0
2026-02-12 04:56:00-05:00,5100.10009765625,5100.10009765625,5097.0,5097.0,42,0.0,0.0
2026-02-12 04:57:00-05:00,5097.5,5098.2001953125,5096.5,5097.10009765625,32,0.0,0.0
2026-02-12 04:58:00-05:00,5096.7998046875,5096.7998046875,5095.2001953125,5095.7001953125,33,0.0,0.0
2026-02-12 04:59:00-05:00,5095.0,5095.7001953125,5094.60009765625,5095.0,22,0.0,0.0
2026-02-12 05:00:00-05:00,5094.7998046875,5095.2998046875,5092.7998046875,5094.7001953125,50,0.0,0.0
2026-02-12 05:01:00-05:00,5094.89990234375,5096.7998046875,5094.89990234375,5096.0,35,0.0,0.0
2026-02-12 05:02:00-05:00,5095.60009765625,5097.2001953125,5095.10009765625,5096.60009765625,35,0.0,0.0
2026-02-12 05:03:00-05:00,5096.39990234375,5099.2998046875,5095.39990234375,5098.5,81,0.0,0.0
2026-02-12 05:04:00-05:00,5098.10009765625,5098.10009765625,5093.39990234375,5094.10009765625,147,0.0,0.0
2026-02-12 05:05:00-05:00,5093.60009765625,5094.5,5092.60009765625,5093.39990234375,77,0.0,0.0
2026-02-12 05:06:00-05:00,5093.7998046875,5095.0,5092.0,5092.5,92,0.0,0.0
2026-02-12 05:07:00-05:00,5092.39990234375,5094.5,5092.10009765625,5094.2001953125,25,0.0,0.0
2026-02-12 05:08:00-05:00,5094.60009765625,5097.2001953125,5092.10009765625,5092.7001953125,111,0.0,0.0
2026-02-12 05:09:00-05:00,5093.2001953125,5093.7998046875,5091.39990234375,5091.60009765625,19,0.0,0.0
2026-02-12 05:10:00-05:00,5091.0,5091.7998046875,5090.2998046875,5090.5,74,0.0,0.0
2026-02-12 05:11:00-05:00,5090.5,5090.5,5087.10009765625,5087.5,81,0.0,0.0
2026-02-12 05:12:00-05:00,5087.2998046875,5089.10009765625,5086.60009765625,5088.39990234375,77,0.0,0.0
2026-02-12 05:13:00-05:00,5088.89990234375,5091.10009765625,5086.2001953125,5086.39990234375,163,0.0,0.0
2026-02-12 05:14:00-05:00,5086.7001953125,5088.10009765625,5085.60009765625,5088.0,45,0.0,0.0
2026-02-12 05:15:00-05:00,5087.7001953125,5087.7998046875,5086.2001953125,5087.7998046875,41,0.0,0.0
2026-02-12 05:16:00-05:00,5087.7998046875,5088.2998046875,5085.10009765625,5087.2998046875,117,0.0,0.0
2026-02-12 05:17:00-05:00,5088.10009765625,5088.39990234375,5086.89990234375,5087.2998046875,37,0.0,0.0
2026-02-12 05:18:00-05:00,5087.60009765625,5088.5,5087.10009765625,5087.10009765625,47,0.0,0.0
2026-02-12 05:19:00-05:00,5087.10009765625,5087.10009765625,5085.60009765625,5085.89990234375,29,0.0,0.0
2026-02-12 05:20:00-05:00,5085.7998046875,5088.2998046875,5085.7998046875,5088.10009765625,96,0.0,0.0
2026-02-12 05:21:00-05:00,5087.89990234375,5087.89990234375,5085.60009765625,5086.10009765625,23,0.0,0.0
2026-02-12 05:22:00-05:00,5085.7001953125,5087.60009765625,5085.2001953125,5087.2001953125,66,0.0,0.0
2026-02-12 05:23:00-05:00,5086.89990234375,5088.5,5086.60009765625,5087.2001953125,85,0.0,0.0
2026-02-12 05:24:00-05:00,5087.39990234375,5087.7001953125,5086.60009765625,5086.60009765625,14,0.0,0.0
2026-02-12 05:25:00-05:00,5086.7998046875,5088.0,5086.7001953125,5087.89990234375,18,0.0,0.0
2026-02-12 05:26:00-05:00,5088.0,5088.10009765625,5086.39990234375,5086.39990234375,30,0.0,0.0
2026-02-12 05:27:00-05:00,5086.10009765625,5086.10009765625,5084.2001953125,5084.5,51,0.0,0.0
2026-02-12 05:28:00-05:00,5084.7001953125,5085.5,5083.7001953125,5084.7001953125,80,0.0,0.0
2026-02-12 05:29:00-05:00,5085.10009765625,5085.10009765625,5082.5,5083.2001953125,72,0.0,0.0
2026-02-12 05:30:00-05:00,5083.5,5087.89990234375,5082.89990234375,5086.7001953125,192,0.0,0.0
2026-02-12 05:31:00-05:00,5086.39990234375,5086.7998046875,5083.10009765625,5083.7001953125,202,0.0,0.0
2026-02-12 05:32:00-05:00,5084.0,5085.0,5083.7998046875,5085.0,70,0.0,0.0
2026-02-12 05:33:00-05:00,5084.89990234375,5085.0,5083.2001953125,5083.60009765625,135,0.0,0.0
2026-02-12 05:34:00-05:00,5083.5,5085.0,5082.89990234375,5084.10009765625,74,0.0,0.0
2026-02-12 05:35:00-05:00,5084.39990234375,5088.0,5084.10009765625,5087.2998046875,99,0.0,0.0
2026-02-12 05:36:00-05:00,5087.39990234375,5088.0,5086.39990234375,5086.89990234375,13,0.0,0.0
2026-02-12 05:37:00-05:00,5086.89990234375,5087.7998046875,5084.60009765625,5085.89990234375,56,0.0,0.0
2026-02-12 05:38:00-05:00,5085.2998046875,5085.89990234375,5083.2001953125,5083.2001953125,38,0.0,0.0
2026-02-12 05:39:00-05:00,5083.2998046875,5084.2998046875,5082.89990234375,5084.2998046875,30,0.0,0.0
2026-02-12 05:40:00-05:00,5084.5,5084.7998046875,5083.7001953125,5084.7998046875,16,0.0,0.0
2026-02-12 05:41:00-05:00,5084.7998046875,5085.0,5084.2998046875,5084.2998046875,10,0.0,0.0
2026-02-12 05:42:00-05:00,5084.10009765625,5085.39990234375,5084.10009765625,5085.39990234375,35,0.0,0.0
2026-02-12 05:43:00-05:00,5084.7998046875,5084.89990234375,5083.10009765625,5084.0,21,0.0,0.0
2026-02-12 05:44:00-05:00,5084.89990234375,5085.7001953125,5083.89990234375,5083.89990234375,21,0.0,0.0
2026-02-12 05:45:00-05:00,5083.7998046875,5083.89990234375,5083.39990234375,5083.5,4,0.0,0.0
2026-02-12 05:46:00-05:00,5082.89990234375,5084.2001953125,5082.7001953125,5083.39990234375,52,0.0,0.0
2026-02-12 05:47:00-05:00,5082.60009765625,5082.60009765625,5080.0,5080.0,79,0.0,0.0
2026-02-12 05:48:00-05:00,5080.0,5081.60009765625,5077.0,5081.39990234375,266,0.0,0.0
2026-02-12 05:49:00-05:00,5081.7998046875,5082.5,5080.0,5081.0,49,0.0,0.0
2026-02-12 05:50:00-05:00,5080.7998046875,5082.0,5078.10009765625,5078.89990234375,102,0.0,0.0
2026-02-12 05:51:00-05:00,5078.2998046875,5081.39990234375,5077.60009765625,5079.60009765625,148,0.0,0.0
2026-02-12 05:52:00-05:00,5080.39990234375,5081.60009765625,5078.0,5078.0,73,0.0,0.0
2026-02-12 05:53:00-05:00,5077.60009765625,5080.60009765625,5077.60009765625,5080.60009765625,30,0.0,0.0
2026-02-12 05:54:00-05:00,5080.60009765625,5082.2998046875,5080.60009765625,5081.7001953125,33,0.0,0.0
2026-02-12 05:55:00-05:00,5081.10009765625,5081.5,5080.2998046875,5080.7998046875,48,0.0,0.0
2026-02-12 05:56:00-05:00,5080.89990234375,5082.7998046875,5080.89990234375,5082.5,39,0.0,0.0
2026-02-12 05:57:00-05:00,5081.89990234375,5082.0,5080.89990234375,5081.7998046875,33,0.0,0.0
2026-02-12 05:58:00-05:00,5082.10009765625,5084.5,5082.0,5082.39990234375,73,0.0,0.0
2026-02-12 05:59:00-05:00,5082.39990234375,5083.7998046875,5081.7001953125,5083.7998046875,146,0.0,0.0
2026-02-12 06:00:00-05:00,5084.0,5084.2001953125,5083.0,5083.5,37,0.0,0.0
2026-02-12 06:01:00-05:00,5083.2001953125,5083.60009765625,5081.60009765625,5081.60009765625,60,0.0,0.0
2026-02-12 06:02:00-05:00,5081.5,5083.7998046875,5080.60009765625,5083.7998046875,33,0.0,0.0
2026-02-12 06:03:00-05:00,5084.10009765625,5085.0,5084.10009765625,5084.5,42,0.0,0.0
2026-02-12 06:04:00-05:00,5083.7001953125,5084.7001953125,5083.0,5083.0,39,0.0,0.0
2026-02-12 06:05:00-05:00,5083.5,5087.2998046875,5083.5,5083.89990234375,89,0.0,0.0
2026-02-12 06:06:00-05:00,5084.2001953125,5084.7998046875,5082.89990234375,5083.7001953125,21,0.0,0.0
2026-02-12 06:07:00-05:00,5083.7001953125,5084.10009765625,5083.0,5083.7998046875,36,0.0,0.0
2026-02-12 06:08:00-05:00,5083.7998046875,5084.2001953125,5083.2998046875,5084.2001953125,18,0.0,0.0
2026-02-12 06:09:00-05:00,5084.7998046875,5084.89990234375,5084.7998046875,5084.7998046875,12,0.0,0.0
2026-02-12 06:10:00-05:00,5085.2001953125,5085.5,5084.89990234375,5085.5,11,0.0,0.0
2026-02-12 06:11:00-05:00,5085.2998046875,5085.2998046875,5083.7998046875,5084.60009765625,30,0.0,0.0
2026-02-12 06:12:00-05:00,5084.60009765625,5084.60009765625,5083.39990234375,5084.2998046875,13,0.0,0.0
2026-02-12 06:13:00-05:00,5085.10009765625,5085.2001953125,5084.7998046875,5084.89990234375,9,0.0,0.0
2026-02-12 06:14:00-05:00,5084.39990234375,5084.39990234375,5082.0,5082.7998046875,42,0.0,0.0
2026-02-12 06:15:00-05:00,5082.89990234375,5083.7001953125,5082.89990234375,5083.7001953125,7,0.0,0.0
2026-02-12 06:16:00-05:00,5084.0,5084.7001953125,5084.0,5084.7001953125,9,0.0,0.0
2026-02-12 06:17:00-05:00,5085.7998046875,5086.60009765625,5085.10009765625,5085.10009765625,20,0.0,0.0
2026-02-12 06:18:00-05:00,5085.0,5085.5,5084.7998046875,5084.7998046875,7,0.0,0.0
2026-02-12 06:19:00-05:00,5084.7998046875,5084.7998046875,5084.2001953125,5084.2001953125,8,0.0,0.0
2026-02-12 06:20:00-05:00,5084.0,5084.39990234375,5083.5,5083.7998046875,23,0.0,0.0
2026-02-12 06:21:00-05:00,5084.2001953125,5084.60009765625,5084.2001953125,5084.60009765625,8,0.0,0.0
2026-02-12 06:22:00-05:00,5084.2998046875,5085.0,5083.7001953125,5084.0,25,0.0,0.0
2026-02-12 06:23:00-05:00,5084.39990234375,5084.5,5083.2001953125,5083.7001953125,34,0.0,0.0
2026-02-12 06:24:00-05:00,5084.5,5085.2998046875,5083.89990234375,5084.5,16,0.0,0.0
2026-02-12 06:25:00-05:00,5085.2001953125,5087.7998046875,5085.2001953125,5085.2001953125,55,0.0,0.0
2026-02-12 06:26:00-05:00,5085.2998046875,5085.89990234375,5085.2001953125,5085.89990234375,7,0.0,0.0
2026-02-12 06:27:00-05:00,5085.7998046875,5086.89990234375,5084.89990234375,5085.10009765625,52,0.0,0.0
2026-02-12 06:28:00-05:00,5085.2001953125,5085.2001953125,5083.7998046875,5083.7998046875,16,0.0,0.0
2026-02-12 06:29:00-05:00,5084.60009765625,5085.60009765625,5084.60009765625,5084.7001953125,22,0.0,0.0
2026-02-12 06:30:00-05:00,5084.7001953125,5085.2998046875,5084.2001953125,5085.2998046875,15,0.0,0.0
2026-02-12 06:31:00-05:00,5085.5,5085.7998046875,5084.5,5084.5,11,0.0,0.0
2026-02-12 06:32:00-05:00,5084.7998046875,5084.7998046875,5083.7001953125,5083.7998046875,20,0.0,0.0
2026-02-12 06:33:00-05:00,5083.2998046875,5083.7998046875,5083.10009765625,5083.7998046875,7,0.0,0.0
2026-02-12 06:34:00-05:00,5083.7001953125,5084.7998046875,5083.0,5084.5,20,0.0,0.0
2026-02-12 06:35:00-05:00,5085.0,5086.7998046875,5085.0,5086.5,31,0.0,0.0
2026-02-12 06:36:00-05:00,5086.39990234375,5086.7998046875,5086.0,5086.5,14,0.0,0.0
2026-02-12 06:37:00-05:00,5086.7998046875,5086.7998046875,5085.7998046875,5085.7998046875,15,0.0,0.0
2026-02-12 06:38:00-05:00,5085.89990234375,5086.2998046875,5085.7001953125,5085.7001953125,10,0.0,0.0
2026-02-12 06:39:00-05:00,5085.10009765625,5085.2998046875,5084.60009765625,5085.2998046875,9,0.0,0.0
2026-02-12 06:40:00-05:00,5085.0,5085.60009765625,5084.7001953125,5085.5,11,0.0,0.0
2026-02-12 06:41:00-05:00,5084.7001953125,5084.7998046875,5084.2998046875,5084.7998046875,15,0.0,0.0
2026-02-12 06:42:00-05:00,5085.10009765625,5085.5,5084.89990234375,5084.89990234375,4,0.0,0.0
2026-02-12 06:44:00-05:00,5085.7001953125,5086.39990234375,5085.39990234375,5085.60009765625,36,0.0,0.0
2026-02-12 06:45:00-05:00,5086.10009765625,5087.10009765625,5085.0,5087.10009765625,43,0.0,0.0
2026-02-12 06:46:00-05:00,5086.7001953125,5087.0,5086.5,5086.7001953125,15,0.0,0.0
2026-02-12 06:47:00-05:00,5087.0,5087.0,5086.2001953125,5086.2001953125,5,0.0,0.0
2026-02-12 06:48:00-05:00,5086.10009765625,5086.10009765625,5086.0,5086.0,5,0.0,0.0
2026-02-12 06:49:00-05:00,5086.5,5086.7998046875,5086.2998046875,5086.7998046875,18,0.0,0.0
2026-02-12 06:50:00-05:00,5086.60009765625,5087.7001953125,5086.10009765625,5086.89990234375,44,0.0,0.0
2026-02-12 06:51:00-05:00,5087.60009765625,5089.0,5087.2998046875,5087.39990234375,47,0.0,0.0
2026-02-12 06:52:00-05:00,5087.5,5089.39990234375,5087.10009765625,5089.10009765625,23,0.0,0.0
2026-02-12 06:53:00-05:00,5089.2998046875,5090.2001953125,5089.2001953125,5089.2001953125,26,0.0,0.0
2026-02-12 06:54:00-05:00,5089.39990234375,5090.10009765625,5088.89990234375,5090.10009765625,20,0.0,0.0
2026-02-12 06:55:00-05:00,5089.39990234375,5089.39990234375,5085.10009765625,5085.60009765625,165,0.0,0.0
2026-02-12 06:56:00-05:00,5085.7998046875,5086.0,5083.5,5084.5,41,0.0,0.0
2026-02-12 06:57:00-05:00,5084.89990234375,5084.89990234375,5084.2001953125,5084.2001953125,8,0.0,0.0
2026-02-12 06:58:00-05:00,5084.39990234375,5084.89990234375,5083.5,5084.2001953125,56,0.0,0.0
2026-02-12 06:59:00-05:00,5085.0,5086.7001953125,5085.0,5085.60009765625,18,0.0,0.0
2026-02-12 07:00:00-05:00,5086.5,5088.0,5085.7998046875,5087.0,31,0.0,0.0
2026-02-12 07:01:00-05:00,5087.7001953125,5088.2001953125,5085.2001953125,5086.5,125,0.0,0.0
2026-02-12 07:02:00-05:00,5087.5,5087.60009765625,5086.89990234375,5087.10009765625,12,0.0,0.0
2026-02-12 07:03:00-05:00,5087.0,5088.39990234375,5086.5,5087.5,42,0.0,0.0
2026-02-12 07:04:00-05:00,5087.2001953125,5088.0,5086.2001953125,5087.2998046875,39,0.0,0.0
2026-02-12 07:05:00-05:00,5086.89990234375,5087.10009765625,5083.7998046875,5084.39990234375,45,0.0,0.0
2026-02-12 07:06:00-05:00,5084.10009765625,5084.10009765625,5082.39990234375,5082.5,21,0.0,0.0
2026-02-12 07:07:00-05:00,5082.5,5083.10009765625,5081.7001953125,5081.7998046875,27,0.0,0.0
2026-02-12 07:08:00-05:00,5082.5,5084.0,5078.2998046875,5083.89990234375,272,0.0,0.0
2026-02-12 07:09:00-05:00,5084.0,5084.60009765625,5081.2998046875,5083.7998046875,70,0.0,0.0
2026-02-12 07:10:00-05:00,5083.0,5083.0,5082.0,5082.10009765625,14,0.0,0.0
2026-02-12 07:11:00-05:00,5081.89990234375,5083.2001953125,5081.10009765625,5082.0,27,0.0,0.0
2026-02-12 07:12:00-05:00,5082.60009765625,5083.39990234375,5082.60009765625,5082.60009765625,14,0.0,0.0
2026-02-12 07:13:00-05:00,5082.60009765625,5083.60009765625,5082.5,5083.60009765625,12,0.0,0.0
2026-02-12 07:14:00-05:00,5083.2001953125,5084.5,5083.2001953125,5083.7998046875,16,0.0,0.0
2026-02-12 07:15:00-05:00,5083.7998046875,5085.2001953125,5083.2001953125,5084.2998046875,22,0.0,0.0
2026-02-12 07:16:00-05:00,5085.2001953125,5086.2001953125,5085.2001953125,5086.0,9,0.0,0.0
2026-02-12 07:17:00-05:00,5086.0,5086.0,5084.60009765625,5084.60009765625,24,0.0,0.0
2026-02-12 07:18:00-05:00,5084.0,5084.0,5082.5,5083.60009765625,30,0.0,0.0
2026-02-12 07:19:00-05:00,5083.39990234375,5085.7001953125,5083.2001953125,5085.60009765625,73,0.0,0.0
2026-02-12 07:20:00-05:00,5085.7001953125,5085.89990234375,5084.7998046875,5085.2998046875,78,0.0,0.0
2026-02-12 07:21:00-05:00,5085.2001953125,5085.7998046875,5082.39990234375,5084.7001953125,127,0.0,0.0
2026-02-12 07:22:00-05:00,5084.10009765625,5085.5,5082.89990234375,5084.39990234375,77,0.0,0.0
2026-02-12 07:23:00-05:00,5084.2001953125,5084.2001953125,5083.10009765625,5083.10009765625,19,0.0,0.0
2026-02-12 07:24:00-05:00,5083.7001953125,5083.7001953125,5082.0,5082.0,20,0.0,0.0
2026-02-12 07:25:00-05:00,5081.89990234375,5083.60009765625,5081.89990234375,5083.60009765625,17,0.0,0.0
2026-02-12 07:26:00-05:00,5083.7001953125,5084.39990234375,5083.7001953125,5084.39990234375,4,0.0,0.0
2026-02-12 07:27:00-05:00,5084.2998046875,5084.2998046875,5083.2998046875,5084.0,12,0.0,0.0
2026-02-12 07:28:00-05:00,5084.39990234375,5084.5,5083.7998046875,5083.7998046875,8,0.0,0.0
2026-02-12 07:29:00-05:00,5084.2998046875,5084.39990234375,5083.89990234375,5084.2998046875,7,0.0,0.0
2026-02-12 07:30:00-05:00,5084.60009765625,5085.0,5084.0,5084.10009765625,20,0.0,0.0
2026-02-12 07:31:00-05:00,5083.60009765625,5085.2001953125,5083.60009765625,5084.10009765625,39,0.0,0.0
2026-02-12 07:32:00-05:00,5083.7998046875,5087.0,5083.7001953125,5085.7998046875,42,0.0,0.0
2026-02-12 07:33:00-05:00,5085.5,5085.89990234375,5084.89990234375,5085.89990234375,11,0.0,0.0
2026-02-12 07:34:00-05:00,5086.2998046875,5088.0,5086.2998046875,5088.0,22,0.0,0.0
2026-02-12 07:35:00-05:00,5087.89990234375,5089.7998046875,5087.7001953125,5089.60009765625,58,0.0,0.0
2026-02-12 07:36:00-05:00,5089.5,5090.7998046875,5087.60009765625,5088.0,64,0.0,0.0
2026-02-12 07:37:00-05:00,5087.7998046875,5088.7001953125,5086.89990234375,5086.89990234375,22,0.0,0.0
2026-02-12 07:38:00-05:00,5086.39990234375,5087.39990234375,5086.0,5086.89990234375,15,0.0,0.0
2026-02-12 07:39:00-05:00,5086.7998046875,5087.0,5085.60009765625,5085.7001953125,14,0.0,0.0
2026-02-12 07:40:00-05:00,5085.7998046875,5085.7998046875,5083.0,5083.10009765625,61,0.0,0.0
2026-02-12 07:41:00-05:00,5083.39990234375,5084.89990234375,5082.89990234375,5084.0,96,0.0,0.0
2026-02-12 07:42:00-05:00,5083.7001953125,5083.7001953125,5079.0,5079.39990234375,92,0.0,0.0
2026-02-12 07:43:00-05:00,5079.0,5080.2998046875,5077.5,5078.89990234375,139,0.0,0.0
2026-02-12 07:44:00-05:00,5079.0,5080.0,5076.2001953125,5079.5,154,0.0,0.0
2026-02-12 07:45:00-05:00,5078.89990234375,5080.2001953125,5078.5,5078.5,36,0.0,0.0
2026-02-12 07:46:00-05:00,5078.5,5078.7001953125,5075.5,5077.5,69,0.0,0.0
2026-02-12 07:47:00-05:00,5077.5,5077.5,5075.0,5076.2001953125,112,0.0,0.0
2026-02-12 07:48:00-05:00,5076.2998046875,5077.89990234375,5074.7998046875,5077.5,123,0.0,0.0
2026-02-12 07:49:00-05:00,5077.60009765625,5079.0,5076.89990234375,5077.0,49,0.0,0.0
2026-02-12 07:50:00-05:00,5076.7998046875,5076.7998046875,5074.2001953125,5074.89990234375,120,0.0,0.0
2026-02-12 07:51:00-05:00,5074.89990234375,5075.7001953125,5074.60009765625,5075.5,46,0.0,0.0
2026-02-12 07:52:00-05:00,5075.5,5075.5,5071.60009765625,5073.60009765625,217,0.0,0.0
2026-02-12 07:53:00-05:00,5073.10009765625,5074.5,5073.0,5074.10009765625,59,0.0,0.0
2026-02-12 07:54:00-05:00,5074.0,5074.2998046875,5072.7998046875,5073.0,62,0.0,0.0
2026-02-12 07:55:00-05:00,5073.7001953125,5074.39990234375,5070.60009765625,5072.89990234375,156,0.0,0.0
2026-02-12 07:56:00-05:00,5073.2001953125,5073.2998046875,5070.60009765625,5071.7001953125,97,0.0,0.0
2026-02-12 07:57:00-05:00,5071.89990234375,5073.2001953125,5071.2998046875,5072.7998046875,169,0.0,0.0
2026-02-12 07:58:00-05:00,5072.2998046875,5076.39990234375,5071.7998046875,5075.10009765625,105,0.0,0.0
2026-02-12 07:59:00-05:00,5074.5,5076.39990234375,5074.0,5074.2001953125,110,0.0,0.0
2026-02-12 08:00:00-05:00,5074.39990234375,5075.5,5073.10009765625,5074.0,129,0.0,0.0
2026-02-12 08:01:00-05:00,5074.5,5078.7001953125,5074.39990234375,5078.39990234375,139,0.0,0.0
2026-02-12 08:02:00-05:00,5078.10009765625,5079.60009765625,5076.7001953125,5078.89990234375,67,0.0,0.0
2026-02-12 08:03:00-05:00,5079.39990234375,5079.89990234375,5077.0,5078.10009765625,51,0.0,0.0
2026-02-12 08:04:00-05:00,5077.39990234375,5078.0,5075.89990234375,5076.7998046875,54,0.0,0.0
2026-02-12 08:05:00-05:00,5076.39990234375,5078.7998046875,5076.2998046875,5078.39990234375,48,0.0,0.0
2026-02-12 08:06:00-05:00,5078.5,5080.7001953125,5078.5,5079.2998046875,143,0.0,0.0
2026-02-12 08:07:00-05:00,5079.60009765625,5081.39990234375,5079.60009765625,5080.60009765625,82,0.0,0.0
2026-02-12 08:08:00-05:00,5080.5,5081.89990234375,5079.89990234375,5081.89990234375,54,0.0,0.0
2026-02-12 08:09:00-05:00,5081.2998046875,5083.39990234375,5080.2001953125,5082.7998046875,119,0.0,0.0
2026-02-12 08:10:00-05:00,5083.10009765625,5085.60009765625,5082.60009765625,5085.60009765625,97,0.0,0.0
2026-02-12 08:11:00-05:00,5084.89990234375,5085.5,5083.39990234375,5085.39990234375,71,0.0,0.0
2026-02-12 08:12:00-05:00,5085.10009765625,5086.7001953125,5085.0,5085.89990234375,100,0.0,0.0
2026-02-12 08:13:00-05:00,5086.39990234375,5087.7001953125,5085.89990234375,5087.0,121,0.0,0.0
2026-02-12 08:14:00-05:00,5087.10009765625,5087.60009765625,5085.7998046875,5087.5,121,0.0,0.0
2026-02-12 08:15:00-05:00,5087.10009765625,5088.0,5085.7001953125,5085.7001953125,105,0.0,0.0
2026-02-12 08:16:00-05:00,5086.0,5090.7001953125,5085.89990234375,5088.39990234375,186,0.0,0.0
2026-02-12 08:17:00-05:00,5089.10009765625,5092.5,5089.0,5091.7001953125,176,0.0,0.0
2026-02-12 08:18:00-05:00,5091.7001953125,5092.2001953125,5090.2998046875,5092.2001953125,119,0.0,0.0
2026-02-12 08:19:00-05:00,5092.2001953125,5094.10009765625,5090.39990234375,5091.7001953125,189,0.0,0.0
2026-02-12 08:20:00-05:00,5091.60009765625,5093.89990234375,5090.39990234375,5091.7001953125,121,0.0,0.0
2026-02-12 08:21:00-05:00,5091.7998046875,5095.5,5091.7998046875,5094.7001953125,116,0.0,0.0
2026-02-12 08:22:00-05:00,5094.7001953125,5096.0,5094.39990234375,5094.7998046875,91,0.0,0.0
2026-02-12 08:23:00-05:00,5095.2001953125,5096.5,5094.0,5094.7001953125,90,0.0,0.0
2026-02-12 08:24:00-05:00,5094.7001953125,5095.39990234375,5092.7001953125,5092.7001953125,82,0.0,0.0
2026-02-12 08:25:00-05:00,5093.39990234375,5093.39990234375,5090.7998046875,5090.7998046875,127,0.0,0.0
2026-02-12 08:26:00-05:00,5090.7001953125,5090.7998046875,5088.2001953125,5088.2998046875,192,0.0,0.0
2026-02-12 08:27:00-05:00,5088.2998046875,5089.7998046875,5087.2998046875,5088.2998046875,118,0.0,0.0
2026-02-12 08:28:00-05:00,5088.60009765625,5088.60009765625,5086.0,5086.0,131,0.0,0.0
2026-02-12 08:29:00-05:00,5085.89990234375,5086.7001953125,5084.10009765625,5086.7001953125,88,0.0,0.0
2026-02-12 08:30:00-05:00,5087.10009765625,5088.7001953125,5082.5,5088.60009765625,191,0.0,0.0
2026-02-12 08:31:00-05:00,5088.60009765625,5094.60009765625,5088.60009765625,5094.39990234375,136,0.0,0.0
2026-02-12 08:32:00-05:00,5094.5,5094.7998046875,5092.2998046875,5093.0,155,0.0,0.0
2026-02-12 08:33:00-05:00,5092.39990234375,5092.7001953125,5090.89990234375,5092.5,70,0.0,0.0
2026-02-12 08:34:00-05:00,5093.10009765625,5097.10009765625,5093.0,5095.2998046875,140,0.0,0.0
2026-02-12 08:35:00-05:00,5094.89990234375,5095.7001953125,5092.2998046875,5093.7001953125,65,0.0,0.0
2026-02-12 08:36:00-05:00,5093.89990234375,5094.5,5091.10009765625,5093.2001953125,127,0.0,0.0
2026-02-12 08:37:00-05:00,5093.0,5097.7998046875,5093.0,5097.7998046875,102,0.0,0.0
2026-02-12 08:38:00-05:00,5097.2998046875,5097.7998046875,5095.10009765625,5097.0,71,0.0,0.0
2026-02-12 08:39:00-05:00,5096.5,5099.2998046875,5096.2001953125,5097.2998046875,192,0.0,0.0
2026-02-12 08:40:00-05:00,5097.89990234375,5099.7001953125,5097.7001953125,5099.2001953125,65,0.0,0.0
2026-02-12 08:41:00-05:00,5099.0,5099.5,5097.2998046875,5098.0,104,0.0,0.0
2026-02-12 08:42:00-05:00,5097.89990234375,5099.2998046875,5096.2998046875,5098.0,178,0.0,0.0
2026-02-12 08:43:00-05:00,5098.0,5099.10009765625,5097.39990234375,5098.7998046875,81,0.0,0.0
2026-02-12 08:44:00-05:00,5098.7998046875,5100.2998046875,5098.0,5098.5,133,0.0,0.0
2026-02-12 08:45:00-05:00,5098.60009765625,5098.89990234375,5097.60009765625,5098.7001953125,57,0.0,0.0
2026-02-12 08:46:00-05:00,5098.2998046875,5102.39990234375,5098.2998046875,5102.39990234375,218,0.0,0.0
2026-02-12 08:47:00-05:00,5102.10009765625,5104.5,5100.2998046875,5101.2998046875,303,0.0,0.0
2026-02-12 08:48:00-05:00,5101.10009765625,5102.39990234375,5100.10009765625,5100.60009765625,89,0.0,0.0
2026-02-12 08:49:00-05:00,5100.60009765625,5102.2001953125,5100.0,5100.5,53,0.0,0.0
2026-02-12 08:50:00-05:00,5101.10009765625,5102.39990234375,5100.7001953125,5101.2001953125,40,0.0,0.0
2026-02-12 08:51:00-05:00,5100.89990234375,5103.0,5100.89990234375,5102.2998046875,47,0.0,0.0
2026-02-12 08:52:00-05:00,5101.89990234375,5102.39990234375,5101.2001953125,5101.7998046875,35,0.0,0.0
2026-02-12 08:53:00-05:00,5102.10009765625,5103.5,5102.10009765625,5102.7998046875,114,0.0,0.0
2026-02-12 08:54:00-05:00,5103.10009765625,5103.7001953125,5102.10009765625,5103.10009765625,63,0.0,0.0
2026-02-12 08:55:00-05:00,5102.7998046875,5103.5,5101.2001953125,5102.7998046875,148,0.0,0.0
2026-02-12 08:56:00-05:00,5102.60009765625,5106.0,5102.60009765625,5105.2001953125,98,0.0,0.0
2026-02-12 08:57:00-05:00,5105.7001953125,5106.7001953125,5102.2001953125,5102.2001953125,154,0.0,0.0
2026-02-12 08:58:00-05:00,5102.0,5102.0,5099.7001953125,5100.2001953125,124,0.0,0.0
2026-02-12 08:59:00-05:00,5099.7001953125,5100.2998046875,5097.60009765625,5098.2001953125,175,0.0,0.0
2026-02-12 09:00:00-05:00,5098.2001953125,5099.89990234375,5096.7001953125,5097.2998046875,159,0.0,0.0
2026-02-12 09:01:00-05:00,5097.0,5100.0,5096.89990234375,5100.0,300,0.0,0.0
2026-02-12 09:02:00-05:00,5100.0,5100.7998046875,5097.7998046875,5099.60009765625,157,0.0,0.0
2026-02-12 09:03:00-05:00,5099.7998046875,5099.89990234375,5094.39990234375,5094.89990234375,147,0.0,0.0
2026-02-12 09:04:00-05:00,5094.7998046875,5095.89990234375,5090.89990234375,5092.39990234375,394,0.0,0.0
2026-02-12 09:05:00-05:00,5092.39990234375,5094.2998046875,5090.0,5092.60009765625,354,0.0,0.0
2026-02-12 09:06:00-05:00,5092.2998046875,5093.2998046875,5091.10009765625,5091.89990234375,231,0.0,0.0
2026-02-12 09:07:00-05:00,5091.7998046875,5097.0,5090.7998046875,5094.89990234375,113,0.0,0.0
2026-02-12 09:08:00-05:00,5094.89990234375,5095.7998046875,5092.2998046875,5092.89990234375,60,0.0,0.0
2026-02-12 09:09:00-05:00,5092.89990234375,5099.0,5092.89990234375,5097.60009765625,90,0.0,0.0
2026-02-12 09:10:00-05:00,5098.2998046875,5099.10009765625,5096.7001953125,5097.7998046875,77,0.0,0.0
2026-02-12 09:11:00-05:00,5098.10009765625,5099.89990234375,5097.89990234375,5098.0,47,0.0,0.0
2026-02-12 09:12:00-05:00,5097.7001953125,5101.10009765625,5097.7001953125,5100.2001953125,95,0.0,0.0
2026-02-12 09:13:00-05:00,5100.10009765625,5100.7998046875,5098.10009765625,5099.2001953125,82,0.0,0.0
2026-02-12 09:14:00-05:00,5099.2001953125,5099.2001953125,5084.7001953125,5088.7001953125,573,0.0,0.0
2026-02-12 09:15:00-05:00,5088.89990234375,5092.2001953125,5084.0,5084.5,332,0.0,0.0
2026-02-12 09:16:00-05:00,5084.39990234375,5088.7001953125,5082.0,5082.7001953125,323,0.0,0.0
2026-02-12 09:17:00-05:00,5082.0,5085.60009765625,5079.2998046875,5083.2001953125,287,0.0,0.0
2026-02-12 09:18:00-05:00,5083.2998046875,5086.0,5082.2998046875,5082.2998046875,120,0.0,0.0
2026-02-12 09:19:00-05:00,5081.7998046875,5082.7998046875,5078.0,5081.0,328,0.0,0.0
2026-02-12 09:20:00-05:00,5080.2998046875,5085.60009765625,5078.39990234375,5083.39990234375,230,0.0,0.0
2026-02-12 09:21:00-05:00,5084.2998046875,5086.7998046875,5084.2998046875,5084.5,106,0.0,0.0
2026-02-12 09:22:00-05:00,5084.89990234375,5087.0,5084.2998046875,5086.0,72,0.0,0.0
2026-02-12 09:23:00-05:00,5085.2998046875,5085.2998046875,5083.0,5084.39990234375,66,0.0,0.0
2026-02-12 09:24:00-05:00,5084.7001953125,5086.5,5084.0,5086.5,91,0.0,0.0
2026-02-12 09:25:00-05:00,5086.7998046875,5087.7998046875,5084.2001953125,5084.7998046875,101,0.0,0.0
2026-02-12 09:26:00-05:00,5085.0,5087.2998046875,5085.0,5087.2998046875,38,0.0,0.0
2026-02-12 09:27:00-05:00,5086.7001953125,5087.7998046875,5086.10009765625,5086.10009765625,36,0.0,0.0
2026-02-12 09:28:00-05:00,5086.2001953125,5086.2001953125,5083.7001953125,5084.5,57,0.0,0.0
2026-02-12 09:29:00-05:00,5084.2998046875,5084.7001953125,5082.5,5082.60009765625,45,0.0,0.0
2026-02-12 09:30:00-05:00,5083.10009765625,5087.2998046875,5081.39990234375,5082.2998046875,178,0.0,0.0
2026-02-12 09:31:00-05:00,5082.2998046875,5089.60009765625,5081.10009765625,5086.2998046875,243,0.0,0.0
2026-02-12 09:32:00-05:00,5086.0,5091.7001953125,5085.7998046875,5090.7998046875,187,0.0,0.0
2026-02-12 09:33:00-05:00,5091.5,5094.7998046875,5088.60009765625,5092.0,146,0.0,0.0
2026-02-12 09:34:00-05:00,5092.0,5092.5,5088.7998046875,5090.7998046875,79,0.0,0.0
2026-02-12 09:35:00-05:00,5090.7001953125,5092.5,5087.7998046875,5089.0,91,0.0,0.0
2026-02-12 09:36:00-05:00,5089.7998046875,5090.7001953125,5087.2998046875,5088.5,74,0.0,0.0
2026-02-12 09:37:00-05:00,5088.5,5088.5,5084.5,5085.39990234375,138,0.0,0.0
2026-02-12 09:38:00-05:00,5084.89990234375,5086.5,5079.0,5084.2001953125,438,0.0,0.0
2026-02-12 09:39:00-05:00,5083.7998046875,5084.39990234375,5079.5,5081.7001953125,267,0.0,0.0
2026-02-12 09:40:00-05:00,5082.39990234375,5086.0,5082.10009765625,5085.39990234375,262,0.0,0.0
2026-02-12 09:41:00-05:00,5085.39990234375,5086.10009765625,5081.2001953125,5082.10009765625,81,0.0,0.0
2026-02-12 09:42:00-05:00,5081.5,5082.89990234375,5079.2001953125,5080.2998046875,186,0.0,0.0
2026-02-12 09:43:00-05:00,5080.0,5082.0,5079.2001953125,5081.2001953125,105,0.0,0.0
2026-02-12 09:44:00-05:00,5081.5,5081.5,5076.5,5078.2001953125,321,0.0,0.0
2026-02-12 09:45:00-05:00,5078.89990234375,5082.7998046875,5078.39990234375,5082.39990234375,161,0.0,0.0
2026-02-12 09:46:00-05:00,5081.60009765625,5084.60009765625,5081.10009765625,5082.39990234375,120,0.0,0.0
2026-02-12 09:47:00-05:00,5083.0,5083.10009765625,5077.2998046875,5077.60009765625,136,0.0,0.0
2026-02-12 09:48:00-05:00,5078.2001953125,5078.39990234375,5074.2001953125,5077.7001953125,225,0.0,0.0
2026-02-12 09:49:00-05:00,5077.5,5080.7998046875,5076.5,5078.10009765625,156,0.0,0.0
2026-02-12 09:50:00-05:00,5078.60009765625,5080.89990234375,5075.2998046875,5080.5,327,0.0,0.0
2026-02-12 09:51:00-05:00,5080.7001953125,5081.60009765625,5077.39990234375,5079.39990234375,204,0.0,0.0
2026-02-12 09:52:00-05:00,5079.2998046875,5079.2998046875,5073.7998046875,5074.60009765625,196,0.0,0.0
2026-02-12 09:53:00-05:00,5074.2998046875,5078.60009765625,5074.2998046875,5076.5,166,0.0,0.0
2026-02-12 09:54:00-05:00,5076.5,5077.60009765625,5075.60009765625,5077.0,64,0.0,0.0
2026-02-12 09:55:00-05:00,5077.2998046875,5078.7001953125,5074.7998046875,5075.39990234375,84,0.0,0.0
2026-02-12 09:56:00-05:00,5076.0,5076.10009765625,5061.2998046875,5065.89990234375,858,0.0,0.0
2026-02-12 09:57:00-05:00,5066.2998046875,5067.60009765625,5061.60009765625,5064.2001953125,607,0.0,0.0
2026-02-12 09:58:00-05:00,5065.39990234375,5066.39990234375,5062.7001953125,5065.7998046875,244,0.0,0.0
2026-02-12 09:59:00-05:00,5065.2001953125,5067.60009765625,5062.10009765625,5067.0,256,0.0,0.0
2026-02-12 10:00:00-05:00,5066.39990234375,5072.60009765625,5063.39990234375,5064.10009765625,680,0.0,0.0
2026-02-12 10:01:00-05:00,5063.5,5072.2998046875,5061.7001953125,5072.10009765625,562,0.0,0.0
2026-02-12 10:02:00-05:00,5072.0,5075.39990234375,5071.60009765625,5073.10009765625,333,0.0,0.0
2026-02-12 10:03:00-05:00,5073.7001953125,5077.0,5073.10009765625,5076.2998046875,212,0.0,0.0
2026-02-12 10:04:00-05:00,5076.7001953125,5077.5,5074.2001953125,5076.2998046875,208,0.0,0.0
2026-02-12 10:05:00-05:00,5076.7001953125,5077.89990234375,5072.7001953125,5076.10009765625,191,0.0,0.0
2026-02-12 10:06:00-05:00,5076.0,5078.7998046875,5074.10009765625,5076.7001953125,211,0.0,0.0
2026-02-12 10:07:00-05:00,5076.7998046875,5081.2998046875,5076.0,5079.89990234375,152,0.0,0.0
2026-02-12 10:08:00-05:00,5079.39990234375,5080.7001953125,5077.2001953125,5078.5,129,0.0,0.0
2026-02-12 10:09:00-05:00,5079.60009765625,5080.7998046875,5077.0,5080.2001953125,194,0.0,0.0
2026-02-12 10:10:00-05:00,5080.39990234375,5085.7998046875,5080.2998046875,5084.89990234375,242,0.0,0.0
2026-02-12 10:11:00-05:00,5084.7998046875,5085.60009765625,5083.5,5085.0,134,0.0,0.0
2026-02-12 10:12:00-05:00,5085.2998046875,5087.0,5084.39990234375,5084.89990234375,177,0.0,0.0
2026-02-12 10:13:00-05:00,5085.0,5087.2998046875,5084.60009765625,5085.7001953125,176,0.0,0.0
2026-02-12 10:14:00-05:00,5086.2001953125,5090.0,5086.2001953125,5087.5,309,0.0,0.0
2026-02-12 10:15:00-05:00,5087.10009765625,5089.5,5086.7998046875,5088.7001953125,241,0.0,0.0
2026-02-12 10:16:00-05:00,5088.7998046875,5089.60009765625,5087.2998046875,5088.7998046875,155,0.0,0.0
2026-02-12 10:17:00-05:00,5088.7998046875,5091.5,5088.2001953125,5089.7001953125,168,0.0,0.0
2026-02-12 10:18:00-05:00,5089.7001953125,5091.60009765625,5088.39990234375,5090.0,172,0.0,0.0
2026-02-12 10:19:00-05:00,5090.7998046875,5092.10009765625,5087.7998046875,5088.2998046875,122,0.0,0.0
2026-02-12 10:20:00-05:00,5088.0,5089.10009765625,5087.2998046875,5087.7998046875,103,0.0,0.0
2026-02-12 10:21:00-05:00,5087.7998046875,5088.2001953125,5086.2001953125,5086.2001953125,133,0.0,0.0
2026-02-12 10:22:00-05:00,5086.2001953125,5087.5,5085.2001953125,5087.5,328,0.0,0.0
2026-02-12 10:23:00-05:00,5087.39990234375,5087.5,5086.0,5086.0,364,0.0,0.0
2026-02-12 10:24:00-05:00,5085.7001953125,5086.10009765625,5084.10009765625,5085.2001953125,112,0.0,0.0
2026-02-12 10:25:00-05:00,5085.2001953125,5087.7998046875,5085.2001953125,5087.0,82,0.0,0.0
2026-02-12 10:26:00-05:00,5086.7001953125,5087.2001953125,5085.5,5086.2001953125,56,0.0,0.0
2026-02-12 10:27:00-05:00,5086.39990234375,5087.7001953125,5086.10009765625,5086.60009765625,77,0.0,0.0
2026-02-12 10:28:00-05:00,5086.60009765625,5088.7001953125,5086.0,5087.89990234375,70,0.0,0.0
2026-02-12 10:29:00-05:00,5087.89990234375,5089.60009765625,5087.39990234375,5088.39990234375,75,0.0,0.0
2026-02-12 10:30:00-05:00,5088.2998046875,5095.2001953125,5087.89990234375,5092.39990234375,355,0.0,0.0
2026-02-12 10:31:00-05:00,5093.2001953125,5095.2001953125,5092.5,5094.0,259,0.0,0.0
2026-02-12 10:32:00-05:00,5093.7998046875,5094.2998046875,5091.10009765625,5092.5,202,0.0,0.0
2026-02-12 10:33:00-05:00,5091.7998046875,5093.10009765625,5091.2001953125,5091.7998046875,154,0.0,0.0
2026-02-12 10:34:00-05:00,5091.7998046875,5092.89990234375,5090.7998046875,5092.2001953125,90,0.0,0.0
2026-02-12 10:35:00-05:00,5092.0,5094.2001953125,5091.89990234375,5094.2001953125,100,0.0,0.0
2026-02-12 10:36:00-05:00,5093.2001953125,5094.5,5092.10009765625,5094.10009765625,91,0.0,0.0
2026-02-12 10:37:00-05:00,5094.10009765625,5095.0,5091.0,5092.39990234375,84,0.0,0.0
2026-02-12 10:38:00-05:00,5092.2001953125,5092.89990234375,5088.7998046875,5092.89990234375,131,0.0,0.0
2026-02-12 10:39:00-05:00,5093.0,5093.39990234375,5090.60009765625,5091.7001953125,85,0.0,0.0
2026-02-12 10:40:00-05:00,5091.5,5094.2001953125,5091.5,5092.5,66,0.0,0.0
2026-02-12 10:41:00-05:00,5092.7001953125,5093.39990234375,5090.89990234375,5091.7998046875,57,0.0,0.0
2026-02-12 10:42:00-05:00,5091.60009765625,5093.5,5090.0,5093.5,108,0.0,0.0
2026-02-12 10:43:00-05:00,5093.10009765625,5094.89990234375,5091.89990234375,5092.60009765625,96,0.0,0.0
2026-02-12 10:44:00-05:00,5092.7998046875,5094.89990234375,5092.7998046875,5093.2998046875,88,0.0,0.0
2026-02-12 10:45:00-05:00,5093.89990234375,5097.39990234375,5093.89990234375,5096.7998046875,139,0.0,0.0
2026-02-12 10:46:00-05:00,5097.2998046875,5097.89990234375,5096.2998046875,5097.7001953125,117,0.0,0.0
2026-02-12 10:47:00-05:00,5097.10009765625,5098.0,5095.89990234375,5096.39990234375,111,0.0,0.0
2026-02-12 10:48:00-05:00,5096.7001953125,5097.7998046875,5096.0,5096.60009765625,192,0.0,0.0
2026-02-12 10:49:00-05:00,5096.39990234375,5096.89990234375,5095.60009765625,5096.2998046875,44,0.0,0.0
2026-02-12 10:50:00-05:00,5095.89990234375,5095.89990234375,5092.7998046875,5093.2998046875,176,0.0,0.0
2026-02-12 10:51:00-05:00,5093.60009765625,5096.7998046875,5093.60009765625,5096.2001953125,194,0.0,0.0
2026-02-12 10:52:00-05:00,5096.2001953125,5097.10009765625,5094.5,5095.7001953125,122,0.0,0.0
2026-02-12 10:53:00-05:00,5095.89990234375,5096.7001953125,5094.7998046875,5096.7001953125,66,0.0,0.0
2026-02-12 10:54:00-05:00,5096.10009765625,5096.10009765625,5091.7998046875,5093.2998046875,155,0.0,0.0
2026-02-12 10:55:00-05:00,5093.2001953125,5096.10009765625,5093.2001953125,5094.5,102,0.0,0.0
2026-02-12 10:56:00-05:00,5094.39990234375,5096.10009765625,5094.0,5094.10009765625,120,0.0,0.0
2026-02-12 10:57:00-05:00,5094.2998046875,5095.10009765625,5093.2998046875,5094.10009765625,112,0.0,0.0
2026-02-12 10:58:00-05:00,5094.2001953125,5095.0,5091.10009765625,5091.5,105,0.0,0.0
2026-02-12 10:59:00-05:00,5091.10009765625,5091.39990234375,5082.7998046875,5083.89990234375,565,0.0,0.0
2026-02-12 11:00:00-05:00,5083.5,5085.0,5081.7998046875,5084.7001953125,171,0.0,0.0
2026-02-12 11:01:00-05:00,5084.5,5087.0,5082.7998046875,5087.0,136,0.0,0.0
2026-02-12 11:02:00-05:00,5087.0,5087.0,5081.39990234375,5083.7998046875,109,0.0,0.0
2026-02-12 11:03:00-05:00,5084.2001953125,5091.39990234375,5084.2001953125,5089.89990234375,162,0.0,0.0
2026-02-12 11:04:00-05:00,5089.2998046875,5091.60009765625,5088.2001953125,5088.2998046875,81,0.0,0.0
2026-02-12 11:05:00-05:00,5088.10009765625,5088.2998046875,5081.7998046875,5082.39990234375,103,0.0,0.0
2026-02-12 11:06:00-05:00,5081.7998046875,5083.0,5078.2001953125,5079.89990234375,282,0.0,0.0
2026-02-12 11:07:00-05:00,5080.0,5080.60009765625,5076.7001953125,5079.39990234375,205,0.0,0.0
2026-02-12 11:08:00-05:00,5079.5,5081.0,5075.0,5075.0,209,0.0,0.0
2026-02-12 11:09:00-05:00,5075.0,5077.2998046875,5072.0,5073.2001953125,254,0.0,0.0
2026-02-12 11:10:00-05:00,5073.2001953125,5073.2001953125,5052.0,5055.39990234375,1761,0.0,0.0
2026-02-12 11:11:00-05:00,5055.0,5057.2001953125,5032.2998046875,5038.0,2622,0.0,0.0
2026-02-12 11:12:00-05:00,5037.2998046875,5037.7998046875,5024.0,5030.5,1512,0.0,0.0
2026-02-12 11:13:00-05:00,5030.2001953125,5030.7001953125,5001.7998046875,5012.60009765625,1772,0.0,0.0
2026-02-12 11:14:00-05:00,5011.39990234375,5013.2998046875,4965.2998046875,4972.89990234375,2971,0.0,0.0
2026-02-12 11:15:00-05:00,4972.89990234375,4987.7998046875,4965.7001953125,4969.7001953125,1729,0.0,0.0
2026-02-12 11:16:00-05:00,4968.0,4982.39990234375,4959.10009765625,4970.7001953125,1714,0.0,0.0
2026-02-12 11:17:00-05:00,4969.60009765625,4972.7998046875,4940.7001953125,4942.5,1510,0.0,0.0
2026-02-12 11:18:00-05:00,4940.89990234375,4953.7001953125,4933.0,4945.60009765625,2398,0.0,0.0
2026-02-12 11:19:00-05:00,4946.39990234375,4963.39990234375,4942.60009765625,4955.89990234375,1447,0.0,0.0
2026-02-12 11:20:00-05:00,4956.2998046875,4956.5,4939.0,4942.2001953125,1718,0.0,0.0
2026-02-12 11:21:00-05:00,4942.39990234375,4951.5,4933.7998046875,4942.39990234375,1123,0.0,0.0
2026-02-12 11:22:00-05:00,4942.5,4948.2998046875,4926.0,4932.10009765625,1296,0.0,0.0
2026-02-12 11:23:00-05:00,4930.0,4956.7998046875,4929.7998046875,4948.5,1045,0.0,0.0
2026-02-12 11:24:00-05:00,4948.2001953125,4952.39990234375,4938.0,4943.89990234375,844,0.0,0.0
2026-02-12 11:25:00-05:00,4944.7998046875,4944.7998046875,4932.0,4933.39990234375,582,0.0,0.0
2026-02-12 11:26:00-05:00,4934.10009765625,4934.7998046875,4909.0,4911.2001953125,2009,0.0,0.0
2026-02-12 11:27:00-05:00,4911.2998046875,4926.39990234375,4906.89990234375,4917.2998046875,1256,0.0,0.0
2026-02-12 11:28:00-05:00,4917.10009765625,4920.5,4901.5,4909.7998046875,1402,0.0,0.0
2026-02-12 11:29:00-05:00,4910.7001953125,4921.2998046875,4900.0,4919.2001953125,1222,0.0,0.0
2026-02-12 11:30:00-05:00,4918.0,4942.0,4915.89990234375,4935.7998046875,1598,0.0,0.0
2026-02-12 11:31:00-05:00,4936.39990234375,4951.5,4936.39990234375,4950.39990234375,1062,0.0,0.0
2026-02-12 11:32:00-05:00,4950.2998046875,4963.0,4949.7998046875,4961.2998046875,1188,0.0,0.0
2026-02-12 11:33:00-05:00,4961.39990234375,4963.39990234375,4947.7998046875,4957.0,892,0.0,0.0
2026-02-12 11:34:00-05:00,4957.2001953125,4964.2001953125,4954.0,4959.2001953125,659,0.0,0.0
2026-02-12 11:35:00-05:00,4959.7001953125,4969.0,4954.0,4961.89990234375,775,0.0,0.0
2026-02-12 11:36:00-05:00,4961.7998046875,4975.0,4958.0,4974.5,646,0.0,0.0
2026-02-12 11:37:00-05:00,4975.2998046875,4975.89990234375,4957.2001953125,4964.5,827,0.0,0.0
2026-02-12 11:38:00-05:00,4964.39990234375,4972.0,4963.2998046875,4969.39990234375,601,0.0,0.0
2026-02-12 11:39:00-05:00,4969.89990234375,4979.60009765625,4969.60009765625,4979.60009765625,749,0.0,0.0
2026-02-12 11:40:00-05:00,4978.7998046875,4984.2998046875,4976.2998046875,4977.39990234375,645,0.0,0.0
2026-02-12 11:41:00-05:00,4977.2998046875,4990.7998046875,4975.39990234375,4984.2998046875,688,0.0,0.0
2026-02-12 11:42:00-05:00,4984.2998046875,4985.89990234375,4975.2001953125,4977.0,367,0.0,0.0
2026-02-12 11:43:00-05:00,4978.10009765625,4982.5,4971.5,4977.2001953125,674,0.0,0.0
2026-02-12 11:44:00-05:00,4977.5,4979.7998046875,4970.60009765625,4976.0,578,0.0,0.0
2026-02-12 11:45:00-05:00,4974.2998046875,4978.60009765625,4967.2998046875,4974.0,516,0.0,0.0
2026-02-12 11:46:00-05:00,4974.7998046875,4975.0,4961.89990234375,4966.2001953125,372,0.0,0.0
2026-02-12 11:47:00-05:00,4966.7998046875,4967.5,4954.2998046875,4959.10009765625,717,0.0,0.0
2026-02-12 11:48:00-05:00,4958.89990234375,4968.2001953125,4957.7998046875,4964.7001953125,458,0.0,0.0
2026-02-12 11:49:00-05:00,4963.7998046875,4964.10009765625,4954.2998046875,4956.2998046875,308,0.0,0.0
2026-02-12 11:50:00-05:00,4957.0,4977.2998046875,4957.0,4975.39990234375,508,0.0,0.0
2026-02-12 11:51:00-05:00,4975.7998046875,4983.60009765625,4974.60009765625,4977.2001953125,461,0.0,0.0
2026-02-12 11:52:00-05:00,4977.2998046875,4977.60009765625,4971.7998046875,4973.7998046875,212,0.0,0.0
2026-02-12 11:53:00-05:00,4974.10009765625,4974.10009765625,4960.0,4963.2001953125,504,0.0,0.0
2026-02-12 11:54:00-05:00,4962.2998046875,4963.39990234375,4951.2001953125,4955.7998046875,530,0.0,0.0
2026-02-12 11:55:00-05:00,4955.7998046875,4968.60009765625,4955.7998046875,4968.5,378,0.0,0.0
2026-02-12 11:56:00-05:00,4969.7001953125,4973.5,4967.2998046875,4971.5,288,0.0,0.0
2026-02-12 11:57:00-05:00,4971.0,4976.2001953125,4969.89990234375,4973.2001953125,246,0.0,0.0
2026-02-12 11:58:00-05:00,4973.10009765625,4974.89990234375,4968.89990234375,4969.7001953125,194,0.0,0.0
2026-02-12 11:59:00-05:00,4972.0,4978.0,4969.60009765625,4976.2998046875,226,0.0,0.0
2026-02-12 12:00:00-05:00,4974.5,4980.2998046875,4970.2998046875,4970.60009765625,589,0.0,0.0
2026-02-12 12:01:00-05:00,4971.39990234375,4975.39990234375,4964.2998046875,4971.60009765625,402,0.0,0.0
2026-02-12 12:02:00-05:00,4972.0,4978.0,4970.10009765625,4975.7998046875,294,0.0,0.0
2026-02-12 12:03:00-05:00,4976.7998046875,4977.7998046875,4969.39990234375,4971.7998046875,375,0.0,0.0
2026-02-12 12:04:00-05:00,4973.0,4975.0,4967.0,4971.0,153,0.0,0.0
2026-02-12 12:05:00-05:00,4969.5,4970.39990234375,4961.39990234375,4962.7998046875,190,0.0,0.0
2026-02-12 12:06:00-05:00,4962.5,4978.2998046875,4960.5,4975.89990234375,243,0.0,0.0
2026-02-12 12:07:00-05:00,4975.0,4988.7998046875,4974.7998046875,4983.60009765625,539,0.0,0.0
2026-02-12 12:08:00-05:00,4982.39990234375,4984.39990234375,4972.10009765625,4974.39990234375,551,0.0,0.0
2026-02-12 12:09:00-05:00,4974.2998046875,4984.39990234375,4974.0,4982.89990234375,224,0.0,0.0
2026-02-12 12:10:00-05:00,4982.0,4983.2998046875,4974.7001953125,4976.5,225,0.0,0.0
2026-02-12 12:11:00-05:00,4976.2998046875,4980.7001953125,4976.2998046875,4979.39990234375,106,0.0,0.0
2026-02-12 12:12:00-05:00,4978.89990234375,4979.2998046875,4975.60009765625,4977.5,112,0.0,0.0
2026-02-12 12:13:00-05:00,4976.2998046875,4982.2001953125,4974.7998046875,4980.39990234375,197,0.0,0.0
2026-02-12 12:14:00-05:00,4980.2998046875,4984.5,4980.10009765625,4980.10009765625,153,0.0,0.0
2026-02-12 12:15:00-05:00,4980.0,4982.39990234375,4978.39990234375,4979.89990234375,112,0.0,0.0
2026-02-12 12:16:00-05:00,4978.7998046875,4984.2998046875,4976.2001953125,4984.2998046875,374,0.0,0.0
2026-02-12 12:17:00-05:00,4984.10009765625,4984.2001953125,4977.39990234375,4979.5,148,0.0,0.0
2026-02-12 12:18:00-05:00,4978.89990234375,4983.0,4977.89990234375,4982.2998046875,105,0.0,0.0
2026-02-12 12:19:00-05:00,4982.89990234375,4987.39990234375,4979.89990234375,4980.39990234375,256,0.0,0.0
2026-02-12 12:20:00-05:00,4981.2998046875,4992.2001953125,4981.2998046875,4991.39990234375,331,0.0,0.0
2026-02-12 12:21:00-05:00,4990.7001953125,4990.7001953125,4981.7998046875,4982.5,184,0.0,0.0
2026-02-12 12:22:00-05:00,4982.5,4993.89990234375,4982.5,4993.7998046875,165,0.0,0.0
2026-02-12 12:23:00-05:00,4993.89990234375,4999.7998046875,4988.89990234375,4998.7001953125,613,0.0,0.0
2026-02-12 12:24:00-05:00,4999.0,5002.0,4993.89990234375,4994.39990234375,364,0.0,0.0
2026-02-12 12:25:00-05:00,4994.60009765625,4998.0,4991.2001953125,4997.0,263,0.0,0.0
2026-02-12 12:26:00-05:00,4997.0,4998.60009765625,4991.60009765625,4993.60009765625,236,0.0,0.0
2026-02-12 12:27:00-05:00,4993.2001953125,4998.39990234375,4992.0,4997.7998046875,155,0.0,0.0
2026-02-12 12:28:00-05:00,4997.7998046875,5004.39990234375,4994.10009765625,4995.2998046875,273,0.0,0.0
2026-02-12 12:29:00-05:00,4993.7998046875,4995.2001953125,4985.5,4985.5,243,0.0,0.0
2026-02-12 12:30:00-05:00,4985.2001953125,4986.0,4979.2001953125,4980.2998046875,327,0.0,0.0
2026-02-12 12:31:00-05:00,4980.0,4983.2998046875,4978.2998046875,4981.0,504,0.0,0.0
2026-02-12 12:32:00-05:00,4980.7001953125,4988.7001953125,4978.2001953125,4982.2998046875,575,0.0,0.0
2026-02-12 12:33:00-05:00,4982.0,4985.7001953125,4978.5,4983.10009765625,197,0.0,0.0
2026-02-12 12:34:00-05:00,4983.7998046875,4986.2001953125,4981.5,4985.60009765625,153,0.0,0.0
2026-02-12 12:35:00-05:00,4985.0,4988.7001953125,4984.7998046875,4987.60009765625,135,0.0,0.0
2026-02-12 12:36:00-05:00,4987.2998046875,4988.7998046875,4981.89990234375,4985.10009765625,145,0.0,0.0
2026-02-12 12:37:00-05:00,4986.7001953125,4989.0,4982.0,4985.0,222,0.0,0.0
2026-02-12 12:38:00-05:00,4986.0,4993.0,4984.2001953125,4986.7998046875,111,0.0,0.0
2026-02-12 12:39:00-05:00,4987.10009765625,4990.10009765625,4986.2001953125,4988.39990234375,47,0.0,0.0
2026-02-12 12:40:00-05:00,4988.7001953125,4993.7001953125,4986.7001953125,4993.5,105,0.0,0.0
2026-02-12 12:41:00-05:00,4994.5,4996.2001953125,4988.0,4988.0,157,0.0,0.0
2026-02-12 12:42:00-05:00,4987.0,4987.2998046875,4978.5,4981.2001953125,190,0.0,0.0
2026-02-12 12:43:00-05:00,4980.5,4986.2001953125,4979.5,4985.5,167,0.0,0.0
2026-02-12 12:44:00-05:00,4985.7001953125,4991.60009765625,4985.7001953125,4990.0,92,0.0,0.0
2026-02-12 12:45:00-05:00,4990.60009765625,4992.0,4975.0,4975.89990234375,281,0.0,0.0
2026-02-12 12:46:00-05:00,4976.5,4979.5,4971.7998046875,4973.89990234375,475,0.0,0.0
2026-02-12 12:47:00-05:00,4974.2998046875,4977.39990234375,4973.7001953125,4976.5,116,0.0,0.0
2026-02-12 12:48:00-05:00,4977.2998046875,4979.7998046875,4975.89990234375,4976.60009765625,124,0.0,0.0
2026-02-12 12:49:00-05:00,4977.2001953125,4979.2001953125,4970.89990234375,4972.10009765625,152,0.0,0.0
2026-02-12 12:50:00-05:00,4972.7001953125,4978.2001953125,4972.5,4973.0,148,0.0,0.0
2026-02-12 12:51:00-05:00,4972.7001953125,4973.5,4967.89990234375,4971.7998046875,262,0.0,0.0
2026-02-12 12:52:00-05:00,4970.89990234375,4972.7998046875,4968.7998046875,4969.5,82,0.0,0.0
2026-02-12 12:53:00-05:00,4970.2998046875,4971.2001953125,4965.60009765625,4966.7998046875,166,0.0,0.0
2026-02-12 12:54:00-05:00,4967.7998046875,4971.0,4964.7001953125,4967.89990234375,191,0.0,0.0
2026-02-12 12:55:00-05:00,4968.10009765625,4968.2001953125,4962.7001953125,4966.5,168,0.0,0.0
2026-02-12 12:56:00-05:00,4966.60009765625,4969.2001953125,4963.7998046875,4969.0,128,0.0,0.0
2026-02-12 12:57:00-05:00,4969.39990234375,4969.39990234375,4963.2998046875,4964.2998046875,102,0.0,0.0
2026-02-12 12:58:00-05:00,4965.10009765625,4965.7001953125,4959.89990234375,4964.7998046875,199,0.0,0.0
2026-02-12 12:59:00-05:00,4964.39990234375,4965.5,4960.60009765625,4961.5,71,0.0,0.0
2026-02-12 13:00:00-05:00,4961.7001953125,4963.10009765625,4954.39990234375,4954.60009765625,349,0.0,0.0
2026-02-12 13:01:00-05:00,4955.10009765625,4964.39990234375,4955.0,4963.7001953125,211,0.0,0.0
2026-02-12 13:02:00-05:00,4964.60009765625,4972.0,4958.7998046875,4959.39990234375,283,0.0,0.0
2026-02-12 13:03:00-05:00,4958.5,4958.5,4952.0,4953.39990234375,235,0.0,0.0
2026-02-12 13:04:00-05:00,4953.2001953125,4960.2998046875,4951.2998046875,4957.10009765625,244,0.0,0.0
2026-02-12 13:05:00-05:00,4958.7998046875,4959.7998046875,4954.2001953125,4958.5,131,0.0,0.0
2026-02-12 13:06:00-05:00,4957.0,4957.39990234375,4950.7998046875,4954.10009765625,189,0.0,0.0
2026-02-12 13:07:00-05:00,4953.5,4958.10009765625,4952.39990234375,4954.5,136,0.0,0.0
2026-02-12 13:08:00-05:00,4954.5,4955.5,4941.2998046875,4943.60009765625,462,0.0,0.0
2026-02-12 13:09:00-05:00,4943.5,4948.60009765625,4943.10009765625,4945.60009765625,336,0.0,0.0
2026-02-12 13:10:00-05:00,4945.7998046875,4954.10009765625,4943.60009765625,4951.89990234375,344,0.0,0.0
2026-02-12 13:11:00-05:00,4951.89990234375,4955.0,4946.5,4954.0,203,0.0,0.0
2026-02-12 13:12:00-05:00,4954.7001953125,4955.89990234375,4950.2001953125,4950.7998046875,162,0.0,0.0
2026-02-12 13:13:00-05:00,4951.2998046875,4951.7998046875,4942.39990234375,4947.10009765625,231,0.0,0.0
2026-02-12 13:14:00-05:00,4948.0,4954.2001953125,4946.7001953125,4954.0,148,0.0,0.0
2026-02-12 13:15:00-05:00,4953.39990234375,4955.7998046875,4950.0,4950.89990234375,141,0.0,0.0
2026-02-12 13:16:00-05:00,4951.0,4951.7001953125,4948.7998046875,4950.2001953125,157,0.0,0.0
2026-02-12 13:17:00-05:00,4949.7001953125,4953.10009765625,4944.2998046875,4945.0,152,0.0,0.0
2026-02-12 13:18:00-05:00,4944.89990234375,4945.5,4930.0,4933.39990234375,462,0.0,0.0
2026-02-12 13:19:00-05:00,4933.2998046875,4939.0,4927.7001953125,4928.60009765625,326,0.0,0.0
2026-02-12 13:20:00-05:00,4928.0,4939.89990234375,4926.89990234375,4939.5,320,0.0,0.0
2026-02-12 13:21:00-05:00,4939.39990234375,4951.60009765625,4938.7998046875,4944.2001953125,383,0.0,0.0
2026-02-12 13:22:00-05:00,4942.60009765625,4945.39990234375,4938.60009765625,4942.2001953125,256,0.0,0.0
2026-02-12 13:23:00-05:00,4941.89990234375,4944.0,4937.60009765625,4938.10009765625,318,0.0,0.0
2026-02-12 13:24:00-05:00,4938.5,4942.60009765625,4936.0,4938.10009765625,323,0.0,0.0
2026-02-12 13:25:00-05:00,4938.2001953125,4941.0,4935.60009765625,4939.10009765625,283,0.0,0.0
2026-02-12 13:26:00-05:00,4939.7998046875,4948.5,4939.7998046875,4946.2998046875,381,0.0,0.0
2026-02-12 13:27:00-05:00,4945.7998046875,4951.0,4945.7998046875,4950.60009765625,259,0.0,0.0
2026-02-12 13:28:00-05:00,4951.2998046875,4954.5,4946.5,4949.60009765625,710,0.0,0.0
2026-02-12 13:29:00-05:00,4949.89990234375,4950.7998046875,4946.0,4948.5,1019,0.0,0.0
2026-02-12 13:30:00-05:00,4949.2998046875,4953.39990234375,4945.7001953125,4951.2001953125,333,0.0,0.0
2026-02-12 13:31:00-05:00,4950.7001953125,4953.2998046875,4946.0,4947.0,140,0.0,0.0
2026-02-12 13:32:00-05:00,4948.0,4952.39990234375,4946.7998046875,4950.60009765625,194,0.0,0.0
2026-02-12 13:33:00-05:00,4949.7998046875,4956.5,4949.7998046875,4952.2998046875,206,0.0,0.0
2026-02-12 13:34:00-05:00,4952.0,4956.2998046875,4951.60009765625,4953.10009765625,160,0.0,0.0
2026-02-12 13:35:00-05:00,4952.60009765625,4959.0,4951.10009765625,4956.0,146,0.0,0.0
2026-02-12 13:36:00-05:00,4956.7001953125,4958.7998046875,4949.2001953125,4950.7001953125,208,0.0,0.0
2026-02-12 13:37:00-05:00,4951.10009765625,4952.2001953125,4949.7998046875,4950.60009765625,31,0.0,0.0
2026-02-12 13:38:00-05:00,4951.2001953125,4953.5,4950.0,4953.2998046875,64,0.0,0.0
2026-02-12 13:39:00-05:00,4954.0,4964.60009765625,4952.2998046875,4961.2998046875,255,0.0,0.0
2026-02-12 13:40:00-05:00,4961.2998046875,4962.2001953125,4952.60009765625,4954.5,233,0.0,0.0
2026-02-12 13:41:00-05:00,4955.39990234375,4962.0,4954.7998046875,4958.2998046875,83,0.0,0.0
2026-02-12 13:42:00-05:00,4958.2998046875,4964.7001953125,4958.10009765625,4963.60009765625,176,0.0,0.0
2026-02-12 13:43:00-05:00,4963.89990234375,4966.2998046875,4962.5,4965.0,114,0.0,0.0
2026-02-12 13:44:00-05:00,4965.89990234375,4967.0,4960.39990234375,4960.39990234375,173,0.0,0.0
2026-02-12 13:45:00-05:00,4960.7998046875,4962.7001953125,4955.39990234375,4955.39990234375,141,0.0,0.0
2026-02-12 13:46:00-05:00,4956.2001953125,4960.89990234375,4955.39990234375,4958.5,99,0.0,0.0
2026-02-12 13:47:00-05:00,4957.7001953125,4959.60009765625,4957.0,4959.5,24,0.0,0.0
2026-02-12 13:48:00-05:00,4958.7001953125,4962.2001953125,4958.7001953125,4959.7998046875,68,0.0,0.0
2026-02-12 13:49:00-05:00,4958.89990234375,4961.2001953125,4957.60009765625,4959.2998046875,53,0.0,0.0
2026-02-12 13:50:00-05:00,4958.89990234375,4963.0,4958.7998046875,4961.7001953125,71,0.0,0.0
2026-02-12 13:51:00-05:00,4961.89990234375,4971.2001953125,4961.7001953125,4970.0,159,0.0,0.0
2026-02-12 13:52:00-05:00,4970.0,4971.39990234375,4968.39990234375,4970.60009765625,111,0.0,0.0
2026-02-12 13:53:00-05:00,4970.10009765625,4972.39990234375,4966.2998046875,4968.10009765625,118,0.0,0.0
2026-02-12 13:54:00-05:00,4967.60009765625,4968.7001953125,4964.39990234375,4965.0,44,0.0,0.0
2026-02-12 13:55:00-05:00,4964.39990234375,4966.2001953125,4962.39990234375,4965.89990234375,54,0.0,0.0
2026-02-12 13:56:00-05:00,4965.89990234375,4965.89990234375,4960.10009765625,4961.39990234375,104,0.0,0.0
2026-02-12 13:57:00-05:00,4960.7001953125,4960.89990234375,4956.89990234375,4957.7001953125,104,0.0,0.0
2026-02-12 13:58:00-05:00,4957.2998046875,4962.5,4956.2001953125,4956.5,177,0.0,0.0
2026-02-12 13:59:00-05:00,4955.5,4958.2998046875,4953.7001953125,4955.89990234375,117,0.0,0.0
2026-02-12 14:00:00-05:00,4956.10009765625,4957.89990234375,4955.0,4956.10009765625,87,0.0,0.0
2026-02-12 14:01:00-05:00,4956.7998046875,4957.60009765625,4950.5,4951.89990234375,125,0.0,0.0
2026-02-12 14:02:00-05:00,4950.7998046875,4954.7001953125,4947.10009765625,4954.5,186,0.0,0.0
2026-02-12 14:03:00-05:00,4954.7998046875,4958.5,4954.7998046875,4955.7998046875,91,0.0,0.0
2026-02-12 14:04:00-05:00,4955.2001953125,4955.2001953125,4952.0,4953.0,41,0.0,0.0
2026-02-12 14:05:00-05:00,4954.10009765625,4955.7998046875,4951.89990234375,4955.5,46,0.0,0.0
2026-02-12 14:06:00-05:00,4956.10009765625,4957.2998046875,4953.0,4954.39990234375,55,0.0,0.0
2026-02-12 14:07:00-05:00,4953.5,4956.39990234375,4952.2001953125,4955.89990234375,55,0.0,0.0
2026-02-12 14:08:00-05:00,4955.89990234375,4962.0,4955.89990234375,4960.7001953125,136,0.0,0.0
2026-02-12 14:09:00-05:00,4961.2998046875,4961.89990234375,4957.0,4957.2001953125,72,0.0,0.0
2026-02-12 14:10:00-05:00,4956.2998046875,4959.39990234375,4956.2998046875,4957.5,98,0.0,0.0
2026-02-12 14:11:00-05:00,4957.10009765625,4957.10009765625,4950.5,4950.5,38,0.0,0.0
2026-02-12 14:12:00-05:00,4951.7001953125,4954.0,4950.39990234375,4953.2001953125,34,0.0,0.0
2026-02-12 14:13:00-05:00,4954.60009765625,4955.60009765625,4951.7001953125,4951.7001953125,50,0.0,0.0
2026-02-12 14:14:00-05:00,4951.89990234375,4955.7001953125,4951.10009765625,4953.2998046875,45,0.0,0.0
2026-02-12 14:15:00-05:00,4953.39990234375,4957.2001953125,4952.2998046875,4955.10009765625,46,0.0,0.0
2026-02-12 14:16:00-05:00,4955.10009765625,4955.5,4949.60009765625,4951.2998046875,83,0.0,0.0
2026-02-12 14:17:00-05:00,4951.2001953125,4955.0,4950.7001953125,4952.89990234375,64,0.0,0.0
2026-02-12 14:18:00-05:00,4953.60009765625,4957.2998046875,4952.7001953125,4957.0,56,0.0,0.0
2026-02-12 14:19:00-05:00,4959.0,4964.0,4958.7998046875,4963.0,144,0.0,0.0
2026-02-12 14:20:00-05:00,4963.89990234375,4965.0,4959.39990234375,4962.7001953125,94,0.0,0.0
2026-02-12 14:21:00-05:00,4962.39990234375,4963.2998046875,4959.10009765625,4962.7001953125,33,0.0,0.0
2026-02-12 14:22:00-05:00,4962.5,4964.0,4958.60009765625,4958.60009765625,92,0.0,0.0
2026-02-12 14:23:00-05:00,4958.7001953125,4963.7998046875,4958.2001953125,4962.60009765625,114,0.0,0.0
2026-02-12 14:24:00-05:00,4963.10009765625,4963.2001953125,4960.0,4960.0,29,0.0,0.0
2026-02-12 14:25:00-05:00,4960.5,4961.2998046875,4958.7001953125,4958.7001953125,27,0.0,0.0
2026-02-12 14:26:00-05:00,4958.10009765625,4958.10009765625,4954.39990234375,4957.60009765625,125,0.0,0.0
2026-02-12 14:27:00-05:00,4957.7001953125,4957.7998046875,4954.7998046875,4955.5,24,0.0,0.0
2026-02-12 14:28:00-05:00,4955.7001953125,4956.10009765625,4952.0,4952.2001953125,112,0.0,0.0
2026-02-12 14:29:00-05:00,4952.2998046875,4952.7998046875,4951.39990234375,4951.5,62,0.0,0.0
2026-02-12 14:30:00-05:00,4952.10009765625,4954.7001953125,4951.5,4953.60009765625,76,0.0,0.0
2026-02-12 14:31:00-05:00,4954.10009765625,4958.60009765625,4954.10009765625,4957.7998046875,25,0.0,0.0
2026-02-12 14:32:00-05:00,4957.60009765625,4961.7998046875,4957.60009765625,4961.2001953125,56,0.0,0.0
2026-02-12 14:33:00-05:00,4961.5,4966.10009765625,4961.0,4964.89990234375,80,0.0,0.0
2026-02-12 14:34:00-05:00,4965.60009765625,4968.7998046875,4964.7998046875,4965.60009765625,82,0.0,0.0
2026-02-12 14:35:00-05:00,4964.60009765625,4969.5,4964.60009765625,4968.60009765625,34,0.0,0.0
2026-02-12 14:36:00-05:00,4968.5,4969.7998046875,4965.7998046875,4965.7998046875,34,0.0,0.0
2026-02-12 14:37:00-05:00,4965.89990234375,4971.10009765625,4965.89990234375,4969.39990234375,101,0.0,0.0
2026-02-12 14:38:00-05:00,4969.7998046875,4971.2001953125,4967.89990234375,4968.39990234375,61,0.0,0.0
2026-02-12 14:39:00-05:00,4967.60009765625,4969.2001953125,4966.10009765625,4968.0,58,0.0,0.0
2026-02-12 14:40:00-05:00,4967.10009765625,4967.10009765625,4964.60009765625,4965.39990234375,53,0.0,0.0
2026-02-12 14:41:00-05:00,4965.10009765625,4965.60009765625,4963.7001953125,4964.0,73,0.0,0.0
2026-02-12 14:42:00-05:00,4964.39990234375,4965.2001953125,4961.39990234375,4964.39990234375,58,0.0,0.0
2026-02-12 14:43:00-05:00,4966.10009765625,4969.2998046875,4964.7998046875,4964.7998046875,50,0.0,0.0
2026-02-12 14:44:00-05:00,4964.10009765625,4967.2001953125,4963.0,4966.89990234375,24,0.0,0.0
2026-02-12 14:45:00-05:00,4966.7001953125,4968.0,4965.89990234375,4967.2998046875,76,0.0,0.0
2026-02-12 14:46:00-05:00,4968.2001953125,4969.60009765625,4967.39990234375,4968.7998046875,27,0.0,0.0
2026-02-12 14:47:00-05:00,4969.10009765625,4970.39990234375,4968.7001953125,4969.89990234375,30,0.0,0.0
2026-02-12 14:48:00-05:00,4970.0,4977.2998046875,4969.0,4976.60009765625,339,0.0,0.0
2026-02-12 14:49:00-05:00,4976.10009765625,4976.60009765625,4971.7998046875,4974.10009765625,159,0.0,0.0
2026-02-12 14:50:00-05:00,4974.2998046875,4977.89990234375,4973.7001953125,4975.0,94,0.0,0.0
2026-02-12 14:51:00-05:00,4975.10009765625,4976.39990234375,4973.2001953125,4976.2001953125,68,0.0,0.0
2026-02-12 14:52:00-05:00,4977.0,4978.2998046875,4974.2001953125,4976.7001953125,91,0.0,0.0
2026-02-12 14:53:00-05:00,4976.5,4977.5,4976.10009765625,4976.60009765625,37,0.0,0.0
2026-02-12 14:54:00-05:00,4976.60009765625,4976.89990234375,4974.2998046875,4974.7998046875,52,0.0,0.0
2026-02-12 14:55:00-05:00,4974.10009765625,4976.0,4971.5,4972.2001953125,108,0.0,0.0
2026-02-12 14:56:00-05:00,4973.10009765625,4973.7998046875,4970.7998046875,4970.7998046875,79,0.0,0.0
2026-02-12 14:57:00-05:00,4970.2001953125,4970.60009765625,4968.60009765625,4968.89990234375,53,0.0,0.0
2026-02-12 14:58:00-05:00,4968.2001953125,4968.2001953125,4964.0,4966.2001953125,76,0.0,0.0
2026-02-12 14:59:00-05:00,4965.89990234375,4966.7998046875,4963.89990234375,4965.0,101,0.0,0.0
2026-02-12 15:00:00-05:00,4965.2998046875,4968.39990234375,4964.7001953125,4967.7001953125,89,0.0,0.0
2026-02-12 15:01:00-05:00,4968.10009765625,4968.10009765625,4965.2001953125,4965.2001953125,34,0.0,0.0
2026-02-12 15:02:00-05:00,4966.0,4966.5,4961.7001953125,4963.10009765625,19,0.0,0.0
2026-02-12 15:03:00-05:00,4962.2998046875,4963.0,4960.7001953125,4963.0,33,0.0,0.0
2026-02-12 15:04:00-05:00,4964.0,4965.60009765625,4963.7998046875,4964.7998046875,22,0.0,0.0
2026-02-12 15:05:00-05:00,4965.7998046875,4966.0,4964.39990234375,4966.0,27,0.0,0.0
2026-02-12 15:06:00-05:00,4966.0,4966.60009765625,4962.10009765625,4963.7001953125,33,0.0,0.0
2026-02-12 15:07:00-05:00,4964.5,4965.2001953125,4962.0,4962.5,14,0.0,0.0
2026-02-12 15:08:00-05:00,4962.7998046875,4963.0,4960.2001953125,4962.10009765625,37,0.0,0.0
2026-02-12 15:09:00-05:00,4961.7998046875,4961.7998046875,4959.39990234375,4961.5,33,0.0,0.0
2026-02-12 15:10:00-05:00,4960.7001953125,4962.10009765625,4960.0,4960.10009765625,26,0.0,0.0
2026-02-12 15:11:00-05:00,4959.89990234375,4960.2998046875,4952.0,4959.60009765625,230,0.0,0.0
2026-02-12 15:12:00-05:00,4958.89990234375,4962.39990234375,4958.60009765625,4960.89990234375,93,0.0,0.0
2026-02-12 15:13:00-05:00,4960.10009765625,4961.39990234375,4959.7998046875,4961.10009765625,10,0.0,0.0
2026-02-12 15:14:00-05:00,4961.89990234375,4961.89990234375,4959.2998046875,4960.60009765625,39,0.0,0.0
2026-02-12 15:15:00-05:00,4960.7998046875,4960.7998046875,4956.60009765625,4956.60009765625,28,0.0,0.0
2026-02-12 15:16:00-05:00,4956.7001953125,4959.5,4956.7001953125,4958.10009765625,44,0.0,0.0
2026-02-12 15:17:00-05:00,4957.60009765625,4958.89990234375,4956.0,4957.10009765625,68,0.0,0.0
2026-02-12 15:18:00-05:00,4956.39990234375,4957.5,4955.39990234375,4957.10009765625,35,0.0,0.0
2026-02-12 15:19:00-05:00,4956.39990234375,4958.2001953125,4956.39990234375,4958.2001953125,6,0.0,0.0
2026-02-12 15:20:00-05:00,4956.89990234375,4956.89990234375,4952.2001953125,4952.5,75,0.0,0.0
2026-02-12 15:21:00-05:00,4953.2001953125,4955.5,4953.2001953125,4954.89990234375,63,0.0,0.0
2026-02-12 15:22:00-05:00,4955.0,4955.0,4953.7001953125,4954.39990234375,14,0.0,0.0
2026-02-12 15:23:00-05:00,4954.0,4956.2998046875,4950.60009765625,4951.2001953125,111,0.0,0.0
2026-02-12 15:24:00-05:00,4950.89990234375,4950.89990234375,4946.7998046875,4949.10009765625,171,0.0,0.0
2026-02-12 15:25:00-05:00,4949.10009765625,4949.7001953125,4945.60009765625,4946.60009765625,120,0.0,0.0
2026-02-12 15:26:00-05:00,4946.0,4949.7998046875,4945.60009765625,4948.60009765625,93,0.0,0.0
2026-02-12 15:27:00-05:00,4948.89990234375,4950.7001953125,4947.39990234375,4947.89990234375,41,0.0,0.0
2026-02-12 15:28:00-05:00,4947.89990234375,4947.89990234375,4941.39990234375,4941.39990234375,103,0.0,0.0
2026-02-12 15:29:00-05:00,4942.5,4945.0,4942.5,4943.2998046875,72,0.0,0.0
2026-02-12 15:30:00-05:00,4942.5,4942.5,4932.10009765625,4935.60009765625,397,0.0,0.0
2026-02-12 15:31:00-05:00,4934.7001953125,4935.2001953125,4933.0,4934.10009765625,120,0.0,0.0
2026-02-12 15:32:00-05:00,4933.7001953125,4936.2001953125,4931.0,4935.0,89,0.0,0.0
2026-02-12 15:33:00-05:00,4934.89990234375,4937.2001953125,4932.2998046875,4937.10009765625,86,0.0,0.0
2026-02-12 15:34:00-05:00,4938.5,4941.2998046875,4938.5,4939.2998046875,99,0.0,0.0
2026-02-12 15:35:00-05:00,4940.7001953125,4947.5,4939.7998046875,4947.5,52,0.0,0.0
2026-02-12 15:36:00-05:00,4948.5,4948.7001953125,4942.7001953125,4943.10009765625,116,0.0,0.0
2026-02-12 15:37:00-05:00,4942.10009765625,4945.0,4942.10009765625,4943.60009765625,20,0.0,0.0
2026-02-12 15:38:00-05:00,4943.0,4943.5,4937.60009765625,4938.7001953125,91,0.0,0.0
2026-02-12 15:39:00-05:00,4938.10009765625,4940.7998046875,4937.2001953125,4939.7001953125,55,0.0,0.0
2026-02-12 15:40:00-05:00,4940.10009765625,4941.89990234375,4939.5,4941.89990234375,54,0.0,0.0
2026-02-12 15:41:00-05:00,4942.39990234375,4943.7998046875,4942.0,4942.0,23,0.0,0.0
2026-02-12 15:42:00-05:00,4941.39990234375,4941.39990234375,4936.2998046875,4938.2998046875,40,0.0,0.0
2026-02-12 15:43:00-05:00,4938.10009765625,4938.10009765625,4935.39990234375,4937.10009765625,58,0.0,0.0
2026-02-12 15:44:00-05:00,4937.2998046875,4941.5,4937.2998046875,4941.10009765625,64,0.0,0.0
2026-02-12 15:45:00-05:00,4941.89990234375,4942.7001953125,4940.5,4942.0,55,0.0,0.0
2026-02-12 15:46:00-05:00,4941.7001953125,4941.7001953125,4936.2001953125,4938.10009765625,178,0.0,0.0
2026-02-12 15:47:00-05:00,4937.7001953125,4937.7001953125,4933.10009765625,4934.89990234375,85,0.0,0.0
2026-02-12 15:48:00-05:00,4935.7001953125,4940.0,4935.7001953125,4939.2001953125,44,0.0,0.0
2026-02-12 15:49:00-05:00,4939.10009765625,4941.2998046875,4937.89990234375,4941.2001953125,40,0.0,0.0
2026-02-12 15:50:00-05:00,4941.10009765625,4943.0,4940.10009765625,4940.10009765625,96,0.0,0.0
2026-02-12 15:51:00-05:00,4939.89990234375,4940.2998046875,4932.5,4933.2001953125,68,0.0,0.0
2026-02-12 15:52:00-05:00,4933.0,4936.10009765625,4931.2001953125,4935.7001953125,102,0.0,0.0
2026-02-12 15:53:00-05:00,4935.89990234375,4939.7998046875,4935.0,4938.60009765625,91,0.0,0.0
2026-02-12 15:54:00-05:00,4938.39990234375,4942.7998046875,4938.39990234375,4939.7998046875,79,0.0,0.0
2026-02-12 15:55:00-05:00,4940.39990234375,4945.7998046875,4938.5,4942.0,163,0.0,0.0
2026-02-12 15:56:00-05:00,4942.5,4943.7998046875,4934.60009765625,4934.60009765625,71,0.0,0.0
2026-02-12 15:57:00-05:00,4934.60009765625,4937.39990234375,4933.7998046875,4937.0,69,0.0,0.0
2026-02-12 15:58:00-05:00,4936.60009765625,4937.7001953125,4935.0,4935.7001953125,111,0.0,0.0
2026-02-12 15:59:00-05:00,4934.89990234375,4939.0,4933.10009765625,4935.10009765625,232,0.0,0.0
2026-02-12 16:00:00-05:00,4935.7001953125,4936.2998046875,4932.7001953125,4936.0,142,0.0,0.0
2026-02-12 16:01:00-05:00,4935.0,4937.0,4933.89990234375,4935.7998046875,42,0.0,0.0
2026-02-12 16:02:00-05:00,4935.89990234375,4939.89990234375,4935.89990234375,4939.7998046875,95,0.0,0.0
2026-02-12 16:03:00-05:00,4940.0,4942.2998046875,4939.0,4941.2001953125,65,0.0,0.0
2026-02-12 16:04:00-05:00,4940.5,4941.89990234375,4939.2001953125,4939.89990234375,89,0.0,0.0
2026-02-12 16:05:00-05:00,4939.5,4939.5,4936.89990234375,4938.7998046875,35,0.0,0.0
2026-02-12 16:06:00-05:00,4939.0,4939.60009765625,4938.0,4938.10009765625,28,0.0,0.0
2026-02-12 16:07:00-05:00,4938.10009765625,4938.10009765625,4936.60009765625,4936.60009765625,17,0.0,0.0
2026-02-12 16:08:00-05:00,4937.10009765625,4938.0,4937.10009765625,4937.60009765625,11,0.0,0.0
2026-02-12 16:09:00-05:00,4937.2001953125,4937.7001953125,4932.0,4932.7998046875,161,0.0,0.0
2026-02-12 16:10:00-05:00,4933.2001953125,4936.2998046875,4933.2001953125,4933.5,39,0.0,0.0
2026-02-12 16:11:00-05:00,4933.5,4937.7001953125,4933.5,4937.5,36,0.0,0.0
2026-02-12 16:12:00-05:00,4938.0,4941.7001953125,4937.2998046875,4941.10009765625,41,0.0,0.0
2026-02-12 16:13:00-05:00,4939.5,4943.60009765625,4938.0,4938.0,81,0.0,0.0
2026-02-12 16:14:00-05:00,4938.60009765625,4938.60009765625,4937.39990234375,4937.39990234375,3,0.0,0.0
2026-02-12 16:15:00-05:00,4936.7001953125,4939.0,4936.7001953125,4938.10009765625,38,0.0,0.0
2026-02-12 16:16:00-05:00,4938.60009765625,4938.89990234375,4933.39990234375,4934.0,67,0.0,0.0
2026-02-12 16:17:00-05:00,4934.89990234375,4938.10009765625,4933.89990234375,4938.10009765625,118,0.0,0.0
2026-02-12 16:18:00-05:00,4939.10009765625,4942.39990234375,4938.60009765625,4942.0,40,0.0,0.0
2026-02-12 16:19:00-05:00,4941.60009765625,4942.2001953125,4940.5,4942.2001953125,39,0.0,0.0
2026-02-12 16:20:00-05:00,4941.89990234375,4943.60009765625,4939.7998046875,4943.60009765625,44,0.0,0.0
2026-02-12 16:21:00-05:00,4943.0,4943.0,4940.7001953125,4940.89990234375,20,0.0,0.0
2026-02-12 16:22:00-05:00,4940.5,4940.5,4939.10009765625,4939.60009765625,9,0.0,0.0
2026-02-12 16:23:00-05:00,4939.60009765625,4942.60009765625,4939.60009765625,4941.7998046875,28,0.0,0.0
2026-02-12 16:24:00-05:00,4941.0,4945.0,4940.7001953125,4942.89990234375,44,0.0,0.0
2026-02-12 16:25:00-05:00,4942.7998046875,4944.39990234375,4942.60009765625,4942.7998046875,29,0.0,0.0
2026-02-12 16:26:00-05:00,4942.7001953125,4942.7001953125,4941.2998046875,4942.2001953125,10,0.0,0.0
2026-02-12 16:27:00-05:00,4942.7998046875,4943.39990234375,4942.0,4942.2998046875,17,0.0,0.0
2026-02-12 16:28:00-05:00,4942.39990234375,4942.89990234375,4940.7998046875,4940.7998046875,27,0.0,0.0
2026-02-12 16:29:00-05:00,4941.2001953125,4942.7998046875,4940.5,4940.60009765625,27,0.0,0.0
2026-02-12 16:30:00-05:00,4940.2001953125,4941.39990234375,4940.10009765625,4941.2001953125,14,0.0,0.0
2026-02-12 16:31:00-05:00,4941.39990234375,4943.2001953125,4941.39990234375,4942.60009765625,39,0.0,0.0
2026-02-12 16:32:00-05:00,4942.7998046875,4947.0,4942.10009765625,4945.7998046875,45,0.0,0.0
2026-02-12 16:33:00-05:00,4945.5,4945.5,4941.5,4942.7998046875,155,0.0,0.0
2026-02-12 16:34:00-05:00,4943.0,4944.2001953125,4943.0,4944.0,34,0.0,0.0
2026-02-12 16:35:00-05:00,4943.39990234375,4943.39990234375,4941.39990234375,4941.7998046875,12,0.0,0.0
2026-02-12 16:36:00-05:00,4942.0,4943.2998046875,4942.0,4942.39990234375,13,0.0,0.0
2026-02-12 16:37:00-05:00,4942.2001953125,4943.2998046875,4942.2001953125,4943.2998046875,5,0.0,0.0
2026-02-12 16:38:00-05:00,4942.5,4943.60009765625,4942.39990234375,4943.60009765625,10,0.0,0.0
2026-02-12 16:39:00-05:00,4942.7001953125,4943.10009765625,4941.0,4941.7998046875,44,0.0,0.0
2026-02-12 16:40:00-05:00,4941.7998046875,4942.5,4941.60009765625,4941.7001953125,15,0.0,0.0
2026-02-12 16:41:00-05:00,4941.7001953125,4941.7001953125,4938.0,4938.2998046875,51,0.0,0.0
2026-02-12 16:42:00-05:00,4939.7001953125,4939.7001953125,4938.0,4938.0,14,0.0,0.0
2026-02-12 16:43:00-05:00,4938.10009765625,4939.5,4938.10009765625,4939.39990234375,11,0.0,0.0
2026-02-12 16:44:00-05:00,4938.7998046875,4939.60009765625,4938.60009765625,4939.10009765625,17,0.0,0.0
2026-02-12 16:45:00-05:00,4937.89990234375,4939.2001953125,4937.0,4938.2001953125,19,0.0,0.0
2026-02-12 16:46:00-05:00,4937.7998046875,4937.7998046875,4935.7998046875,4936.60009765625,8,0.0,0.0
2026-02-12 16:47:00-05:00,4937.2001953125,4939.2998046875,4937.2001953125,4939.2998046875,12,0.0,0.0
2026-02-12 16:48:00-05:00,4938.39990234375,4939.89990234375,4938.39990234375,4939.89990234375,9,0.0,0.0
2026-02-12 16:49:00-05:00,4939.2001953125,4939.39990234375,4938.2001953125,4939.39990234375,10,0.0,0.0
2026-02-12 16:50:00-05:00,4940.60009765625,4942.0,4940.60009765625,4942.0,30,0.0,0.0
2026-02-12 16:51:00-05:00,4942.0,4944.2998046875,4942.0,4944.0,26,0.0,0.0
2026-02-12 16:52:00-05:00,4943.89990234375,4945.0,4941.0,4942.89990234375,90,0.0,0.0
2026-02-12 16:53:00-05:00,4943.0,4946.39990234375,4943.0,4945.0,32,0.0,0.0
2026-02-12 16:54:00-05:00,4945.5,4947.2001953125,4943.89990234375,4947.0,47,0.0,0.0
2026-02-12 16:55:00-05:00,4946.7998046875,4947.2998046875,4943.2001953125,4943.7001953125,39,0.0,0.0
2026-02-12 16:56:00-05:00,4944.5,4944.5,4942.7001953125,4942.7001953125,5,0.0,0.0
2026-02-12 16:57:00-05:00,4941.7001953125,4943.0,4941.5,4941.7998046875,20,0.0,0.0
2026-02-12 16:58:00-05:00,4941.5,4942.39990234375,4941.2001953125,4941.60009765625,18,0.0,0.0
2026-02-12 16:59:00-05:00,4942.10009765625,4943.2001953125,4941.0,4941.39990234375,28,0.0,0.0
2026-02-12 18:00:00-05:00,4950.0,4951.5,4907.10009765625,4910.89990234375,0,0.0,0.0
2026-02-12 18:01:00-05:00,4909.7001953125,4922.7001953125,4908.7998046875,4922.60009765625,270,0.0,0.0
2026-02-12 18:02:00-05:00,4921.7998046875,4923.7001953125,4914.7998046875,4922.89990234375,115,0.0,0.0
2026-02-12 18:03:00-05:00,4921.2001953125,4929.0,4919.0,4928.2001953125,110,0.0,0.0
2026-02-12 18:04:00-05:00,4928.0,4928.0,4907.5,4912.39990234375,185,0.0,0.0
2026-02-12 18:05:00-05:00,4913.0,4919.60009765625,4912.60009765625,4914.7998046875,113,0.0,0.0
2026-02-12 18:06:00-05:00,4913.89990234375,4919.0,4909.60009765625,4914.7001953125,106,0.0,0.0
2026-02-12 18:07:00-05:00,4915.89990234375,4926.39990234375,4915.89990234375,4925.10009765625,142,0.0,0.0
2026-02-12 18:08:00-05:00,4923.39990234375,4927.5,4921.10009765625,4927.0,60,0.0,0.0
2026-02-12 18:09:00-05:00,4926.10009765625,4932.0,4923.7998046875,4927.7998046875,201,0.0,0.0
2026-02-12 18:10:00-05:00,4928.7998046875,4931.0,4925.10009765625,4928.7001953125,51,0.0,0.0
2026-02-12 18:11:00-05:00,4928.7001953125,4929.2998046875,4924.89990234375,4926.2001953125,49,0.0,0.0
2026-02-12 18:12:00-05:00,4926.10009765625,4930.2001953125,4925.7001953125,4928.60009765625,22,0.0,0.0
2026-02-12 18:13:00-05:00,4928.2001953125,4930.0,4926.89990234375,4927.2998046875,18,0.0,0.0
2026-02-12 18:14:00-05:00,4928.5,4931.2001953125,4928.5,4930.7998046875,26,0.0,0.0
2026-02-12 18:15:00-05:00,4931.10009765625,4937.39990234375,4931.10009765625,4936.60009765625,83,0.0,0.0
2026-02-12 18:16:00-05:00,4936.5,4941.0,4936.5,4939.2998046875,83,0.0,0.0
2026-02-12 18:17:00-05:00,4939.10009765625,4941.0,4935.7001953125,4939.39990234375,57,0.0,0.0
2026-02-12 18:18:00-05:00,4939.60009765625,4946.7998046875,4939.10009765625,4943.2001953125,72,0.0,0.0
2026-02-12 18:19:00-05:00,4943.2001953125,4943.7001953125,4936.7001953125,4940.2998046875,40,0.0,0.0
2026-02-12 18:20:00-05:00,4940.7001953125,4941.10009765625,4938.2001953125,4940.2001953125,34,0.0,0.0
2026-02-12 18:21:00-05:00,4940.7001953125,4947.10009765625,4940.7001953125,4941.60009765625,83,0.0,0.0
2026-02-12 18:22:00-05:00,4938.60009765625,4942.0,4937.60009765625,4940.39990234375,84,0.0,0.0
2026-02-12 18:23:00-05:00,4940.0,4941.39990234375,4939.39990234375,4941.2001953125,20,0.0,0.0
2026-02-12 18:24:00-05:00,4940.5,4940.60009765625,4938.60009765625,4940.60009765625,25,0.0,0.0
2026-02-12 18:25:00-05:00,4940.5,4945.0,4940.5,4943.89990234375,35,0.0,0.0
2026-02-12 18:26:00-05:00,4944.39990234375,4946.39990234375,4942.5,4942.5,93,0.0,0.0
2026-02-12 18:27:00-05:00,4942.60009765625,4948.10009765625,4942.60009765625,4947.0,77,0.0,0.0
2026-02-12 18:28:00-05:00,4947.0,4947.0,4944.5,4944.5,30,0.0,0.0
2026-02-12 18:29:00-05:00,4944.2998046875,4944.7001953125,4939.0,4940.2998046875,81,0.0,0.0
2026-02-12 18:30:00-05:00,4939.2998046875,4939.2998046875,4931.89990234375,4935.2001953125,65,0.0,0.0
2026-02-12 18:31:00-05:00,4935.89990234375,4939.39990234375,4934.10009765625,4937.60009765625,43,0.0,0.0
2026-02-12 18:32:00-05:00,4936.60009765625,4941.39990234375,4936.10009765625,4939.89990234375,34,0.0,0.0
2026-02-12 18:33:00-05:00,4939.89990234375,4943.5,4939.89990234375,4943.2001953125,27,0.0,0.0
2026-02-12 18:34:00-05:00,4942.60009765625,4946.0,4942.39990234375,4945.89990234375,96,0.0,0.0
2026-02-12 18:35:00-05:00,4943.7001953125,4943.7001953125,4942.10009765625,4942.89990234375,24,0.0,0.0
2026-02-12 18:36:00-05:00,4942.39990234375,4943.39990234375,4940.7001953125,4941.0,29,0.0,0.0
2026-02-12 18:37:00-05:00,4940.0,4940.10009765625,4935.2001953125,4937.89990234375,107,0.0,0.0
2026-02-12 18:38:00-05:00,4937.2998046875,4939.5,4936.89990234375,4936.89990234375,73,0.0,0.0
2026-02-12 18:39:00-05:00,4937.39990234375,4937.39990234375,4926.60009765625,4929.7001953125,136,0.0,0.0
2026-02-12 18:40:00-05:00,4930.2001953125,4936.39990234375,4928.7001953125,4935.5,64,0.0,0.0
2026-02-12 18:41:00-05:00,4934.7001953125,4936.0,4930.5,4930.5,44,0.0,0.0
2026-02-12 18:42:00-05:00,4929.89990234375,4931.7998046875,4925.5,4928.5,70,0.0,0.0
2026-02-12 18:43:00-05:00,4927.2001953125,4933.7001953125,4926.39990234375,4932.10009765625,68,0.0,0.0
2026-02-12 18:44:00-05:00,4932.0,4934.5,4931.0,4933.39990234375,30,0.0,0.0
2026-02-12 18:45:00-05:00,4933.89990234375,4933.89990234375,4924.60009765625,4924.89990234375,47,0.0,0.0
2026-02-12 18:46:00-05:00,4924.89990234375,4930.2001953125,4924.7998046875,4927.89990234375,57,0.0,0.0
2026-02-12 18:47:00-05:00,4927.7998046875,4930.0,4927.7998046875,4928.7001953125,21,0.0,0.0
2026-02-12 18:48:00-05:00,4928.39990234375,4932.89990234375,4928.2998046875,4932.39990234375,44,0.0,0.0
2026-02-12 18:49:00-05:00,4931.2001953125,4932.10009765625,4931.2001953125,4931.7001953125,5,0.0,0.0
2026-02-12 18:50:00-05:00,4931.2998046875,4934.60009765625,4930.60009765625,4933.2001953125,19,0.0,0.0
2026-02-12 18:51:00-05:00,4932.60009765625,4932.60009765625,4931.0,4932.0,16,0.0,0.0
2026-02-12 18:52:00-05:00,4932.2998046875,4935.10009765625,4932.2998046875,4934.5,19,0.0,0.0
2026-02-12 18:53:00-05:00,4933.7998046875,4936.0,4932.7001953125,4933.10009765625,26,0.0,0.0
2026-02-12 18:54:00-05:00,4932.7001953125,4936.5,4932.7001953125,4934.7001953125,25,0.0,0.0
2026-02-12 18:55:00-05:00,4934.5,4934.5,4928.7998046875,4931.2998046875,31,0.0,0.0
2026-02-12 18:56:00-05:00,4930.89990234375,4936.5,4930.7998046875,4936.10009765625,24,0.0,0.0
2026-02-12 18:57:00-05:00,4935.60009765625,4938.0,4933.60009765625,4935.5,29,0.0,0.0
2026-02-12 18:58:00-05:00,4933.2998046875,4937.10009765625,4933.2998046875,4936.2998046875,29,0.0,0.0
2026-02-12 18:59:00-05:00,4937.2998046875,4939.7001953125,4936.7998046875,4939.7001953125,19,0.0,0.0
2026-02-12 19:00:00-05:00,4938.5,4939.0,4932.10009765625,4936.7001953125,59,0.0,0.0
2026-02-12 19:01:00-05:00,4937.10009765625,4940.0,4936.5,4938.89990234375,51,0.0,0.0
2026-02-12 19:02:00-05:00,4939.2998046875,4941.7998046875,4938.5,4940.89990234375,84,0.0,0.0
2026-02-12 19:03:00-05:00,4940.0,4944.2998046875,4938.0,4943.10009765625,52,0.0,0.0
2026-02-12 19:04:00-05:00,4943.60009765625,4947.0,4943.60009765625,4944.5,64,0.0,0.0
2026-02-12 19:05:00-05:00,4945.5,4946.7001953125,4943.89990234375,4946.60009765625,44,0.0,0.0
2026-02-12 19:06:00-05:00,4947.0,4958.2001953125,4945.2001953125,4952.7998046875,153,0.0,0.0
2026-02-12 19:07:00-05:00,4953.0,4959.0,4952.0,4957.39990234375,155,0.0,0.0
2026-02-12 19:08:00-05:00,4958.89990234375,4964.60009765625,4958.2998046875,4962.2998046875,165,0.0,0.0
2026-02-12 19:09:00-05:00,4961.2998046875,4963.0,4959.0,4962.2998046875,57,0.0,0.0
2026-02-12 19:10:00-05:00,4962.39990234375,4967.7001953125,4959.7998046875,4964.7998046875,94,0.0,0.0
2026-02-12 19:11:00-05:00,4964.0,4964.2001953125,4958.89990234375,4961.7998046875,108,0.0,0.0
2026-02-12 19:12:00-05:00,4961.7001953125,4964.39990234375,4956.7998046875,4958.60009765625,71,0.0,0.0
2026-02-12 19:13:00-05:00,4959.5,4963.10009765625,4958.5,4961.2998046875,50,0.0,0.0
2026-02-12 19:14:00-05:00,4960.2001953125,4961.39990234375,4958.2998046875,4960.89990234375,55,0.0,0.0
2026-02-12 19:15:00-05:00,4960.10009765625,4960.89990234375,4955.2998046875,4960.2001953125,87,0.0,0.0
2026-02-12 19:16:00-05:00,4960.2998046875,4966.39990234375,4960.2998046875,4960.89990234375,56,0.0,0.0
2026-02-12 19:17:00-05:00,4958.2998046875,4961.60009765625,4956.39990234375,4961.5,21,0.0,0.0
2026-02-12 19:18:00-05:00,4960.7001953125,4963.39990234375,4959.60009765625,4961.60009765625,33,0.0,0.0
2026-02-12 19:19:00-05:00,4961.7998046875,4963.5,4956.60009765625,4958.7998046875,63,0.0,0.0
2026-02-12 19:20:00-05:00,4957.7998046875,4960.10009765625,4957.5,4960.10009765625,22,0.0,0.0
2026-02-12 19:21:00-05:00,4961.60009765625,4962.2001953125,4960.10009765625,4960.39990234375,33,0.0,0.0
2026-02-12 19:22:00-05:00,4959.39990234375,4960.39990234375,4957.5,4957.5,19,0.0,0.0
2026-02-12 19:23:00-05:00,4958.2998046875,4963.60009765625,4958.2998046875,4963.60009765625,21,0.0,0.0
2026-02-12 19:24:00-05:00,4963.10009765625,4963.2998046875,4957.60009765625,4959.10009765625,21,0.0,0.0
2026-02-12 19:25:00-05:00,4960.0,4961.5,4957.60009765625,4960.60009765625,39,0.0,0.0
2026-02-12 19:26:00-05:00,4960.7001953125,4962.39990234375,4958.7001953125,4958.7001953125,20,0.0,0.0
2026-02-12 19:27:00-05:00,4958.10009765625,4960.0,4952.7998046875,4959.7998046875,58,0.0,0.0
2026-02-12 19:28:00-05:00,4958.89990234375,4963.2998046875,4958.39990234375,4960.0,42,0.0,0.0
2026-02-12 19:29:00-05:00,4959.60009765625,4960.2001953125,4955.39990234375,4955.39990234375,9,0.0,0.0
2026-02-12 19:30:00-05:00,4955.60009765625,4963.7998046875,4955.60009765625,4963.7998046875,39,0.0,0.0
2026-02-12 19:31:00-05:00,4964.0,4965.0,4963.0,4964.5,39,0.0,0.0
2026-02-12 19:32:00-05:00,4962.89990234375,4963.89990234375,4959.7001953125,4959.7001953125,38,0.0,0.0
2026-02-12 19:33:00-05:00,4960.39990234375,4965.0,4960.39990234375,4963.7001953125,30,0.0,0.0
2026-02-12 19:34:00-05:00,4963.2998046875,4963.2998046875,4958.39990234375,4958.39990234375,32,0.0,0.0
2026-02-12 19:35:00-05:00,4958.60009765625,4962.2998046875,4958.39990234375,4959.7001953125,29,0.0,0.0
2026-02-12 19:36:00-05:00,4960.0,4962.39990234375,4959.0,4959.5,28,0.0,0.0
2026-02-12 19:37:00-05:00,4960.39990234375,4960.5,4958.0,4959.5,17,0.0,0.0
2026-02-12 19:38:00-05:00,4958.7998046875,4960.2998046875,4957.89990234375,4960.2998046875,16,0.0,0.0
2026-02-12 19:39:00-05:00,4959.10009765625,4961.2001953125,4957.2001953125,4958.10009765625,72,0.0,0.0
2026-02-12 19:40:00-05:00,4957.2998046875,4961.7001953125,4955.60009765625,4959.89990234375,145,0.0,0.0
2026-02-12 19:41:00-05:00,4960.10009765625,4963.10009765625,4957.7998046875,4957.7998046875,73,0.0,0.0
2026-02-12 19:42:00-05:00,4957.7998046875,4959.5,4951.2998046875,4952.7998046875,84,0.0,0.0
2026-02-12 19:43:00-05:00,4951.89990234375,4957.5,4950.60009765625,4956.39990234375,90,0.0,0.0
2026-02-12 19:44:00-05:00,4955.7001953125,4959.10009765625,4955.7001953125,4959.10009765625,23,0.0,0.0
2026-02-12 19:45:00-05:00,4958.7001953125,4960.0,4951.7998046875,4951.7998046875,36,0.0,0.0
2026-02-12 19:46:00-05:00,4951.0,4955.7001953125,4950.2998046875,4954.60009765625,45,0.0,0.0
2026-02-12 19:47:00-05:00,4954.2998046875,4963.2001953125,4954.2998046875,4960.39990234375,82,0.0,0.0
2026-02-12 19:48:00-05:00,4959.0,4959.0,4953.5,4954.5,49,0.0,0.0
2026-02-12 19:49:00-05:00,4953.60009765625,4954.89990234375,4953.60009765625,4954.60009765625,16,0.0,0.0
2026-02-12 19:50:00-05:00,4953.39990234375,4953.39990234375,4948.0,4950.10009765625,107,0.0,0.0
2026-02-12 19:51:00-05:00,4949.60009765625,4955.2998046875,4949.60009765625,4954.2001953125,55,0.0,0.0
2026-02-12 19:52:00-05:00,4954.89990234375,4954.89990234375,4952.5,4952.5,21,0.0,0.0
2026-02-12 19:53:00-05:00,4953.0,4953.0,4952.10009765625,4952.10009765625,2,0.0,0.0
2026-02-12 19:54:00-05:00,4952.7998046875,4954.5,4951.2998046875,4951.2998046875,16,0.0,0.0
2026-02-12 19:55:00-05:00,4952.0,4953.5,4951.39990234375,4951.39990234375,16,0.0,0.0
2026-02-12 19:56:00-05:00,4953.2001953125,4953.89990234375,4951.89990234375,4953.39990234375,9,0.0,0.0
2026-02-12 19:57:00-05:00,4953.39990234375,4954.7001953125,4952.89990234375,4954.10009765625,18,0.0,0.0
2026-02-12 19:58:00-05:00,4953.89990234375,4953.89990234375,4949.39990234375,4951.7998046875,43,0.0,0.0
2026-02-12 19:59:00-05:00,4951.2998046875,4953.2001953125,4945.2001953125,4946.7001953125,67,0.0,0.0
2026-02-12 20:00:00-05:00,4946.7001953125,4964.0,4945.60009765625,4964.0,174,0.0,0.0
2026-02-12 20:01:00-05:00,4962.7001953125,4974.0,4962.60009765625,4966.39990234375,308,0.0,0.0
2026-02-12 20:02:00-05:00,4967.2001953125,4975.0,4964.39990234375,4971.5,199,0.0,0.0
2026-02-12 20:03:00-05:00,4971.10009765625,4976.0,4970.7001953125,4973.10009765625,149,0.0,0.0
2026-02-12 20:04:00-05:00,4973.7001953125,4976.0,4972.89990234375,4976.0,69,0.0,0.0
2026-02-12 20:05:00-05:00,4975.10009765625,4977.2001953125,4971.7001953125,4973.60009765625,111,0.0,0.0
2026-02-12 20:06:00-05:00,4974.7001953125,4981.60009765625,4974.10009765625,4980.7001953125,143,0.0,0.0
2026-02-12 20:07:00-05:00,4980.39990234375,4980.7001953125,4977.2001953125,4978.39990234375,67,0.0,0.0
2026-02-12 20:08:00-05:00,4980.0,4980.89990234375,4976.2998046875,4979.89990234375,101,0.0,0.0
2026-02-12 20:09:00-05:00,4979.7998046875,4982.2001953125,4977.10009765625,4981.0,84,0.0,0.0
2026-02-12 20:10:00-05:00,4981.89990234375,4986.0,4981.5,4984.7998046875,65,0.0,0.0
2026-02-12 20:11:00-05:00,4984.2001953125,4986.0,4983.89990234375,4985.0,77,0.0,0.0
2026-02-12 20:12:00-05:00,4984.7998046875,4986.0,4982.7998046875,4982.7998046875,54,0.0,0.0
2026-02-12 20:13:00-05:00,4982.10009765625,4984.0,4980.60009765625,4983.5,81,0.0,0.0
2026-02-12 20:14:00-05:00,4982.7001953125,4984.60009765625,4982.0,4983.7998046875,38,0.0,0.0
2026-02-12 20:15:00-05:00,4984.2001953125,4989.0,4984.2001953125,4988.5,151,0.0,0.0
2026-02-12 20:16:00-05:00,4987.7998046875,4987.7998046875,4980.7001953125,4981.60009765625,147,0.0,0.0
2026-02-12 20:17:00-05:00,4982.2998046875,4986.10009765625,4981.7998046875,4985.7001953125,38,0.0,0.0
2026-02-12 20:18:00-05:00,4984.5,4986.5,4984.5,4986.5,11,0.0,0.0
2026-02-12 20:19:00-05:00,4986.39990234375,4992.10009765625,4985.7001953125,4989.7001953125,210,0.0,0.0
2026-02-12 20:20:00-05:00,4989.5,4993.10009765625,4989.2001953125,4990.89990234375,140,0.0,0.0
2026-02-12 20:21:00-05:00,4990.89990234375,4993.2998046875,4990.0,4990.5,26,0.0,0.0
2026-02-12 20:22:00-05:00,4990.39990234375,4994.7998046875,4990.0,4993.7001953125,106,0.0,0.0
2026-02-12 20:23:00-05:00,4994.7001953125,4998.89990234375,4993.0,4993.0,95,0.0,0.0
2026-02-12 20:24:00-05:00,4993.39990234375,4993.39990234375,4990.10009765625,4990.60009765625,59,0.0,0.0
2026-02-12 20:25:00-05:00,4990.89990234375,4992.2001953125,4984.89990234375,4984.89990234375,104,0.0,0.0
2026-02-12 20:26:00-05:00,4985.5,4986.5,4984.2001953125,4984.60009765625,33,0.0,0.0
2026-02-12 20:27:00-05:00,4984.5,4986.2998046875,4984.0,4985.2998046875,22,0.0,0.0
2026-02-12 20:28:00-05:00,4986.0,4990.0,4985.2001953125,4989.2998046875,37,0.0,0.0
2026-02-12 20:29:00-05:00,4988.89990234375,4991.0,4987.39990234375,4988.5,46,0.0,0.0
2026-02-12 20:30:00-05:00,4987.7001953125,4989.0,4983.2001953125,4987.60009765625,71,0.0,0.0
2026-02-12 20:31:00-05:00,4987.39990234375,4989.2998046875,4985.60009765625,4989.0,66,0.0,0.0
2026-02-12 20:32:00-05:00,4989.7998046875,4994.0,4989.7998046875,4992.5,54,0.0,0.0
2026-02-12 20:33:00-05:00,4992.5,4993.10009765625,4990.2001953125,4990.60009765625,48,0.0,0.0
2026-02-12 20:34:00-05:00,4991.89990234375,4993.2001953125,4989.60009765625,4991.89990234375,48,0.0,0.0
2026-02-12 20:35:00-05:00,4992.0,4992.0,4988.7998046875,4990.2998046875,59,0.0,0.0
2026-02-12 20:36:00-05:00,4990.0,4993.2998046875,4990.0,4990.39990234375,126,0.0,0.0
2026-02-12 20:37:00-05:00,4990.39990234375,4990.7998046875,4983.2998046875,4985.2998046875,142,0.0,0.0
2026-02-12 20:38:00-05:00,4985.7998046875,4987.7001953125,4983.2001953125,4985.39990234375,120,0.0,0.0
2026-02-12 20:39:00-05:00,4985.5,4989.0,4983.0,4989.0,67,0.0,0.0
2026-02-12 20:40:00-05:00,4989.5,4992.7001953125,4989.5,4991.2998046875,45,0.0,0.0
2026-02-12 20:41:00-05:00,4991.0,4997.10009765625,4991.0,4996.89990234375,82,0.0,0.0
2026-02-12 20:42:00-05:00,4997.2998046875,4999.89990234375,4995.7001953125,4997.89990234375,80,0.0,0.0
2026-02-12 20:43:00-05:00,4997.7001953125,5001.2998046875,4997.2998046875,5000.2998046875,141,0.0,0.0
2026-02-12 20:44:00-05:00,5000.2998046875,5001.39990234375,4998.0,4998.89990234375,99,0.0,0.0
2026-02-12 20:45:00-05:00,4999.7001953125,5002.2998046875,4999.2001953125,5000.60009765625,105,0.0,0.0
2026-02-12 20:46:00-05:00,5000.2001953125,5001.0,4994.39990234375,4996.60009765625,96,0.0,0.0
2026-02-12 20:47:00-05:00,4996.39990234375,5000.60009765625,4994.10009765625,5000.10009765625,104,0.0,0.0
2026-02-12 20:48:00-05:00,5000.10009765625,5005.60009765625,4998.7998046875,5005.2998046875,84,0.0,0.0
2026-02-12 20:49:00-05:00,5005.7998046875,5007.60009765625,5005.2001953125,5005.2001953125,95,0.0,0.0
2026-02-12 20:50:00-05:00,5005.89990234375,5007.7001953125,5003.2998046875,5006.0,147,0.0,0.0
2026-02-12 20:51:00-05:00,5006.89990234375,5007.7998046875,5003.10009765625,5004.2001953125,153,0.0,0.0
2026-02-12 20:52:00-05:00,5005.39990234375,5005.39990234375,5000.39990234375,5000.39990234375,51,0.0,0.0
2026-02-12 20:53:00-05:00,5000.2001953125,5002.7998046875,4997.2998046875,4997.39990234375,85,0.0,0.0
2026-02-12 20:54:00-05:00,4997.2998046875,4999.7001953125,4995.39990234375,4999.7001953125,73,0.0,0.0
2026-02-12 20:55:00-05:00,4998.39990234375,5002.39990234375,4998.2001953125,5000.60009765625,79,0.0,0.0
2026-02-12 20:56:00-05:00,5001.2001953125,5002.2001953125,4999.2001953125,5001.5,36,0.0,0.0
2026-02-12 20:57:00-05:00,5002.2001953125,5003.39990234375,4999.60009765625,5001.2001953125,65,0.0,0.0
2026-02-12 20:58:00-05:00,5001.10009765625,5001.7998046875,4997.2998046875,4997.2998046875,54,0.0,0.0
2026-02-12 20:59:00-05:00,4996.2998046875,5000.0,4995.0,4999.7998046875,109,0.0,0.0
2026-02-12 21:00:00-05:00,5000.2998046875,5000.2998046875,4995.0,4995.0,46,0.0,0.0
2026-02-12 21:01:00-05:00,4995.89990234375,4999.2001953125,4995.89990234375,4997.89990234375,47,0.0,0.0
2026-02-12 21:02:00-05:00,4997.89990234375,4998.0,4993.7998046875,4996.5,49,0.0,0.0
2026-02-12 21:03:00-05:00,4997.0,4999.2998046875,4996.0,4996.0,36,0.0,0.0
2026-02-12 21:04:00-05:00,4996.2001953125,4998.10009765625,4995.89990234375,4998.0,43,0.0,0.0
2026-02-12 21:05:00-05:00,4998.0,5003.89990234375,4997.2998046875,5002.2998046875,125,0.0,0.0
2026-02-12 21:06:00-05:00,5002.2998046875,5002.2998046875,4997.2998046875,4997.2998046875,39,0.0,0.0
2026-02-12 21:07:00-05:00,4997.7998046875,4997.7998046875,4995.39990234375,4996.7001953125,49,0.0,0.0
2026-02-12 21:08:00-05:00,4996.10009765625,4997.10009765625,4994.89990234375,4995.60009765625,29,0.0,0.0
2026-02-12 21:09:00-05:00,4995.2998046875,4996.7001953125,4995.2001953125,4995.7001953125,27,0.0,0.0
2026-02-12 21:10:00-05:00,4996.0,4997.60009765625,4993.7998046875,4994.10009765625,41,0.0,0.0
2026-02-12 21:11:00-05:00,4993.7001953125,4994.89990234375,4991.10009765625,4994.89990234375,47,0.0,0.0
2026-02-12 21:12:00-05:00,4997.10009765625,5001.60009765625,4997.10009765625,4999.39990234375,84,0.0,0.0
2026-02-12 21:13:00-05:00,5000.0,5001.5,4999.5,4999.5,17,0.0,0.0
2026-02-12 21:14:00-05:00,4998.7001953125,4998.7001953125,4996.5,4997.5,18,0.0,0.0
2026-02-12 21:15:00-05:00,4996.60009765625,4996.60009765625,4994.89990234375,4995.60009765625,19,0.0,0.0
2026-02-12 21:16:00-05:00,4996.0,4998.60009765625,4994.7998046875,4998.60009765625,35,0.0,0.0
2026-02-12 21:17:00-05:00,4998.2001953125,4999.89990234375,4998.10009765625,4998.39990234375,10,0.0,0.0
2026-02-12 21:18:00-05:00,4998.10009765625,4998.7001953125,4996.39990234375,4998.7001953125,12,0.0,0.0
2026-02-12 21:19:00-05:00,4997.2001953125,4997.5,4996.60009765625,4996.60009765625,4,0.0,0.0
2026-02-12 21:20:00-05:00,4997.39990234375,5000.2001953125,4996.39990234375,5000.0,14,0.0,0.0
2026-02-12 21:21:00-05:00,4998.89990234375,5003.0,4998.7001953125,5000.7001953125,30,0.0,0.0
2026-02-12 21:22:00-05:00,5001.2998046875,5003.0,5001.2001953125,5002.0,29,0.0,0.0
2026-02-12 21:23:00-05:00,5001.39990234375,5002.0,5001.39990234375,5002.0,13,0.0,0.0
2026-02-12 21:24:00-05:00,5001.39990234375,5003.2998046875,5001.39990234375,5002.5,18,0.0,0.0
2026-02-12 21:25:00-05:00,5002.7001953125,5003.89990234375,4998.5,5003.7998046875,56,0.0,0.0
2026-02-12 21:26:00-05:00,5002.60009765625,5002.60009765625,5000.7001953125,5001.89990234375,15,0.0,0.0
2026-02-12 21:27:00-05:00,5002.39990234375,5002.7001953125,5001.60009765625,5002.5,23,0.0,0.0
2026-02-12 21:28:00-05:00,5002.5,5003.0,5002.2001953125,5003.0,21,0.0,0.0
2026-02-12 21:29:00-05:00,5003.89990234375,5005.2001953125,5002.0,5005.2001953125,45,0.0,0.0
2026-02-12 21:30:00-05:00,5004.60009765625,5008.2998046875,5003.5,5006.7001953125,63,0.0,0.0
2026-02-12 21:31:00-05:00,5007.39990234375,5008.39990234375,5004.60009765625,5005.89990234375,43,0.0,0.0
2026-02-12 21:32:00-05:00,5005.89990234375,5006.5,5003.0,5003.10009765625,21,0.0,0.0
2026-02-12 21:33:00-05:00,5003.10009765625,5003.10009765625,4998.39990234375,5000.39990234375,39,0.0,0.0
2026-02-12 21:34:00-05:00,5000.2001953125,5003.7001953125,4999.60009765625,4999.60009765625,80,0.0,0.0
2026-02-12 21:35:00-05:00,4999.7998046875,4999.7998046875,4998.2998046875,4999.10009765625,13,0.0,0.0
2026-02-12 21:36:00-05:00,4998.39990234375,5001.10009765625,4998.2001953125,5001.10009765625,22,0.0,0.0
2026-02-12 21:37:00-05:00,5001.5,5002.7001953125,4999.89990234375,5001.60009765625,21,0.0,0.0
2026-02-12 21:38:00-05:00,5001.60009765625,5002.60009765625,5000.60009765625,5001.7998046875,35,0.0,0.0
2026-02-12 21:39:00-05:00,4999.89990234375,5001.2998046875,4999.5,5000.2001953125,9,0.0,0.0
2026-02-12 21:40:00-05:00,4999.0,4999.0,4992.0,4993.2001953125,53,0.0,0.0
2026-02-12 21:41:00-05:00,4993.7998046875,4996.39990234375,4992.7001953125,4995.60009765625,77,0.0,0.0
2026-02-12 21:42:00-05:00,4995.7001953125,5001.5,4993.39990234375,4997.7998046875,84,0.0,0.0
2026-02-12 21:43:00-05:00,4998.0,4999.0,4995.5,4997.2001953125,29,0.0,0.0
2026-02-12 21:44:00-05:00,4996.7001953125,5006.5,4995.89990234375,5002.60009765625,400,0.0,0.0
2026-02-12 21:45:00-05:00,5002.2001953125,5002.2001953125,4999.5,5000.5,36,0.0,0.0
2026-02-12 21:46:00-05:00,5000.39990234375,5000.39990234375,4993.7001953125,4995.0,52,0.0,0.0
2026-02-12 21:47:00-05:00,4995.10009765625,4997.89990234375,4994.0,4996.7998046875,39,0.0,0.0
2026-02-12 21:48:00-05:00,4995.60009765625,4995.60009765625,4992.2001953125,4993.7998046875,56,0.0,0.0
2026-02-12 21:49:00-05:00,4995.5,4995.60009765625,4991.0,4995.39990234375,41,0.0,0.0
2026-02-12 21:50:00-05:00,4996.10009765625,5000.0,4994.39990234375,5000.0,65,0.0,0.0
2026-02-12 21:51:00-05:00,4998.89990234375,5002.39990234375,4998.60009765625,4999.60009765625,25,0.0,0.0
2026-02-12 21:52:00-05:00,4999.5,5001.89990234375,4998.0,4999.39990234375,108,0.0,0.0
2026-02-12 21:53:00-05:00,4999.5,5000.60009765625,4999.2998046875,5000.2998046875,48,0.0,0.0
2026-02-12 21:54:00-05:00,5000.5,5004.0,5000.2001953125,5003.2001953125,80,0.0,0.0
2026-02-12 21:55:00-05:00,5003.10009765625,5010.0,5003.10009765625,5009.2998046875,141,0.0,0.0
2026-02-12 21:56:00-05:00,5009.2001953125,5011.0,5005.5,5005.5,105,0.0,0.0
2026-02-12 21:57:00-05:00,5005.5,5006.7001953125,5004.60009765625,5006.39990234375,29,0.0,0.0
2026-02-12 21:58:00-05:00,5006.5,5009.0,5002.7998046875,5004.7001953125,71,0.0,0.0
2026-02-12 21:59:00-05:00,5005.0,5008.39990234375,5004.5,5008.0,40,0.0,0.0
2026-02-12 22:00:00-05:00,5007.7998046875,5008.5,5003.2001953125,5006.5,75,0.0,0.0
2026-02-12 22:01:00-05:00,5007.2998046875,5007.39990234375,5003.2001953125,5003.2001953125,35,0.0,0.0
2026-02-12 22:02:00-05:00,5003.2001953125,5004.2001953125,5002.89990234375,5003.89990234375,18,0.0,0.0
2026-02-12 22:03:00-05:00,5003.89990234375,5006.5,5002.7998046875,5005.39990234375,24,0.0,0.0
2026-02-12 22:04:00-05:00,5006.2998046875,5006.2998046875,5003.0,5003.2998046875,30,0.0,0.0
2026-02-12 22:05:00-05:00,5004.0,5004.5,5000.10009765625,5001.7001953125,46,0.0,0.0
2026-02-12 22:06:00-05:00,5001.7001953125,5003.5,5000.7998046875,5001.89990234375,29,0.0,0.0
2026-02-12 22:07:00-05:00,5002.5,5005.5,5002.10009765625,5005.2998046875,43,0.0,0.0
2026-02-12 22:08:00-05:00,5005.39990234375,5006.0,5004.0,5004.0,14,0.0,0.0
2026-02-12 22:09:00-05:00,5003.39990234375,5003.39990234375,4999.0,5000.10009765625,19,0.0,0.0
2026-02-12 22:10:00-05:00,4999.7998046875,5005.39990234375,4999.7998046875,5003.10009765625,43,0.0,0.0
2026-02-12 22:11:00-05:00,5001.60009765625,5001.60009765625,5001.0,5001.0,6,0.0,0.0
2026-02-12 22:12:00-05:00,5000.89990234375,5002.2998046875,5000.89990234375,5001.89990234375,24,0.0,0.0
2026-02-12 22:13:00-05:00,5001.10009765625,5002.7001953125,5000.89990234375,5002.5,23,0.0,0.0
2026-02-12 22:14:00-05:00,5001.89990234375,5003.7001953125,4999.2001953125,5001.7001953125,87,0.0,0.0
2026-02-12 22:15:00-05:00,5002.0,5003.2001953125,5001.10009765625,5002.7001953125,13,0.0,0.0
2026-02-12 22:16:00-05:00,5002.2998046875,5002.2998046875,5000.89990234375,5000.89990234375,4,0.0,0.0
2026-02-12 22:17:00-05:00,5000.5,5000.5,4997.2998046875,4999.0,33,0.0,0.0
2026-02-12 22:18:00-05:00,4998.39990234375,4999.60009765625,4997.0,4997.0,27,0.0,0.0
2026-02-12 22:19:00-05:00,4997.39990234375,4999.0,4996.89990234375,4997.89990234375,23,0.0,0.0
2026-02-12 22:20:00-05:00,4997.2998046875,4998.39990234375,4997.2001953125,4997.39990234375,9,0.0,0.0
2026-02-12 22:21:00-05:00,4997.39990234375,4997.39990234375,4992.0,4993.89990234375,64,0.0,0.0
2026-02-12 22:22:00-05:00,4994.7001953125,4995.0,4992.7001953125,4992.7001953125,26,0.0,0.0
2026-02-12 22:23:00-05:00,4992.7001953125,4994.5,4992.7001953125,4994.0,40,0.0,0.0
2026-02-12 22:24:00-05:00,4993.60009765625,4994.89990234375,4993.10009765625,4994.39990234375,27,0.0,0.0
2026-02-12 22:25:00-05:00,4993.60009765625,4998.10009765625,4992.60009765625,4996.7001953125,69,0.0,0.0
2026-02-12 22:26:00-05:00,4997.5,4998.7998046875,4997.5,4998.2001953125,17,0.0,0.0
2026-02-12 22:27:00-05:00,4998.10009765625,4998.10009765625,4996.39990234375,4997.0,12,0.0,0.0
2026-02-12 22:28:00-05:00,4998.2998046875,4999.2998046875,4996.2998046875,4997.60009765625,24,0.0,0.0
2026-02-12 22:29:00-05:00,4997.89990234375,4997.89990234375,4995.10009765625,4996.2998046875,19,0.0,0.0
2026-02-12 22:30:00-05:00,4996.60009765625,5001.89990234375,4996.60009765625,5000.60009765625,29,0.0,0.0
2026-02-12 22:31:00-05:00,5002.10009765625,5002.5,5000.0,5001.2001953125,30,0.0,0.0
2026-02-12 22:32:00-05:00,5001.5,5001.5,4999.39990234375,4999.39990234375,9,0.0,0.0
2026-02-12 22:33:00-05:00,5000.39990234375,5001.7001953125,4996.89990234375,4997.2001953125,48,0.0,0.0
2026-02-12 22:34:00-05:00,4996.89990234375,4997.7998046875,4995.0,4996.7998046875,26,0.0,0.0
2026-02-12 22:35:00-05:00,4996.60009765625,4997.39990234375,4994.89990234375,4995.10009765625,63,0.0,0.0
2026-02-12 22:36:00-05:00,4996.2001953125,4996.60009765625,4995.7001953125,4996.0,8,0.0,0.0
2026-02-12 22:37:00-05:00,4995.7001953125,4996.60009765625,4994.89990234375,4996.60009765625,15,0.0,0.0
2026-02-12 22:38:00-05:00,4996.7001953125,4997.60009765625,4996.2001953125,4996.2001953125,12,0.0,0.0
2026-02-12 22:39:00-05:00,4996.7001953125,4998.0,4996.7001953125,4998.0,7,0.0,0.0
2026-02-12 22:40:00-05:00,4998.0,4998.89990234375,4995.10009765625,4996.7001953125,14,0.0,0.0
2026-02-12 22:41:00-05:00,4995.5,4995.5,4993.7001953125,4995.2998046875,13,0.0,0.0
2026-02-12 22:42:00-05:00,4995.89990234375,4996.5,4994.89990234375,4995.89990234375,8,0.0,0.0
2026-02-12 22:43:00-05:00,4995.2998046875,4995.2998046875,4995.2001953125,4995.2001953125,2,0.0,0.0
2026-02-12 22:44:00-05:00,4994.60009765625,4996.7998046875,4994.60009765625,4996.0,18,0.0,0.0
2026-02-12 22:45:00-05:00,4995.7001953125,4998.5,4995.0,4998.5,29,0.0,0.0
2026-02-12 22:46:00-05:00,4997.2001953125,4997.60009765625,4996.2001953125,4996.2001953125,15,0.0,0.0
2026-02-12 22:47:00-05:00,4996.0,4997.2998046875,4995.2998046875,4996.7001953125,10,0.0,0.0
2026-02-12 22:48:00-05:00,4996.89990234375,4996.89990234375,4996.5,4996.60009765625,3,0.0,0.0
2026-02-12 22:50:00-05:00,4996.0,4997.2001953125,4996.0,4996.5,10,0.0,0.0
2026-02-12 22:51:00-05:00,4995.60009765625,4997.2998046875,4994.39990234375,4996.39990234375,19,0.0,0.0
2026-02-12 22:52:00-05:00,4996.5,4996.60009765625,4995.7998046875,4996.0,6,0.0,0.0
2026-02-12 22:53:00-05:00,4995.5,5000.10009765625,4995.5,4999.89990234375,25,0.0,0.0
2026-02-12 22:54:00-05:00,4998.0,5001.5,4997.7998046875,4999.89990234375,40,0.0,0.0
2026-02-12 22:55:00-05:00,5000.60009765625,5003.39990234375,5000.60009765625,5003.2998046875,48,0.0,0.0
2026-02-12 22:56:00-05:00,5002.5,5002.5,5000.10009765625,5001.0,28,0.0,0.0
2026-02-12 22:57:00-05:00,5001.39990234375,5001.39990234375,5000.0,5000.5,7,0.0,0.0
2026-02-12 22:58:00-05:00,5000.7001953125,5001.5,5000.39990234375,5001.5,6,0.0,0.0
2026-02-12 22:59:00-05:00,5001.2998046875,5002.2998046875,5001.2998046875,5001.60009765625,12,0.0,0.0
2026-02-12 23:00:00-05:00,5000.0,5000.60009765625,4999.89990234375,4999.89990234375,7,0.0,0.0
2026-02-12 23:01:00-05:00,5000.0,5000.0,4999.7001953125,5000.0,3,0.0,0.0
2026-02-12 23:02:00-05:00,4999.5,5000.39990234375,4999.39990234375,5000.2001953125,8,0.0,0.0
2026-02-12 23:03:00-05:00,4999.5,4999.89990234375,4997.10009765625,4997.2998046875,27,0.0,0.0
2026-02-12 23:04:00-05:00,4998.0,4998.89990234375,4996.7998046875,4997.5,26,0.0,0.0
2026-02-12 23:05:00-05:00,4997.2001953125,5000.2001953125,4997.2001953125,5000.2001953125,25,0.0,0.0
2026-02-12 23:06:00-05:00,4999.5,5003.60009765625,4998.10009765625,5003.60009765625,44,0.0,0.0
2026-02-12 23:07:00-05:00,5004.2001953125,5004.60009765625,5000.0,5000.89990234375,25,0.0,0.0
2026-02-12 23:08:00-05:00,4999.60009765625,5001.39990234375,4995.39990234375,4997.10009765625,66,0.0,0.0
2026-02-12 23:09:00-05:00,4997.7001953125,4997.7998046875,4996.7001953125,4996.7001953125,8,0.0,0.0
2026-02-12 23:10:00-05:00,4995.2001953125,4996.5,4994.5,4996.2998046875,24,0.0,0.0
2026-02-12 23:11:00-05:00,4997.0,5001.89990234375,4995.89990234375,5001.89990234375,51,0.0,0.0
2026-02-12 23:12:00-05:00,5000.39990234375,5006.2001953125,4999.7998046875,5003.7998046875,73,0.0,0.0
2026-02-12 23:13:00-05:00,5003.2998046875,5005.0,5002.5,5005.0,12,0.0,0.0
2026-02-12 23:14:00-05:00,5004.7998046875,5006.7001953125,5003.7998046875,5004.89990234375,48,0.0,0.0
2026-02-12 23:15:00-05:00,5005.5,5009.0,5005.2998046875,5008.2998046875,31,0.0,0.0
2026-02-12 23:16:00-05:00,5008.7001953125,5016.2001953125,5007.39990234375,5015.2001953125,159,0.0,0.0
2026-02-12 23:17:00-05:00,5015.7998046875,5016.39990234375,5013.2001953125,5013.7998046875,39,0.0,0.0
2026-02-12 23:18:00-05:00,5013.2001953125,5013.2001953125,5011.0,5012.89990234375,17,0.0,0.0
2026-02-12 23:19:00-05:00,5012.0,5012.7998046875,5011.60009765625,5011.7998046875,15,0.0,0.0
2026-02-12 23:20:00-05:00,5012.2001953125,5012.89990234375,5010.7001953125,5010.7001953125,20,0.0,0.0
2026-02-12 23:21:00-05:00,5010.10009765625,5010.7001953125,5009.2001953125,5010.0,32,0.0,0.0
2026-02-12 23:22:00-05:00,5010.39990234375,5010.39990234375,5008.39990234375,5009.0,17,0.0,0.0
2026-02-12 23:23:00-05:00,5008.2001953125,5009.0,5008.0,5008.5,10,0.0,0.0
2026-02-12 23:24:00-05:00,5009.7998046875,5010.2001953125,5008.0,5008.0,9,0.0,0.0
2026-02-12 23:25:00-05:00,5007.5,5010.2001953125,5007.5,5010.10009765625,10,0.0,0.0
2026-02-12 23:26:00-05:00,5010.0,5010.0,5007.10009765625,5009.0,31,0.0,0.0
2026-02-12 23:27:00-05:00,5009.2998046875,5009.2998046875,5005.7998046875,5007.10009765625,17,0.0,0.0
2026-02-12 23:28:00-05:00,5006.2998046875,5006.2998046875,5003.60009765625,5004.60009765625,29,0.0,0.0
2026-02-12 23:29:00-05:00,5004.2998046875,5004.2998046875,5004.10009765625,5004.10009765625,5,0.0,0.0
2026-02-12 23:30:00-05:00,5004.60009765625,5004.60009765625,5002.7001953125,5004.39990234375,23,0.0,0.0
2026-02-12 23:31:00-05:00,5004.89990234375,5005.0,5004.7998046875,5004.89990234375,10,0.0,0.0
2026-02-12 23:32:00-05:00,5004.2001953125,5004.39990234375,5003.2998046875,5004.2001953125,18,0.0,0.0
2026-02-12 23:33:00-05:00,5003.5,5003.5,5002.0,5002.0,5,0.0,0.0
2026-02-12 23:34:00-05:00,5002.60009765625,5003.60009765625,5002.2998046875,5002.5,15,0.0,0.0
2026-02-12 23:35:00-05:00,5002.2998046875,5002.2998046875,5001.7001953125,5001.7001953125,11,0.0,0.0
2026-02-12 23:36:00-05:00,5001.2998046875,5002.89990234375,5001.2998046875,5001.5,17,0.0,0.0
2026-02-12 23:37:00-05:00,5001.89990234375,5002.10009765625,5000.0,5000.7998046875,14,0.0,0.0
2026-02-12 23:38:00-05:00,5000.60009765625,5001.89990234375,4998.2001953125,4999.60009765625,26,0.0,0.0
2026-02-12 23:39:00-05:00,5000.0,5002.10009765625,4999.0,4999.10009765625,29,0.0,0.0
2026-02-12 23:40:00-05:00,4998.5,4999.89990234375,4998.5,4999.2001953125,12,0.0,0.0
2026-02-12 23:41:00-05:00,5000.0,5000.0,4999.0,4999.0,9,0.0,0.0
2026-02-12 23:42:00-05:00,4999.10009765625,4999.10009765625,4996.0,4997.0,40,0.0,0.0
2026-02-12 23:43:00-05:00,4996.2998046875,4997.7998046875,4994.39990234375,4994.7001953125,52,0.0,0.0
2026-02-12 23:44:00-05:00,4994.7001953125,4996.39990234375,4994.5,4996.10009765625,33,0.0,0.0
2026-02-12 23:45:00-05:00,4996.7001953125,4997.2001953125,4996.7001953125,4997.0,5,0.0,0.0
2026-02-12 23:46:00-05:00,4996.7001953125,4996.7001953125,4995.89990234375,4996.0,8,0.0,0.0
2026-02-12 23:47:00-05:00,4997.0,4997.0,4994.7998046875,4994.7998046875,10,0.0,0.0
2026-02-12 23:48:00-05:00,4995.0,4995.89990234375,4993.60009765625,4995.89990234375,25,0.0,0.0
2026-02-12 23:49:00-05:00,4995.2998046875,4995.7001953125,4992.60009765625,4992.60009765625,36,0.0,0.0
2026-02-12 23:50:00-05:00,4993.5,4994.10009765625,4991.7001953125,4993.10009765625,31,0.0,0.0
2026-02-12 23:51:00-05:00,4995.0,4995.0,4994.10009765625,4994.10009765625,5,0.0,0.0
2026-02-12 23:52:00-05:00,4993.2998046875,4994.10009765625,4993.10009765625,4994.10009765625,6,0.0,0.0
2026-02-12 23:53:00-05:00,4994.5,4995.39990234375,4994.0,4994.39990234375,37,0.0,0.0
2026-02-12 23:54:00-05:00,4994.0,4994.2998046875,4993.7001953125,4993.7001953125,17,0.0,0.0
2026-02-12 23:55:00-05:00,4995.5,4995.5,4995.39990234375,4995.39990234375,3,0.0,0.0
2026-02-12 23:56:00-05:00,4995.60009765625,4996.2998046875,4994.5,4996.0,17,0.0,0.0
2026-02-12 23:57:00-05:00,4996.2998046875,4996.2998046875,4995.0,4995.2998046875,5,0.0,0.0
2026-02-12 23:58:00-05:00,4995.0,4995.0,4994.0,4994.0,8,0.0,0.0
2026-02-13 00:00:00-05:00,4996.10009765625,4999.0,4995.7998046875,4999.0,51,0.0,0.0
2026-02-13 00:01:00-05:00,4998.60009765625,4998.7001953125,4996.60009765625,4997.7998046875,21,0.0,0.0
2026-02-13 00:02:00-05:00,4998.5,4999.2001953125,4998.0,4999.0,15,0.0,0.0
2026-02-13 00:03:00-05:00,4998.5,4999.89990234375,4998.5,4999.89990234375,11,0.0,0.0
2026-02-13 00:04:00-05:00,5000.0,5001.39990234375,4999.7998046875,4999.89990234375,34,0.0,0.0
2026-02-13 00:05:00-05:00,4999.2001953125,4999.2998046875,4995.60009765625,4995.60009765625,13,0.0,0.0
2026-02-13 00:06:00-05:00,4995.2001953125,4996.60009765625,4995.2001953125,4996.2998046875,23,0.0,0.0
2026-02-13 00:07:00-05:00,4995.7998046875,4995.7998046875,4993.10009765625,4995.7998046875,27,0.0,0.0
2026-02-13 00:08:00-05:00,4996.10009765625,4996.10009765625,4995.89990234375,4996.0,6,0.0,0.0
2026-02-13 00:09:00-05:00,4995.7001953125,4997.60009765625,4995.5,4996.60009765625,13,0.0,0.0
2026-02-13 00:10:00-05:00,4996.60009765625,4996.60009765625,4995.2998046875,4995.2998046875,3,0.0,0.0
2026-02-13 00:11:00-05:00,4996.2998046875,4996.2998046875,4995.89990234375,4995.89990234375,2,0.0,0.0
2026-02-13 00:12:00-05:00,4995.10009765625,4996.7998046875,4995.0,4996.7998046875,12,0.0,0.0
2026-02-13 00:13:00-05:00,4997.10009765625,4998.0,4996.0,4996.0,13,0.0,0.0
2026-02-13 00:14:00-05:00,4996.39990234375,4998.39990234375,4996.39990234375,4997.2001953125,41,0.0,0.0
2026-02-13 00:15:00-05:00,4997.60009765625,4997.89990234375,4995.7998046875,4997.89990234375,18,0.0,0.0
2026-02-13 00:16:00-05:00,4998.0,4998.60009765625,4995.7998046875,4996.2001953125,22,0.0,0.0
2026-02-13 00:17:00-05:00,4995.60009765625,4995.89990234375,4992.89990234375,4993.2998046875,39,0.0,0.0
2026-02-13 00:18:00-05:00,4993.5,4994.39990234375,4991.0,4991.0,28,0.0,0.0
2026-02-13 00:19:00-05:00,4990.89990234375,4992.0,4984.10009765625,4992.0,210,0.0,0.0
2026-02-13 00:20:00-05:00,4991.7001953125,4998.0,4991.7001953125,4997.39990234375,48,0.0,0.0
2026-02-13 00:21:00-05:00,4997.39990234375,4999.0,4996.39990234375,4999.0,48,0.0,0.0
2026-02-13 00:22:00-05:00,4998.7998046875,5003.0,4998.60009765625,5000.10009765625,54,0.0,0.0
2026-02-13 00:23:00-05:00,4999.60009765625,5000.0,4997.10009765625,4997.10009765625,16,0.0,0.0
2026-02-13 00:24:00-05:00,4997.10009765625,5001.2998046875,4995.5,5001.10009765625,48,0.0,0.0
2026-02-13 00:25:00-05:00,5001.10009765625,5003.60009765625,5000.10009765625,5002.5,51,0.0,0.0
2026-02-13 00:26:00-05:00,5002.5,5005.0,5002.10009765625,5003.2998046875,62,0.0,0.0
2026-02-13 00:27:00-05:00,5003.10009765625,5004.10009765625,5003.0,5003.60009765625,38,0.0,0.0
2026-02-13 00:28:00-05:00,5003.10009765625,5005.39990234375,5002.10009765625,5002.7001953125,34,0.0,0.0
2026-02-13 00:29:00-05:00,5001.5,5001.7998046875,4998.0,4999.2001953125,71,0.0,0.0
2026-02-13 00:30:00-05:00,4999.10009765625,4999.10009765625,4988.5,4988.60009765625,137,0.0,0.0
2026-02-13 00:31:00-05:00,4991.60009765625,4996.10009765625,4991.60009765625,4991.89990234375,47,0.0,0.0
2026-02-13 00:32:00-05:00,4991.5,4992.0,4986.39990234375,4990.7001953125,78,0.0,0.0
2026-02-13 00:33:00-05:00,4990.10009765625,4990.10009765625,4987.7001953125,4988.5,57,0.0,0.0
2026-02-13 00:34:00-05:00,4988.2998046875,4989.2001953125,4986.0,4986.7001953125,50,0.0,0.0
2026-02-13 00:35:00-05:00,4985.7001953125,4988.2998046875,4985.7001953125,4988.10009765625,18,0.0,0.0
2026-02-13 00:36:00-05:00,4987.60009765625,4993.2001953125,4987.2998046875,4992.7998046875,55,0.0,0.0
2026-02-13 00:37:00-05:00,4992.2998046875,4993.2001953125,4988.7001953125,4989.5,82,0.0,0.0
2026-02-13 00:38:00-05:00,4989.5,4991.39990234375,4989.39990234375,4991.39990234375,16,0.0,0.0
2026-02-13 00:39:00-05:00,4992.2998046875,4992.7998046875,4990.7998046875,4991.89990234375,24,0.0,0.0
2026-02-13 00:40:00-05:00,4992.7001953125,4992.7001953125,4989.89990234375,4991.10009765625,54,0.0,0.0
2026-02-13 00:41:00-05:00,4991.7998046875,4993.10009765625,4991.5,4991.5,10,0.0,0.0
2026-02-13 00:42:00-05:00,4990.89990234375,4991.0,4989.7001953125,4990.5,15,0.0,0.0
2026-02-13 00:43:00-05:00,4990.39990234375,4990.39990234375,4978.0,4982.7998046875,441,0.0,0.0
2026-02-13 00:44:00-05:00,4982.2001953125,4985.0,4982.0,4983.0,42,0.0,0.0
2026-02-13 00:45:00-05:00,4983.60009765625,4984.2001953125,4975.39990234375,4978.2998046875,121,0.0,0.0
2026-02-13 00:46:00-05:00,4977.5,4978.39990234375,4975.10009765625,4976.0,269,0.0,0.0
2026-02-13 00:47:00-05:00,4976.2998046875,4979.2001953125,4976.2998046875,4978.5,93,0.0,0.0
2026-02-13 00:48:00-05:00,4979.7998046875,4982.5,4978.7998046875,4981.5,81,0.0,0.0
2026-02-13 00:49:00-05:00,4981.2998046875,4982.2001953125,4980.5,4980.7001953125,28,0.0,0.0
2026-02-13 00:50:00-05:00,4980.7998046875,4981.2001953125,4979.60009765625,4979.60009765625,15,0.0,0.0
2026-02-13 00:51:00-05:00,4980.7001953125,4980.7001953125,4978.2001953125,4979.10009765625,19,0.0,0.0
2026-02-13 00:52:00-05:00,4979.39990234375,4979.39990234375,4972.5,4973.5,87,0.0,0.0
2026-02-13 00:53:00-05:00,4973.39990234375,4975.7998046875,4972.39990234375,4975.0,35,0.0,0.0
2026-02-13 00:54:00-05:00,4975.7001953125,4977.2001953125,4973.39990234375,4975.0,59,0.0,0.0
2026-02-13 00:55:00-05:00,4974.60009765625,4975.0,4968.0,4969.10009765625,48,0.0,0.0
2026-02-13 00:56:00-05:00,4969.5,4971.5,4968.0,4970.0,100,0.0,0.0
2026-02-13 00:57:00-05:00,4970.0,4974.10009765625,4969.2001953125,4973.7001953125,113,0.0,0.0
2026-02-13 00:58:00-05:00,4974.0,4974.0,4966.7001953125,4967.2998046875,64,0.0,0.0
2026-02-13 00:59:00-05:00,4967.10009765625,4967.5,4963.2001953125,4965.39990234375,140,0.0,0.0
2026-02-13 01:00:00-05:00,4964.60009765625,4968.2998046875,4964.39990234375,4968.2998046875,107,0.0,0.0
2026-02-13 01:01:00-05:00,4968.2001953125,4972.2001953125,4967.2001953125,4970.7998046875,69,0.0,0.0
2026-02-13 01:02:00-05:00,4971.10009765625,4975.60009765625,4971.10009765625,4973.60009765625,71,0.0,0.0
2026-02-13 01:03:00-05:00,4973.2001953125,4974.60009765625,4972.5,4972.7998046875,26,0.0,0.0
2026-02-13 01:04:00-05:00,4972.7998046875,4973.0,4966.39990234375,4966.7001953125,51,0.0,0.0
2026-02-13 01:05:00-05:00,4967.60009765625,4970.0,4965.39990234375,4967.2998046875,46,0.0,0.0
2026-02-13 01:06:00-05:00,4967.10009765625,4971.2001953125,4965.2001953125,4968.2001953125,96,0.0,0.0
2026-02-13 01:07:00-05:00,4968.2998046875,4973.0,4967.89990234375,4971.2001953125,77,0.0,0.0
2026-02-13 01:08:00-05:00,4971.5,4974.5,4971.39990234375,4974.0,62,0.0,0.0
2026-02-13 01:09:00-05:00,4974.5,4979.2998046875,4972.39990234375,4978.5,68,0.0,0.0
2026-02-13 01:10:00-05:00,4979.10009765625,4980.89990234375,4976.60009765625,4976.60009765625,130,0.0,0.0
2026-02-13 01:11:00-05:00,4977.10009765625,4979.60009765625,4977.10009765625,4979.60009765625,11,0.0,0.0
2026-02-13 01:12:00-05:00,4976.89990234375,4978.7001953125,4975.7001953125,4975.7001953125,40,0.0,0.0
2026-02-13 01:13:00-05:00,4975.7001953125,4975.7998046875,4973.2998046875,4974.39990234375,71,0.0,0.0
2026-02-13 01:14:00-05:00,4974.7998046875,4976.7001953125,4974.7998046875,4976.7001953125,9,0.0,0.0
2026-02-13 01:15:00-05:00,4977.2998046875,4980.10009765625,4977.2998046875,4979.5,39,0.0,0.0
2026-02-13 01:16:00-05:00,4979.0,4979.0,4974.2001953125,4974.2001953125,81,0.0,0.0
2026-02-13 01:17:00-05:00,4975.10009765625,4977.0,4975.10009765625,4976.10009765625,9,0.0,0.0
2026-02-13 01:18:00-05:00,4976.0,4976.10009765625,4971.2998046875,4971.39990234375,64,0.0,0.0
2026-02-13 01:19:00-05:00,4972.10009765625,4972.39990234375,4970.7001953125,4971.7001953125,39,0.0,0.0
2026-02-13 01:20:00-05:00,4971.7998046875,4974.2001953125,4971.7998046875,4973.7001953125,65,0.0,0.0
2026-02-13 01:21:00-05:00,4973.39990234375,4974.60009765625,4972.0,4973.39990234375,75,0.0,0.0
2026-02-13 01:22:00-05:00,4973.60009765625,4975.10009765625,4970.5,4970.7998046875,70,0.0,0.0
2026-02-13 01:23:00-05:00,4970.0,4972.0,4969.0,4971.39990234375,54,0.0,0.0
2026-02-13 01:24:00-05:00,4972.89990234375,4974.2998046875,4971.7998046875,4973.7998046875,27,0.0,0.0
2026-02-13 01:25:00-05:00,4973.2998046875,4974.10009765625,4969.60009765625,4970.89990234375,42,0.0,0.0
2026-02-13 01:26:00-05:00,4970.2001953125,4971.2001953125,4968.0,4971.2001953125,24,0.0,0.0
2026-02-13 01:27:00-05:00,4971.7001953125,4976.60009765625,4971.7001953125,4973.89990234375,47,0.0,0.0
2026-02-13 01:28:00-05:00,4974.0,4974.60009765625,4970.89990234375,4972.0,39,0.0,0.0
2026-02-13 01:29:00-05:00,4972.39990234375,4972.39990234375,4972.39990234375,4972.39990234375,1,0.0,0.0
2026-02-13 01:30:00-05:00,4971.2998046875,4971.2998046875,4969.39990234375,4970.7001953125,16,0.0,0.0
2026-02-13 01:31:00-05:00,4971.7998046875,4971.89990234375,4970.7001953125,4971.7998046875,21,0.0,0.0
2026-02-13 01:32:00-05:00,4972.39990234375,4976.2001953125,4972.39990234375,4976.2001953125,24,0.0,0.0
2026-02-13 01:33:00-05:00,4976.2001953125,4979.10009765625,4975.2998046875,4978.2998046875,58,0.0,0.0
2026-02-13 01:34:00-05:00,4979.2998046875,4980.7001953125,4978.7001953125,4980.7001953125,48,0.0,0.0
2026-02-13 01:35:00-05:00,4980.5,4980.5,4978.7001953125,4979.2001953125,34,0.0,0.0
2026-02-13 01:36:00-05:00,4978.39990234375,4979.5,4976.7001953125,4977.39990234375,21,0.0,0.0
2026-02-13 01:37:00-05:00,4976.10009765625,4978.2001953125,4975.0,4977.10009765625,31,0.0,0.0
2026-02-13 01:38:00-05:00,4976.7001953125,4978.2001953125,4976.2001953125,4976.7998046875,10,0.0,0.0
2026-02-13 01:39:00-05:00,4976.7998046875,4976.7998046875,4973.39990234375,4973.39990234375,48,0.0,0.0
2026-02-13 01:40:00-05:00,4972.7998046875,4975.2001953125,4972.7998046875,4974.0,37,0.0,0.0
2026-02-13 01:41:00-05:00,4974.39990234375,4979.60009765625,4973.89990234375,4979.60009765625,43,0.0,0.0
2026-02-13 01:42:00-05:00,4979.2001953125,4980.0,4975.0,4976.2001953125,59,0.0,0.0
2026-02-13 01:43:00-05:00,4975.0,4975.60009765625,4974.0,4974.7998046875,10,0.0,0.0
2026-02-13 01:44:00-05:00,4973.7998046875,4973.7998046875,4972.2001953125,4973.39990234375,31,0.0,0.0
2026-02-13 01:45:00-05:00,4974.60009765625,4974.60009765625,4970.10009765625,4970.89990234375,61,0.0,0.0
2026-02-13 01:46:00-05:00,4970.89990234375,4975.39990234375,4970.7998046875,4973.5,36,0.0,0.0
2026-02-13 01:47:00-05:00,4972.0,4973.10009765625,4969.10009765625,4970.7001953125,29,0.0,0.0
2026-02-13 01:48:00-05:00,4970.5,4971.60009765625,4969.7001953125,4970.7001953125,36,0.0,0.0
2026-02-13 01:49:00-05:00,4970.10009765625,4977.10009765625,4970.10009765625,4977.10009765625,26,0.0,0.0
2026-02-13 01:50:00-05:00,4977.39990234375,4978.2998046875,4974.60009765625,4976.10009765625,32,0.0,0.0
2026-02-13 01:51:00-05:00,4976.2001953125,4976.7998046875,4975.0,4976.7998046875,21,0.0,0.0
2026-02-13 01:52:00-05:00,4976.60009765625,4976.60009765625,4975.7001953125,4976.5,10,0.0,0.0
2026-02-13 01:53:00-05:00,4977.39990234375,4977.39990234375,4974.60009765625,4975.7998046875,65,0.0,0.0
2026-02-13 01:54:00-05:00,4976.39990234375,4980.0,4975.10009765625,4975.10009765625,147,0.0,0.0
2026-02-13 01:55:00-05:00,4974.5,4975.7001953125,4974.0,4975.2001953125,29,0.0,0.0
2026-02-13 01:56:00-05:00,4974.10009765625,4975.60009765625,4973.0,4974.89990234375,99,0.0,0.0
2026-02-13 01:57:00-05:00,4975.2001953125,4982.60009765625,4975.2001953125,4982.60009765625,65,0.0,0.0
2026-02-13 01:58:00-05:00,4982.7998046875,4988.0,4982.39990234375,4986.60009765625,250,0.0,0.0
2026-02-13 01:59:00-05:00,4986.2001953125,4988.0,4984.7998046875,4986.7001953125,75,0.0,0.0
2026-02-13 02:00:00-05:00,4985.89990234375,4985.89990234375,4980.0,4980.0,68,0.0,0.0
2026-02-13 02:01:00-05:00,4980.60009765625,4981.5,4975.0,4977.39990234375,75,0.0,0.0
2026-02-13 02:02:00-05:00,4975.7001953125,4978.2998046875,4975.0,4977.60009765625,58,0.0,0.0
2026-02-13 02:03:00-05:00,4978.0,4978.5,4976.2001953125,4978.2001953125,23,0.0,0.0
2026-02-13 02:04:00-05:00,4977.2998046875,4980.7001953125,4977.10009765625,4978.2001953125,46,0.0,0.0
2026-02-13 02:05:00-05:00,4979.2001953125,4986.7998046875,4978.60009765625,4985.60009765625,86,0.0,0.0
2026-02-13 02:06:00-05:00,4985.5,4986.5,4983.89990234375,4986.0,135,0.0,0.0
2026-02-13 02:07:00-05:00,4986.10009765625,4987.5,4982.39990234375,4982.39990234375,52,0.0,0.0
2026-02-13 02:08:00-05:00,4983.2998046875,4984.0,4980.5,4982.7998046875,42,0.0,0.0
2026-02-13 02:09:00-05:00,4981.60009765625,4981.60009765625,4977.0,4977.5,47,0.0,0.0
2026-02-13 02:10:00-05:00,4976.2998046875,4976.2998046875,4970.5,4971.7998046875,120,0.0,0.0
2026-02-13 02:11:00-05:00,4972.5,4976.7998046875,4970.0,4974.60009765625,110,0.0,0.0
2026-02-13 02:12:00-05:00,4974.60009765625,4978.60009765625,4974.39990234375,4978.0,140,0.0,0.0
2026-02-13 02:13:00-05:00,4977.7998046875,4979.5,4976.2001953125,4976.7998046875,149,0.0,0.0
2026-02-13 02:14:00-05:00,4974.89990234375,4980.2001953125,4974.7001953125,4979.10009765625,94,0.0,0.0
2026-02-13 02:15:00-05:00,4978.7001953125,4982.7998046875,4978.0,4982.7001953125,44,0.0,0.0
2026-02-13 02:16:00-05:00,4981.89990234375,4985.0,4981.89990234375,4984.89990234375,66,0.0,0.0
2026-02-13 02:17:00-05:00,4985.2998046875,4990.0,4984.89990234375,4987.2998046875,110,0.0,0.0
2026-02-13 02:18:00-05:00,4987.60009765625,4992.0,4986.10009765625,4992.0,190,0.0,0.0
2026-02-13 02:19:00-05:00,4991.5,4996.0,4990.2001953125,4993.2998046875,333,0.0,0.0
2026-02-13 02:20:00-05:00,4993.2998046875,4993.5,4989.39990234375,4989.89990234375,132,0.0,0.0
2026-02-13 02:21:00-05:00,4990.10009765625,4990.10009765625,4987.89990234375,4989.7001953125,83,0.0,0.0
2026-02-13 02:22:00-05:00,4988.89990234375,4990.39990234375,4986.89990234375,4988.7998046875,89,0.0,0.0
2026-02-13 02:23:00-05:00,4989.2998046875,4989.60009765625,4987.7001953125,4989.5,45,0.0,0.0
2026-02-13 02:24:00-05:00,4988.7998046875,4989.60009765625,4985.0,4985.2001953125,97,0.0,0.0
2026-02-13 02:25:00-05:00,4984.7001953125,4985.7001953125,4983.89990234375,4985.7001953125,37,0.0,0.0
2026-02-13 02:26:00-05:00,4985.89990234375,4990.39990234375,4985.89990234375,4988.7001953125,78,0.0,0.0
2026-02-13 02:27:00-05:00,4989.39990234375,4989.7001953125,4987.39990234375,4987.7001953125,32,0.0,0.0
2026-02-13 02:28:00-05:00,4987.5,4988.10009765625,4987.10009765625,4988.10009765625,23,0.0,0.0
2026-02-13 02:29:00-05:00,4987.5,4988.0,4987.39990234375,4987.39990234375,8,0.0,0.0
2026-02-13 02:30:00-05:00,4988.0,4989.0,4985.2998046875,4988.60009765625,37,0.0,0.0
2026-02-13 02:31:00-05:00,4989.60009765625,4990.89990234375,4988.60009765625,4990.2998046875,37,0.0,0.0
2026-02-13 02:32:00-05:00,4990.2998046875,4991.39990234375,4989.2998046875,4989.89990234375,22,0.0,0.0
2026-02-13 02:33:00-05:00,4989.2001953125,4993.0,4988.10009765625,4989.89990234375,133,0.0,0.0
2026-02-13 02:34:00-05:00,4991.7001953125,4995.0,4991.2998046875,4992.0,82,0.0,0.0
2026-02-13 02:35:00-05:00,4992.5,4998.39990234375,4992.5,4998.2001953125,93,0.0,0.0
2026-02-13 02:36:00-05:00,4998.7001953125,4998.7998046875,4997.5,4997.7998046875,20,0.0,0.0
2026-02-13 02:37:00-05:00,4997.7001953125,5000.7001953125,4996.5,4999.39990234375,92,0.0,0.0
2026-02-13 02:38:00-05:00,5000.0,5000.39990234375,4997.2998046875,4997.2998046875,66,0.0,0.0
2026-02-13 02:39:00-05:00,4998.0,5001.89990234375,4997.2001953125,4998.0,68,0.0,0.0
2026-02-13 02:40:00-05:00,4998.10009765625,4999.10009765625,4996.2998046875,4999.10009765625,56,0.0,0.0
2026-02-13 02:41:00-05:00,4999.10009765625,4999.10009765625,4995.10009765625,4995.10009765625,32,0.0,0.0
2026-02-13 02:42:00-05:00,4995.39990234375,4995.89990234375,4988.10009765625,4988.89990234375,94,0.0,0.0
2026-02-13 02:43:00-05:00,4989.2001953125,4992.7998046875,4987.7001953125,4990.60009765625,99,0.0,0.0
2026-02-13 02:44:00-05:00,4991.0,4991.2001953125,4988.7998046875,4990.2001953125,28,0.0,0.0
2026-02-13 02:45:00-05:00,4990.2998046875,4991.2001953125,4989.7001953125,4989.7001953125,36,0.0,0.0
2026-02-13 02:46:00-05:00,4990.2998046875,4990.7001953125,4988.60009765625,4989.7998046875,34,0.0,0.0
2026-02-13 02:47:00-05:00,4990.2998046875,4993.5,4989.7001953125,4993.5,47,0.0,0.0
2026-02-13 02:48:00-05:00,4993.39990234375,4994.39990234375,4992.0,4993.60009765625,47,0.0,0.0
2026-02-13 02:49:00-05:00,4993.60009765625,4996.10009765625,4993.39990234375,4994.2998046875,45,0.0,0.0
2026-02-13 02:50:00-05:00,4994.10009765625,4994.5,4990.7998046875,4993.2001953125,55,0.0,0.0
2026-02-13 02:51:00-05:00,4993.5,4993.60009765625,4992.5,4993.5,13,0.0,0.0
2026-02-13 02:52:00-05:00,4994.7998046875,4996.89990234375,4992.89990234375,4994.7001953125,80,0.0,0.0
2026-02-13 02:53:00-05:00,4995.2998046875,4995.7001953125,4992.7001953125,4992.7001953125,9,0.0,0.0
2026-02-13 02:54:00-05:00,4992.5,5001.39990234375,4992.2001953125,5001.39990234375,54,0.0,0.0
2026-02-13 02:55:00-05:00,5001.60009765625,5001.60009765625,4995.2001953125,4997.5,28,0.0,0.0
2026-02-13 02:56:00-05:00,4997.5,4997.5,4994.7998046875,4996.7001953125,39,0.0,0.0
2026-02-13 02:57:00-05:00,4996.7001953125,4996.7998046875,4992.39990234375,4993.0,55,0.0,0.0
2026-02-13 02:58:00-05:00,4992.10009765625,4994.60009765625,4990.7001953125,4994.60009765625,58,0.0,0.0
2026-02-13 02:59:00-05:00,4994.89990234375,4995.7001953125,4992.5,4994.60009765625,74,0.0,0.0
2026-02-13 03:00:00-05:00,4995.0,4995.0,4991.2001953125,4994.60009765625,57,0.0,0.0
2026-02-13 03:01:00-05:00,4994.60009765625,4996.2001953125,4994.2998046875,4995.39990234375,39,0.0,0.0
2026-02-13 03:02:00-05:00,4994.89990234375,4995.5,4993.7001953125,4994.5,31,0.0,0.0
2026-02-13 03:03:00-05:00,4993.2998046875,4996.39990234375,4992.7001953125,4995.39990234375,40,0.0,0.0
2026-02-13 03:04:00-05:00,4995.2001953125,4997.7998046875,4994.39990234375,4997.7998046875,32,0.0,0.0
2026-02-13 03:05:00-05:00,4998.60009765625,4999.7998046875,4996.2001953125,4998.7998046875,66,0.0,0.0
2026-02-13 03:06:00-05:00,4998.60009765625,5006.2998046875,4998.60009765625,5005.10009765625,162,0.0,0.0
2026-02-13 03:07:00-05:00,5004.2001953125,5004.60009765625,5001.2001953125,5003.2001953125,76,0.0,0.0
2026-02-13 03:08:00-05:00,5003.5,5003.5,5000.0,5002.2001953125,67,0.0,0.0
2026-02-13 03:09:00-05:00,5001.7001953125,5007.2998046875,5001.39990234375,5005.60009765625,195,0.0,0.0
2026-02-13 03:10:00-05:00,5005.2001953125,5009.5,5004.0,5004.2998046875,92,0.0,0.0
2026-02-13 03:11:00-05:00,5004.89990234375,5006.39990234375,5003.89990234375,5003.89990234375,42,0.0,0.0
2026-02-13 03:12:00-05:00,5003.2001953125,5003.2001953125,4999.5,5003.2001953125,47,0.0,0.0
2026-02-13 03:13:00-05:00,5002.60009765625,5003.60009765625,4999.5,5000.89990234375,39,0.0,0.0
2026-02-13 03:14:00-05:00,5002.2998046875,5003.7001953125,4998.10009765625,4998.7998046875,102,0.0,0.0
2026-02-13 03:15:00-05:00,4999.2001953125,5002.0,4998.39990234375,5001.7001953125,48,0.0,0.0
2026-02-13 03:16:00-05:00,5001.7001953125,5003.0,5000.7998046875,5003.0,20,0.0,0.0
2026-02-13 03:17:00-05:00,5002.5,5003.0,4999.89990234375,4999.89990234375,46,0.0,0.0
2026-02-13 03:18:00-05:00,4999.2998046875,5000.89990234375,4996.60009765625,4997.89990234375,53,0.0,0.0
2026-02-13 03:19:00-05:00,4997.2001953125,4998.39990234375,4996.2998046875,4997.89990234375,13,0.0,0.0
2026-02-13 03:20:00-05:00,4998.60009765625,5000.0,4997.2001953125,4999.60009765625,61,0.0,0.0
2026-02-13 03:21:00-05:00,4999.89990234375,5005.10009765625,4999.89990234375,5005.10009765625,43,0.0,0.0
2026-02-13 03:22:00-05:00,5005.0,5005.0,5002.60009765625,5005.0,26,0.0,0.0
2026-02-13 03:23:00-05:00,5005.2001953125,5005.89990234375,5002.5,5002.5,52,0.0,0.0
2026-02-13 03:24:00-05:00,5002.7001953125,5002.7001953125,4997.10009765625,4998.0,55,0.0,0.0
2026-02-13 03:25:00-05:00,4998.5,5001.39990234375,4998.10009765625,5001.10009765625,21,0.0,0.0
2026-02-13 03:26:00-05:00,5002.0,5002.39990234375,5000.2998046875,5000.5,56,0.0,0.0
2026-02-13 03:27:00-05:00,4999.60009765625,5001.7001953125,4997.10009765625,5001.39990234375,39,0.0,0.0
2026-02-13 03:28:00-05:00,5001.39990234375,5004.39990234375,5001.39990234375,5004.2001953125,30,0.0,0.0
2026-02-13 03:29:00-05:00,5004.2998046875,5004.2998046875,5001.7998046875,5001.7998046875,26,0.0,0.0
2026-02-13 03:30:00-05:00,5001.89990234375,5001.89990234375,4998.39990234375,4999.10009765625,22,0.0,0.0
2026-02-13 03:31:00-05:00,4998.5,5002.2998046875,4998.2001953125,5001.7001953125,76,0.0,0.0
2026-02-13 03:32:00-05:00,5000.7001953125,5002.60009765625,5000.5,5001.2998046875,42,0.0,0.0
2026-02-13 03:33:00-05:00,5001.7001953125,5002.10009765625,4998.2998046875,4998.5,71,0.0,0.0
2026-02-13 03:34:00-05:00,4998.89990234375,5002.2001953125,4998.89990234375,5001.10009765625,30,0.0,0.0
2026-02-13 03:35:00-05:00,5001.39990234375,5003.10009765625,5000.89990234375,5003.10009765625,33,0.0,0.0
2026-02-13 03:36:00-05:00,5003.10009765625,5003.10009765625,5000.7998046875,5001.0,9,0.0,0.0
2026-02-13 03:37:00-05:00,5001.5,5001.60009765625,4999.2001953125,5001.2001953125,20,0.0,0.0
2026-02-13 03:38:00-05:00,5001.0,5005.39990234375,5001.0,5002.89990234375,65,0.0,0.0
2026-02-13 03:39:00-05:00,5002.39990234375,5003.7998046875,5000.7001953125,5000.7001953125,63,0.0,0.0
2026-02-13 03:40:00-05:00,5001.2001953125,5005.0,5001.2001953125,5002.2998046875,59,0.0,0.0
2026-02-13 03:41:00-05:00,5002.5,5003.60009765625,5002.0,5002.0,24,0.0,0.0
2026-02-13 03:42:00-05:00,5003.0,5003.2998046875,5001.7998046875,5001.89990234375,9,0.0,0.0
2026-02-13 03:43:00-05:00,5003.2998046875,5004.89990234375,5002.5,5004.2001953125,23,0.0,0.0
2026-02-13 03:44:00-05:00,5003.7001953125,5004.2998046875,5002.5,5002.5,9,0.0,0.0
2026-02-13 03:45:00-05:00,5003.7001953125,5005.2001953125,5003.0,5003.5,53,0.0,0.0
2026-02-13 03:46:00-05:00,5002.7998046875,5005.2001953125,5000.89990234375,5005.2001953125,48,0.0,0.0
2026-02-13 03:47:00-05:00,5005.2001953125,5006.60009765625,5003.7998046875,5004.2998046875,84,0.0,0.0
2026-02-13 03:48:00-05:00,5004.2998046875,5005.5,5002.2998046875,5002.2998046875,36,0.0,0.0
2026-02-13 03:49:00-05:00,5002.2998046875,5002.7001953125,4998.7001953125,4998.7001953125,27,0.0,0.0
2026-02-13 03:50:00-05:00,4998.60009765625,4998.89990234375,4996.5,4996.7998046875,52,0.0,0.0
2026-02-13 03:51:00-05:00,4996.7998046875,4999.60009765625,4990.0,4999.60009765625,218,0.0,0.0
2026-02-13 03:52:00-05:00,4999.2998046875,5000.0,4997.2001953125,4998.10009765625,42,0.0,0.0
2026-02-13 03:53:00-05:00,4997.0,5000.60009765625,4995.39990234375,4999.2001953125,80,0.0,0.0
2026-02-13 03:54:00-05:00,5001.0,5003.0,4998.89990234375,5000.10009765625,72,0.0,0.0
2026-02-13 03:55:00-05:00,4999.2001953125,5001.7998046875,4999.0,5000.7998046875,102,0.0,0.0
2026-02-13 03:56:00-05:00,5001.2998046875,5001.2998046875,4998.89990234375,4999.60009765625,12,0.0,0.0
2026-02-13 03:57:00-05:00,4998.7001953125,5002.0,4998.0,5001.39990234375,25,0.0,0.0
2026-02-13 03:58:00-05:00,5001.2998046875,5003.10009765625,5001.2001953125,5003.10009765625,45,0.0,0.0
2026-02-13 03:59:00-05:00,5003.10009765625,5003.10009765625,5001.2001953125,5001.89990234375,46,0.0,0.0
2026-02-13 04:00:00-05:00,5002.7998046875,5002.7998046875,5000.10009765625,5001.2001953125,36,0.0,0.0
2026-02-13 04:01:00-05:00,5001.39990234375,5002.5,5000.10009765625,5000.5,42,0.0,0.0
2026-02-13 04:02:00-05:00,5000.10009765625,5000.89990234375,4997.39990234375,4997.39990234375,54,0.0,0.0
2026-02-13 04:03:00-05:00,4997.0,4999.39990234375,4996.0,4997.10009765625,53,0.0,0.0
2026-02-13 04:04:00-05:00,4997.7998046875,4999.60009765625,4997.7998046875,4998.89990234375,30,0.0,0.0
2026-02-13 04:05:00-05:00,4998.89990234375,5000.0,4998.60009765625,4999.10009765625,12,0.0,0.0
2026-02-13 04:06:00-05:00,4998.39990234375,4999.89990234375,4997.10009765625,4998.2998046875,45,0.0,0.0
2026-02-13 04:07:00-05:00,4997.89990234375,4999.39990234375,4997.89990234375,4999.39990234375,13,0.0,0.0
2026-02-13 04:08:00-05:00,4998.5,4999.0,4997.10009765625,4997.5,32,0.0,0.0
2026-02-13 04:09:00-05:00,4998.39990234375,4998.7001953125,4997.10009765625,4998.0,39,0.0,0.0
2026-02-13 04:10:00-05:00,4997.7001953125,4998.7001953125,4997.60009765625,4998.7001953125,33,0.0,0.0
2026-02-13 04:11:00-05:00,4998.10009765625,5000.89990234375,4997.7998046875,4998.7001953125,83,0.0,0.0
2026-02-13 04:12:00-05:00,4998.2001953125,5000.7998046875,4998.0,4999.2001953125,84,0.0,0.0
2026-02-13 04:13:00-05:00,5000.2998046875,5002.10009765625,4999.7001953125,5000.2001953125,102,0.0,0.0
2026-02-13 04:14:00-05:00,4999.7998046875,5000.2998046875,4997.0,4997.39990234375,63,0.0,0.0
2026-02-13 04:15:00-05:00,4997.5,4998.2998046875,4995.7998046875,4998.2998046875,63,0.0,0.0
2026-02-13 04:16:00-05:00,4998.89990234375,5000.7998046875,4997.7998046875,4999.2998046875,73,0.0,0.0
2026-02-13 04:17:00-05:00,4998.5,4999.5,4993.0,4996.10009765625,79,0.0,0.0
2026-02-13 04:18:00-05:00,4996.10009765625,4996.39990234375,4992.5,4995.5,46,0.0,0.0
2026-02-13 04:19:00-05:00,4996.2998046875,4998.89990234375,4996.2998046875,4998.89990234375,24,0.0,0.0
2026-02-13 04:20:00-05:00,4999.5,5001.60009765625,4998.89990234375,4999.39990234375,38,0.0,0.0
2026-02-13 04:21:00-05:00,4999.0,5000.60009765625,4998.89990234375,5000.10009765625,23,0.0,0.0
2026-02-13 04:22:00-05:00,5000.0,5000.2001953125,4999.0,4999.0,62,0.0,0.0
2026-02-13 04:23:00-05:00,4999.39990234375,4999.7998046875,4995.2998046875,4997.10009765625,52,0.0,0.0
2026-02-13 04:24:00-05:00,4997.7998046875,4998.60009765625,4997.7001953125,4998.0,13,0.0,0.0
2026-02-13 04:25:00-05:00,4997.60009765625,4997.60009765625,4992.5,4995.60009765625,69,0.0,0.0
2026-02-13 04:26:00-05:00,4995.10009765625,4996.39990234375,4994.39990234375,4995.89990234375,23,0.0,0.0
2026-02-13 04:27:00-05:00,4995.89990234375,4995.89990234375,4992.7001953125,4993.0,42,0.0,0.0
2026-02-13 04:28:00-05:00,4992.60009765625,4993.2001953125,4988.2998046875,4989.60009765625,156,0.0,0.0
2026-02-13 04:29:00-05:00,4988.7998046875,4988.7998046875,4984.0,4984.89990234375,127,0.0,0.0
2026-02-13 04:30:00-05:00,4984.0,4985.39990234375,4981.2001953125,4984.10009765625,116,0.0,0.0
2026-02-13 04:31:00-05:00,4985.10009765625,4988.7998046875,4984.7998046875,4987.0,37,0.0,0.0
2026-02-13 04:32:00-05:00,4987.89990234375,4989.2001953125,4985.7001953125,4988.0,53,0.0,0.0
2026-02-13 04:33:00-05:00,4988.10009765625,4990.7998046875,4987.7998046875,4990.5,31,0.0,0.0
2026-02-13 04:34:00-05:00,4990.60009765625,4991.89990234375,4988.39990234375,4988.7001953125,60,0.0,0.0
2026-02-13 04:35:00-05:00,4989.0,4989.89990234375,4989.0,4989.0,13,0.0,0.0
2026-02-13 04:36:00-05:00,4988.2998046875,4988.2998046875,4985.10009765625,4986.60009765625,37,0.0,0.0
2026-02-13 04:37:00-05:00,4986.7001953125,4989.39990234375,4986.7001953125,4987.39990234375,57,0.0,0.0
2026-02-13 04:38:00-05:00,4986.60009765625,4986.60009765625,4985.5,4986.10009765625,13,0.0,0.0
2026-02-13 04:39:00-05:00,4986.39990234375,4987.10009765625,4984.5,4984.5,23,0.0,0.0
2026-02-13 04:40:00-05:00,4985.2001953125,4987.2998046875,4985.0,4986.7001953125,29,0.0,0.0
2026-02-13 04:41:00-05:00,4986.89990234375,4990.5,4986.89990234375,4990.39990234375,33,0.0,0.0
2026-02-13 04:42:00-05:00,4989.89990234375,4991.2998046875,4988.7998046875,4991.0,27,0.0,0.0
2026-02-13 04:43:00-05:00,4991.39990234375,4994.39990234375,4990.0,4990.0,40,0.0,0.0
2026-02-13 04:44:00-05:00,4989.7998046875,4991.0,4988.7998046875,4991.0,17,0.0,0.0
2026-02-13 04:45:00-05:00,4990.39990234375,4994.39990234375,4989.7001953125,4992.0,94,0.0,0.0
2026-02-13 04:46:00-05:00,4992.10009765625,4993.39990234375,4991.0,4991.10009765625,72,0.0,0.0
2026-02-13 04:47:00-05:00,4992.7998046875,4995.10009765625,4991.2001953125,4994.5,51,0.0,0.0
2026-02-13 04:48:00-05:00,4995.0,4997.0,4993.2998046875,4995.0,110,0.0,0.0
2026-02-13 04:49:00-05:00,4995.0,4995.7998046875,4992.2998046875,4993.10009765625,25,0.0,0.0
2026-02-13 04:50:00-05:00,4994.0,4994.10009765625,4992.2998046875,4993.39990234375,33,0.0,0.0
2026-02-13 04:51:00-05:00,4993.0,4993.39990234375,4991.60009765625,4992.7998046875,19,0.0,0.0
2026-02-13 04:52:00-05:00,4991.7998046875,4995.7998046875,4991.7998046875,4994.10009765625,44,0.0,0.0
2026-02-13 04:53:00-05:00,4995.0,4995.0,4992.60009765625,4992.60009765625,38,0.0,0.0
2026-02-13 04:54:00-05:00,4991.89990234375,4993.0,4990.7998046875,4992.0,36,0.0,0.0
2026-02-13 04:55:00-05:00,4991.7001953125,4991.89990234375,4990.7998046875,4990.7998046875,26,0.0,0.0
2026-02-13 04:56:00-05:00,4990.39990234375,4992.7998046875,4990.2001953125,4991.89990234375,26,0.0,0.0
2026-02-13 04:57:00-05:00,4991.60009765625,4994.89990234375,4991.2998046875,4992.7001953125,77,0.0,0.0
2026-02-13 04:58:00-05:00,4992.60009765625,4993.2001953125,4991.2001953125,4992.60009765625,36,0.0,0.0
2026-02-13 04:59:00-05:00,4993.10009765625,4994.7001953125,4988.89990234375,4990.10009765625,106,0.0,0.0
2026-02-13 05:00:00-05:00,4990.0,4990.89990234375,4988.10009765625,4989.2998046875,42,0.0,0.0
2026-02-13 05:01:00-05:00,4988.89990234375,4988.89990234375,4987.39990234375,4988.60009765625,25,0.0,0.0
2026-02-13 05:02:00-05:00,4988.2998046875,4989.0,4988.2001953125,4988.39990234375,28,0.0,0.0
2026-02-13 05:03:00-05:00,4988.2998046875,4989.2001953125,4987.7001953125,4988.2001953125,36,0.0,0.0
2026-02-13 05:04:00-05:00,4988.5,4992.2001953125,4988.5,4992.10009765625,97,0.0,0.0
2026-02-13 05:05:00-05:00,4991.5,4996.39990234375,4991.5,4993.2001953125,69,0.0,0.0
2026-02-13 05:06:00-05:00,4993.7001953125,4995.10009765625,4991.7998046875,4991.7998046875,57,0.0,0.0
2026-02-13 05:07:00-05:00,4991.7998046875,4992.7001953125,4990.7001953125,4992.39990234375,23,0.0,0.0
2026-02-13 05:08:00-05:00,4991.7001953125,4992.0,4990.10009765625,4991.7001953125,17,0.0,0.0
2026-02-13 05:09:00-05:00,4991.2998046875,4995.0,4991.2998046875,4992.5,142,0.0,0.0
2026-02-13 05:10:00-05:00,4992.10009765625,4994.39990234375,4990.7001953125,4994.10009765625,29,0.0,0.0
2026-02-13 05:11:00-05:00,4994.0,4997.7001953125,4993.2001953125,4996.0,174,0.0,0.0
2026-02-13 05:12:00-05:00,4995.7998046875,4997.2998046875,4993.10009765625,4996.2001953125,173,0.0,0.0
2026-02-13 05:13:00-05:00,4995.89990234375,4998.0,4995.60009765625,4995.60009765625,64,0.0,0.0
2026-02-13 05:14:00-05:00,4995.60009765625,4995.7998046875,4991.2001953125,4992.7001953125,64,0.0,0.0
2026-02-13 05:15:00-05:00,4993.0,4995.5,4993.0,4994.0,92,0.0,0.0
2026-02-13 05:16:00-05:00,4993.89990234375,4996.2998046875,4992.5,4993.5,90,0.0,0.0
2026-02-13 05:17:00-05:00,4993.7998046875,4994.60009765625,4992.60009765625,4992.7998046875,15,0.0,0.0
2026-02-13 05:18:00-05:00,4992.5,4993.39990234375,4990.7001953125,4990.7001953125,78,0.0,0.0
2026-02-13 05:19:00-05:00,4990.7998046875,4990.7998046875,4986.7998046875,4986.7998046875,54,0.0,0.0
2026-02-13 05:20:00-05:00,4987.2001953125,4993.2998046875,4987.2001953125,4993.2001953125,98,0.0,0.0
2026-02-13 05:21:00-05:00,4993.2001953125,4993.39990234375,4992.2001953125,4992.89990234375,19,0.0,0.0
2026-02-13 05:22:00-05:00,4992.2001953125,4992.2001953125,4991.2998046875,4991.2998046875,9,0.0,0.0
2026-02-13 05:23:00-05:00,4991.10009765625,4992.10009765625,4989.2001953125,4989.7001953125,75,0.0,0.0
2026-02-13 05:24:00-05:00,4989.7001953125,4992.0,4989.10009765625,4990.89990234375,41,0.0,0.0
2026-02-13 05:25:00-05:00,4991.10009765625,4994.7001953125,4991.10009765625,4994.5,108,0.0,0.0
2026-02-13 05:26:00-05:00,4994.5,4994.7998046875,4992.89990234375,4993.60009765625,64,0.0,0.0
2026-02-13 05:27:00-05:00,4993.39990234375,4999.10009765625,4993.10009765625,4998.7998046875,102,0.0,0.0
2026-02-13 05:28:00-05:00,4999.0,5000.89990234375,4998.39990234375,4999.5,147,0.0,0.0
2026-02-13 05:29:00-05:00,4999.2001953125,4999.7998046875,4997.2001953125,4997.2001953125,78,0.0,0.0
2026-02-13 05:30:00-05:00,4998.2001953125,4998.5,4995.60009765625,4995.60009765625,59,0.0,0.0
2026-02-13 05:31:00-05:00,4995.89990234375,4996.60009765625,4995.5,4996.2998046875,12,0.0,0.0
2026-02-13 05:32:00-05:00,4996.2998046875,4997.10009765625,4995.2001953125,4996.7001953125,88,0.0,0.0
2026-02-13 05:33:00-05:00,4996.89990234375,4997.0,4991.10009765625,4991.10009765625,190,0.0,0.0
2026-02-13 05:34:00-05:00,4991.39990234375,4992.0,4989.2998046875,4990.60009765625,142,0.0,0.0
2026-02-13 05:35:00-05:00,4990.7998046875,4991.7001953125,4990.60009765625,4991.60009765625,43,0.0,0.0
2026-02-13 05:36:00-05:00,4990.7998046875,4992.0,4990.7998046875,4990.89990234375,87,0.0,0.0
2026-02-13 05:37:00-05:00,4990.2001953125,4991.89990234375,4989.60009765625,4991.5,45,0.0,0.0
2026-02-13 05:38:00-05:00,4991.0,4991.2998046875,4990.10009765625,4990.5,51,0.0,0.0
2026-02-13 05:39:00-05:00,4990.60009765625,4990.60009765625,4989.7998046875,4990.2998046875,14,0.0,0.0
2026-02-13 05:40:00-05:00,4990.7001953125,4991.7001953125,4989.89990234375,4991.10009765625,48,0.0,0.0
2026-02-13 05:41:00-05:00,4991.5,4991.7001953125,4988.7001953125,4989.0,31,0.0,0.0
2026-02-13 05:42:00-05:00,4988.5,4991.60009765625,4988.10009765625,4991.60009765625,81,0.0,0.0
2026-02-13 05:43:00-05:00,4991.0,4991.0,4990.0,4990.60009765625,10,0.0,0.0
2026-02-13 05:44:00-05:00,4990.5,4990.5,4988.89990234375,4989.5,17,0.0,0.0
2026-02-13 05:45:00-05:00,4989.2998046875,4990.7001953125,4988.5,4990.7001953125,35,0.0,0.0
2026-02-13 05:46:00-05:00,4990.2998046875,4990.39990234375,4988.5,4989.0,103,0.0,0.0
2026-02-13 05:47:00-05:00,4988.5,4989.10009765625,4983.7998046875,4983.89990234375,83,0.0,0.0
2026-02-13 05:48:00-05:00,4983.60009765625,4984.39990234375,4978.0,4983.60009765625,143,0.0,0.0
2026-02-13 05:49:00-05:00,4983.60009765625,4986.7001953125,4982.10009765625,4983.39990234375,197,0.0,0.0
2026-02-13 05:50:00-05:00,4983.7998046875,4986.5,4983.2998046875,4986.5,172,0.0,0.0
2026-02-13 05:51:00-05:00,4986.0,4987.2998046875,4986.0,4986.39990234375,11,0.0,0.0
2026-02-13 05:52:00-05:00,4986.5,4988.0,4984.10009765625,4986.5,107,0.0,0.0
2026-02-13 05:53:00-05:00,4986.60009765625,4986.60009765625,4982.2998046875,4983.2001953125,70,0.0,0.0
2026-02-13 05:54:00-05:00,4983.2998046875,4983.7001953125,4981.7998046875,4982.10009765625,25,0.0,0.0
2026-02-13 05:55:00-05:00,4982.60009765625,4984.10009765625,4982.2001953125,4983.2001953125,62,0.0,0.0
2026-02-13 05:56:00-05:00,4982.5,4982.5,4978.0,4978.0,82,0.0,0.0
2026-02-13 05:57:00-05:00,4978.0,4978.89990234375,4973.60009765625,4975.2998046875,183,0.0,0.0
2026-02-13 05:58:00-05:00,4975.0,4976.7001953125,4967.2001953125,4968.39990234375,304,0.0,0.0
2026-02-13 05:59:00-05:00,4969.2001953125,4972.89990234375,4968.7998046875,4970.7998046875,135,0.0,0.0
2026-02-13 06:00:00-05:00,4970.7998046875,4972.39990234375,4964.39990234375,4965.60009765625,217,0.0,0.0
2026-02-13 06:01:00-05:00,4967.39990234375,4971.10009765625,4965.60009765625,4969.7001953125,173,0.0,0.0
2026-02-13 06:02:00-05:00,4969.7001953125,4969.7001953125,4966.60009765625,4969.2001953125,129,0.0,0.0
2026-02-13 06:03:00-05:00,4968.5,4970.60009765625,4966.0,4970.0,101,0.0,0.0
2026-02-13 06:04:00-05:00,4970.2001953125,4970.7001953125,4965.5,4966.7001953125,137,0.0,0.0
2026-02-13 06:05:00-05:00,4966.0,4970.7998046875,4961.0,4963.7001953125,199,0.0,0.0
2026-02-13 06:06:00-05:00,4962.7998046875,4967.5,4962.10009765625,4966.60009765625,91,0.0,0.0
2026-02-13 06:07:00-05:00,4967.5,4968.7001953125,4962.39990234375,4963.7001953125,97,0.0,0.0
2026-02-13 06:08:00-05:00,4963.7998046875,4965.7998046875,4961.39990234375,4965.0,94,0.0,0.0
2026-02-13 06:09:00-05:00,4965.39990234375,4969.0,4964.5,4966.7998046875,83,0.0,0.0
2026-02-13 06:10:00-05:00,4966.7998046875,4966.7998046875,4964.0,4964.0,84,0.0,0.0
2026-02-13 06:11:00-05:00,4965.2001953125,4968.7001953125,4964.89990234375,4968.5,77,0.0,0.0
2026-02-13 06:12:00-05:00,4968.5,4974.2001953125,4968.0,4969.5,291,0.0,0.0
2026-02-13 06:13:00-05:00,4969.39990234375,4970.2001953125,4968.10009765625,4969.2001953125,57,0.0,0.0
2026-02-13 06:14:00-05:00,4969.10009765625,4972.2001953125,4968.39990234375,4972.2001953125,125,0.0,0.0
2026-02-13 06:15:00-05:00,4971.39990234375,4971.60009765625,4969.2998046875,4969.5,116,0.0,0.0
2026-02-13 06:16:00-05:00,4970.0,4971.10009765625,4968.7998046875,4970.2001953125,91,0.0,0.0
2026-02-13 06:17:00-05:00,4969.7001953125,4970.5,4965.7998046875,4966.0,78,0.0,0.0
2026-02-13 06:18:00-05:00,4966.2001953125,4967.2001953125,4965.0,4966.0,79,0.0,0.0
2026-02-13 06:19:00-05:00,4966.39990234375,4969.2001953125,4966.39990234375,4968.39990234375,34,0.0,0.0
2026-02-13 06:20:00-05:00,4969.0,4972.2998046875,4969.0,4969.60009765625,119,0.0,0.0
2026-02-13 06:21:00-05:00,4969.0,4969.89990234375,4968.39990234375,4969.39990234375,19,0.0,0.0
2026-02-13 06:22:00-05:00,4969.60009765625,4969.60009765625,4966.60009765625,4966.60009765625,174,0.0,0.0
2026-02-13 06:23:00-05:00,4967.0,4968.5,4965.39990234375,4965.60009765625,83,0.0,0.0
2026-02-13 06:24:00-05:00,4965.5,4966.0,4952.7998046875,4958.7001953125,499,0.0,0.0
2026-02-13 06:25:00-05:00,4958.7001953125,4962.7998046875,4957.7998046875,4957.89990234375,178,0.0,0.0
2026-02-13 06:26:00-05:00,4958.0,4959.39990234375,4955.7001953125,4956.89990234375,92,0.0,0.0
2026-02-13 06:27:00-05:00,4956.10009765625,4961.0,4954.0,4959.89990234375,127,0.0,0.0
2026-02-13 06:28:00-05:00,4960.7998046875,4964.5,4960.7998046875,4962.7001953125,71,0.0,0.0
2026-02-13 06:29:00-05:00,4962.39990234375,4965.10009765625,4962.2001953125,4965.0,54,0.0,0.0
2026-02-13 06:30:00-05:00,4965.60009765625,4965.7001953125,4956.5,4957.0,61,0.0,0.0
2026-02-13 06:31:00-05:00,4956.2998046875,4957.2001953125,4955.5,4956.89990234375,56,0.0,0.0
2026-02-13 06:32:00-05:00,4957.0,4957.7001953125,4955.2998046875,4955.89990234375,49,0.0,0.0
2026-02-13 06:33:00-05:00,4956.7998046875,4958.10009765625,4955.39990234375,4956.89990234375,222,0.0,0.0
2026-02-13 06:34:00-05:00,4957.60009765625,4961.39990234375,4957.2001953125,4960.7998046875,160,0.0,0.0
2026-02-13 06:35:00-05:00,4960.0,4967.39990234375,4959.7001953125,4966.89990234375,114,0.0,0.0
2026-02-13 06:36:00-05:00,4967.7001953125,4968.39990234375,4965.5,4966.2001953125,80,0.0,0.0
2026-02-13 06:37:00-05:00,4965.5,4968.60009765625,4965.5,4968.60009765625,16,0.0,0.0
2026-02-13 06:38:00-05:00,4967.7001953125,4967.7998046875,4965.0,4965.0,86,0.0,0.0
2026-02-13 06:39:00-05:00,4964.5,4965.39990234375,4961.7001953125,4964.10009765625,72,0.0,0.0
2026-02-13 06:40:00-05:00,4963.2998046875,4966.2998046875,4962.39990234375,4966.2998046875,28,0.0,0.0
2026-02-13 06:41:00-05:00,4966.5,4967.7998046875,4964.60009765625,4967.2001953125,68,0.0,0.0
2026-02-13 06:42:00-05:00,4966.60009765625,4968.7998046875,4966.5,4967.0,69,0.0,0.0
2026-02-13 06:43:00-05:00,4966.5,4967.5,4963.2998046875,4965.0,53,0.0,0.0
2026-02-13 06:44:00-05:00,4964.7001953125,4964.7001953125,4963.2001953125,4964.2001953125,20,0.0,0.0
2026-02-13 06:45:00-05:00,4963.2998046875,4964.10009765625,4960.7001953125,4961.7001953125,23,0.0,0.0
2026-02-13 06:46:00-05:00,4960.60009765625,4962.89990234375,4959.2998046875,4961.60009765625,76,0.0,0.0
2026-02-13 06:47:00-05:00,4961.39990234375,4963.89990234375,4961.10009765625,4962.5,64,0.0,0.0
2026-02-13 06:48:00-05:00,4962.7998046875,4965.0,4962.0,4963.7001953125,46,0.0,0.0
2026-02-13 06:49:00-05:00,4963.7001953125,4965.0,4962.7001953125,4963.60009765625,61,0.0,0.0
2026-02-13 06:50:00-05:00,4964.39990234375,4964.7998046875,4960.7001953125,4964.7001953125,44,0.0,0.0
2026-02-13 06:51:00-05:00,4964.7001953125,4968.2001953125,4963.60009765625,4967.2001953125,37,0.0,0.0
2026-02-13 06:52:00-05:00,4966.2001953125,4966.39990234375,4964.60009765625,4965.7001953125,46,0.0,0.0
2026-02-13 06:53:00-05:00,4965.60009765625,4967.89990234375,4964.89990234375,4967.60009765625,37,0.0,0.0
2026-02-13 06:54:00-05:00,4968.39990234375,4971.60009765625,4968.39990234375,4970.60009765625,107,0.0,0.0
2026-02-13 06:55:00-05:00,4969.7001953125,4973.39990234375,4969.10009765625,4972.2998046875,54,0.0,0.0
2026-02-13 06:56:00-05:00,4972.10009765625,4972.10009765625,4969.89990234375,4971.5,20,0.0,0.0
2026-02-13 06:57:00-05:00,4971.5,4972.39990234375,4970.0,4970.0,65,0.0,0.0
2026-02-13 06:58:00-05:00,4970.2001953125,4972.10009765625,4970.2001953125,4972.10009765625,13,0.0,0.0
2026-02-13 06:59:00-05:00,4971.5,4975.0,4971.5,4973.39990234375,67,0.0,0.0
2026-02-13 07:00:00-05:00,4973.10009765625,4977.10009765625,4972.2001953125,4974.39990234375,81,0.0,0.0
2026-02-13 07:01:00-05:00,4974.7998046875,4978.10009765625,4974.2001953125,4975.89990234375,98,0.0,0.0
2026-02-13 07:02:00-05:00,4975.60009765625,4975.7001953125,4971.7998046875,4975.60009765625,95,0.0,0.0
2026-02-13 07:03:00-05:00,4975.2001953125,4979.2998046875,4973.7998046875,4979.2998046875,73,0.0,0.0
2026-02-13 07:04:00-05:00,4978.10009765625,4979.60009765625,4976.7998046875,4978.60009765625,67,0.0,0.0
2026-02-13 07:05:00-05:00,4977.7998046875,4979.0,4976.5,4977.2998046875,47,0.0,0.0
2026-02-13 07:06:00-05:00,4977.0,4981.0,4976.60009765625,4980.39990234375,352,0.0,0.0
2026-02-13 07:07:00-05:00,4980.2998046875,4982.5,4979.89990234375,4981.39990234375,46,0.0,0.0
2026-02-13 07:08:00-05:00,4980.7998046875,4982.2998046875,4980.10009765625,4982.0,67,0.0,0.0
2026-02-13 07:09:00-05:00,4982.89990234375,4983.60009765625,4976.5,4976.5,65,0.0,0.0
2026-02-13 07:10:00-05:00,4976.60009765625,4976.60009765625,4973.2998046875,4975.0,98,0.0,0.0
2026-02-13 07:11:00-05:00,4974.2001953125,4980.7998046875,4974.0,4976.7998046875,63,0.0,0.0
2026-02-13 07:12:00-05:00,4976.5,4979.2998046875,4974.7001953125,4979.2998046875,82,0.0,0.0
2026-02-13 07:13:00-05:00,4979.89990234375,4984.0,4979.39990234375,4983.7001953125,87,0.0,0.0
2026-02-13 07:14:00-05:00,4982.89990234375,4984.39990234375,4982.60009765625,4984.0,62,0.0,0.0
2026-02-13 07:15:00-05:00,4983.10009765625,4986.7001953125,4982.89990234375,4985.2001953125,91,0.0,0.0
2026-02-13 07:16:00-05:00,4985.2001953125,4987.60009765625,4984.89990234375,4986.7001953125,92,0.0,0.0
2026-02-13 07:17:00-05:00,4986.39990234375,4988.7998046875,4985.60009765625,4987.60009765625,138,0.0,0.0
2026-02-13 07:18:00-05:00,4988.10009765625,4989.10009765625,4986.10009765625,4986.7998046875,82,0.0,0.0
2026-02-13 07:19:00-05:00,4986.7998046875,4988.39990234375,4986.7998046875,4987.7001953125,33,0.0,0.0
2026-02-13 07:20:00-05:00,4987.5,4988.7998046875,4987.2998046875,4988.60009765625,23,0.0,0.0
2026-02-13 07:21:00-05:00,4988.7001953125,4991.39990234375,4987.10009765625,4990.5,74,0.0,0.0
2026-02-13 07:22:00-05:00,4990.60009765625,4992.89990234375,4989.7001953125,4990.0,72,0.0,0.0
2026-02-13 07:23:00-05:00,4990.60009765625,4993.0,4990.2001953125,4990.89990234375,49,0.0,0.0
2026-02-13 07:24:00-05:00,4991.60009765625,4992.2001953125,4990.2001953125,4991.2001953125,91,0.0,0.0
2026-02-13 07:25:00-05:00,4991.7001953125,4992.2001953125,4988.2001953125,4989.2998046875,83,0.0,0.0
2026-02-13 07:26:00-05:00,4989.7001953125,4991.2001953125,4989.2001953125,4991.2001953125,20,0.0,0.0
2026-02-13 07:27:00-05:00,4991.2998046875,4992.60009765625,4990.5,4990.7001953125,47,0.0,0.0
2026-02-13 07:28:00-05:00,4990.0,4990.0,4987.2001953125,4987.2001953125,32,0.0,0.0
2026-02-13 07:29:00-05:00,4988.2001953125,4988.7998046875,4986.39990234375,4987.5,55,0.0,0.0
2026-02-13 07:30:00-05:00,4987.7001953125,4987.7001953125,4983.60009765625,4984.7001953125,67,0.0,0.0
2026-02-13 07:31:00-05:00,4985.0,4987.5,4984.60009765625,4986.5,83,0.0,0.0
2026-02-13 07:32:00-05:00,4986.60009765625,4987.10009765625,4984.7001953125,4986.2001953125,50,0.0,0.0
2026-02-13 07:33:00-05:00,4985.89990234375,4988.39990234375,4985.89990234375,4986.89990234375,39,0.0,0.0
2026-02-13 07:34:00-05:00,4987.2001953125,4992.39990234375,4987.2001953125,4990.89990234375,46,0.0,0.0
2026-02-13 07:35:00-05:00,4990.7998046875,4993.60009765625,4990.7998046875,4992.60009765625,35,0.0,0.0
2026-02-13 07:36:00-05:00,4993.2998046875,4993.7998046875,4989.5,4991.0,44,0.0,0.0
2026-02-13 07:37:00-05:00,4991.89990234375,4992.0,4987.60009765625,4988.60009765625,78,0.0,0.0
2026-02-13 07:38:00-05:00,4987.7998046875,4989.10009765625,4987.7998046875,4988.7001953125,20,0.0,0.0
2026-02-13 07:39:00-05:00,4988.2998046875,4989.39990234375,4988.10009765625,4989.39990234375,28,0.0,0.0
2026-02-13 07:40:00-05:00,4989.5,4992.2998046875,4989.5,4990.39990234375,30,0.0,0.0
2026-02-13 07:41:00-05:00,4989.10009765625,4990.39990234375,4987.5,4989.2998046875,39,0.0,0.0
2026-02-13 07:42:00-05:00,4989.2998046875,4990.39990234375,4988.0,4989.7998046875,28,0.0,0.0
2026-02-13 07:43:00-05:00,4989.89990234375,4989.89990234375,4988.2001953125,4988.2001953125,27,0.0,0.0
2026-02-13 07:44:00-05:00,4988.5,4988.5,4985.5,4985.89990234375,76,0.0,0.0
2026-02-13 07:45:00-05:00,4986.7001953125,4987.39990234375,4984.7998046875,4986.7001953125,58,0.0,0.0
2026-02-13 07:46:00-05:00,4986.89990234375,4989.0,4985.7001953125,4986.5,82,0.0,0.0
2026-02-13 07:47:00-05:00,4986.2001953125,4987.39990234375,4985.2001953125,4986.2998046875,27,0.0,0.0
2026-02-13 07:48:00-05:00,4986.7001953125,4987.89990234375,4986.39990234375,4987.10009765625,21,0.0,0.0
2026-02-13 07:49:00-05:00,4988.0,4992.5,4987.10009765625,4990.5,150,0.0,0.0
2026-02-13 07:50:00-05:00,4990.7001953125,4991.0,4988.5,4989.0,20,0.0,0.0
2026-02-13 07:51:00-05:00,4987.7001953125,4988.60009765625,4987.2998046875,4987.89990234375,24,0.0,0.0
2026-02-13 07:52:00-05:00,4988.2998046875,4988.39990234375,4986.0,4986.0,22,0.0,0.0
2026-02-13 07:53:00-05:00,4986.10009765625,4988.0,4983.7001953125,4988.0,163,0.0,0.0
2026-02-13 07:54:00-05:00,4988.0,4991.7001953125,4988.0,4990.39990234375,65,0.0,0.0
2026-02-13 07:55:00-05:00,4990.89990234375,4992.60009765625,4988.60009765625,4992.2001953125,65,0.0,0.0
2026-02-13 07:56:00-05:00,4993.0,4994.0,4991.39990234375,4991.39990234375,65,0.0,0.0
2026-02-13 07:57:00-05:00,4991.39990234375,4992.0,4987.60009765625,4987.60009765625,56,0.0,0.0
2026-02-13 07:58:00-05:00,4988.0,4988.2001953125,4986.7001953125,4987.2998046875,13,0.0,0.0
2026-02-13 07:59:00-05:00,4987.2998046875,4989.2001953125,4986.60009765625,4988.7998046875,40,0.0,0.0
2026-02-13 08:00:00-05:00,4990.0,4994.89990234375,4990.0,4994.89990234375,88,0.0,0.0
2026-02-13 08:01:00-05:00,4995.0,4996.2998046875,4992.10009765625,4992.10009765625,50,0.0,0.0
2026-02-13 08:02:00-05:00,4992.89990234375,4994.39990234375,4990.7998046875,4991.60009765625,31,0.0,0.0
2026-02-13 08:03:00-05:00,4991.60009765625,4992.5,4990.2001953125,4991.39990234375,23,0.0,0.0
2026-02-13 08:04:00-05:00,4991.10009765625,4992.0,4991.0,4991.7001953125,20,0.0,0.0
2026-02-13 08:05:00-05:00,4991.0,4992.2998046875,4989.60009765625,4989.7998046875,65,0.0,0.0
2026-02-13 08:06:00-05:00,4990.0,4990.10009765625,4985.0,4988.2998046875,113,0.0,0.0
2026-02-13 08:07:00-05:00,4988.2998046875,4988.60009765625,4986.39990234375,4988.5,25,0.0,0.0
2026-02-13 08:08:00-05:00,4989.0,4990.60009765625,4988.39990234375,4989.0,55,0.0,0.0
2026-02-13 08:09:00-05:00,4988.89990234375,4989.60009765625,4987.60009765625,4988.89990234375,50,0.0,0.0
2026-02-13 08:10:00-05:00,4988.7001953125,4988.7998046875,4986.7998046875,4987.0,27,0.0,0.0
2026-02-13 08:11:00-05:00,4987.89990234375,4989.89990234375,4987.89990234375,4988.5,24,0.0,0.0
2026-02-13 08:12:00-05:00,4988.5,4988.5,4986.7001953125,4987.60009765625,16,0.0,0.0
2026-02-13 08:13:00-05:00,4988.10009765625,4988.60009765625,4987.2001953125,4987.2001953125,22,0.0,0.0
2026-02-13 08:14:00-05:00,4987.2001953125,4988.89990234375,4987.0,4987.5,30,0.0,0.0
2026-02-13 08:15:00-05:00,4987.5,4988.2001953125,4986.0,4987.10009765625,53,0.0,0.0
2026-02-13 08:16:00-05:00,4986.89990234375,4987.7998046875,4984.2001953125,4986.0,84,0.0,0.0
2026-02-13 08:17:00-05:00,4986.10009765625,4986.10009765625,4985.0,4985.10009765625,13,0.0,0.0
2026-02-13 08:18:00-05:00,4985.0,4986.0,4983.7001953125,4984.89990234375,81,0.0,0.0
2026-02-13 08:19:00-05:00,4986.0,4986.10009765625,4980.2998046875,4982.2001953125,116,0.0,0.0
2026-02-13 08:20:00-05:00,4982.60009765625,4984.2998046875,4980.10009765625,4980.10009765625,100,0.0,0.0
2026-02-13 08:21:00-05:00,4980.2998046875,4982.0,4977.10009765625,4978.7001953125,149,0.0,0.0
2026-02-13 08:22:00-05:00,4979.10009765625,4983.10009765625,4979.10009765625,4983.10009765625,84,0.0,0.0
2026-02-13 08:23:00-05:00,4982.5,4986.7001953125,4981.5,4986.7001953125,137,0.0,0.0
2026-02-13 08:24:00-05:00,4987.39990234375,4991.10009765625,4986.7998046875,4989.5,130,0.0,0.0
2026-02-13 08:25:00-05:00,4990.0,4990.0,4985.2001953125,4987.39990234375,109,0.0,0.0
2026-02-13 08:26:00-05:00,4988.2998046875,4989.7998046875,4985.2001953125,4987.0,98,0.0,0.0
2026-02-13 08:27:00-05:00,4986.39990234375,4988.2998046875,4984.2001953125,4988.2998046875,324,0.0,0.0
2026-02-13 08:28:00-05:00,4988.89990234375,4989.2001953125,4987.2001953125,4987.5,48,0.0,0.0
2026-02-13 08:29:00-05:00,4987.5,4988.39990234375,4987.0,4988.2001953125,34,0.0,0.0
2026-02-13 08:30:00-05:00,4988.2001953125,5024.5,4987.0,5019.10009765625,1610,0.0,0.0
2026-02-13 08:31:00-05:00,5018.2998046875,5022.0,5009.7998046875,5010.5,625,0.0,0.0
2026-02-13 08:32:00-05:00,5010.2001953125,5011.7998046875,5001.2001953125,5003.7001953125,294,0.0,0.0
2026-02-13 08:33:00-05:00,5003.7998046875,5007.0,5001.89990234375,5007.0,555,0.0,0.0
2026-02-13 08:34:00-05:00,5006.2998046875,5015.7998046875,5005.2001953125,5014.0,482,0.0,0.0
2026-02-13 08:35:00-05:00,5014.0,5017.2998046875,5011.7998046875,5011.7998046875,311,0.0,0.0
2026-02-13 08:36:00-05:00,5011.7998046875,5013.5,5004.7998046875,5012.7998046875,354,0.0,0.0
2026-02-13 08:37:00-05:00,5012.39990234375,5012.7998046875,5008.0,5009.10009765625,201,0.0,0.0
2026-02-13 08:38:00-05:00,5009.10009765625,5012.0,5006.39990234375,5009.89990234375,153,0.0,0.0
2026-02-13 08:39:00-05:00,5011.2001953125,5016.0,5010.10009765625,5013.7998046875,467,0.0,0.0
2026-02-13 08:40:00-05:00,5011.89990234375,5012.5,5004.2001953125,5006.39990234375,205,0.0,0.0
2026-02-13 08:41:00-05:00,5005.2001953125,5009.7001953125,5004.2998046875,5009.5,156,0.0,0.0
2026-02-13 08:42:00-05:00,5008.60009765625,5010.89990234375,5007.2998046875,5010.10009765625,129,0.0,0.0
2026-02-13 08:43:00-05:00,5009.10009765625,5015.0,5008.60009765625,5014.7998046875,143,0.0,0.0
2026-02-13 08:44:00-05:00,5015.10009765625,5015.7001953125,5004.7001953125,5005.39990234375,185,0.0,0.0
2026-02-13 08:45:00-05:00,5005.7001953125,5007.0,5001.2001953125,5001.5,197,0.0,0.0
2026-02-13 08:46:00-05:00,5001.7001953125,5006.0,4998.60009765625,5001.2001953125,183,0.0,0.0
2026-02-13 08:47:00-05:00,5000.7998046875,5000.7998046875,4994.5,4994.5,227,0.0,0.0
2026-02-13 08:48:00-05:00,4995.2998046875,4999.7001953125,4993.5,4998.5,98,0.0,0.0
2026-02-13 08:49:00-05:00,4999.10009765625,5002.7001953125,4998.7001953125,5002.39990234375,104,0.0,0.0
2026-02-13 08:50:00-05:00,5003.2001953125,5008.5,5003.2001953125,5004.10009765625,230,0.0,0.0
2026-02-13 08:51:00-05:00,5003.5,5004.10009765625,4997.0,4999.0,134,0.0,0.0
2026-02-13 08:52:00-05:00,4999.10009765625,5002.10009765625,4995.5,5001.60009765625,89,0.0,0.0
2026-02-13 08:53:00-05:00,5001.89990234375,5007.7001953125,5001.89990234375,5007.2998046875,79,0.0,0.0
2026-02-13 08:54:00-05:00,5007.60009765625,5009.7001953125,5006.7001953125,5008.10009765625,84,0.0,0.0
2026-02-13 08:55:00-05:00,5007.7998046875,5013.0,5007.7998046875,5012.7998046875,301,0.0,0.0
2026-02-13 08:56:00-05:00,5012.89990234375,5013.89990234375,5008.89990234375,5010.39990234375,139,0.0,0.0
2026-02-13 08:57:00-05:00,5009.7998046875,5011.89990234375,5006.89990234375,5008.10009765625,139,0.0,0.0
2026-02-13 08:58:00-05:00,5008.39990234375,5008.5,5005.60009765625,5006.7998046875,118,0.0,0.0
2026-02-13 08:59:00-05:00,5007.0,5009.39990234375,5007.0,5008.39990234375,45,0.0,0.0
2026-02-13 09:00:00-05:00,5007.2001953125,5014.10009765625,5006.7001953125,5009.60009765625,187,0.0,0.0
2026-02-13 09:01:00-05:00,5008.60009765625,5013.10009765625,5007.7001953125,5012.10009765625,139,0.0,0.0
2026-02-13 09:02:00-05:00,5012.2001953125,5013.2998046875,5010.0,5013.2998046875,114,0.0,0.0
2026-02-13 09:03:00-05:00,5013.5,5017.0,5012.7998046875,5014.60009765625,239,0.0,0.0
2026-02-13 09:04:00-05:00,5014.7998046875,5014.7998046875,5012.2001953125,5013.39990234375,73,0.0,0.0
2026-02-13 09:05:00-05:00,5013.2001953125,5019.0,5012.2998046875,5018.2998046875,128,0.0,0.0
2026-02-13 09:06:00-05:00,5018.5,5018.5,5011.39990234375,5011.89990234375,186,0.0,0.0
2026-02-13 09:07:00-05:00,5011.89990234375,5014.0,5008.0,5008.89990234375,160,0.0,0.0
2026-02-13 09:08:00-05:00,5009.10009765625,5009.60009765625,5006.10009765625,5009.2001953125,141,0.0,0.0
2026-02-13 09:09:00-05:00,5008.89990234375,5012.89990234375,5008.89990234375,5012.10009765625,114,0.0,0.0
2026-02-13 09:10:00-05:00,5012.0,5014.2001953125,5010.7998046875,5013.0,123,0.0,0.0
2026-02-13 09:11:00-05:00,5013.10009765625,5015.7001953125,5012.2998046875,5014.0,55,0.0,0.0
2026-02-13 09:12:00-05:00,5014.60009765625,5017.39990234375,5013.39990234375,5016.7998046875,57,0.0,0.0
2026-02-13 09:13:00-05:00,5016.89990234375,5022.0,5016.7998046875,5020.39990234375,238,0.0,0.0
2026-02-13 09:14:00-05:00,5020.10009765625,5020.10009765625,5017.7998046875,5020.10009765625,61,0.0,0.0
2026-02-13 09:15:00-05:00,5020.2998046875,5029.5,5016.39990234375,5018.2001953125,587,0.0,0.0
2026-02-13 09:16:00-05:00,5018.0,5020.0,5017.5,5019.2998046875,66,0.0,0.0
2026-02-13 09:17:00-05:00,5018.7998046875,5023.7998046875,5017.2998046875,5023.2001953125,187,0.0,0.0
2026-02-13 09:18:00-05:00,5023.39990234375,5027.2001953125,5022.7001953125,5026.7001953125,183,0.0,0.0
2026-02-13 09:19:00-05:00,5026.2001953125,5026.2001953125,5021.7998046875,5024.7998046875,167,0.0,0.0
2026-02-13 09:20:00-05:00,5025.10009765625,5025.60009765625,5021.0,5022.2001953125,81,0.0,0.0
2026-02-13 09:21:00-05:00,5022.2998046875,5029.5,5022.2998046875,5027.2001953125,139,0.0,0.0
2026-02-13 09:22:00-05:00,5027.5,5027.5,5021.89990234375,5023.10009765625,68,0.0,0.0
2026-02-13 09:23:00-05:00,5022.89990234375,5026.39990234375,5020.7001953125,5025.5,83,0.0,0.0
2026-02-13 09:24:00-05:00,5024.60009765625,5025.2998046875,5020.89990234375,5022.89990234375,110,0.0,0.0
2026-02-13 09:25:00-05:00,5023.2001953125,5026.7001953125,5022.2001953125,5026.0,100,0.0,0.0
2026-02-13 09:26:00-05:00,5026.0,5027.2998046875,5022.5,5025.89990234375,153,0.0,0.0
2026-02-13 09:27:00-05:00,5025.10009765625,5027.39990234375,5025.0,5027.0,120,0.0,0.0
2026-02-13 09:28:00-05:00,5026.5,5026.5,5023.7001953125,5024.39990234375,58,0.0,0.0
2026-02-13 09:29:00-05:00,5024.5,5025.2998046875,5022.2998046875,5024.10009765625,54,0.0,0.0
2026-02-13 09:30:00-05:00,5024.5,5025.5,5015.5,5024.39990234375,483,0.0,0.0
2026-02-13 09:31:00-05:00,5025.10009765625,5026.0,5020.0,5023.39990234375,184,0.0,0.0
2026-02-13 09:32:00-05:00,5022.2998046875,5027.89990234375,5020.0,5026.89990234375,162,0.0,0.0
2026-02-13 09:33:00-05:00,5026.7001953125,5036.7001953125,5024.60009765625,5029.39990234375,627,0.0,0.0
2026-02-13 09:34:00-05:00,5029.39990234375,5033.2001953125,5025.60009765625,5026.2001953125,237,0.0,0.0
2026-02-13 09:35:00-05:00,5027.0,5033.0,5025.5,5029.7001953125,202,0.0,0.0
2026-02-13 09:36:00-05:00,5030.2998046875,5032.0,5023.10009765625,5024.7001953125,262,0.0,0.0
2026-02-13 09:37:00-05:00,5025.2001953125,5029.0,5016.10009765625,5016.7001953125,266,0.0,0.0
2026-02-13 09:38:00-05:00,5016.0,5019.5,5014.0,5016.7998046875,392,0.0,0.0
2026-02-13 09:39:00-05:00,5016.10009765625,5020.2001953125,5008.10009765625,5009.10009765625,358,0.0,0.0
2026-02-13 09:40:00-05:00,5009.5,5010.0,4995.5,4995.89990234375,718,0.0,0.0
2026-02-13 09:41:00-05:00,4996.60009765625,5000.10009765625,4986.10009765625,4987.39990234375,703,0.0,0.0
2026-02-13 09:42:00-05:00,4987.7998046875,4997.10009765625,4986.5,4996.10009765625,817,0.0,0.0
2026-02-13 09:43:00-05:00,4996.0,5005.2001953125,4994.39990234375,5004.89990234375,488,0.0,0.0
2026-02-13 09:44:00-05:00,5005.39990234375,5014.10009765625,5001.5,5012.89990234375,470,0.0,0.0
2026-02-13 09:45:00-05:00,5012.5,5020.7998046875,5011.2998046875,5019.89990234375,360,0.0,0.0
2026-02-13 09:46:00-05:00,5019.2001953125,5022.7001953125,5016.39990234375,5018.89990234375,245,0.0,0.0
2026-02-13 09:47:00-05:00,5018.89990234375,5026.2001953125,5017.2001953125,5023.10009765625,248,0.0,0.0
2026-02-13 09:48:00-05:00,5022.7001953125,5028.60009765625,5022.10009765625,5022.10009765625,357,0.0,0.0
2026-02-13 09:49:00-05:00,5022.7001953125,5024.10009765625,5016.2998046875,5018.89990234375,189,0.0,0.0
2026-02-13 09:50:00-05:00,5019.2998046875,5019.2998046875,5010.0,5012.7001953125,268,0.0,0.0
2026-02-13 09:51:00-05:00,5012.0,5019.0,5011.2998046875,5019.0,153,0.0,0.0
2026-02-13 09:52:00-05:00,5019.0,5021.10009765625,5012.2998046875,5014.5,176,0.0,0.0
2026-02-13 09:53:00-05:00,5014.2998046875,5021.2998046875,5012.60009765625,5013.7001953125,140,0.0,0.0
2026-02-13 09:54:00-05:00,5013.5,5018.89990234375,5012.5,5012.5,172,0.0,0.0
2026-02-13 09:55:00-05:00,5012.7998046875,5027.60009765625,5012.5,5025.0,247,0.0,0.0
2026-02-13 09:56:00-05:00,5026.0,5027.5,5014.7998046875,5016.2001953125,245,0.0,0.0
2026-02-13 09:57:00-05:00,5014.89990234375,5017.60009765625,5010.60009765625,5013.89990234375,187,0.0,0.0
2026-02-13 09:58:00-05:00,5014.2998046875,5021.0,5013.7998046875,5017.7998046875,137,0.0,0.0
2026-02-13 09:59:00-05:00,5019.5,5019.89990234375,5014.7998046875,5017.39990234375,161,0.0,0.0
2026-02-13 10:00:00-05:00,5017.39990234375,5027.7998046875,5015.5,5019.0,541,0.0,0.0
2026-02-13 10:01:00-05:00,5018.7998046875,5024.89990234375,5015.0,5024.60009765625,371,0.0,0.0
2026-02-13 10:02:00-05:00,5023.60009765625,5027.0,5020.60009765625,5024.2998046875,377,0.0,0.0
2026-02-13 10:03:00-05:00,5025.0,5026.60009765625,5016.5,5016.5,169,0.0,0.0
2026-02-13 10:04:00-05:00,5016.0,5022.7998046875,5014.0,5021.2998046875,165,0.0,0.0
2026-02-13 10:05:00-05:00,5021.5,5022.2998046875,5017.7998046875,5018.60009765625,258,0.0,0.0
2026-02-13 10:06:00-05:00,5018.7998046875,5024.39990234375,5018.60009765625,5023.7998046875,95,0.0,0.0
2026-02-13 10:07:00-05:00,5023.60009765625,5025.0,5020.0,5023.89990234375,132,0.0,0.0
2026-02-13 10:08:00-05:00,5024.60009765625,5031.5,5024.60009765625,5030.7001953125,307,0.0,0.0
2026-02-13 10:09:00-05:00,5029.60009765625,5034.2998046875,5026.7998046875,5032.7001953125,333,0.0,0.0
2026-02-13 10:10:00-05:00,5032.0,5033.60009765625,5028.0,5032.89990234375,264,0.0,0.0
2026-02-13 10:11:00-05:00,5032.60009765625,5033.0,5029.39990234375,5030.7998046875,231,0.0,0.0
2026-02-13 10:12:00-05:00,5030.7998046875,5030.7998046875,5025.0,5025.89990234375,153,0.0,0.0
2026-02-13 10:13:00-05:00,5026.5,5028.39990234375,5022.10009765625,5023.2998046875,136,0.0,0.0
2026-02-13 10:14:00-05:00,5024.0,5027.60009765625,5023.2998046875,5025.0,164,0.0,0.0
2026-02-13 10:15:00-05:00,5026.2001953125,5028.89990234375,5024.7001953125,5027.60009765625,174,0.0,0.0
2026-02-13 10:16:00-05:00,5026.7998046875,5026.7998046875,5021.0,5023.7998046875,139,0.0,0.0
2026-02-13 10:17:00-05:00,5023.2998046875,5024.7998046875,5019.0,5020.0,179,0.0,0.0
2026-02-13 10:18:00-05:00,5019.89990234375,5022.0,5015.7001953125,5020.7998046875,132,0.0,0.0
2026-02-13 10:19:00-05:00,5020.5,5021.2998046875,5017.0,5019.7001953125,79,0.0,0.0
2026-02-13 10:20:00-05:00,5020.10009765625,5024.7998046875,5017.89990234375,5020.60009765625,146,0.0,0.0
2026-02-13 10:21:00-05:00,5021.2998046875,5022.2998046875,5016.0,5018.7998046875,164,0.0,0.0
2026-02-13 10:22:00-05:00,5018.39990234375,5022.7001953125,5017.39990234375,5017.39990234375,59,0.0,0.0
2026-02-13 10:23:00-05:00,5019.2998046875,5022.5,5019.10009765625,5021.7998046875,93,0.0,0.0
2026-02-13 10:24:00-05:00,5022.7001953125,5025.0,5022.0,5023.60009765625,65,0.0,0.0
2026-02-13 10:25:00-05:00,5023.7998046875,5026.2001953125,5023.39990234375,5026.10009765625,79,0.0,0.0
2026-02-13 10:26:00-05:00,5025.2001953125,5026.10009765625,5020.89990234375,5024.7998046875,148,0.0,0.0
2026-02-13 10:27:00-05:00,5025.10009765625,5031.2998046875,5023.5,5031.2998046875,80,0.0,0.0
2026-02-13 10:28:00-05:00,5030.5,5034.39990234375,5029.39990234375,5032.7998046875,434,0.0,0.0
2026-02-13 10:29:00-05:00,5033.0,5034.2001953125,5030.89990234375,5032.2998046875,177,0.0,0.0
2026-02-13 10:30:00-05:00,5032.0,5033.7001953125,5030.2998046875,5032.0,106,0.0,0.0
2026-02-13 10:31:00-05:00,5032.89990234375,5034.0,5029.2998046875,5030.60009765625,160,0.0,0.0
2026-02-13 10:32:00-05:00,5030.39990234375,5033.7998046875,5029.60009765625,5031.10009765625,128,0.0,0.0
2026-02-13 10:33:00-05:00,5031.10009765625,5032.39990234375,5028.39990234375,5031.2001953125,229,0.0,0.0
2026-02-13 10:34:00-05:00,5031.89990234375,5033.89990234375,5029.60009765625,5030.39990234375,91,0.0,0.0
2026-02-13 10:35:00-05:00,5030.89990234375,5033.10009765625,5028.89990234375,5032.89990234375,94,0.0,0.0
2026-02-13 10:36:00-05:00,5032.7998046875,5042.7998046875,5032.2001953125,5042.5,564,0.0,0.0
2026-02-13 10:37:00-05:00,5042.60009765625,5043.2998046875,5036.5,5038.0,284,0.0,0.0
2026-02-13 10:38:00-05:00,5037.7001953125,5037.7001953125,5029.10009765625,5030.0,140,0.0,0.0
2026-02-13 10:39:00-05:00,5030.0,5034.39990234375,5029.0,5030.10009765625,140,0.0,0.0
2026-02-13 10:40:00-05:00,5029.0,5031.2001953125,5026.89990234375,5027.2998046875,144,0.0,0.0
2026-02-13 10:41:00-05:00,5028.2001953125,5032.5,5027.10009765625,5030.7998046875,125,0.0,0.0
2026-02-13 10:42:00-05:00,5031.5,5032.7001953125,5026.7998046875,5029.7998046875,181,0.0,0.0
2026-02-13 10:43:00-05:00,5030.2001953125,5035.2001953125,5029.39990234375,5032.5,241,0.0,0.0
2026-02-13 10:44:00-05:00,5033.0,5033.0,5026.7998046875,5028.7998046875,128,0.0,0.0
2026-02-13 10:45:00-05:00,5029.5,5032.60009765625,5026.39990234375,5032.2998046875,203,0.0,0.0
2026-02-13 10:46:00-05:00,5031.5,5032.10009765625,5022.2998046875,5023.39990234375,442,0.0,0.0
2026-02-13 10:47:00-05:00,5023.89990234375,5025.7998046875,5018.10009765625,5019.7001953125,151,0.0,0.0
2026-02-13 10:48:00-05:00,5019.5,5021.2001953125,5014.0,5014.2998046875,283,0.0,0.0
2026-02-13 10:49:00-05:00,5013.89990234375,5017.0,5011.2001953125,5016.7998046875,218,0.0,0.0
2026-02-13 10:50:00-05:00,5016.2998046875,5019.7001953125,5015.5,5018.0,160,0.0,0.0
2026-02-13 10:51:00-05:00,5017.60009765625,5022.0,5017.2998046875,5019.89990234375,111,0.0,0.0
2026-02-13 10:52:00-05:00,5020.5,5021.2998046875,5016.2998046875,5016.39990234375,65,0.0,0.0
2026-02-13 10:53:00-05:00,5016.10009765625,5017.10009765625,5006.7001953125,5007.2998046875,260,0.0,0.0
2026-02-13 10:54:00-05:00,5007.39990234375,5010.0,5006.7998046875,5008.10009765625,188,0.0,0.0
2026-02-13 10:55:00-05:00,5009.2998046875,5010.0,5007.39990234375,5008.7998046875,353,0.0,0.0
2026-02-13 10:56:00-05:00,5009.7001953125,5010.0,5002.39990234375,5002.39990234375,297,0.0,0.0
2026-02-13 10:57:00-05:00,5003.2998046875,5005.2001953125,4998.5,5004.10009765625,255,0.0,0.0
2026-02-13 10:58:00-05:00,5004.7998046875,5005.39990234375,4998.60009765625,4998.7998046875,166,0.0,0.0
2026-02-13 10:59:00-05:00,4999.10009765625,5000.7001953125,4995.2001953125,4998.7001953125,253,0.0,0.0
2026-02-13 11:00:00-05:00,4999.0,5004.10009765625,4997.5,5002.2998046875,140,0.0,0.0
2026-02-13 11:01:00-05:00,5002.0,5006.7001953125,4997.39990234375,5004.39990234375,483,0.0,0.0
2026-02-13 11:02:00-05:00,5005.10009765625,5007.2998046875,5004.0,5006.60009765625,179,0.0,0.0
2026-02-13 11:03:00-05:00,5006.89990234375,5012.7998046875,5006.7998046875,5012.5,208,0.0,0.0
2026-02-13 11:04:00-05:00,5013.0,5018.0,5011.0,5013.10009765625,236,0.0,0.0
2026-02-13 11:05:00-05:00,5012.10009765625,5012.7001953125,5008.60009765625,5011.39990234375,124,0.0,0.0
2026-02-13 11:06:00-05:00,5012.0,5015.7001953125,5011.2001953125,5014.60009765625,101,0.0,0.0
2026-02-13 11:07:00-05:00,5014.39990234375,5017.2998046875,5014.10009765625,5016.39990234375,161,0.0,0.0
2026-02-13 11:08:00-05:00,5015.7998046875,5015.89990234375,5013.10009765625,5015.0,66,0.0,0.0
2026-02-13 11:09:00-05:00,5014.89990234375,5015.7001953125,5010.7001953125,5013.0,65,0.0,0.0
2026-02-13 11:10:00-05:00,5013.7001953125,5014.10009765625,5010.5,5012.39990234375,67,0.0,0.0
2026-02-13 11:11:00-05:00,5013.39990234375,5014.2001953125,5009.7001953125,5011.39990234375,80,0.0,0.0
2026-02-13 11:12:00-05:00,5013.5,5014.39990234375,5010.2998046875,5012.60009765625,110,0.0,0.0
2026-02-13 11:13:00-05:00,5012.2998046875,5014.7001953125,5011.0,5014.39990234375,62,0.0,0.0
2026-02-13 11:14:00-05:00,5014.0,5019.60009765625,5014.0,5019.60009765625,114,0.0,0.0
2026-02-13 11:15:00-05:00,5019.0,5022.7998046875,5018.2001953125,5022.5,185,0.0,0.0
2026-02-13 11:16:00-05:00,5021.89990234375,5024.2998046875,5020.39990234375,5021.0,126,0.0,0.0
2026-02-13 11:17:00-05:00,5021.0,5029.0,5021.0,5025.7998046875,196,0.0,0.0
2026-02-13 11:18:00-05:00,5026.2998046875,5028.0,5024.0,5025.0,127,0.0,0.0
2026-02-13 11:19:00-05:00,5025.0,5030.7998046875,5024.5,5028.39990234375,205,0.0,0.0
2026-02-13 11:20:00-05:00,5029.0,5032.60009765625,5028.0,5030.0,350,0.0,0.0
2026-02-13 11:21:00-05:00,5030.5,5030.60009765625,5026.7998046875,5028.89990234375,137,0.0,0.0
2026-02-13 11:22:00-05:00,5029.2998046875,5029.7001953125,5026.60009765625,5027.5,95,0.0,0.0
2026-02-13 11:23:00-05:00,5027.5,5032.60009765625,5027.5,5028.89990234375,219,0.0,0.0
2026-02-13 11:24:00-05:00,5028.7001953125,5033.7001953125,5028.60009765625,5031.89990234375,237,0.0,0.0
2026-02-13 11:25:00-05:00,5032.39990234375,5033.7001953125,5031.0,5032.2998046875,217,0.0,0.0
2026-02-13 11:26:00-05:00,5033.0,5044.89990234375,5033.0,5044.10009765625,374,0.0,0.0
2026-02-13 11:27:00-05:00,5044.7998046875,5046.60009765625,5040.89990234375,5046.60009765625,351,0.0,0.0
2026-02-13 11:28:00-05:00,5046.60009765625,5056.7998046875,5046.0,5055.39990234375,1193,0.0,0.0
2026-02-13 11:29:00-05:00,5055.5,5056.2001953125,5048.5,5050.60009765625,690,0.0,0.0
2026-02-13 11:30:00-05:00,5050.7001953125,5051.2998046875,5045.10009765625,5048.5,307,0.0,0.0
2026-02-13 11:31:00-05:00,5048.7001953125,5048.7001953125,5044.2001953125,5045.7001953125,175,0.0,0.0
2026-02-13 11:32:00-05:00,5046.2998046875,5047.2998046875,5043.2998046875,5043.89990234375,169,0.0,0.0
2026-02-13 11:33:00-05:00,5043.5,5043.89990234375,5040.7001953125,5040.89990234375,224,0.0,0.0
2026-02-13 11:34:00-05:00,5041.39990234375,5043.0,5039.10009765625,5041.5,383,0.0,0.0
2026-02-13 11:35:00-05:00,5042.10009765625,5043.0,5039.2998046875,5041.89990234375,227,0.0,0.0
2026-02-13 11:36:00-05:00,5041.89990234375,5043.0,5040.0,5042.39990234375,198,0.0,0.0
2026-02-13 11:37:00-05:00,5042.0,5042.10009765625,5036.10009765625,5037.0,140,0.0,0.0
2026-02-13 11:38:00-05:00,5037.0,5040.5,5036.7001953125,5039.2998046875,123,0.0,0.0
2026-02-13 11:39:00-05:00,5040.39990234375,5041.2001953125,5036.7001953125,5037.7001953125,65,0.0,0.0
2026-02-13 11:40:00-05:00,5038.39990234375,5039.5,5034.2001953125,5037.5,576,0.0,0.0
2026-02-13 11:41:00-05:00,5037.60009765625,5038.60009765625,5034.7998046875,5036.5,141,0.0,0.0
2026-02-13 11:42:00-05:00,5035.89990234375,5037.7001953125,5035.89990234375,5037.10009765625,109,0.0,0.0
2026-02-13 11:43:00-05:00,5037.2001953125,5040.7998046875,5035.2998046875,5039.2001953125,91,0.0,0.0
2026-02-13 11:44:00-05:00,5039.39990234375,5039.7998046875,5037.7998046875,5039.39990234375,52,0.0,0.0
2026-02-13 11:45:00-05:00,5039.5,5039.60009765625,5037.39990234375,5038.5,32,0.0,0.0
2026-02-13 11:46:00-05:00,5037.89990234375,5041.2998046875,5037.60009765625,5041.0,83,0.0,0.0
2026-02-13 11:47:00-05:00,5040.60009765625,5040.60009765625,5036.0,5036.60009765625,92,0.0,0.0
2026-02-13 11:48:00-05:00,5036.5,5037.10009765625,5035.10009765625,5036.7001953125,91,0.0,0.0
2026-02-13 11:49:00-05:00,5037.10009765625,5038.89990234375,5036.10009765625,5037.7001953125,45,0.0,0.0
2026-02-13 11:50:00-05:00,5037.7001953125,5038.10009765625,5035.2001953125,5035.7998046875,70,0.0,0.0
2026-02-13 11:51:00-05:00,5036.2998046875,5036.39990234375,5035.10009765625,5036.10009765625,76,0.0,0.0
2026-02-13 11:52:00-05:00,5036.0,5037.2998046875,5035.2998046875,5036.2998046875,58,0.0,0.0
2026-02-13 11:53:00-05:00,5036.0,5037.2001953125,5035.2001953125,5036.7998046875,54,0.0,0.0
2026-02-13 11:54:00-05:00,5036.89990234375,5037.2998046875,5035.7998046875,5036.39990234375,53,0.0,0.0
2026-02-13 11:55:00-05:00,5036.10009765625,5036.5,5035.39990234375,5036.2001953125,39,0.0,0.0
2026-02-13 11:56:00-05:00,5036.5,5039.0,5036.5,5037.89990234375,143,0.0,0.0
2026-02-13 11:57:00-05:00,5037.89990234375,5039.2001953125,5036.2998046875,5036.7998046875,106,0.0,0.0
2026-02-13 11:58:00-05:00,5037.2001953125,5037.39990234375,5036.0,5036.7998046875,44,0.0,0.0
2026-02-13 11:59:00-05:00,5036.7998046875,5037.0,5027.2001953125,5030.0,327,0.0,0.0
2026-02-13 12:00:00-05:00,5030.0,5033.7998046875,5029.89990234375,5032.2001953125,172,0.0,0.0
2026-02-13 12:01:00-05:00,5032.2998046875,5035.60009765625,5031.39990234375,5035.10009765625,86,0.0,0.0
2026-02-13 12:02:00-05:00,5035.39990234375,5036.7001953125,5033.0,5034.89990234375,100,0.0,0.0
2026-02-13 12:03:00-05:00,5034.7001953125,5035.5,5033.89990234375,5035.2001953125,49,0.0,0.0
2026-02-13 12:04:00-05:00,5035.2001953125,5036.0,5033.39990234375,5034.7998046875,31,0.0,0.0
2026-02-13 12:05:00-05:00,5034.7998046875,5036.0,5034.5,5036.0,46,0.0,0.0
2026-02-13 12:06:00-05:00,5036.5,5041.60009765625,5036.5,5039.60009765625,115,0.0,0.0
2026-02-13 12:07:00-05:00,5039.5,5045.5,5037.60009765625,5039.0,334,0.0,0.0
2026-02-13 12:08:00-05:00,5039.2998046875,5039.2998046875,5036.2001953125,5036.7998046875,54,0.0,0.0
2026-02-13 12:09:00-05:00,5036.39990234375,5036.89990234375,5035.2001953125,5036.7998046875,42,0.0,0.0
2026-02-13 12:10:00-05:00,5036.60009765625,5036.60009765625,5032.2001953125,5032.7001953125,68,0.0,0.0
2026-02-13 12:11:00-05:00,5032.60009765625,5034.7998046875,5031.7998046875,5031.89990234375,47,0.0,0.0
2026-02-13 12:12:00-05:00,5032.10009765625,5035.60009765625,5031.2001953125,5035.60009765625,39,0.0,0.0
2026-02-13 12:13:00-05:00,5035.60009765625,5038.2001953125,5035.60009765625,5036.60009765625,68,0.0,0.0
2026-02-13 12:14:00-05:00,5037.10009765625,5037.5,5036.0,5037.5,64,0.0,0.0
2026-02-13 12:15:00-05:00,5037.2998046875,5038.39990234375,5035.2998046875,5036.10009765625,63,0.0,0.0
2026-02-13 12:16:00-05:00,5035.0,5035.0,5031.2001953125,5032.5,110,0.0,0.0
2026-02-13 12:17:00-05:00,5033.7998046875,5035.2001953125,5031.39990234375,5031.7998046875,74,0.0,0.0
2026-02-13 12:18:00-05:00,5031.2998046875,5031.2998046875,5027.7998046875,5029.5,102,0.0,0.0
2026-02-13 12:19:00-05:00,5029.10009765625,5032.60009765625,5029.10009765625,5032.0,92,0.0,0.0
2026-02-13 12:20:00-05:00,5032.7001953125,5035.7998046875,5032.7001953125,5035.10009765625,75,0.0,0.0
2026-02-13 12:21:00-05:00,5035.5,5039.2998046875,5034.7998046875,5037.2998046875,57,0.0,0.0
2026-02-13 12:22:00-05:00,5037.5,5038.89990234375,5036.7998046875,5038.89990234375,44,0.0,0.0
2026-02-13 12:23:00-05:00,5038.39990234375,5038.7001953125,5034.60009765625,5034.60009765625,62,0.0,0.0
2026-02-13 12:24:00-05:00,5034.5,5037.10009765625,5033.89990234375,5035.7998046875,62,0.0,0.0
2026-02-13 12:25:00-05:00,5035.60009765625,5037.2001953125,5034.0,5035.60009765625,44,0.0,0.0
2026-02-13 12:26:00-05:00,5036.0,5037.5,5035.2001953125,5037.0,25,0.0,0.0
2026-02-13 12:27:00-05:00,5037.2001953125,5041.5,5037.2001953125,5039.60009765625,166,0.0,0.0
2026-02-13 12:28:00-05:00,5039.60009765625,5040.60009765625,5038.7998046875,5040.2001953125,32,0.0,0.0
2026-02-13 12:29:00-05:00,5040.2998046875,5041.7998046875,5039.5,5039.5,37,0.0,0.0
2026-02-13 12:30:00-05:00,5039.5,5042.0,5038.0,5041.7998046875,124,0.0,0.0
2026-02-13 12:31:00-05:00,5041.5,5042.39990234375,5040.39990234375,5042.2998046875,82,0.0,0.0
2026-02-13 12:32:00-05:00,5042.60009765625,5044.7998046875,5041.39990234375,5043.7001953125,112,0.0,0.0
2026-02-13 12:33:00-05:00,5043.7001953125,5046.7001953125,5042.5,5046.39990234375,94,0.0,0.0
2026-02-13 12:34:00-05:00,5047.10009765625,5048.0,5046.0,5047.7001953125,185,0.0,0.0
2026-02-13 12:35:00-05:00,5048.10009765625,5051.5,5046.2001953125,5047.7998046875,473,0.0,0.0
2026-02-13 12:36:00-05:00,5048.2998046875,5048.7001953125,5047.10009765625,5048.10009765625,73,0.0,0.0
2026-02-13 12:37:00-05:00,5047.39990234375,5047.39990234375,5044.89990234375,5046.0,63,0.0,0.0
2026-02-13 12:38:00-05:00,5045.5,5045.7001953125,5044.39990234375,5044.5,54,0.0,0.0
2026-02-13 12:39:00-05:00,5044.2998046875,5044.89990234375,5041.7001953125,5042.60009765625,76,0.0,0.0
2026-02-13 12:40:00-05:00,5042.39990234375,5043.0,5040.60009765625,5041.60009765625,63,0.0,0.0
2026-02-13 12:41:00-05:00,5041.5,5044.89990234375,5040.7998046875,5044.39990234375,147,0.0,0.0
2026-02-13 12:42:00-05:00,5044.5,5045.2998046875,5043.60009765625,5043.89990234375,91,0.0,0.0
2026-02-13 12:43:00-05:00,5043.39990234375,5043.60009765625,5042.0,5043.0,20,0.0,0.0
2026-02-13 12:44:00-05:00,5043.39990234375,5045.2001953125,5042.89990234375,5044.7998046875,24,0.0,0.0
2026-02-13 12:45:00-05:00,5045.0,5046.39990234375,5044.39990234375,5045.89990234375,68,0.0,0.0
2026-02-13 12:46:00-05:00,5044.89990234375,5045.7998046875,5043.60009765625,5044.7998046875,61,0.0,0.0
2026-02-13 12:47:00-05:00,5044.7001953125,5045.0,5042.60009765625,5043.2001953125,60,0.0,0.0
2026-02-13 12:48:00-05:00,5043.10009765625,5043.5,5042.0,5043.10009765625,65,0.0,0.0
2026-02-13 12:49:00-05:00,5043.60009765625,5044.0,5042.89990234375,5043.39990234375,27,0.0,0.0
2026-02-13 12:50:00-05:00,5043.2998046875,5043.39990234375,5042.0,5043.0,54,0.0,0.0
2026-02-13 12:51:00-05:00,5043.39990234375,5043.39990234375,5040.7998046875,5042.10009765625,59,0.0,0.0
2026-02-13 12:52:00-05:00,5042.2001953125,5043.60009765625,5042.10009765625,5043.60009765625,56,0.0,0.0
2026-02-13 12:53:00-05:00,5043.89990234375,5045.7001953125,5042.7001953125,5044.89990234375,145,0.0,0.0
2026-02-13 12:54:00-05:00,5044.7998046875,5045.2001953125,5040.89990234375,5042.5,59,0.0,0.0
2026-02-13 12:55:00-05:00,5042.5,5043.5,5039.10009765625,5039.2998046875,71,0.0,0.0
2026-02-13 12:56:00-05:00,5039.2001953125,5041.10009765625,5038.7001953125,5039.7998046875,40,0.0,0.0
2026-02-13 12:57:00-05:00,5040.39990234375,5041.5,5039.7998046875,5040.7998046875,24,0.0,0.0
2026-02-13 12:58:00-05:00,5041.2998046875,5042.39990234375,5041.2998046875,5041.7001953125,39,0.0,0.0
2026-02-13 12:59:00-05:00,5042.2998046875,5043.5,5042.2998046875,5043.5,56,0.0,0.0
2026-02-13 13:00:00-05:00,5043.5,5047.10009765625,5043.10009765625,5046.0,88,0.0,0.0
2026-02-13 13:01:00-05:00,5046.2998046875,5046.2998046875,5042.0,5043.39990234375,78,0.0,0.0
2026-02-13 13:02:00-05:00,5043.2001953125,5044.10009765625,5038.0,5041.0,242,0.0,0.0
2026-02-13 13:03:00-05:00,5041.7001953125,5043.60009765625,5041.2001953125,5043.60009765625,20,0.0,0.0
2026-02-13 13:04:00-05:00,5043.60009765625,5044.7998046875,5042.5,5043.7001953125,76,0.0,0.0
2026-02-13 13:05:00-05:00,5043.5,5044.2001953125,5042.0,5042.5,52,0.0,0.0
2026-02-13 13:06:00-05:00,5042.39990234375,5043.5,5042.2001953125,5043.5,35,0.0,0.0
2026-02-13 13:07:00-05:00,5043.39990234375,5044.7998046875,5042.89990234375,5043.60009765625,49,0.0,0.0
2026-02-13 13:08:00-05:00,5043.39990234375,5046.2998046875,5043.2001953125,5044.2001953125,51,0.0,0.0
2026-02-13 13:09:00-05:00,5044.0,5044.2998046875,5042.89990234375,5044.2998046875,46,0.0,0.0
2026-02-13 13:10:00-05:00,5044.2998046875,5047.5,5042.7001953125,5047.0,114,0.0,0.0
2026-02-13 13:11:00-05:00,5047.7001953125,5048.39990234375,5046.10009765625,5048.2001953125,104,0.0,0.0
2026-02-13 13:12:00-05:00,5047.89990234375,5048.39990234375,5047.0,5048.2001953125,46,0.0,0.0
2026-02-13 13:13:00-05:00,5048.5,5049.89990234375,5048.0,5049.39990234375,49,0.0,0.0
2026-02-13 13:14:00-05:00,5049.60009765625,5052.60009765625,5049.5,5051.7998046875,88,0.0,0.0
2026-02-13 13:15:00-05:00,5051.39990234375,5052.10009765625,5050.60009765625,5051.10009765625,96,0.0,0.0
2026-02-13 13:16:00-05:00,5051.60009765625,5053.10009765625,5050.60009765625,5052.39990234375,57,0.0,0.0
2026-02-13 13:17:00-05:00,5052.60009765625,5054.0,5049.89990234375,5049.89990234375,82,0.0,0.0
2026-02-13 13:18:00-05:00,5049.7001953125,5052.2998046875,5048.7001953125,5049.10009765625,106,0.0,0.0
2026-02-13 13:19:00-05:00,5048.7998046875,5049.39990234375,5044.89990234375,5045.7001953125,155,0.0,0.0
2026-02-13 13:20:00-05:00,5045.7001953125,5048.7001953125,5045.7001953125,5047.60009765625,84,0.0,0.0
2026-02-13 13:21:00-05:00,5048.2998046875,5049.7001953125,5047.5,5049.7001953125,31,0.0,0.0
2026-02-13 13:22:00-05:00,5049.2998046875,5050.0,5048.10009765625,5050.0,59,0.0,0.0
2026-02-13 13:23:00-05:00,5050.2001953125,5052.7998046875,5050.2001953125,5051.2001953125,87,0.0,0.0
2026-02-13 13:24:00-05:00,5050.7001953125,5050.7998046875,5049.39990234375,5050.39990234375,95,0.0,0.0
2026-02-13 13:25:00-05:00,5050.0,5051.0,5047.60009765625,5048.7001953125,197,0.0,0.0
2026-02-13 13:26:00-05:00,5048.39990234375,5049.60009765625,5046.2998046875,5049.2001953125,129,0.0,0.0
2026-02-13 13:27:00-05:00,5049.60009765625,5050.39990234375,5047.7001953125,5048.2998046875,76,0.0,0.0
2026-02-13 13:28:00-05:00,5047.60009765625,5050.7998046875,5047.60009765625,5050.0,182,0.0,0.0
2026-02-13 13:29:00-05:00,5050.2001953125,5050.7998046875,5042.5,5044.7001953125,954,0.0,0.0
2026-02-13 13:30:00-05:00,5045.0,5047.7998046875,5042.7001953125,5045.89990234375,205,0.0,0.0
2026-02-13 13:31:00-05:00,5046.39990234375,5048.0,5046.0,5048.0,93,0.0,0.0
2026-02-13 13:32:00-05:00,5047.2998046875,5051.7001953125,5047.2998046875,5050.5,130,0.0,0.0
2026-02-13 13:33:00-05:00,5050.7998046875,5052.2001953125,5049.39990234375,5052.2001953125,49,0.0,0.0
2026-02-13 13:34:00-05:00,5052.39990234375,5053.2001953125,5051.39990234375,5051.7998046875,140,0.0,0.0
2026-02-13 13:35:00-05:00,5051.5,5052.7998046875,5051.5,5052.2998046875,35,0.0,0.0
2026-02-13 13:36:00-05:00,5052.0,5054.5,5050.7998046875,5052.5,138,0.0,0.0
2026-02-13 13:37:00-05:00,5052.2998046875,5055.2001953125,5052.10009765625,5053.10009765625,201,0.0,0.0
2026-02-13 13:38:00-05:00,5052.7001953125,5054.2001953125,5052.0,5053.5,58,0.0,0.0
2026-02-13 13:39:00-05:00,5053.60009765625,5054.2001953125,5052.39990234375,5053.60009765625,60,0.0,0.0
2026-02-13 13:40:00-05:00,5053.60009765625,5054.5,5052.2998046875,5052.2998046875,80,0.0,0.0
2026-02-13 13:41:00-05:00,5052.10009765625,5053.5,5050.7998046875,5053.39990234375,81,0.0,0.0
2026-02-13 13:42:00-05:00,5052.7998046875,5054.2001953125,5052.2001953125,5052.5,47,0.0,0.0
2026-02-13 13:43:00-05:00,5052.10009765625,5053.5,5051.2001953125,5053.2998046875,77,0.0,0.0
2026-02-13 13:44:00-05:00,5052.89990234375,5053.0,5051.2001953125,5052.7998046875,21,0.0,0.0
2026-02-13 13:45:00-05:00,5052.60009765625,5054.2001953125,5051.60009765625,5053.60009765625,87,0.0,0.0
2026-02-13 13:46:00-05:00,5053.7998046875,5054.2001953125,5052.5,5053.60009765625,59,0.0,0.0
2026-02-13 13:47:00-05:00,5053.5,5054.7001953125,5053.10009765625,5053.7001953125,89,0.0,0.0
2026-02-13 13:48:00-05:00,5054.0,5054.60009765625,5052.60009765625,5052.89990234375,134,0.0,0.0
2026-02-13 13:49:00-05:00,5053.2001953125,5053.5,5052.0,5052.2001953125,48,0.0,0.0
2026-02-13 13:50:00-05:00,5052.2001953125,5052.7998046875,5050.39990234375,5052.7998046875,31,0.0,0.0
2026-02-13 13:51:00-05:00,5052.7998046875,5053.39990234375,5051.39990234375,5051.39990234375,30,0.0,0.0
2026-02-13 13:52:00-05:00,5051.39990234375,5052.39990234375,5050.39990234375,5050.60009765625,76,0.0,0.0
2026-02-13 13:53:00-05:00,5050.2001953125,5051.39990234375,5049.10009765625,5051.39990234375,90,0.0,0.0
2026-02-13 13:54:00-05:00,5051.39990234375,5058.89990234375,5051.2001953125,5057.10009765625,435,0.0,0.0
2026-02-13 13:55:00-05:00,5055.7001953125,5057.60009765625,5055.7001953125,5056.39990234375,61,0.0,0.0
2026-02-13 13:56:00-05:00,5056.39990234375,5057.0,5056.0,5056.0,38,0.0,0.0
2026-02-13 13:57:00-05:00,5056.5,5056.5,5054.2998046875,5055.7001953125,151,0.0,0.0
2026-02-13 13:58:00-05:00,5055.5,5055.5,5053.7998046875,5054.2998046875,48,0.0,0.0
2026-02-13 13:59:00-05:00,5054.60009765625,5054.7001953125,5053.7998046875,5054.10009765625,24,0.0,0.0
2026-02-13 14:00:00-05:00,5054.7001953125,5055.7001953125,5053.10009765625,5055.7001953125,52,0.0,0.0
2026-02-13 14:01:00-05:00,5056.2001953125,5058.89990234375,5056.2001953125,5058.10009765625,49,0.0,0.0
2026-02-13 14:02:00-05:00,5057.89990234375,5058.39990234375,5054.7001953125,5055.10009765625,54,0.0,0.0
2026-02-13 14:03:00-05:00,5055.39990234375,5055.7998046875,5053.5,5054.5,70,0.0,0.0
2026-02-13 14:04:00-05:00,5054.5,5056.10009765625,5053.7998046875,5055.89990234375,33,0.0,0.0
2026-02-13 14:05:00-05:00,5056.7998046875,5061.39990234375,5056.7998046875,5061.0,277,0.0,0.0
2026-02-13 14:06:00-05:00,5060.39990234375,5063.2001953125,5060.0,5063.0,151,0.0,0.0
2026-02-13 14:07:00-05:00,5063.5,5068.0,5063.5,5067.10009765625,290,0.0,0.0
2026-02-13 14:08:00-05:00,5067.39990234375,5067.89990234375,5066.2001953125,5066.89990234375,128,0.0,0.0
2026-02-13 14:09:00-05:00,5066.89990234375,5068.7998046875,5066.10009765625,5068.7998046875,174,0.0,0.0
2026-02-13 14:10:00-05:00,5068.60009765625,5069.10009765625,5063.7001953125,5063.89990234375,98,0.0,0.0
2026-02-13 14:11:00-05:00,5063.7998046875,5064.2001953125,5061.10009765625,5061.60009765625,58,0.0,0.0
2026-02-13 14:12:00-05:00,5061.2998046875,5063.7001953125,5060.89990234375,5062.7998046875,64,0.0,0.0
2026-02-13 14:13:00-05:00,5062.7998046875,5062.7998046875,5059.89990234375,5059.89990234375,60,0.0,0.0
2026-02-13 14:14:00-05:00,5060.0,5062.2998046875,5059.89990234375,5062.2998046875,47,0.0,0.0
2026-02-13 14:15:00-05:00,5062.0,5063.0,5060.7998046875,5060.7998046875,41,0.0,0.0
2026-02-13 14:16:00-05:00,5060.60009765625,5062.0,5060.60009765625,5061.7001953125,22,0.0,0.0
2026-02-13 14:17:00-05:00,5061.2001953125,5061.2001953125,5059.0,5059.7998046875,63,0.0,0.0
2026-02-13 14:18:00-05:00,5060.60009765625,5061.2998046875,5059.7998046875,5060.60009765625,25,0.0,0.0
2026-02-13 14:19:00-05:00,5060.7998046875,5063.7001953125,5060.2998046875,5063.2998046875,93,0.0,0.0
2026-02-13 14:20:00-05:00,5063.7001953125,5065.39990234375,5063.5,5063.5,68,0.0,0.0
2026-02-13 14:21:00-05:00,5063.7998046875,5065.60009765625,5063.7998046875,5065.10009765625,41,0.0,0.0
2026-02-13 14:22:00-05:00,5065.10009765625,5065.2001953125,5064.2001953125,5064.5,45,0.0,0.0
2026-02-13 14:23:00-05:00,5065.0,5067.39990234375,5065.0,5067.39990234375,45,0.0,0.0
2026-02-13 14:24:00-05:00,5067.7998046875,5068.0,5066.7998046875,5066.7998046875,29,0.0,0.0
2026-02-13 14:25:00-05:00,5066.89990234375,5067.7001953125,5066.10009765625,5067.2001953125,26,0.0,0.0
2026-02-13 14:26:00-05:00,5066.7001953125,5066.7001953125,5064.0,5064.7001953125,119,0.0,0.0
2026-02-13 14:27:00-05:00,5064.7001953125,5067.7998046875,5064.7001953125,5065.5,121,0.0,0.0
2026-02-13 14:28:00-05:00,5066.2001953125,5067.2998046875,5065.5,5066.7998046875,53,0.0,0.0
2026-02-13 14:29:00-05:00,5066.2001953125,5066.2001953125,5063.5,5063.7001953125,72,0.0,0.0
2026-02-13 14:30:00-05:00,5063.89990234375,5065.2998046875,5062.0,5064.2998046875,100,0.0,0.0
2026-02-13 14:31:00-05:00,5064.5,5065.0,5063.39990234375,5065.0,30,0.0,0.0
2026-02-13 14:32:00-05:00,5064.89990234375,5065.5,5064.0,5065.10009765625,52,0.0,0.0
2026-02-13 14:33:00-05:00,5064.89990234375,5065.2001953125,5064.0,5064.7998046875,25,0.0,0.0
2026-02-13 14:34:00-05:00,5064.60009765625,5064.7998046875,5062.7001953125,5063.2001953125,33,0.0,0.0
2026-02-13 14:35:00-05:00,5063.0,5063.39990234375,5061.2998046875,5061.2998046875,25,0.0,0.0
2026-02-13 14:36:00-05:00,5060.89990234375,5063.5,5060.5,5061.60009765625,90,0.0,0.0
2026-02-13 14:37:00-05:00,5061.7001953125,5063.10009765625,5060.7998046875,5061.60009765625,55,0.0,0.0
2026-02-13 14:38:00-05:00,5062.0,5064.2001953125,5062.0,5062.2001953125,99,0.0,0.0
2026-02-13 14:39:00-05:00,5062.0,5063.0,5061.0,5061.0,48,0.0,0.0
2026-02-13 14:40:00-05:00,5061.39990234375,5061.39990234375,5058.60009765625,5059.60009765625,114,0.0,0.0
2026-02-13 14:41:00-05:00,5059.39990234375,5060.10009765625,5056.5,5056.89990234375,107,0.0,0.0
2026-02-13 14:42:00-05:00,5057.0,5058.2001953125,5055.5,5057.2998046875,65,0.0,0.0
2026-02-13 14:43:00-05:00,5057.0,5058.2998046875,5055.7998046875,5056.0,71,0.0,0.0
2026-02-13 14:44:00-05:00,5056.2001953125,5057.2998046875,5056.0,5057.2998046875,75,0.0,0.0
2026-02-13 14:45:00-05:00,5057.60009765625,5060.5,5057.39990234375,5060.10009765625,56,0.0,0.0
2026-02-13 14:46:00-05:00,5060.2998046875,5060.7998046875,5059.2998046875,5060.60009765625,63,0.0,0.0
2026-02-13 14:47:00-05:00,5060.5,5060.5,5058.10009765625,5058.10009765625,43,0.0,0.0
2026-02-13 14:48:00-05:00,5057.7001953125,5058.7998046875,5056.89990234375,5057.39990234375,67,0.0,0.0
2026-02-13 14:49:00-05:00,5057.2998046875,5058.5,5056.89990234375,5057.2998046875,81,0.0,0.0
2026-02-13 14:50:00-05:00,5058.2998046875,5058.2998046875,5056.7998046875,5056.7998046875,29,0.0,0.0
2026-02-13 14:51:00-05:00,5056.7998046875,5058.10009765625,5055.7998046875,5055.7998046875,57,0.0,0.0
2026-02-13 14:52:00-05:00,5055.7001953125,5055.7001953125,5053.39990234375,5054.89990234375,83,0.0,0.0
2026-02-13 14:53:00-05:00,5055.0,5056.10009765625,5054.5,5054.7998046875,45,0.0,0.0
2026-02-13 14:54:00-05:00,5054.5,5056.10009765625,5054.0,5054.89990234375,37,0.0,0.0
2026-02-13 14:55:00-05:00,5055.2998046875,5056.7001953125,5054.7001953125,5056.10009765625,95,0.0,0.0
2026-02-13 14:56:00-05:00,5056.2998046875,5056.7001953125,5054.7998046875,5055.10009765625,46,0.0,0.0
2026-02-13 14:57:00-05:00,5055.2001953125,5055.89990234375,5054.5,5054.5,29,0.0,0.0
2026-02-13 14:58:00-05:00,5054.10009765625,5054.7998046875,5050.89990234375,5052.5,86,0.0,0.0
2026-02-13 14:59:00-05:00,5052.89990234375,5053.2001953125,5046.39990234375,5046.39990234375,262,0.0,0.0
2026-02-13 15:00:00-05:00,5046.2001953125,5051.0,5045.10009765625,5050.39990234375,349,0.0,0.0
2026-02-13 15:01:00-05:00,5051.0,5053.7001953125,5051.0,5053.10009765625,80,0.0,0.0
2026-02-13 15:02:00-05:00,5053.0,5054.7001953125,5051.89990234375,5053.5,91,0.0,0.0
2026-02-13 15:03:00-05:00,5053.7001953125,5057.10009765625,5053.7001953125,5055.7001953125,54,0.0,0.0
2026-02-13 15:04:00-05:00,5055.60009765625,5056.5,5054.2998046875,5054.2998046875,37,0.0,0.0
2026-02-13 15:05:00-05:00,5053.7001953125,5054.7001953125,5053.2001953125,5054.2001953125,29,0.0,0.0
2026-02-13 15:06:00-05:00,5054.2998046875,5054.39990234375,5051.7001953125,5052.5,52,0.0,0.0
2026-02-13 15:07:00-05:00,5052.89990234375,5053.2001953125,5051.2998046875,5052.39990234375,42,0.0,0.0
2026-02-13 15:08:00-05:00,5053.60009765625,5054.39990234375,5051.2001953125,5052.10009765625,37,0.0,0.0
2026-02-13 15:09:00-05:00,5052.60009765625,5052.60009765625,5051.39990234375,5052.10009765625,43,0.0,0.0
2026-02-13 15:10:00-05:00,5051.89990234375,5053.39990234375,5051.7001953125,5053.39990234375,41,0.0,0.0
2026-02-13 15:11:00-05:00,5054.0,5054.2998046875,5052.7001953125,5054.2001953125,57,0.0,0.0
2026-02-13 15:12:00-05:00,5054.10009765625,5054.10009765625,5052.39990234375,5053.0,41,0.0,0.0
2026-02-13 15:13:00-05:00,5052.39990234375,5052.7001953125,5050.10009765625,5051.10009765625,74,0.0,0.0
2026-02-13 15:14:00-05:00,5051.5,5052.2001953125,5051.0,5051.89990234375,28,0.0,0.0
2026-02-13 15:15:00-05:00,5051.10009765625,5053.7998046875,5050.39990234375,5052.0,52,0.0,0.0
2026-02-13 15:16:00-05:00,5052.89990234375,5054.2998046875,5052.10009765625,5052.2998046875,90,0.0,0.0
2026-02-13 15:17:00-05:00,5052.7998046875,5053.7998046875,5051.7001953125,5052.7001953125,97,0.0,0.0
2026-02-13 15:18:00-05:00,5053.0,5054.7001953125,5052.89990234375,5053.7001953125,32,0.0,0.0
2026-02-13 15:19:00-05:00,5053.7998046875,5054.39990234375,5053.2998046875,5054.10009765625,31,0.0,0.0
2026-02-13 15:20:00-05:00,5053.5,5053.5,5052.39990234375,5052.60009765625,26,0.0,0.0
2026-02-13 15:21:00-05:00,5053.2998046875,5053.39990234375,5051.39990234375,5053.0,40,0.0,0.0
2026-02-13 15:22:00-05:00,5052.60009765625,5052.7001953125,5051.10009765625,5051.60009765625,82,0.0,0.0
2026-02-13 15:23:00-05:00,5051.5,5051.60009765625,5049.10009765625,5051.60009765625,117,0.0,0.0
2026-02-13 15:24:00-05:00,5051.7001953125,5054.39990234375,5051.7001953125,5053.39990234375,71,0.0,0.0
2026-02-13 15:25:00-05:00,5053.39990234375,5055.7998046875,5052.7998046875,5053.60009765625,102,0.0,0.0
2026-02-13 15:26:00-05:00,5053.2001953125,5053.7001953125,5051.5,5051.7001953125,133,0.0,0.0
2026-02-13 15:27:00-05:00,5051.5,5053.5,5051.39990234375,5052.2998046875,41,0.0,0.0
2026-02-13 15:28:00-05:00,5051.60009765625,5052.7998046875,5051.2001953125,5051.7001953125,58,0.0,0.0
2026-02-13 15:29:00-05:00,5051.7001953125,5052.10009765625,5050.2001953125,5051.2998046875,70,0.0,0.0
2026-02-13 15:30:00-05:00,5050.7998046875,5051.0,5048.7001953125,5048.7001953125,100,0.0,0.0
2026-02-13 15:31:00-05:00,5049.10009765625,5052.39990234375,5047.7001953125,5051.60009765625,109,0.0,0.0
2026-02-13 15:32:00-05:00,5051.60009765625,5051.60009765625,5049.7001953125,5050.0,65,0.0,0.0
2026-02-13 15:33:00-05:00,5050.2998046875,5050.7998046875,5047.2001953125,5047.2001953125,78,0.0,0.0
2026-02-13 15:34:00-05:00,5047.5,5048.7998046875,5046.7998046875,5047.89990234375,60,0.0,0.0
2026-02-13 15:35:00-05:00,5048.60009765625,5051.7001953125,5048.60009765625,5050.60009765625,59,0.0,0.0
2026-02-13 15:36:00-05:00,5050.7998046875,5050.7998046875,5048.2001953125,5049.2998046875,43,0.0,0.0
2026-02-13 15:37:00-05:00,5050.60009765625,5050.60009765625,5049.7001953125,5050.60009765625,24,0.0,0.0
2026-02-13 15:38:00-05:00,5050.7998046875,5050.89990234375,5048.39990234375,5048.5,60,0.0,0.0
2026-02-13 15:39:00-05:00,5048.5,5050.2001953125,5047.89990234375,5050.10009765625,65,0.0,0.0
2026-02-13 15:40:00-05:00,5050.2001953125,5055.2001953125,5050.0,5055.2001953125,76,0.0,0.0
2026-02-13 15:41:00-05:00,5055.60009765625,5056.39990234375,5055.2998046875,5055.39990234375,63,0.0,0.0
2026-02-13 15:42:00-05:00,5055.5,5055.7998046875,5051.0,5051.10009765625,72,0.0,0.0
2026-02-13 15:43:00-05:00,5051.5,5052.0,5049.2998046875,5052.0,48,0.0,0.0
2026-02-13 15:44:00-05:00,5052.2001953125,5053.60009765625,5051.5,5052.7001953125,45,0.0,0.0
2026-02-13 15:45:00-05:00,5052.2998046875,5053.2001953125,5052.0,5052.0,43,0.0,0.0
2026-02-13 15:46:00-05:00,5051.89990234375,5051.89990234375,5049.7998046875,5051.2001953125,62,0.0,0.0
2026-02-13 15:47:00-05:00,5051.10009765625,5051.10009765625,5048.10009765625,5049.2001953125,37,0.0,0.0
2026-02-13 15:48:00-05:00,5049.7998046875,5050.5,5048.7998046875,5049.39990234375,50,0.0,0.0
2026-02-13 15:49:00-05:00,5049.60009765625,5050.60009765625,5048.10009765625,5050.2001953125,55,0.0,0.0
2026-02-13 15:50:00-05:00,5049.39990234375,5049.89990234375,5047.60009765625,5049.7001953125,61,0.0,0.0
2026-02-13 15:51:00-05:00,5049.2998046875,5051.2998046875,5049.10009765625,5050.39990234375,30,0.0,0.0
2026-02-13 15:52:00-05:00,5050.7001953125,5051.0,5045.89990234375,5046.5,83,0.0,0.0
2026-02-13 15:53:00-05:00,5045.2998046875,5048.10009765625,5043.2998046875,5048.10009765625,153,0.0,0.0
2026-02-13 15:54:00-05:00,5048.2001953125,5050.7001953125,5048.2001953125,5049.5,52,0.0,0.0
2026-02-13 15:55:00-05:00,5049.2998046875,5050.0,5044.39990234375,5050.0,168,0.0,0.0
2026-02-13 15:56:00-05:00,5049.0,5049.2998046875,5046.7001953125,5049.10009765625,54,0.0,0.0
2026-02-13 15:57:00-05:00,5049.0,5051.7998046875,5048.60009765625,5051.0,71,0.0,0.0
2026-02-13 15:58:00-05:00,5050.5,5052.2001953125,5050.5,5052.2001953125,62,0.0,0.0
2026-02-13 15:59:00-05:00,5052.39990234375,5056.2998046875,5052.39990234375,5054.0,142,0.0,0.0
2026-02-13 16:00:00-05:00,5053.89990234375,5056.5,5053.5,5054.2998046875,106,0.0,0.0
2026-02-13 16:01:00-05:00,5053.89990234375,5054.7998046875,5052.10009765625,5054.7998046875,40,0.0,0.0
2026-02-13 16:02:00-05:00,5054.89990234375,5056.7998046875,5054.7998046875,5056.10009765625,47,0.0,0.0
2026-02-13 16:03:00-05:00,5056.10009765625,5056.5,5054.60009765625,5055.0,48,0.0,0.0
2026-02-13 16:04:00-05:00,5054.7998046875,5056.0,5054.2001953125,5055.7998046875,40,0.0,0.0
2026-02-13 16:05:00-05:00,5055.7998046875,5057.89990234375,5055.5,5056.89990234375,49,0.0,0.0
2026-02-13 16:06:00-05:00,5056.0,5056.60009765625,5055.2001953125,5055.2001953125,26,0.0,0.0
2026-02-13 16:07:00-05:00,5055.2998046875,5055.2998046875,5053.2998046875,5054.39990234375,29,0.0,0.0
2026-02-13 16:08:00-05:00,5054.2998046875,5054.39990234375,5053.0,5053.60009765625,19,0.0,0.0
2026-02-13 16:09:00-05:00,5054.10009765625,5054.7998046875,5053.2998046875,5054.2001953125,25,0.0,0.0
2026-02-13 16:10:00-05:00,5053.5,5053.5,5051.60009765625,5052.10009765625,16,0.0,0.0
2026-02-13 16:11:00-05:00,5052.39990234375,5052.89990234375,5051.89990234375,5052.60009765625,9,0.0,0.0
2026-02-13 16:12:00-05:00,5051.7998046875,5051.89990234375,5051.39990234375,5051.89990234375,10,0.0,0.0
2026-02-13 16:13:00-05:00,5051.7001953125,5052.7998046875,5051.7001953125,5052.7998046875,10,0.0,0.0
2026-02-13 16:14:00-05:00,5052.7001953125,5055.10009765625,5052.7001953125,5055.0,21,0.0,0.0
2026-02-13 16:15:00-05:00,5055.10009765625,5056.0,5054.60009765625,5055.39990234375,16,0.0,0.0
2026-02-13 16:16:00-05:00,5056.0,5056.2001953125,5054.7001953125,5054.7001953125,10,0.0,0.0
2026-02-13 16:17:00-05:00,5054.2998046875,5054.5,5054.2998046875,5054.5,2,0.0,0.0
2026-02-13 16:18:00-05:00,5054.7001953125,5055.2998046875,5054.39990234375,5054.60009765625,20,0.0,0.0
2026-02-13 16:19:00-05:00,5054.39990234375,5054.89990234375,5054.39990234375,5054.89990234375,7,0.0,0.0
2026-02-13 16:20:00-05:00,5054.2001953125,5054.2001953125,5053.2001953125,5053.2001953125,9,0.0,0.0
2026-02-13 16:21:00-05:00,5052.7998046875,5053.60009765625,5052.10009765625,5052.7998046875,25,0.0,0.0
2026-02-13 16:22:00-05:00,5053.10009765625,5053.39990234375,5052.7001953125,5053.39990234375,12,0.0,0.0
2026-02-13 16:23:00-05:00,5053.10009765625,5054.2001953125,5053.0,5053.0,25,0.0,0.0
2026-02-13 16:24:00-05:00,5053.7998046875,5054.2001953125,5053.2998046875,5053.2998046875,11,0.0,0.0
2026-02-13 16:25:00-05:00,5053.39990234375,5053.39990234375,5053.0,5053.10009765625,10,0.0,0.0
2026-02-13 16:26:00-05:00,5052.60009765625,5053.7001953125,5052.60009765625,5053.2001953125,8,0.0,0.0
2026-02-13 16:27:00-05:00,5053.0,5054.5,5053.0,5054.5,22,0.0,0.0
2026-02-13 16:28:00-05:00,5054.2998046875,5054.89990234375,5054.10009765625,5054.2001953125,23,0.0,0.0
2026-02-13 16:29:00-05:00,5054.89990234375,5055.5,5054.2001953125,5055.0,16,0.0,0.0
2026-02-13 16:30:00-05:00,5054.2001953125,5054.2001953125,5052.60009765625,5052.60009765625,13,0.0,0.0
2026-02-13 16:31:00-05:00,5053.2001953125,5053.5,5053.2001953125,5053.5,6,0.0,0.0
2026-02-13 16:32:00-05:00,5053.60009765625,5053.60009765625,5052.7998046875,5052.7998046875,6,0.0,0.0
2026-02-13 16:33:00-05:00,5053.89990234375,5056.2998046875,5053.89990234375,5056.10009765625,44,0.0,0.0
2026-02-13 16:34:00-05:00,5056.39990234375,5056.5,5055.7001953125,5055.7001953125,10,0.0,0.0
2026-02-13 16:35:00-05:00,5055.60009765625,5055.7001953125,5055.0,5055.5,24,0.0,0.0
2026-02-13 16:36:00-05:00,5056.0,5056.5,5055.5,5055.5,19,0.0,0.0
2026-02-13 16:37:00-05:00,5055.60009765625,5056.2001953125,5055.39990234375,5055.39990234375,19,0.0,0.0
2026-02-13 16:38:00-05:00,5056.0,5057.2001953125,5056.0,5056.2001953125,26,0.0,0.0
2026-02-13 16:39:00-05:00,5056.0,5056.0,5055.2998046875,5055.5,6,0.0,0.0
2026-02-13 16:40:00-05:00,5055.39990234375,5057.5,5055.0,5057.5,26,0.0,0.0
2026-02-13 16:41:00-05:00,5057.5,5060.60009765625,5057.5,5060.60009765625,36,0.0,0.0
2026-02-13 16:42:00-05:00,5060.2001953125,5060.2001953125,5059.60009765625,5059.7001953125,11,0.0,0.0
2026-02-13 16:43:00-05:00,5060.10009765625,5060.10009765625,5059.0,5059.7001953125,7,0.0,0.0
2026-02-13 16:44:00-05:00,5059.89990234375,5060.39990234375,5059.89990234375,5060.10009765625,10,0.0,0.0
2026-02-13 16:45:00-05:00,5060.0,5060.0,5059.10009765625,5060.0,24,0.0,0.0
2026-02-13 16:46:00-05:00,5060.10009765625,5067.39990234375,5060.10009765625,5066.5,84,0.0,0.0
2026-02-13 16:47:00-05:00,5066.2001953125,5066.60009765625,5061.7001953125,5062.2001953125,102,0.0,0.0
2026-02-13 16:48:00-05:00,5062.0,5063.7998046875,5061.60009765625,5063.7001953125,36,0.0,0.0
2026-02-13 16:49:00-05:00,5063.2001953125,5064.5,5062.5,5064.0,40,0.0,0.0
2026-02-13 16:50:00-05:00,5064.0,5064.2001953125,5062.2998046875,5062.5,65,0.0,0.0
2026-02-13 16:51:00-05:00,5063.0,5063.0,5059.5,5060.10009765625,54,0.0,0.0
2026-02-13 16:52:00-05:00,5060.2998046875,5061.2998046875,5059.10009765625,5060.0,28,0.0,0.0
2026-02-13 16:53:00-05:00,5060.39990234375,5061.2001953125,5060.0,5061.2001953125,10,0.0,0.0
2026-02-13 16:54:00-05:00,5060.7998046875,5064.2998046875,5060.60009765625,5064.10009765625,34,0.0,0.0
2026-02-13 16:55:00-05:00,5064.0,5064.2001953125,5061.2998046875,5063.0,76,0.0,0.0
2026-02-13 16:56:00-05:00,5062.89990234375,5064.89990234375,5062.89990234375,5064.60009765625,56,0.0,0.0
2026-02-13 16:57:00-05:00,5063.60009765625,5064.7001953125,5062.7001953125,5063.0,31,0.0,0.0
2026-02-13 16:58:00-05:00,5063.7998046875,5064.5,5062.10009765625,5062.7998046875,49,0.0,0.0
2026-02-13 16:59:00-05:00,5062.60009765625,5064.2001953125,5046.2998046875,5046.2998046875,49,0.0,0.0
